[2026-05-01T09:28:14.5717881+09:00] autonomous forever loop started; pid=2320; project=C:\Users\hanji\Desktop\AF
[2026-05-01T09:28:14.5748080+09:00] stop file: C:\Users\hanji\Desktop\AF\state\pi-autoresearch\runtime\STOP_AUTONOMOUS_LOOP
[2026-05-01T09:28:14.6023746+09:00] iteration 1: run-autonomous-loop start
??injected env (11) from .env // tip: ??auth for agents [www.vestauth.com]
[autonomous.loop.start] run-autonomous-loop | Starting autonomous local-first loop | 2026-05-01T00:28:14.874Z
[iteration.started] run-autonomous-loop | Starting autonomous iteration | 2026-05-01T00:28:14.876Z
[phase.started] run-autonomous-loop | Initializing autonomous workspace | 2026-05-01T00:28:14.886Z
[phase.completed] run-autonomous-loop | Initializing autonomous workspace | 2026-05-01T00:28:16.626Z
[phase.started] run-autonomous-loop | Generating autonomous mutation candidate | 2026-05-01T00:28:17.796Z
[autonomous.mutation.request] run-autonomous-loop | Sending autonomous mutation request | 2026-05-01T00:28:17.796Z
[autonomous.mutation.preflight_blocked] run-autonomous-loop | Pine ?앹꽦 ?ъ쟾 ?먭??먯꽌 李⑤떒 ?댁뒋瑜?諛쒓껄?덉뒿?덈떎. | 2026-05-01T00:30:15.791Z
[autonomous.mutation.preflight_deterministic_repair] run-autonomous-loop | Applied deterministic time-boxed mutation preflight repair | 2026-05-01T00:30:15.799Z
[phase.completed] run-autonomous-loop | Generating autonomous mutation candidate | 2026-05-01T00:30:15.806Z
[phase.started] run-autonomous-loop | Evaluating autonomous candidate locally | 2026-05-01T00:30:15.807Z
[autonomous.market_context_ready] run-autonomous-loop | Local-first market context is ready | 2026-05-01T00:30:15.814Z
[autonomous.local_evaluation] run-autonomous-loop | Local autonomous evaluation completed | 2026-05-01T00:30:15.895Z
[phase.completed] run-autonomous-loop | Evaluating autonomous candidate locally | 2026-05-01T00:30:15.930Z
[phase.started] run-autonomous-loop | Updating autonomous archive views | 2026-05-01T00:30:15.931Z
[phase.completed] run-autonomous-loop | Updating autonomous archive views | 2026-05-01T00:30:15.935Z
[phase.started] run-autonomous-loop | Queueing candidate for TradingView calibration | 2026-05-01T00:30:15.935Z
[phase.completed] run-autonomous-loop | Queueing candidate for TradingView calibration | 2026-05-01T00:30:15.938Z
[phase.started] run-autonomous-loop | Selecting active autonomous champion | 2026-05-01T00:30:16.844Z
[phase.completed] run-autonomous-loop | Selecting active autonomous champion | 2026-05-01T00:30:17.335Z
[phase.started] run-autonomous-loop | Rebuilding derived autonomous views | 2026-05-01T00:30:17.335Z
[phase.completed] run-autonomous-loop | Rebuilding derived autonomous views | 2026-05-01T00:30:19.536Z
[iteration.completed] run-autonomous-loop | Autonomous iteration completed | 2026-05-01T00:30:19.537Z
{
  "countRequested": 1,
  "countCompleted": 1,
  "countFailed": 0,
  "results": [
    {
      "runId": "autonomous-1777595294885",
      "iteration": 588,
      "candidateId": "cand-8cfb97d5",
      "localDecision": "local_candidate_eligible",
      "activeChampionChanged": false,
      "activeChampionCandidateId": "cand-42ed2fa4"
    }
  ],
  "deadlineBreaches": [],
  "autonomousState": {
    "generatedAt": "2026-05-01T00:30:21.044Z",
    "activeChampionCandidateId": "cand-42ed2fa4",
    "activeChampionScore": 0.7879,
    "activeChampionDecision": "local_candidate_eligible",
    "championOrigin": "autonomous",
    "researchMaturity": "steady_state",
    "selectedBy": "auto_policy",
    "selectionPolicyVersion": "autonomous-local-first/v3-p0",
    "objectivePolicyVersion": "objective.qqq-120m/v1",
    "headEventCount": 2,
    "archiveEventCount": 280,
    "calibrationEventCount": 295,
    "calibrationCandidateCount": 267,
    "divergenceCount": 27,
    "localConfidenceUpdateCount": 27,
    "problemEventCount": 186,
    "repairAttemptCount": 88,
    "localEvaluationCount": 368,
    "localEligibleCount": 207,
    "bootstrapCompatibleCount": 0,
    "bootstrapEligibleCount": 0,
    "bootstrapStatus": "not_started",
    "bootstrapSource": null,
    "bootstrapReason": null,
    "localRejectedCount": 156,
    "topBlockingReason": "low_trade_count",
    "pendingCalibrationCandidateCount": 239,
    "pendingCalibrationCandidateIds": [
      "cand-0e6a0180",
      "cand-9f33e80b",
      "cand-772d8a1e",
      "cand-f28d2e01",
      "cand-9a5dbcc7",
      "cand-b01be933",
      "cand-0a692f84",
      "cand-4f8faae3",
      "cand-35a74bba",
      "cand-c6b25611",
      "cand-ccdae17b",
      "cand-b8102dcd",
      "cand-8a1fe27b",
      "cand-ebbdd6a9",
      "cand-80dfaaa1",
      "cand-03f30a70",
      "cand-2f290563",
      "cand-e76cded5",
      "cand-710d8bc6",
      "cand-dd7e63cf",
      "cand-949bf032",
      "cand-b14595e0",
      "cand-90dc4ec3",
      "cand-f1103886",
      "cand-77224b87",
      "cand-55f47b32",
      "cand-cb18c54a",
      "cand-8a1a7cf2",
      "cand-db12aa7d",
      "cand-eb3175fc",
      "cand-ce89005b",
      "cand-b333865d",
      "cand-14f5f8ff",
      "cand-87a7fa06",
      "cand-609d9f19",
      "cand-09a0ae17",
      "cand-fbb3fb78",
      "cand-7bff0c1a",
      "cand-6e976c42",
      "cand-eaf67b92",
      "cand-ea5075a8",
      "cand-c0d6f969",
      "cand-946579c0",
      "cand-1638111b",
      "cand-840b49c0",
      "cand-a1b63e8c",
      "cand-d3fa966c",
      "cand-af6ef21e",
      "cand-c5832df6",
      "cand-57321a8c",
      "cand-3004b0f8",
      "cand-00644032",
      "cand-6272ab0f",
      "cand-7b341ad0",
      "cand-5c90b0de",
      "cand-350b7e7b",
      "cand-05218055",
      "cand-6ebbd52a",
      "cand-9edd626e",
      "cand-5d685d8a",
      "cand-addb3d5a",
      "cand-1a03e904",
      "cand-935b6a7d",
      "cand-11e460d8",
      "cand-58484f09",
      "cand-c3549cdc",
      "cand-e000c048",
      "cand-5927e5ca",
      "cand-7ae4d6eb",
      "cand-bd3c959f",
      "cand-ad98c7fd",
      "cand-a3456179",
      "cand-fa19c7db",
      "cand-8211114e",
      "cand-737e8acc",
      "cand-9ae5abb8",
      "cand-f68c494c",
      "cand-0cb06744",
      "cand-c4540c5e",
      "cand-887ba798",
      "cand-334ff9ed",
      "cand-1e7bb092",
      "cand-940106ac",
      "cand-b1575fba",
      "cand-1c1cb560",
      "cand-2ba5ca56",
      "cand-4e158d7d",
      "cand-ee1867a5",
      "cand-ccf655ee",
      "cand-2f2f67f1",
      "cand-dd0d4883",
      "cand-9e390b78",
      "cand-2b509e63",
      "cand-a42bb737",
      "cand-ba65a405",
      "cand-95b5fcb4",
      "cand-c1decc14",
      "cand-fad40100",
      "cand-3d99c3c3",
      "cand-ed6ed300",
      "cand-36473405",
      "cand-32556840",
      "cand-056beb3f",
      "cand-fef34f1d",
      "cand-4e58abee",
      "cand-6c095f1d",
      "cand-72fdbd0a",
      "cand-1a73f98c",
      "cand-60e5fb9a",
      "cand-fbd6e1cd",
      "cand-6fa9e64c",
      "cand-b3ce6dfd",
      "cand-d7b18242",
      "cand-cddf1147",
      "cand-a2b17756",
      "cand-4106d658",
      "cand-bf2319b1",
      "cand-1be3a1ed",
      "cand-ec8276d1",
      "cand-66da2fad",
      "cand-10487d69",
      "cand-a0b082a6",
      "cand-e1c37158",
      "cand-3924bc09",
      "cand-c5a37a36",
      "cand-9f921b3b",
      "cand-976660f2",
      "cand-1fd659d1",
      "cand-1ebe3284",
      "cand-a05583cb",
      "cand-68e1f6c0",
      "cand-939bafa7",
      "cand-5dfb966e",
      "cand-ec9d7a77",
      "cand-c9bd8a69",
      "cand-cad467d1",
      "cand-30ca4ecf",
      "cand-274a3d78",
      "cand-8f6a1544",
      "cand-be21675f",
      "cand-17c07e8f",
      "cand-60166f81",
      "cand-8f82de94",
      "cand-42460886",
      "cand-9295e93d",
      "cand-5a54f71c",
      "cand-a12eacdf",
      "cand-5b236726",
      "cand-dbfe05b6",
      "cand-eb4f9103",
      "cand-294a8337",
      "cand-54d331f7",
      "cand-303f93be",
      "cand-64ceccd8",
      "cand-82301049",
      "cand-cb926322",
      "cand-9740ccd3",
      "cand-45f69d7a",
      "cand-8195e18c",
      "cand-9ad02865",
      "cand-b0561318",
      "cand-77645d5d",
      "cand-3913b48a",
      "cand-d8c529f0",
      "cand-3e0617a5",
      "cand-796b47d8",
      "cand-da5bc8a6",
      "cand-6385aa99",
      "cand-ce0fb6b8",
      "cand-f53efe87",
      "cand-541078ba",
      "cand-102cde43",
      "cand-99a518c8",
      "cand-45eae1ed",
      "cand-5fa9bbca",
      "cand-58a6bc67",
      "cand-e2e95d0b",
      "cand-e7d44996",
      "cand-4fd1f661",
      "cand-f8a32482",
      "cand-65221fbc",
      "cand-0dcbc429",
      "cand-7237f414",
      "cand-13ab4eb7",
      "cand-03a62626",
      "cand-74403bc5",
      "cand-08afa655",
      "cand-8fc0ffa2",
      "cand-6b8a91fa",
      "cand-6b160ae4",
      "cand-e4ab8440",
      "cand-292c094d",
      "cand-bf066e31",
      "cand-bf45bffc",
      "cand-33777180",
      "cand-67548c32",
      "cand-af1ed124",
      "cand-fd3f325b",
      "cand-e8320fab",
      "cand-51877b36",
      "cand-f80d7394",
      "cand-d2b04e0c",
      "cand-d865401d",
      "cand-c2337d4e",
      "cand-bd0f8191",
      "cand-2e68882f",
      "cand-94bc57ed",
      "cand-93a15ca5",
      "cand-197cf126",
      "cand-4e21422c",
      "cand-cc3ed2d8",
      "cand-ad84fefa",
      "cand-e3e4e13a",
      "cand-6d2901b8",
      "cand-c7985187",
      "cand-a3fa7fcf",
      "cand-2181b4f2",
      "cand-e803ef34",
      "cand-cc7eb308",
      "cand-8c710851",
      "cand-8045892e",
      "cand-17273829",
      "cand-e3d89e08",
      "cand-118d9dbb",
      "cand-1a318968",
      "cand-5665b571",
      "cand-80f55e73",
      "cand-74341bb6",
      "cand-6a470e0a",
      "cand-bac89ce5",
      "cand-9a0a92b6",
      "cand-91ef422b",
      "cand-63b039ec",
      "cand-5f4ecea5",
      "cand-eb5c0c9f",
      "cand-f7398180",
      "cand-b8e26ed1",
      "cand-97e78627",
      "cand-8cfb97d5"
    ],
    "recentProblemKinds": [
      "local_backtest_fail",
      "local_backtest_fail",
      "pine_preflight_fail",
      "pine_preflight_fail",
      "pine_preflight_fail"
    ],
    "recentRepairResults": [
      {
        "repairKind": "entry_frequency_repair",
        "result": "success",
        "repairedCandidateId": "cand-5f4ecea5",
        "summary": "Requested entry_frequency_repair after local_backtest_fail."
      },
      {
        "repairKind": "entry_frequency_repair",
        "result": "success",
        "repairedCandidateId": "cand-eb5c0c9f",
        "summary": "Requested entry_frequency_repair after local_backtest_fail."
      },
      {
        "repairKind": "pine_source_repair",
        "result": "success",
        "repairedCandidateId": "cand-b8e26ed1",
        "summary": "Applied deterministic time-boxed preflight repair after blocking sparse event-source issues."
      },
      {
        "repairKind": "pine_source_repair",
        "result": "success",
        "repairedCandidateId": "cand-97e78627",
        "summary": "Applied deterministic time-boxed preflight repair after blocking sparse event-source issues."
      },
      {
        "repairKind": "pine_source_repair",
        "result": "success",
        "repairedCandidateId": "cand-8cfb97d5",
        "summary": "Applied deterministic time-boxed preflight repair after blocking sparse event-source issues."
      }
    ],
    "scoreFeedbackObserved": true,
    "stage6Readiness": {
      "generatedAt": "2026-04-30T05:22:53.680Z",
      "evaluated": true,
      "passed": true,
      "mode": "deterministic",
      "countRequested": 10,
      "countCompleted": 10,
      "countFailed": 0,
      "activeChampionCandidateId": "cand-a64e2088",
      "freshBootstrapPassed": true,
      "multiIterationPassed": true,
      "rootIsolationPassed": true,
      "repairTraceabilityPassed": true,
      "calibrationQueuePassed": true,
      "scoreFeedbackPassed": true,
      "feedbackClosureRequired": false,
      "calibrationMode": "queue_only",
      "ledgerValidationPassed": true,
      "indexVerificationPassed": true,
      "rootIsolationStatus": {
        "status": "passed",
        "customStateRoot": "C:\\Users\\hanji\\AppData\\Local\\Temp\\af-stage6-state-YAZZ8Y",
        "defaultWorkspaceStateRoot": "C:\\Users\\hanji\\AppData\\Local\\Temp\\af-stage6-workspace-Nnkt1H\\state\\pi-autoresearch",
        "customContextExists": true,
        "defaultWorkspaceStateHasArtifacts": false
      },
      "repairTraceabilityStatus": {
        "status": "passed",
        "successfulRepairCount": 10,
        "successfulRepairsWithoutCandidateCount": 0
      },
      "feedbackClosureStatus": {
        "status": "passed",
        "required": false,
        "promptFeedbackObserved": true,
        "scoreBreakdownFeedbackObserved": false,
        "divergenceCount": 0,
        "confidenceUpdateCount": 0
      },
      "evidence": {
        "tempWorkspaceRoot": null,
        "tempStateRoot": null,
        "localEvaluationCount": 19,
        "headEventCount": 2,
        "archiveEventCount": 11,
        "calibrationEventCount": 2,
        "mutationBriefCount": 18,
        "problemEventCount": 18,
        "repairAttemptCount": 10,
        "deadlineBreachCount": 0
      },
      "warnings": []
    },
    "lastStage6GatePassed": true,
    "rootIsolationStatus": {
      "status": "passed",
      "customStateRoot": "C:\\Users\\hanji\\AppData\\Local\\Temp\\af-stage6-state-YAZZ8Y",
      "defaultWorkspaceStateRoot": "C:\\Users\\hanji\\AppData\\Local\\Temp\\af-stage6-workspace-Nnkt1H\\state\\pi-autoresearch",
      "customContextExists": true,
      "defaultWorkspaceStateHasArtifacts": false
    },
    "repairTraceabilityStatus": {
      "status": "passed",
      "successfulRepairCount": 10,
      "successfulRepairsWithoutCandidateCount": 0
    },
    "feedbackClosureStatus": {
      "status": "passed",
      "required": false,
      "promptFeedbackObserved": true,
      "scoreBreakdownFeedbackObserved": false,
      "divergenceCount": 0,
      "confidenceUpdateCount": 0
    },
    "nextPlannedAction": "local_compatibility_repair",
    "loopMode": "local-first",
    "defaultOperationalView": "v3_autonomous_local_first",
    "projectRoot": "C:\\Users\\hanji\\Desktop\\AF",
    "workspaceRoot": "C:\\Users\\hanji\\Desktop\\AF",
    "stateRoot": "C:\\Users\\hanji\\Desktop\\AF\\state\\pi-autoresearch",
    "traceRoot": "C:\\Users\\hanji\\Desktop\\AF\\state\\pi-autoresearch\\traces",
    "artifactRoot": "C:\\Users\\hanji\\Desktop\\AF\\state\\pi-autoresearch\\artifacts",
    "evidenceRoot": "C:\\Users\\hanji\\Desktop\\AF\\state\\pi-autoresearch\\evidence",
    "runtimeRoot": "C:\\Users\\hanji\\Desktop\\AF\\state\\pi-autoresearch\\runtime",
    "tvVerificationCount": 28,
    "tvHealth": "unavailable",
    "calibrationAutoProcess": false,
    "calibrationMode": "queue_only",
    "lastTvSurfaceFailure": {
      "candidateId": "cand-c6235b65",
      "decision": "tv_surface_failure",
      "iteration": 279,
      "tvCalibrationStatus": "surface_failure",
      "recordedAt": "2026-04-29T18:46:19.526Z"
    },
    "humanOverride": false
  },
  "tracePath": "C:\\Users\\hanji\\Desktop\\AF\\state\\pi-autoresearch\\traces\\run-autonomous-loop-2026-05-01T00-28-14-874Z-trace-4f86545a.jsonl"
}
[2026-05-01T09:30:21.7390088+09:00] iteration 1: run-autonomous-loop exit=0
[2026-05-01T09:30:21.7420128+09:00] iteration 1: validate-ledger start
??injected env (11) from .env // tip: ??enable debugging { debug: true }
[ledger.validation] validate-ledger | Ledger validation completed | 2026-05-01T00:30:24.992Z
{
  "ok": true,
  "errorCount": 0,
  "warningCount": 6,
  "issues": [
    {
      "severity": "warning",
      "scope": "experiment-record-meta",
      "recordId": "cand-f918d6d8",
      "message": "recordHash does not match the serialized experiment record."
    },
    {
      "severity": "warning",
      "scope": "experiment-record-meta",
      "recordId": "cand-3f99a396",
      "message": "recordHash does not match the serialized experiment record."
    },
    {
      "severity": "warning",
      "scope": "experiment-record-meta",
      "recordId": "cand-93a71a19",
      "message": "recordHash does not match the serialized experiment record."
    },
    {
      "severity": "warning",
      "scope": "experiment-record-meta",
      "recordId": "cand-560e2d3b",
      "message": "recordHash does not match the serialized experiment record."
    },
    {
      "severity": "warning",
      "scope": "experiment-record-meta",
      "recordId": "cand-24b4021d",
      "message": "recordHash does not match the serialized experiment record."
    },
    {
      "severity": "warning",
      "scope": "candidate-dedup",
      "recordId": "bfee8f4eb7eabba2047b8b2270beef764a3942811cda8134d75c15c171c0c26a",
      "message": "Duplicate candidate source hash detected across ids: cand-2a5e6ffe, cand-51397d04, cand-9cbc4c5f, cand-a93778fa, cand-bbb67c15, cand-fdc1ae65"
    }
  ],
  "summary": {
    "experiments": 588,
    "candidates": 538,
    "taskBatches": 131
  },
  "stateRoot": "C:\\Users\\hanji\\Desktop\\AF\\state\\pi-autoresearch",
  "tracePath": "C:\\Users\\hanji\\Desktop\\AF\\state\\pi-autoresearch\\traces\\validate-ledger-2026-05-01T00-30-21-983Z-trace-cf29ecfe.jsonl"
}
[2026-05-01T09:30:25.0705998+09:00] iteration 1: validate-ledger exit=0
[2026-05-01T09:30:25.0716001+09:00] iteration 1: rebuild-indexes --verify start
??injected env (11) from .env // tip: ??secrets for agents [www.dotenvx.com]
[?몃뜳???ъ깮???쒖옉] ?몃뜳???ъ깮??| ?뚯깮 ?몃뜳?ㅻ? ?ъ깮?깊빀?덈떎. state: C:\Users\hanji\Desktop\AF\state\pi-autoresearch | 2026-05-01T00:30:27.030Z
[?몃뜳???ъ깮???꾨즺] ?몃뜳???ъ깮??| ?뚯깮 ?몃뜳???ъ깮?깆쓣 留덉낀?듬땲?? state: C:\Users\hanji\Desktop\AF\state\pi-autoresearch | 2026-05-01T00:30:36.189Z
{
  "rebuilt": true,
  "stateRoot": "C:\\Users\\hanji\\Desktop\\AF\\state\\pi-autoresearch",
  "autonomousState": {
    "generatedAt": "2026-05-01T00:30:30.233Z",
    "activeChampionCandidateId": "cand-42ed2fa4",
    "activeChampionScore": 0.7879,
    "activeChampionDecision": "local_candidate_eligible",
    "championOrigin": "autonomous",
    "researchMaturity": "steady_state",
    "selectedBy": "auto_policy",
    "selectionPolicyVersion": "autonomous-local-first/v3-p0",
    "objectivePolicyVersion": "objective.qqq-120m/v1",
    "headEventCount": 2,
    "archiveEventCount": 280,
    "calibrationEventCount": 295,
    "calibrationCandidateCount": 267,
    "divergenceCount": 27,
    "localConfidenceUpdateCount": 27,
    "problemEventCount": 186,
    "repairAttemptCount": 88,
    "localEvaluationCount": 368,
    "localEligibleCount": 207,
    "bootstrapCompatibleCount": 0,
    "bootstrapEligibleCount": 0,
    "bootstrapStatus": "not_started",
    "bootstrapSource": null,
    "bootstrapReason": null,
    "localRejectedCount": 156,
    "topBlockingReason": "low_trade_count",
    "pendingCalibrationCandidateCount": 239,
    "pendingCalibrationCandidateIds": [
      "cand-0e6a0180",
      "cand-9f33e80b",
      "cand-772d8a1e",
      "cand-f28d2e01",
      "cand-9a5dbcc7",
      "cand-b01be933",
      "cand-0a692f84",
      "cand-4f8faae3",
      "cand-35a74bba",
      "cand-c6b25611",
      "cand-ccdae17b",
      "cand-b8102dcd",
      "cand-8a1fe27b",
      "cand-ebbdd6a9",
      "cand-80dfaaa1",
      "cand-03f30a70",
      "cand-2f290563",
      "cand-e76cded5",
      "cand-710d8bc6",
      "cand-dd7e63cf",
      "cand-949bf032",
      "cand-b14595e0",
      "cand-90dc4ec3",
      "cand-f1103886",
      "cand-77224b87",
      "cand-55f47b32",
      "cand-cb18c54a",
      "cand-8a1a7cf2",
      "cand-db12aa7d",
      "cand-eb3175fc",
      "cand-ce89005b",
      "cand-b333865d",
      "cand-14f5f8ff",
      "cand-87a7fa06",
      "cand-609d9f19",
      "cand-09a0ae17",
      "cand-fbb3fb78",
      "cand-7bff0c1a",
      "cand-6e976c42",
      "cand-eaf67b92",
      "cand-ea5075a8",
      "cand-c0d6f969",
      "cand-946579c0",
      "cand-1638111b",
      "cand-840b49c0",
      "cand-a1b63e8c",
      "cand-d3fa966c",
      "cand-af6ef21e",
      "cand-c5832df6",
      "cand-57321a8c",
      "cand-3004b0f8",
      "cand-00644032",
      "cand-6272ab0f",
      "cand-7b341ad0",
      "cand-5c90b0de",
      "cand-350b7e7b",
      "cand-05218055",
      "cand-6ebbd52a",
      "cand-9edd626e",
      "cand-5d685d8a",
      "cand-addb3d5a",
      "cand-1a03e904",
      "cand-935b6a7d",
      "cand-11e460d8",
      "cand-58484f09",
      "cand-c3549cdc",
      "cand-e000c048",
      "cand-5927e5ca",
      "cand-7ae4d6eb",
      "cand-bd3c959f",
      "cand-ad98c7fd",
      "cand-a3456179",
      "cand-fa19c7db",
      "cand-8211114e",
      "cand-737e8acc",
      "cand-9ae5abb8",
      "cand-f68c494c",
      "cand-0cb06744",
      "cand-c4540c5e",
      "cand-887ba798",
      "cand-334ff9ed",
      "cand-1e7bb092",
      "cand-940106ac",
      "cand-b1575fba",
      "cand-1c1cb560",
      "cand-2ba5ca56",
      "cand-4e158d7d",
      "cand-ee1867a5",
      "cand-ccf655ee",
      "cand-2f2f67f1",
      "cand-dd0d4883",
      "cand-9e390b78",
      "cand-2b509e63",
      "cand-a42bb737",
      "cand-ba65a405",
      "cand-95b5fcb4",
      "cand-c1decc14",
      "cand-fad40100",
      "cand-3d99c3c3",
      "cand-ed6ed300",
      "cand-36473405",
      "cand-32556840",
      "cand-056beb3f",
      "cand-fef34f1d",
      "cand-4e58abee",
      "cand-6c095f1d",
      "cand-72fdbd0a",
      "cand-1a73f98c",
      "cand-60e5fb9a",
      "cand-fbd6e1cd",
      "cand-6fa9e64c",
      "cand-b3ce6dfd",
      "cand-d7b18242",
      "cand-cddf1147",
      "cand-a2b17756",
      "cand-4106d658",
      "cand-bf2319b1",
      "cand-1be3a1ed",
      "cand-ec8276d1",
      "cand-66da2fad",
      "cand-10487d69",
      "cand-a0b082a6",
      "cand-e1c37158",
      "cand-3924bc09",
      "cand-c5a37a36",
      "cand-9f921b3b",
      "cand-976660f2",
      "cand-1fd659d1",
      "cand-1ebe3284",
      "cand-a05583cb",
      "cand-68e1f6c0",
      "cand-939bafa7",
      "cand-5dfb966e",
      "cand-ec9d7a77",
      "cand-c9bd8a69",
      "cand-cad467d1",
      "cand-30ca4ecf",
      "cand-274a3d78",
      "cand-8f6a1544",
      "cand-be21675f",
      "cand-17c07e8f",
      "cand-60166f81",
      "cand-8f82de94",
      "cand-42460886",
      "cand-9295e93d",
      "cand-5a54f71c",
      "cand-a12eacdf",
      "cand-5b236726",
      "cand-dbfe05b6",
      "cand-eb4f9103",
      "cand-294a8337",
      "cand-54d331f7",
      "cand-303f93be",
      "cand-64ceccd8",
      "cand-82301049",
      "cand-cb926322",
      "cand-9740ccd3",
      "cand-45f69d7a",
      "cand-8195e18c",
      "cand-9ad02865",
      "cand-b0561318",
      "cand-77645d5d",
      "cand-3913b48a",
      "cand-d8c529f0",
      "cand-3e0617a5",
      "cand-796b47d8",
      "cand-da5bc8a6",
      "cand-6385aa99",
      "cand-ce0fb6b8",
      "cand-f53efe87",
      "cand-541078ba",
      "cand-102cde43",
      "cand-99a518c8",
      "cand-45eae1ed",
      "cand-5fa9bbca",
      "cand-58a6bc67",
      "cand-e2e95d0b",
      "cand-e7d44996",
      "cand-4fd1f661",
      "cand-f8a32482",
      "cand-65221fbc",
      "cand-0dcbc429",
      "cand-7237f414",
      "cand-13ab4eb7",
      "cand-03a62626",
      "cand-74403bc5",
      "cand-08afa655",
      "cand-8fc0ffa2",
      "cand-6b8a91fa",
      "cand-6b160ae4",
      "cand-e4ab8440",
      "cand-292c094d",
      "cand-bf066e31",
      "cand-bf45bffc",
      "cand-33777180",
      "cand-67548c32",
      "cand-af1ed124",
      "cand-fd3f325b",
      "cand-e8320fab",
      "cand-51877b36",
      "cand-f80d7394",
      "cand-d2b04e0c",
      "cand-d865401d",
      "cand-c2337d4e",
      "cand-bd0f8191",
      "cand-2e68882f",
      "cand-94bc57ed",
      "cand-93a15ca5",
      "cand-197cf126",
      "cand-4e21422c",
      "cand-cc3ed2d8",
      "cand-ad84fefa",
      "cand-e3e4e13a",
      "cand-6d2901b8",
      "cand-c7985187",
      "cand-a3fa7fcf",
      "cand-2181b4f2",
      "cand-e803ef34",
      "cand-cc7eb308",
      "cand-8c710851",
      "cand-8045892e",
      "cand-17273829",
      "cand-e3d89e08",
      "cand-118d9dbb",
      "cand-1a318968",
      "cand-5665b571",
      "cand-80f55e73",
      "cand-74341bb6",
      "cand-6a470e0a",
      "cand-bac89ce5",
      "cand-9a0a92b6",
      "cand-91ef422b",
      "cand-63b039ec",
      "cand-5f4ecea5",
      "cand-eb5c0c9f",
      "cand-f7398180",
      "cand-b8e26ed1",
      "cand-97e78627",
      "cand-8cfb97d5"
    ],
    "recentProblemKinds": [
      "local_backtest_fail",
      "local_backtest_fail",
      "pine_preflight_fail",
      "pine_preflight_fail",
      "pine_preflight_fail"
    ],
    "recentRepairResults": [
      {
        "repairKind": "entry_frequency_repair",
        "result": "success",
        "repairedCandidateId": "cand-5f4ecea5",
        "summary": "Requested entry_frequency_repair after local_backtest_fail."
      },
      {
        "repairKind": "entry_frequency_repair",
        "result": "success",
        "repairedCandidateId": "cand-eb5c0c9f",
        "summary": "Requested entry_frequency_repair after local_backtest_fail."
      },
      {
        "repairKind": "pine_source_repair",
        "result": "success",
        "repairedCandidateId": "cand-b8e26ed1",
        "summary": "Applied deterministic time-boxed preflight repair after blocking sparse event-source issues."
      },
      {
        "repairKind": "pine_source_repair",
        "result": "success",
        "repairedCandidateId": "cand-97e78627",
        "summary": "Applied deterministic time-boxed preflight repair after blocking sparse event-source issues."
      },
      {
        "repairKind": "pine_source_repair",
        "result": "success",
        "repairedCandidateId": "cand-8cfb97d5",
        "summary": "Applied deterministic time-boxed preflight repair after blocking sparse event-source issues."
      }
    ],
    "scoreFeedbackObserved": true,
    "stage6Readiness": {
      "generatedAt": "2026-04-30T05:22:53.680Z",
      "evaluated": true,
      "passed": true,
      "mode": "deterministic",
      "countRequested": 10,
      "countCompleted": 10,
      "countFailed": 0,
      "activeChampionCandidateId": "cand-a64e2088",
      "freshBootstrapPassed": true,
      "multiIterationPassed": true,
      "rootIsolationPassed": true,
      "repairTraceabilityPassed": true,
      "calibrationQueuePassed": true,
      "scoreFeedbackPassed": true,
      "feedbackClosureRequired": false,
      "calibrationMode": "queue_only",
      "ledgerValidationPassed": true,
      "indexVerificationPassed": true,
      "rootIsolationStatus": {
        "status": "passed",
        "customStateRoot": "C:\\Users\\hanji\\AppData\\Local\\Temp\\af-stage6-state-YAZZ8Y",
        "defaultWorkspaceStateRoot": "C:\\Users\\hanji\\AppData\\Local\\Temp\\af-stage6-workspace-Nnkt1H\\state\\pi-autoresearch",
        "customContextExists": true,
        "defaultWorkspaceStateHasArtifacts": false
      },
      "repairTraceabilityStatus": {
        "status": "passed",
        "successfulRepairCount": 10,
        "successfulRepairsWithoutCandidateCount": 0
      },
      "feedbackClosureStatus": {
        "status": "passed",
        "required": false,
        "promptFeedbackObserved": true,
        "scoreBreakdownFeedbackObserved": false,
        "divergenceCount": 0,
        "confidenceUpdateCount": 0
      },
      "evidence": {
        "tempWorkspaceRoot": null,
        "tempStateRoot": null,
        "localEvaluationCount": 19,
        "headEventCount": 2,
        "archiveEventCount": 11,
        "calibrationEventCount": 2,
        "mutationBriefCount": 18,
        "problemEventCount": 18,
        "repairAttemptCount": 10,
        "deadlineBreachCount": 0
      },
      "warnings": []
    },
    "lastStage6GatePassed": true,
    "rootIsolationStatus": {
      "status": "passed",
      "customStateRoot": "C:\\Users\\hanji\\AppData\\Local\\Temp\\af-stage6-state-YAZZ8Y",
      "defaultWorkspaceStateRoot": "C:\\Users\\hanji\\AppData\\Local\\Temp\\af-stage6-workspace-Nnkt1H\\state\\pi-autoresearch",
      "customContextExists": true,
      "defaultWorkspaceStateHasArtifacts": false
    },
    "repairTraceabilityStatus": {
      "status": "passed",
      "successfulRepairCount": 10,
      "successfulRepairsWithoutCandidateCount": 0
    },
    "feedbackClosureStatus": {
      "status": "passed",
      "required": false,
      "promptFeedbackObserved": true,
      "scoreBreakdownFeedbackObserved": false,
      "divergenceCount": 0,
      "confidenceUpdateCount": 0
    },
    "nextPlannedAction": "local_compatibility_repair",
    "loopMode": "local-first",
    "defaultOperationalView": "v3_autonomous_local_first",
    "projectRoot": "C:\\Users\\hanji\\Desktop\\AF",
    "workspaceRoot": "C:\\Users\\hanji\\Desktop\\AF",
    "stateRoot": "C:\\Users\\hanji\\Desktop\\AF\\state\\pi-autoresearch",
    "traceRoot": "C:\\Users\\hanji\\Desktop\\AF\\state\\pi-autoresearch\\traces",
    "artifactRoot": "C:\\Users\\hanji\\Desktop\\AF\\state\\pi-autoresearch\\artifacts",
    "evidenceRoot": "C:\\Users\\hanji\\Desktop\\AF\\state\\pi-autoresearch\\evidence",
    "runtimeRoot": "C:\\Users\\hanji\\Desktop\\AF\\state\\pi-autoresearch\\runtime",
    "tvVerificationCount": 28,
    "tvHealth": "unavailable",
    "calibrationAutoProcess": false,
    "calibrationMode": "queue_only",
    "lastTvSurfaceFailure": {
      "candidateId": "cand-c6235b65",
      "decision": "tv_surface_failure",
      "iteration": 279,
      "tvCalibrationStatus": "surface_failure",
      "recordedAt": "2026-04-29T18:46:19.526Z"
    },
    "humanOverride": false
  },
  "verification": {
    "ok": true,
    "issues": []
  },
  "tracePath": "C:\\Users\\hanji\\Desktop\\AF\\state\\pi-autoresearch\\traces\\rebuild-indexes-2026-05-01T00-30-25-308Z-trace-e3212a3f.jsonl"
}
[2026-05-01T09:30:36.3848454+09:00] iteration 1: rebuild-indexes --verify exit=0
[2026-05-01T09:30:46.4001489+09:00] iteration 2: run-autonomous-loop start
??injected env (11) from .env // tip: ??override existing { override: true }
[autonomous.loop.start] run-autonomous-loop | Starting autonomous local-first loop | 2026-05-01T00:30:46.633Z
[iteration.started] run-autonomous-loop | Starting autonomous iteration | 2026-05-01T00:30:46.634Z
[phase.started] run-autonomous-loop | Initializing autonomous workspace | 2026-05-01T00:30:46.636Z
[phase.completed] run-autonomous-loop | Initializing autonomous workspace | 2026-05-01T00:30:48.358Z
[phase.started] run-autonomous-loop | Generating autonomous mutation candidate | 2026-05-01T00:30:49.735Z
[autonomous.mutation.request] run-autonomous-loop | Sending autonomous mutation request | 2026-05-01T00:30:49.736Z
[autonomous.mutation.preflight_blocked] run-autonomous-loop | Pine ?앹꽦 ?ъ쟾 ?먭??먯꽌 李⑤떒 ?댁뒋瑜?諛쒓껄?덉뒿?덈떎. | 2026-05-01T00:32:51.947Z
[autonomous.mutation.preflight_deterministic_repair] run-autonomous-loop | Applied deterministic time-boxed mutation preflight repair | 2026-05-01T00:32:51.954Z
[phase.completed] run-autonomous-loop | Generating autonomous mutation candidate | 2026-05-01T00:32:51.961Z
[phase.started] run-autonomous-loop | Evaluating autonomous candidate locally | 2026-05-01T00:32:51.962Z
[autonomous.market_context_ready] run-autonomous-loop | Local-first market context is ready | 2026-05-01T00:32:51.968Z
[autonomous.local_evaluation] run-autonomous-loop | Local autonomous evaluation completed | 2026-05-01T00:32:52.048Z
[phase.completed] run-autonomous-loop | Evaluating autonomous candidate locally | 2026-05-01T00:32:52.083Z
[phase.started] run-autonomous-loop | Updating autonomous archive views | 2026-05-01T00:32:52.084Z
[phase.completed] run-autonomous-loop | Updating autonomous archive views | 2026-05-01T00:32:52.090Z
[phase.started] run-autonomous-loop | Queueing candidate for TradingView calibration | 2026-05-01T00:32:52.090Z
[phase.completed] run-autonomous-loop | Queueing candidate for TradingView calibration | 2026-05-01T00:32:52.093Z
[phase.started] run-autonomous-loop | Selecting active autonomous champion | 2026-05-01T00:32:52.999Z
[phase.completed] run-autonomous-loop | Selecting active autonomous champion | 2026-05-01T00:32:53.487Z
[phase.started] run-autonomous-loop | Rebuilding derived autonomous views | 2026-05-01T00:32:53.488Z
[phase.completed] run-autonomous-loop | Rebuilding derived autonomous views | 2026-05-01T00:32:55.426Z
[iteration.completed] run-autonomous-loop | Autonomous iteration completed | 2026-05-01T00:32:55.427Z
{
  "countRequested": 1,
  "countCompleted": 1,
  "countFailed": 0,
  "results": [
    {
      "runId": "autonomous-1777595446635",
      "iteration": 589,
      "candidateId": "cand-2c409867",
      "localDecision": "local_candidate_eligible",
      "activeChampionChanged": false,
      "activeChampionCandidateId": "cand-42ed2fa4"
    }
  ],
  "deadlineBreaches": [],
  "autonomousState": {
    "generatedAt": "2026-05-01T00:32:57.124Z",
    "activeChampionCandidateId": "cand-42ed2fa4",
    "activeChampionScore": 0.7879,
    "activeChampionDecision": "local_candidate_eligible",
    "championOrigin": "autonomous",
    "researchMaturity": "steady_state",
    "selectedBy": "auto_policy",
    "selectionPolicyVersion": "autonomous-local-first/v3-p0",
    "objectivePolicyVersion": "objective.qqq-120m/v1",
    "headEventCount": 2,
    "archiveEventCount": 282,
    "calibrationEventCount": 296,
    "calibrationCandidateCount": 268,
    "divergenceCount": 27,
    "localConfidenceUpdateCount": 27,
    "problemEventCount": 187,
    "repairAttemptCount": 89,
    "localEvaluationCount": 369,
    "localEligibleCount": 208,
    "bootstrapCompatibleCount": 0,
    "bootstrapEligibleCount": 0,
    "bootstrapStatus": "not_started",
    "bootstrapSource": null,
    "bootstrapReason": null,
    "localRejectedCount": 156,
    "topBlockingReason": "low_trade_count",
    "pendingCalibrationCandidateCount": 240,
    "pendingCalibrationCandidateIds": [
      "cand-0e6a0180",
      "cand-9f33e80b",
      "cand-772d8a1e",
      "cand-f28d2e01",
      "cand-9a5dbcc7",
      "cand-b01be933",
      "cand-0a692f84",
      "cand-4f8faae3",
      "cand-35a74bba",
      "cand-c6b25611",
      "cand-ccdae17b",
      "cand-b8102dcd",
      "cand-8a1fe27b",
      "cand-ebbdd6a9",
      "cand-80dfaaa1",
      "cand-03f30a70",
      "cand-2f290563",
      "cand-e76cded5",
      "cand-710d8bc6",
      "cand-dd7e63cf",
      "cand-949bf032",
      "cand-b14595e0",
      "cand-90dc4ec3",
      "cand-f1103886",
      "cand-77224b87",
      "cand-55f47b32",
      "cand-cb18c54a",
      "cand-8a1a7cf2",
      "cand-db12aa7d",
      "cand-eb3175fc",
      "cand-ce89005b",
      "cand-b333865d",
      "cand-14f5f8ff",
      "cand-87a7fa06",
      "cand-609d9f19",
      "cand-09a0ae17",
      "cand-fbb3fb78",
      "cand-7bff0c1a",
      "cand-6e976c42",
      "cand-eaf67b92",
      "cand-ea5075a8",
      "cand-c0d6f969",
      "cand-946579c0",
      "cand-1638111b",
      "cand-840b49c0",
      "cand-a1b63e8c",
      "cand-d3fa966c",
      "cand-af6ef21e",
      "cand-c5832df6",
      "cand-57321a8c",
      "cand-3004b0f8",
      "cand-00644032",
      "cand-6272ab0f",
      "cand-7b341ad0",
      "cand-5c90b0de",
      "cand-350b7e7b",
      "cand-05218055",
      "cand-6ebbd52a",
      "cand-9edd626e",
      "cand-5d685d8a",
      "cand-addb3d5a",
      "cand-1a03e904",
      "cand-935b6a7d",
      "cand-11e460d8",
      "cand-58484f09",
      "cand-c3549cdc",
      "cand-e000c048",
      "cand-5927e5ca",
      "cand-7ae4d6eb",
      "cand-bd3c959f",
      "cand-ad98c7fd",
      "cand-a3456179",
      "cand-fa19c7db",
      "cand-8211114e",
      "cand-737e8acc",
      "cand-9ae5abb8",
      "cand-f68c494c",
      "cand-0cb06744",
      "cand-c4540c5e",
      "cand-887ba798",
      "cand-334ff9ed",
      "cand-1e7bb092",
      "cand-940106ac",
      "cand-b1575fba",
      "cand-1c1cb560",
      "cand-2ba5ca56",
      "cand-4e158d7d",
      "cand-ee1867a5",
      "cand-ccf655ee",
      "cand-2f2f67f1",
      "cand-dd0d4883",
      "cand-9e390b78",
      "cand-2b509e63",
      "cand-a42bb737",
      "cand-ba65a405",
      "cand-95b5fcb4",
      "cand-c1decc14",
      "cand-fad40100",
      "cand-3d99c3c3",
      "cand-ed6ed300",
      "cand-36473405",
      "cand-32556840",
      "cand-056beb3f",
      "cand-fef34f1d",
      "cand-4e58abee",
      "cand-6c095f1d",
      "cand-72fdbd0a",
      "cand-1a73f98c",
      "cand-60e5fb9a",
      "cand-fbd6e1cd",
      "cand-6fa9e64c",
      "cand-b3ce6dfd",
      "cand-d7b18242",
      "cand-cddf1147",
      "cand-a2b17756",
      "cand-4106d658",
      "cand-bf2319b1",
      "cand-1be3a1ed",
      "cand-ec8276d1",
      "cand-66da2fad",
      "cand-10487d69",
      "cand-a0b082a6",
      "cand-e1c37158",
      "cand-3924bc09",
      "cand-c5a37a36",
      "cand-9f921b3b",
      "cand-976660f2",
      "cand-1fd659d1",
      "cand-1ebe3284",
      "cand-a05583cb",
      "cand-68e1f6c0",
      "cand-939bafa7",
      "cand-5dfb966e",
      "cand-ec9d7a77",
      "cand-c9bd8a69",
      "cand-cad467d1",
      "cand-30ca4ecf",
      "cand-274a3d78",
      "cand-8f6a1544",
      "cand-be21675f",
      "cand-17c07e8f",
      "cand-60166f81",
      "cand-8f82de94",
      "cand-42460886",
      "cand-9295e93d",
      "cand-5a54f71c",
      "cand-a12eacdf",
      "cand-5b236726",
      "cand-dbfe05b6",
      "cand-eb4f9103",
      "cand-294a8337",
      "cand-54d331f7",
      "cand-303f93be",
      "cand-64ceccd8",
      "cand-82301049",
      "cand-cb926322",
      "cand-9740ccd3",
      "cand-45f69d7a",
      "cand-8195e18c",
      "cand-9ad02865",
      "cand-b0561318",
      "cand-77645d5d",
      "cand-3913b48a",
      "cand-d8c529f0",
      "cand-3e0617a5",
      "cand-796b47d8",
      "cand-da5bc8a6",
      "cand-6385aa99",
      "cand-ce0fb6b8",
      "cand-f53efe87",
      "cand-541078ba",
      "cand-102cde43",
      "cand-99a518c8",
      "cand-45eae1ed",
      "cand-5fa9bbca",
      "cand-58a6bc67",
      "cand-e2e95d0b",
      "cand-e7d44996",
      "cand-4fd1f661",
      "cand-f8a32482",
      "cand-65221fbc",
      "cand-0dcbc429",
      "cand-7237f414",
      "cand-13ab4eb7",
      "cand-03a62626",
      "cand-74403bc5",
      "cand-08afa655",
      "cand-8fc0ffa2",
      "cand-6b8a91fa",
      "cand-6b160ae4",
      "cand-e4ab8440",
      "cand-292c094d",
      "cand-bf066e31",
      "cand-bf45bffc",
      "cand-33777180",
      "cand-67548c32",
      "cand-af1ed124",
      "cand-fd3f325b",
      "cand-e8320fab",
      "cand-51877b36",
      "cand-f80d7394",
      "cand-d2b04e0c",
      "cand-d865401d",
      "cand-c2337d4e",
      "cand-bd0f8191",
      "cand-2e68882f",
      "cand-94bc57ed",
      "cand-93a15ca5",
      "cand-197cf126",
      "cand-4e21422c",
      "cand-cc3ed2d8",
      "cand-ad84fefa",
      "cand-e3e4e13a",
      "cand-6d2901b8",
      "cand-c7985187",
      "cand-a3fa7fcf",
      "cand-2181b4f2",
      "cand-e803ef34",
      "cand-cc7eb308",
      "cand-8c710851",
      "cand-8045892e",
      "cand-17273829",
      "cand-e3d89e08",
      "cand-118d9dbb",
      "cand-1a318968",
      "cand-5665b571",
      "cand-80f55e73",
      "cand-74341bb6",
      "cand-6a470e0a",
      "cand-bac89ce5",
      "cand-9a0a92b6",
      "cand-91ef422b",
      "cand-63b039ec",
      "cand-5f4ecea5",
      "cand-eb5c0c9f",
      "cand-f7398180",
      "cand-b8e26ed1",
      "cand-97e78627",
      "cand-8cfb97d5",
      "cand-2c409867"
    ],
    "recentProblemKinds": [
      "local_backtest_fail",
      "pine_preflight_fail",
      "pine_preflight_fail",
      "pine_preflight_fail",
      "pine_preflight_fail"
    ],
    "recentRepairResults": [
      {
        "repairKind": "entry_frequency_repair",
        "result": "success",
        "repairedCandidateId": "cand-eb5c0c9f",
        "summary": "Requested entry_frequency_repair after local_backtest_fail."
      },
      {
        "repairKind": "pine_source_repair",
        "result": "success",
        "repairedCandidateId": "cand-b8e26ed1",
        "summary": "Applied deterministic time-boxed preflight repair after blocking sparse event-source issues."
      },
      {
        "repairKind": "pine_source_repair",
        "result": "success",
        "repairedCandidateId": "cand-97e78627",
        "summary": "Applied deterministic time-boxed preflight repair after blocking sparse event-source issues."
      },
      {
        "repairKind": "pine_source_repair",
        "result": "success",
        "repairedCandidateId": "cand-8cfb97d5",
        "summary": "Applied deterministic time-boxed preflight repair after blocking sparse event-source issues."
      },
      {
        "repairKind": "pine_source_repair",
        "result": "success",
        "repairedCandidateId": "cand-2c409867",
        "summary": "Applied deterministic time-boxed preflight repair after blocking sparse event-source issues."
      }
    ],
    "scoreFeedbackObserved": true,
    "stage6Readiness": {
      "generatedAt": "2026-04-30T05:22:53.680Z",
      "evaluated": true,
      "passed": true,
      "mode": "deterministic",
      "countRequested": 10,
      "countCompleted": 10,
      "countFailed": 0,
      "activeChampionCandidateId": "cand-a64e2088",
      "freshBootstrapPassed": true,
      "multiIterationPassed": true,
      "rootIsolationPassed": true,
      "repairTraceabilityPassed": true,
      "calibrationQueuePassed": true,
      "scoreFeedbackPassed": true,
      "feedbackClosureRequired": false,
      "calibrationMode": "queue_only",
      "ledgerValidationPassed": true,
      "indexVerificationPassed": true,
      "rootIsolationStatus": {
        "status": "passed",
        "customStateRoot": "C:\\Users\\hanji\\AppData\\Local\\Temp\\af-stage6-state-YAZZ8Y",
        "defaultWorkspaceStateRoot": "C:\\Users\\hanji\\AppData\\Local\\Temp\\af-stage6-workspace-Nnkt1H\\state\\pi-autoresearch",
        "customContextExists": true,
        "defaultWorkspaceStateHasArtifacts": false
      },
      "repairTraceabilityStatus": {
        "status": "passed",
        "successfulRepairCount": 10,
        "successfulRepairsWithoutCandidateCount": 0
      },
      "feedbackClosureStatus": {
        "status": "passed",
        "required": false,
        "promptFeedbackObserved": true,
        "scoreBreakdownFeedbackObserved": false,
        "divergenceCount": 0,
        "confidenceUpdateCount": 0
      },
      "evidence": {
        "tempWorkspaceRoot": null,
        "tempStateRoot": null,
        "localEvaluationCount": 19,
        "headEventCount": 2,
        "archiveEventCount": 11,
        "calibrationEventCount": 2,
        "mutationBriefCount": 18,
        "problemEventCount": 18,
        "repairAttemptCount": 10,
        "deadlineBreachCount": 0
      },
      "warnings": []
    },
    "lastStage6GatePassed": true,
    "rootIsolationStatus": {
      "status": "passed",
      "customStateRoot": "C:\\Users\\hanji\\AppData\\Local\\Temp\\af-stage6-state-YAZZ8Y",
      "defaultWorkspaceStateRoot": "C:\\Users\\hanji\\AppData\\Local\\Temp\\af-stage6-workspace-Nnkt1H\\state\\pi-autoresearch",
      "customContextExists": true,
      "defaultWorkspaceStateHasArtifacts": false
    },
    "repairTraceabilityStatus": {
      "status": "passed",
      "successfulRepairCount": 10,
      "successfulRepairsWithoutCandidateCount": 0
    },
    "feedbackClosureStatus": {
      "status": "passed",
      "required": false,
      "promptFeedbackObserved": true,
      "scoreBreakdownFeedbackObserved": false,
      "divergenceCount": 0,
      "confidenceUpdateCount": 0
    },
    "nextPlannedAction": "local_compatibility_repair",
    "loopMode": "local-first",
    "defaultOperationalView": "v3_autonomous_local_first",
    "projectRoot": "C:\\Users\\hanji\\Desktop\\AF",
    "workspaceRoot": "C:\\Users\\hanji\\Desktop\\AF",
    "stateRoot": "C:\\Users\\hanji\\Desktop\\AF\\state\\pi-autoresearch",
    "traceRoot": "C:\\Users\\hanji\\Desktop\\AF\\state\\pi-autoresearch\\traces",
    "artifactRoot": "C:\\Users\\hanji\\Desktop\\AF\\state\\pi-autoresearch\\artifacts",
    "evidenceRoot": "C:\\Users\\hanji\\Desktop\\AF\\state\\pi-autoresearch\\evidence",
    "runtimeRoot": "C:\\Users\\hanji\\Desktop\\AF\\state\\pi-autoresearch\\runtime",
    "tvVerificationCount": 28,
    "tvHealth": "unavailable",
    "calibrationAutoProcess": false,
    "calibrationMode": "queue_only",
    "lastTvSurfaceFailure": {
      "candidateId": "cand-c6235b65",
      "decision": "tv_surface_failure",
      "iteration": 279,
      "tvCalibrationStatus": "surface_failure",
      "recordedAt": "2026-04-29T18:46:19.526Z"
    },
    "humanOverride": false
  },
  "tracePath": "C:\\Users\\hanji\\Desktop\\AF\\state\\pi-autoresearch\\traces\\run-autonomous-loop-2026-05-01T00-30-46-632Z-trace-d5043e9e.jsonl"
}
[2026-05-01T09:32:57.7664090+09:00] iteration 2: run-autonomous-loop exit=0
[2026-05-01T09:32:57.7664090+09:00] iteration 2: validate-ledger start
??injected env (11) from .env // tip: ??enable debugging { debug: true }
[ledger.validation] validate-ledger | Ledger validation completed | 2026-05-01T00:33:00.889Z
{
  "ok": true,
  "errorCount": 0,
  "warningCount": 6,
  "issues": [
    {
      "severity": "warning",
      "scope": "experiment-record-meta",
      "recordId": "cand-f918d6d8",
      "message": "recordHash does not match the serialized experiment record."
    },
    {
      "severity": "warning",
      "scope": "experiment-record-meta",
      "recordId": "cand-3f99a396",
      "message": "recordHash does not match the serialized experiment record."
    },
    {
      "severity": "warning",
      "scope": "experiment-record-meta",
      "recordId": "cand-93a71a19",
      "message": "recordHash does not match the serialized experiment record."
    },
    {
      "severity": "warning",
      "scope": "experiment-record-meta",
      "recordId": "cand-560e2d3b",
      "message": "recordHash does not match the serialized experiment record."
    },
    {
      "severity": "warning",
      "scope": "experiment-record-meta",
      "recordId": "cand-24b4021d",
      "message": "recordHash does not match the serialized experiment record."
    },
    {
      "severity": "warning",
      "scope": "candidate-dedup",
      "recordId": "bfee8f4eb7eabba2047b8b2270beef764a3942811cda8134d75c15c171c0c26a",
      "message": "Duplicate candidate source hash detected across ids: cand-2a5e6ffe, cand-51397d04, cand-9cbc4c5f, cand-a93778fa, cand-bbb67c15, cand-fdc1ae65"
    }
  ],
  "summary": {
    "experiments": 589,
    "candidates": 539,
    "taskBatches": 131
  },
  "stateRoot": "C:\\Users\\hanji\\Desktop\\AF\\state\\pi-autoresearch",
  "tracePath": "C:\\Users\\hanji\\Desktop\\AF\\state\\pi-autoresearch\\traces\\validate-ledger-2026-05-01T00-32-58-000Z-trace-30608785.jsonl"
}
[2026-05-01T09:33:01.0230145+09:00] iteration 2: validate-ledger exit=0
[2026-05-01T09:33:01.0230145+09:00] iteration 2: rebuild-indexes --verify start
??injected env (11) from .env // tip: ??auth for agents [www.vestauth.com]
[?몃뜳???ъ깮???쒖옉] ?몃뜳???ъ깮??| ?뚯깮 ?몃뜳?ㅻ? ?ъ깮?깊빀?덈떎. state: C:\Users\hanji\Desktop\AF\state\pi-autoresearch | 2026-05-01T00:33:02.948Z
[?몃뜳???ъ깮???꾨즺] ?몃뜳???ъ깮??| ?뚯깮 ?몃뜳???ъ깮?깆쓣 留덉낀?듬땲?? state: C:\Users\hanji\Desktop\AF\state\pi-autoresearch | 2026-05-01T00:33:11.877Z
{
  "rebuilt": true,
  "stateRoot": "C:\\Users\\hanji\\Desktop\\AF\\state\\pi-autoresearch",
  "autonomousState": {
    "generatedAt": "2026-05-01T00:33:06.150Z",
    "activeChampionCandidateId": "cand-42ed2fa4",
    "activeChampionScore": 0.7879,
    "activeChampionDecision": "local_candidate_eligible",
    "championOrigin": "autonomous",
    "researchMaturity": "steady_state",
    "selectedBy": "auto_policy",
    "selectionPolicyVersion": "autonomous-local-first/v3-p0",
    "objectivePolicyVersion": "objective.qqq-120m/v1",
    "headEventCount": 2,
    "archiveEventCount": 282,
    "calibrationEventCount": 296,
    "calibrationCandidateCount": 268,
    "divergenceCount": 27,
    "localConfidenceUpdateCount": 27,
    "problemEventCount": 187,
    "repairAttemptCount": 89,
    "localEvaluationCount": 369,
    "localEligibleCount": 208,
    "bootstrapCompatibleCount": 0,
    "bootstrapEligibleCount": 0,
    "bootstrapStatus": "not_started",
    "bootstrapSource": null,
    "bootstrapReason": null,
    "localRejectedCount": 156,
    "topBlockingReason": "low_trade_count",
    "pendingCalibrationCandidateCount": 240,
    "pendingCalibrationCandidateIds": [
      "cand-0e6a0180",
      "cand-9f33e80b",
      "cand-772d8a1e",
      "cand-f28d2e01",
      "cand-9a5dbcc7",
      "cand-b01be933",
      "cand-0a692f84",
      "cand-4f8faae3",
      "cand-35a74bba",
      "cand-c6b25611",
      "cand-ccdae17b",
      "cand-b8102dcd",
      "cand-8a1fe27b",
      "cand-ebbdd6a9",
      "cand-80dfaaa1",
      "cand-03f30a70",
      "cand-2f290563",
      "cand-e76cded5",
      "cand-710d8bc6",
      "cand-dd7e63cf",
      "cand-949bf032",
      "cand-b14595e0",
      "cand-90dc4ec3",
      "cand-f1103886",
      "cand-77224b87",
      "cand-55f47b32",
      "cand-cb18c54a",
      "cand-8a1a7cf2",
      "cand-db12aa7d",
      "cand-eb3175fc",
      "cand-ce89005b",
      "cand-b333865d",
      "cand-14f5f8ff",
      "cand-87a7fa06",
      "cand-609d9f19",
      "cand-09a0ae17",
      "cand-fbb3fb78",
      "cand-7bff0c1a",
      "cand-6e976c42",
      "cand-eaf67b92",
      "cand-ea5075a8",
      "cand-c0d6f969",
      "cand-946579c0",
      "cand-1638111b",
      "cand-840b49c0",
      "cand-a1b63e8c",
      "cand-d3fa966c",
      "cand-af6ef21e",
      "cand-c5832df6",
      "cand-57321a8c",
      "cand-3004b0f8",
      "cand-00644032",
      "cand-6272ab0f",
      "cand-7b341ad0",
      "cand-5c90b0de",
      "cand-350b7e7b",
      "cand-05218055",
      "cand-6ebbd52a",
      "cand-9edd626e",
      "cand-5d685d8a",
      "cand-addb3d5a",
      "cand-1a03e904",
      "cand-935b6a7d",
      "cand-11e460d8",
      "cand-58484f09",
      "cand-c3549cdc",
      "cand-e000c048",
      "cand-5927e5ca",
      "cand-7ae4d6eb",
      "cand-bd3c959f",
      "cand-ad98c7fd",
      "cand-a3456179",
      "cand-fa19c7db",
      "cand-8211114e",
      "cand-737e8acc",
      "cand-9ae5abb8",
      "cand-f68c494c",
      "cand-0cb06744",
      "cand-c4540c5e",
      "cand-887ba798",
      "cand-334ff9ed",
      "cand-1e7bb092",
      "cand-940106ac",
      "cand-b1575fba",
      "cand-1c1cb560",
      "cand-2ba5ca56",
      "cand-4e158d7d",
      "cand-ee1867a5",
      "cand-ccf655ee",
      "cand-2f2f67f1",
      "cand-dd0d4883",
      "cand-9e390b78",
      "cand-2b509e63",
      "cand-a42bb737",
      "cand-ba65a405",
      "cand-95b5fcb4",
      "cand-c1decc14",
      "cand-fad40100",
      "cand-3d99c3c3",
      "cand-ed6ed300",
      "cand-36473405",
      "cand-32556840",
      "cand-056beb3f",
      "cand-fef34f1d",
      "cand-4e58abee",
      "cand-6c095f1d",
      "cand-72fdbd0a",
      "cand-1a73f98c",
      "cand-60e5fb9a",
      "cand-fbd6e1cd",
      "cand-6fa9e64c",
      "cand-b3ce6dfd",
      "cand-d7b18242",
      "cand-cddf1147",
      "cand-a2b17756",
      "cand-4106d658",
      "cand-bf2319b1",
      "cand-1be3a1ed",
      "cand-ec8276d1",
      "cand-66da2fad",
      "cand-10487d69",
      "cand-a0b082a6",
      "cand-e1c37158",
      "cand-3924bc09",
      "cand-c5a37a36",
      "cand-9f921b3b",
      "cand-976660f2",
      "cand-1fd659d1",
      "cand-1ebe3284",
      "cand-a05583cb",
      "cand-68e1f6c0",
      "cand-939bafa7",
      "cand-5dfb966e",
      "cand-ec9d7a77",
      "cand-c9bd8a69",
      "cand-cad467d1",
      "cand-30ca4ecf",
      "cand-274a3d78",
      "cand-8f6a1544",
      "cand-be21675f",
      "cand-17c07e8f",
      "cand-60166f81",
      "cand-8f82de94",
      "cand-42460886",
      "cand-9295e93d",
      "cand-5a54f71c",
      "cand-a12eacdf",
      "cand-5b236726",
      "cand-dbfe05b6",
      "cand-eb4f9103",
      "cand-294a8337",
      "cand-54d331f7",
      "cand-303f93be",
      "cand-64ceccd8",
      "cand-82301049",
      "cand-cb926322",
      "cand-9740ccd3",
      "cand-45f69d7a",
      "cand-8195e18c",
      "cand-9ad02865",
      "cand-b0561318",
      "cand-77645d5d",
      "cand-3913b48a",
      "cand-d8c529f0",
      "cand-3e0617a5",
      "cand-796b47d8",
      "cand-da5bc8a6",
      "cand-6385aa99",
      "cand-ce0fb6b8",
      "cand-f53efe87",
      "cand-541078ba",
      "cand-102cde43",
      "cand-99a518c8",
      "cand-45eae1ed",
      "cand-5fa9bbca",
      "cand-58a6bc67",
      "cand-e2e95d0b",
      "cand-e7d44996",
      "cand-4fd1f661",
      "cand-f8a32482",
      "cand-65221fbc",
      "cand-0dcbc429",
      "cand-7237f414",
      "cand-13ab4eb7",
      "cand-03a62626",
      "cand-74403bc5",
      "cand-08afa655",
      "cand-8fc0ffa2",
      "cand-6b8a91fa",
      "cand-6b160ae4",
      "cand-e4ab8440",
      "cand-292c094d",
      "cand-bf066e31",
      "cand-bf45bffc",
      "cand-33777180",
      "cand-67548c32",
      "cand-af1ed124",
      "cand-fd3f325b",
      "cand-e8320fab",
      "cand-51877b36",
      "cand-f80d7394",
      "cand-d2b04e0c",
      "cand-d865401d",
      "cand-c2337d4e",
      "cand-bd0f8191",
      "cand-2e68882f",
      "cand-94bc57ed",
      "cand-93a15ca5",
      "cand-197cf126",
      "cand-4e21422c",
      "cand-cc3ed2d8",
      "cand-ad84fefa",
      "cand-e3e4e13a",
      "cand-6d2901b8",
      "cand-c7985187",
      "cand-a3fa7fcf",
      "cand-2181b4f2",
      "cand-e803ef34",
      "cand-cc7eb308",
      "cand-8c710851",
      "cand-8045892e",
      "cand-17273829",
      "cand-e3d89e08",
      "cand-118d9dbb",
      "cand-1a318968",
      "cand-5665b571",
      "cand-80f55e73",
      "cand-74341bb6",
      "cand-6a470e0a",
      "cand-bac89ce5",
      "cand-9a0a92b6",
      "cand-91ef422b",
      "cand-63b039ec",
      "cand-5f4ecea5",
      "cand-eb5c0c9f",
      "cand-f7398180",
      "cand-b8e26ed1",
      "cand-97e78627",
      "cand-8cfb97d5",
      "cand-2c409867"
    ],
    "recentProblemKinds": [
      "local_backtest_fail",
      "pine_preflight_fail",
      "pine_preflight_fail",
      "pine_preflight_fail",
      "pine_preflight_fail"
    ],
    "recentRepairResults": [
      {
        "repairKind": "entry_frequency_repair",
        "result": "success",
        "repairedCandidateId": "cand-eb5c0c9f",
        "summary": "Requested entry_frequency_repair after local_backtest_fail."
      },
      {
        "repairKind": "pine_source_repair",
        "result": "success",
        "repairedCandidateId": "cand-b8e26ed1",
        "summary": "Applied deterministic time-boxed preflight repair after blocking sparse event-source issues."
      },
      {
        "repairKind": "pine_source_repair",
        "result": "success",
        "repairedCandidateId": "cand-97e78627",
        "summary": "Applied deterministic time-boxed preflight repair after blocking sparse event-source issues."
      },
      {
        "repairKind": "pine_source_repair",
        "result": "success",
        "repairedCandidateId": "cand-8cfb97d5",
        "summary": "Applied deterministic time-boxed preflight repair after blocking sparse event-source issues."
      },
      {
        "repairKind": "pine_source_repair",
        "result": "success",
        "repairedCandidateId": "cand-2c409867",
        "summary": "Applied deterministic time-boxed preflight repair after blocking sparse event-source issues."
      }
    ],
    "scoreFeedbackObserved": true,
    "stage6Readiness": {
      "generatedAt": "2026-04-30T05:22:53.680Z",
      "evaluated": true,
      "passed": true,
      "mode": "deterministic",
      "countRequested": 10,
      "countCompleted": 10,
      "countFailed": 0,
      "activeChampionCandidateId": "cand-a64e2088",
      "freshBootstrapPassed": true,
      "multiIterationPassed": true,
      "rootIsolationPassed": true,
      "repairTraceabilityPassed": true,
      "calibrationQueuePassed": true,
      "scoreFeedbackPassed": true,
      "feedbackClosureRequired": false,
      "calibrationMode": "queue_only",
      "ledgerValidationPassed": true,
      "indexVerificationPassed": true,
      "rootIsolationStatus": {
        "status": "passed",
        "customStateRoot": "C:\\Users\\hanji\\AppData\\Local\\Temp\\af-stage6-state-YAZZ8Y",
        "defaultWorkspaceStateRoot": "C:\\Users\\hanji\\AppData\\Local\\Temp\\af-stage6-workspace-Nnkt1H\\state\\pi-autoresearch",
        "customContextExists": true,
        "defaultWorkspaceStateHasArtifacts": false
      },
      "repairTraceabilityStatus": {
        "status": "passed",
        "successfulRepairCount": 10,
        "successfulRepairsWithoutCandidateCount": 0
      },
      "feedbackClosureStatus": {
        "status": "passed",
        "required": false,
        "promptFeedbackObserved": true,
        "scoreBreakdownFeedbackObserved": false,
        "divergenceCount": 0,
        "confidenceUpdateCount": 0
      },
      "evidence": {
        "tempWorkspaceRoot": null,
        "tempStateRoot": null,
        "localEvaluationCount": 19,
        "headEventCount": 2,
        "archiveEventCount": 11,
        "calibrationEventCount": 2,
        "mutationBriefCount": 18,
        "problemEventCount": 18,
        "repairAttemptCount": 10,
        "deadlineBreachCount": 0
      },
      "warnings": []
    },
    "lastStage6GatePassed": true,
    "rootIsolationStatus": {
      "status": "passed",
      "customStateRoot": "C:\\Users\\hanji\\AppData\\Local\\Temp\\af-stage6-state-YAZZ8Y",
      "defaultWorkspaceStateRoot": "C:\\Users\\hanji\\AppData\\Local\\Temp\\af-stage6-workspace-Nnkt1H\\state\\pi-autoresearch",
      "customContextExists": true,
      "defaultWorkspaceStateHasArtifacts": false
    },
    "repairTraceabilityStatus": {
      "status": "passed",
      "successfulRepairCount": 10,
      "successfulRepairsWithoutCandidateCount": 0
    },
    "feedbackClosureStatus": {
      "status": "passed",
      "required": false,
      "promptFeedbackObserved": true,
      "scoreBreakdownFeedbackObserved": false,
      "divergenceCount": 0,
      "confidenceUpdateCount": 0
    },
    "nextPlannedAction": "local_compatibility_repair",
    "loopMode": "local-first",
    "defaultOperationalView": "v3_autonomous_local_first",
    "projectRoot": "C:\\Users\\hanji\\Desktop\\AF",
    "workspaceRoot": "C:\\Users\\hanji\\Desktop\\AF",
    "stateRoot": "C:\\Users\\hanji\\Desktop\\AF\\state\\pi-autoresearch",
    "traceRoot": "C:\\Users\\hanji\\Desktop\\AF\\state\\pi-autoresearch\\traces",
    "artifactRoot": "C:\\Users\\hanji\\Desktop\\AF\\state\\pi-autoresearch\\artifacts",
    "evidenceRoot": "C:\\Users\\hanji\\Desktop\\AF\\state\\pi-autoresearch\\evidence",
    "runtimeRoot": "C:\\Users\\hanji\\Desktop\\AF\\state\\pi-autoresearch\\runtime",
    "tvVerificationCount": 28,
    "tvHealth": "unavailable",
    "calibrationAutoProcess": false,
    "calibrationMode": "queue_only",
    "lastTvSurfaceFailure": {
      "candidateId": "cand-c6235b65",
      "decision": "tv_surface_failure",
      "iteration": 279,
      "tvCalibrationStatus": "surface_failure",
      "recordedAt": "2026-04-29T18:46:19.526Z"
    },
    "humanOverride": false
  },
  "verification": {
    "ok": true,
    "issues": []
  },
  "tracePath": "C:\\Users\\hanji\\Desktop\\AF\\state\\pi-autoresearch\\traces\\rebuild-indexes-2026-05-01T00-33-01-252Z-trace-22fdbb9a.jsonl"
}
[2026-05-01T09:33:12.0604300+09:00] iteration 2: rebuild-indexes --verify exit=0
[2026-05-01T09:33:22.0728619+09:00] iteration 3: run-autonomous-loop start
??injected env (11) from .env // tip: ??multiple files { path: ['.env.local', '.env'] }
[autonomous.loop.start] run-autonomous-loop | Starting autonomous local-first loop | 2026-05-01T00:33:22.327Z
[iteration.started] run-autonomous-loop | Starting autonomous iteration | 2026-05-01T00:33:22.329Z
[phase.started] run-autonomous-loop | Initializing autonomous workspace | 2026-05-01T00:33:22.340Z
[phase.completed] run-autonomous-loop | Initializing autonomous workspace | 2026-05-01T00:33:24.017Z
[phase.started] run-autonomous-loop | Generating autonomous mutation candidate | 2026-05-01T00:33:25.153Z
[autonomous.mutation.request] run-autonomous-loop | Sending autonomous mutation request | 2026-05-01T00:33:25.154Z
[autonomous.mutation.preflight_blocked] run-autonomous-loop | Pine ?앹꽦 ?ъ쟾 ?먭??먯꽌 李⑤떒 ?댁뒋瑜?諛쒓껄?덉뒿?덈떎. | 2026-05-01T00:35:27.513Z
[autonomous.mutation.preflight_deterministic_repair] run-autonomous-loop | Applied deterministic time-boxed mutation preflight repair | 2026-05-01T00:35:27.521Z
[phase.completed] run-autonomous-loop | Generating autonomous mutation candidate | 2026-05-01T00:35:27.528Z
[phase.started] run-autonomous-loop | Evaluating autonomous candidate locally | 2026-05-01T00:35:27.529Z
[autonomous.market_context_ready] run-autonomous-loop | Local-first market context is ready | 2026-05-01T00:35:27.536Z
[autonomous.local_evaluation] run-autonomous-loop | Local autonomous evaluation completed | 2026-05-01T00:35:27.624Z
[phase.completed] run-autonomous-loop | Evaluating autonomous candidate locally | 2026-05-01T00:35:27.658Z
[phase.started] run-autonomous-loop | Updating autonomous archive views | 2026-05-01T00:35:27.658Z
[phase.completed] run-autonomous-loop | Updating autonomous archive views | 2026-05-01T00:35:27.662Z
[phase.started] run-autonomous-loop | Queueing candidate for TradingView calibration | 2026-05-01T00:35:27.662Z
[phase.completed] run-autonomous-loop | Queueing candidate for TradingView calibration | 2026-05-01T00:35:27.665Z
[phase.started] run-autonomous-loop | Selecting active autonomous champion | 2026-05-01T00:35:28.623Z
[phase.completed] run-autonomous-loop | Selecting active autonomous champion | 2026-05-01T00:35:29.170Z
[phase.started] run-autonomous-loop | Rebuilding derived autonomous views | 2026-05-01T00:35:29.171Z
[phase.completed] run-autonomous-loop | Rebuilding derived autonomous views | 2026-05-01T00:35:31.200Z
[iteration.completed] run-autonomous-loop | Autonomous iteration completed | 2026-05-01T00:35:31.200Z
{
  "countRequested": 1,
  "countCompleted": 1,
  "countFailed": 0,
  "results": [
    {
      "runId": "autonomous-1777595602338",
      "iteration": 590,
      "candidateId": "cand-990db2d3",
      "localDecision": "local_candidate_eligible",
      "activeChampionChanged": false,
      "activeChampionCandidateId": "cand-42ed2fa4"
    }
  ],
  "deadlineBreaches": [],
  "autonomousState": {
    "generatedAt": "2026-05-01T00:35:33.023Z",
    "activeChampionCandidateId": "cand-42ed2fa4",
    "activeChampionScore": 0.7879,
    "activeChampionDecision": "local_candidate_eligible",
    "championOrigin": "autonomous",
    "researchMaturity": "steady_state",
    "selectedBy": "auto_policy",
    "selectionPolicyVersion": "autonomous-local-first/v3-p0",
    "objectivePolicyVersion": "objective.qqq-120m/v1",
    "headEventCount": 2,
    "archiveEventCount": 283,
    "calibrationEventCount": 297,
    "calibrationCandidateCount": 269,
    "divergenceCount": 27,
    "localConfidenceUpdateCount": 27,
    "problemEventCount": 188,
    "repairAttemptCount": 90,
    "localEvaluationCount": 370,
    "localEligibleCount": 209,
    "bootstrapCompatibleCount": 0,
    "bootstrapEligibleCount": 0,
    "bootstrapStatus": "not_started",
    "bootstrapSource": null,
    "bootstrapReason": null,
    "localRejectedCount": 156,
    "topBlockingReason": "low_trade_count",
    "pendingCalibrationCandidateCount": 241,
    "pendingCalibrationCandidateIds": [
      "cand-0e6a0180",
      "cand-9f33e80b",
      "cand-772d8a1e",
      "cand-f28d2e01",
      "cand-9a5dbcc7",
      "cand-b01be933",
      "cand-0a692f84",
      "cand-4f8faae3",
      "cand-35a74bba",
      "cand-c6b25611",
      "cand-ccdae17b",
      "cand-b8102dcd",
      "cand-8a1fe27b",
      "cand-ebbdd6a9",
      "cand-80dfaaa1",
      "cand-03f30a70",
      "cand-2f290563",
      "cand-e76cded5",
      "cand-710d8bc6",
      "cand-dd7e63cf",
      "cand-949bf032",
      "cand-b14595e0",
      "cand-90dc4ec3",
      "cand-f1103886",
      "cand-77224b87",
      "cand-55f47b32",
      "cand-cb18c54a",
      "cand-8a1a7cf2",
      "cand-db12aa7d",
      "cand-eb3175fc",
      "cand-ce89005b",
      "cand-b333865d",
      "cand-14f5f8ff",
      "cand-87a7fa06",
      "cand-609d9f19",
      "cand-09a0ae17",
      "cand-fbb3fb78",
      "cand-7bff0c1a",
      "cand-6e976c42",
      "cand-eaf67b92",
      "cand-ea5075a8",
      "cand-c0d6f969",
      "cand-946579c0",
      "cand-1638111b",
      "cand-840b49c0",
      "cand-a1b63e8c",
      "cand-d3fa966c",
      "cand-af6ef21e",
      "cand-c5832df6",
      "cand-57321a8c",
      "cand-3004b0f8",
      "cand-00644032",
      "cand-6272ab0f",
      "cand-7b341ad0",
      "cand-5c90b0de",
      "cand-350b7e7b",
      "cand-05218055",
      "cand-6ebbd52a",
      "cand-9edd626e",
      "cand-5d685d8a",
      "cand-addb3d5a",
      "cand-1a03e904",
      "cand-935b6a7d",
      "cand-11e460d8",
      "cand-58484f09",
      "cand-c3549cdc",
      "cand-e000c048",
      "cand-5927e5ca",
      "cand-7ae4d6eb",
      "cand-bd3c959f",
      "cand-ad98c7fd",
      "cand-a3456179",
      "cand-fa19c7db",
      "cand-8211114e",
      "cand-737e8acc",
      "cand-9ae5abb8",
      "cand-f68c494c",
      "cand-0cb06744",
      "cand-c4540c5e",
      "cand-887ba798",
      "cand-334ff9ed",
      "cand-1e7bb092",
      "cand-940106ac",
      "cand-b1575fba",
      "cand-1c1cb560",
      "cand-2ba5ca56",
      "cand-4e158d7d",
      "cand-ee1867a5",
      "cand-ccf655ee",
      "cand-2f2f67f1",
      "cand-dd0d4883",
      "cand-9e390b78",
      "cand-2b509e63",
      "cand-a42bb737",
      "cand-ba65a405",
      "cand-95b5fcb4",
      "cand-c1decc14",
      "cand-fad40100",
      "cand-3d99c3c3",
      "cand-ed6ed300",
      "cand-36473405",
      "cand-32556840",
      "cand-056beb3f",
      "cand-fef34f1d",
      "cand-4e58abee",
      "cand-6c095f1d",
      "cand-72fdbd0a",
      "cand-1a73f98c",
      "cand-60e5fb9a",
      "cand-fbd6e1cd",
      "cand-6fa9e64c",
      "cand-b3ce6dfd",
      "cand-d7b18242",
      "cand-cddf1147",
      "cand-a2b17756",
      "cand-4106d658",
      "cand-bf2319b1",
      "cand-1be3a1ed",
      "cand-ec8276d1",
      "cand-66da2fad",
      "cand-10487d69",
      "cand-a0b082a6",
      "cand-e1c37158",
      "cand-3924bc09",
      "cand-c5a37a36",
      "cand-9f921b3b",
      "cand-976660f2",
      "cand-1fd659d1",
      "cand-1ebe3284",
      "cand-a05583cb",
      "cand-68e1f6c0",
      "cand-939bafa7",
      "cand-5dfb966e",
      "cand-ec9d7a77",
      "cand-c9bd8a69",
      "cand-cad467d1",
      "cand-30ca4ecf",
      "cand-274a3d78",
      "cand-8f6a1544",
      "cand-be21675f",
      "cand-17c07e8f",
      "cand-60166f81",
      "cand-8f82de94",
      "cand-42460886",
      "cand-9295e93d",
      "cand-5a54f71c",
      "cand-a12eacdf",
      "cand-5b236726",
      "cand-dbfe05b6",
      "cand-eb4f9103",
      "cand-294a8337",
      "cand-54d331f7",
      "cand-303f93be",
      "cand-64ceccd8",
      "cand-82301049",
      "cand-cb926322",
      "cand-9740ccd3",
      "cand-45f69d7a",
      "cand-8195e18c",
      "cand-9ad02865",
      "cand-b0561318",
      "cand-77645d5d",
      "cand-3913b48a",
      "cand-d8c529f0",
      "cand-3e0617a5",
      "cand-796b47d8",
      "cand-da5bc8a6",
      "cand-6385aa99",
      "cand-ce0fb6b8",
      "cand-f53efe87",
      "cand-541078ba",
      "cand-102cde43",
      "cand-99a518c8",
      "cand-45eae1ed",
      "cand-5fa9bbca",
      "cand-58a6bc67",
      "cand-e2e95d0b",
      "cand-e7d44996",
      "cand-4fd1f661",
      "cand-f8a32482",
      "cand-65221fbc",
      "cand-0dcbc429",
      "cand-7237f414",
      "cand-13ab4eb7",
      "cand-03a62626",
      "cand-74403bc5",
      "cand-08afa655",
      "cand-8fc0ffa2",
      "cand-6b8a91fa",
      "cand-6b160ae4",
      "cand-e4ab8440",
      "cand-292c094d",
      "cand-bf066e31",
      "cand-bf45bffc",
      "cand-33777180",
      "cand-67548c32",
      "cand-af1ed124",
      "cand-fd3f325b",
      "cand-e8320fab",
      "cand-51877b36",
      "cand-f80d7394",
      "cand-d2b04e0c",
      "cand-d865401d",
      "cand-c2337d4e",
      "cand-bd0f8191",
      "cand-2e68882f",
      "cand-94bc57ed",
      "cand-93a15ca5",
      "cand-197cf126",
      "cand-4e21422c",
      "cand-cc3ed2d8",
      "cand-ad84fefa",
      "cand-e3e4e13a",
      "cand-6d2901b8",
      "cand-c7985187",
      "cand-a3fa7fcf",
      "cand-2181b4f2",
      "cand-e803ef34",
      "cand-cc7eb308",
      "cand-8c710851",
      "cand-8045892e",
      "cand-17273829",
      "cand-e3d89e08",
      "cand-118d9dbb",
      "cand-1a318968",
      "cand-5665b571",
      "cand-80f55e73",
      "cand-74341bb6",
      "cand-6a470e0a",
      "cand-bac89ce5",
      "cand-9a0a92b6",
      "cand-91ef422b",
      "cand-63b039ec",
      "cand-5f4ecea5",
      "cand-eb5c0c9f",
      "cand-f7398180",
      "cand-b8e26ed1",
      "cand-97e78627",
      "cand-8cfb97d5",
      "cand-2c409867",
      "cand-990db2d3"
    ],
    "recentProblemKinds": [
      "pine_preflight_fail",
      "pine_preflight_fail",
      "pine_preflight_fail",
      "pine_preflight_fail",
      "pine_preflight_fail"
    ],
    "recentRepairResults": [
      {
        "repairKind": "pine_source_repair",
        "result": "success",
        "repairedCandidateId": "cand-b8e26ed1",
        "summary": "Applied deterministic time-boxed preflight repair after blocking sparse event-source issues."
      },
      {
        "repairKind": "pine_source_repair",
        "result": "success",
        "repairedCandidateId": "cand-97e78627",
        "summary": "Applied deterministic time-boxed preflight repair after blocking sparse event-source issues."
      },
      {
        "repairKind": "pine_source_repair",
        "result": "success",
        "repairedCandidateId": "cand-8cfb97d5",
        "summary": "Applied deterministic time-boxed preflight repair after blocking sparse event-source issues."
      },
      {
        "repairKind": "pine_source_repair",
        "result": "success",
        "repairedCandidateId": "cand-2c409867",
        "summary": "Applied deterministic time-boxed preflight repair after blocking sparse event-source issues."
      },
      {
        "repairKind": "pine_source_repair",
        "result": "success",
        "repairedCandidateId": "cand-990db2d3",
        "summary": "Applied deterministic time-boxed preflight repair after blocking sparse event-source issues."
      }
    ],
    "scoreFeedbackObserved": true,
    "stage6Readiness": {
      "generatedAt": "2026-04-30T05:22:53.680Z",
      "evaluated": true,
      "passed": true,
      "mode": "deterministic",
      "countRequested": 10,
      "countCompleted": 10,
      "countFailed": 0,
      "activeChampionCandidateId": "cand-a64e2088",
      "freshBootstrapPassed": true,
      "multiIterationPassed": true,
      "rootIsolationPassed": true,
      "repairTraceabilityPassed": true,
      "calibrationQueuePassed": true,
      "scoreFeedbackPassed": true,
      "feedbackClosureRequired": false,
      "calibrationMode": "queue_only",
      "ledgerValidationPassed": true,
      "indexVerificationPassed": true,
      "rootIsolationStatus": {
        "status": "passed",
        "customStateRoot": "C:\\Users\\hanji\\AppData\\Local\\Temp\\af-stage6-state-YAZZ8Y",
        "defaultWorkspaceStateRoot": "C:\\Users\\hanji\\AppData\\Local\\Temp\\af-stage6-workspace-Nnkt1H\\state\\pi-autoresearch",
        "customContextExists": true,
        "defaultWorkspaceStateHasArtifacts": false
      },
      "repairTraceabilityStatus": {
        "status": "passed",
        "successfulRepairCount": 10,
        "successfulRepairsWithoutCandidateCount": 0
      },
      "feedbackClosureStatus": {
        "status": "passed",
        "required": false,
        "promptFeedbackObserved": true,
        "scoreBreakdownFeedbackObserved": false,
        "divergenceCount": 0,
        "confidenceUpdateCount": 0
      },
      "evidence": {
        "tempWorkspaceRoot": null,
        "tempStateRoot": null,
        "localEvaluationCount": 19,
        "headEventCount": 2,
        "archiveEventCount": 11,
        "calibrationEventCount": 2,
        "mutationBriefCount": 18,
        "problemEventCount": 18,
        "repairAttemptCount": 10,
        "deadlineBreachCount": 0
      },
      "warnings": []
    },
    "lastStage6GatePassed": true,
    "rootIsolationStatus": {
      "status": "passed",
      "customStateRoot": "C:\\Users\\hanji\\AppData\\Local\\Temp\\af-stage6-state-YAZZ8Y",
      "defaultWorkspaceStateRoot": "C:\\Users\\hanji\\AppData\\Local\\Temp\\af-stage6-workspace-Nnkt1H\\state\\pi-autoresearch",
      "customContextExists": true,
      "defaultWorkspaceStateHasArtifacts": false
    },
    "repairTraceabilityStatus": {
      "status": "passed",
      "successfulRepairCount": 10,
      "successfulRepairsWithoutCandidateCount": 0
    },
    "feedbackClosureStatus": {
      "status": "passed",
      "required": false,
      "promptFeedbackObserved": true,
      "scoreBreakdownFeedbackObserved": false,
      "divergenceCount": 0,
      "confidenceUpdateCount": 0
    },
    "nextPlannedAction": "local_compatibility_repair",
    "loopMode": "local-first",
    "defaultOperationalView": "v3_autonomous_local_first",
    "projectRoot": "C:\\Users\\hanji\\Desktop\\AF",
    "workspaceRoot": "C:\\Users\\hanji\\Desktop\\AF",
    "stateRoot": "C:\\Users\\hanji\\Desktop\\AF\\state\\pi-autoresearch",
    "traceRoot": "C:\\Users\\hanji\\Desktop\\AF\\state\\pi-autoresearch\\traces",
    "artifactRoot": "C:\\Users\\hanji\\Desktop\\AF\\state\\pi-autoresearch\\artifacts",
    "evidenceRoot": "C:\\Users\\hanji\\Desktop\\AF\\state\\pi-autoresearch\\evidence",
    "runtimeRoot": "C:\\Users\\hanji\\Desktop\\AF\\state\\pi-autoresearch\\runtime",
    "tvVerificationCount": 28,
    "tvHealth": "unavailable",
    "calibrationAutoProcess": false,
    "calibrationMode": "queue_only",
    "lastTvSurfaceFailure": {
      "candidateId": "cand-c6235b65",
      "decision": "tv_surface_failure",
      "iteration": 279,
      "tvCalibrationStatus": "surface_failure",
      "recordedAt": "2026-04-29T18:46:19.526Z"
    },
    "humanOverride": false
  },
  "tracePath": "C:\\Users\\hanji\\Desktop\\AF\\state\\pi-autoresearch\\traces\\run-autonomous-loop-2026-05-01T00-33-22-327Z-trace-da85c6ec.jsonl"
}
[2026-05-01T09:35:33.6825202+09:00] iteration 3: run-autonomous-loop exit=0
[2026-05-01T09:35:33.6830790+09:00] iteration 3: validate-ledger start
??injected env (11) from .env // tip: ??custom filepath { path: '/custom/path/.env' }
[ledger.validation] validate-ledger | Ledger validation completed | 2026-05-01T00:35:37.109Z
{
  "ok": true,
  "errorCount": 0,
  "warningCount": 6,
  "issues": [
    {
      "severity": "warning",
      "scope": "experiment-record-meta",
      "recordId": "cand-f918d6d8",
      "message": "recordHash does not match the serialized experiment record."
    },
    {
      "severity": "warning",
      "scope": "experiment-record-meta",
      "recordId": "cand-3f99a396",
      "message": "recordHash does not match the serialized experiment record."
    },
    {
      "severity": "warning",
      "scope": "experiment-record-meta",
      "recordId": "cand-93a71a19",
      "message": "recordHash does not match the serialized experiment record."
    },
    {
      "severity": "warning",
      "scope": "experiment-record-meta",
      "recordId": "cand-560e2d3b",
      "message": "recordHash does not match the serialized experiment record."
    },
    {
      "severity": "warning",
      "scope": "experiment-record-meta",
      "recordId": "cand-24b4021d",
      "message": "recordHash does not match the serialized experiment record."
    },
    {
      "severity": "warning",
      "scope": "candidate-dedup",
      "recordId": "bfee8f4eb7eabba2047b8b2270beef764a3942811cda8134d75c15c171c0c26a",
      "message": "Duplicate candidate source hash detected across ids: cand-2a5e6ffe, cand-51397d04, cand-9cbc4c5f, cand-a93778fa, cand-bbb67c15, cand-fdc1ae65"
    }
  ],
  "summary": {
    "experiments": 590,
    "candidates": 540,
    "taskBatches": 131
  },
  "stateRoot": "C:\\Users\\hanji\\Desktop\\AF\\state\\pi-autoresearch",
  "tracePath": "C:\\Users\\hanji\\Desktop\\AF\\state\\pi-autoresearch\\traces\\validate-ledger-2026-05-01T00-35-33-932Z-trace-1d80e8b1.jsonl"
}
[2026-05-01T09:35:37.1754366+09:00] iteration 3: validate-ledger exit=0
[2026-05-01T09:35:37.1754366+09:00] iteration 3: rebuild-indexes --verify start
??injected env (11) from .env // tip: ??encrypted .env [www.dotenvx.com]
[?몃뜳???ъ깮???쒖옉] ?몃뜳???ъ깮??| ?뚯깮 ?몃뜳?ㅻ? ?ъ깮?깊빀?덈떎. state: C:\Users\hanji\Desktop\AF\state\pi-autoresearch | 2026-05-01T00:35:39.223Z
[?몃뜳???ъ깮???꾨즺] ?몃뜳???ъ깮??| ?뚯깮 ?몃뜳???ъ깮?깆쓣 留덉낀?듬땲?? state: C:\Users\hanji\Desktop\AF\state\pi-autoresearch | 2026-05-01T00:35:48.659Z
{
  "rebuilt": true,
  "stateRoot": "C:\\Users\\hanji\\Desktop\\AF\\state\\pi-autoresearch",
  "autonomousState": {
    "generatedAt": "2026-05-01T00:35:42.526Z",
    "activeChampionCandidateId": "cand-42ed2fa4",
    "activeChampionScore": 0.7879,
    "activeChampionDecision": "local_candidate_eligible",
    "championOrigin": "autonomous",
    "researchMaturity": "steady_state",
    "selectedBy": "auto_policy",
    "selectionPolicyVersion": "autonomous-local-first/v3-p0",
    "objectivePolicyVersion": "objective.qqq-120m/v1",
    "headEventCount": 2,
    "archiveEventCount": 283,
    "calibrationEventCount": 297,
    "calibrationCandidateCount": 269,
    "divergenceCount": 27,
    "localConfidenceUpdateCount": 27,
    "problemEventCount": 188,
    "repairAttemptCount": 90,
    "localEvaluationCount": 370,
    "localEligibleCount": 209,
    "bootstrapCompatibleCount": 0,
    "bootstrapEligibleCount": 0,
    "bootstrapStatus": "not_started",
    "bootstrapSource": null,
    "bootstrapReason": null,
    "localRejectedCount": 156,
    "topBlockingReason": "low_trade_count",
    "pendingCalibrationCandidateCount": 241,
    "pendingCalibrationCandidateIds": [
      "cand-0e6a0180",
      "cand-9f33e80b",
      "cand-772d8a1e",
      "cand-f28d2e01",
      "cand-9a5dbcc7",
      "cand-b01be933",
      "cand-0a692f84",
      "cand-4f8faae3",
      "cand-35a74bba",
      "cand-c6b25611",
      "cand-ccdae17b",
      "cand-b8102dcd",
      "cand-8a1fe27b",
      "cand-ebbdd6a9",
      "cand-80dfaaa1",
      "cand-03f30a70",
      "cand-2f290563",
      "cand-e76cded5",
      "cand-710d8bc6",
      "cand-dd7e63cf",
      "cand-949bf032",
      "cand-b14595e0",
      "cand-90dc4ec3",
      "cand-f1103886",
      "cand-77224b87",
      "cand-55f47b32",
      "cand-cb18c54a",
      "cand-8a1a7cf2",
      "cand-db12aa7d",
      "cand-eb3175fc",
      "cand-ce89005b",
      "cand-b333865d",
      "cand-14f5f8ff",
      "cand-87a7fa06",
      "cand-609d9f19",
      "cand-09a0ae17",
      "cand-fbb3fb78",
      "cand-7bff0c1a",
      "cand-6e976c42",
      "cand-eaf67b92",
      "cand-ea5075a8",
      "cand-c0d6f969",
      "cand-946579c0",
      "cand-1638111b",
      "cand-840b49c0",
      "cand-a1b63e8c",
      "cand-d3fa966c",
      "cand-af6ef21e",
      "cand-c5832df6",
      "cand-57321a8c",
      "cand-3004b0f8",
      "cand-00644032",
      "cand-6272ab0f",
      "cand-7b341ad0",
      "cand-5c90b0de",
      "cand-350b7e7b",
      "cand-05218055",
      "cand-6ebbd52a",
      "cand-9edd626e",
      "cand-5d685d8a",
      "cand-addb3d5a",
      "cand-1a03e904",
      "cand-935b6a7d",
      "cand-11e460d8",
      "cand-58484f09",
      "cand-c3549cdc",
      "cand-e000c048",
      "cand-5927e5ca",
      "cand-7ae4d6eb",
      "cand-bd3c959f",
      "cand-ad98c7fd",
      "cand-a3456179",
      "cand-fa19c7db",
      "cand-8211114e",
      "cand-737e8acc",
      "cand-9ae5abb8",
      "cand-f68c494c",
      "cand-0cb06744",
      "cand-c4540c5e",
      "cand-887ba798",
      "cand-334ff9ed",
      "cand-1e7bb092",
      "cand-940106ac",
      "cand-b1575fba",
      "cand-1c1cb560",
      "cand-2ba5ca56",
      "cand-4e158d7d",
      "cand-ee1867a5",
      "cand-ccf655ee",
      "cand-2f2f67f1",
      "cand-dd0d4883",
      "cand-9e390b78",
      "cand-2b509e63",
      "cand-a42bb737",
      "cand-ba65a405",
      "cand-95b5fcb4",
      "cand-c1decc14",
      "cand-fad40100",
      "cand-3d99c3c3",
      "cand-ed6ed300",
      "cand-36473405",
      "cand-32556840",
      "cand-056beb3f",
      "cand-fef34f1d",
      "cand-4e58abee",
      "cand-6c095f1d",
      "cand-72fdbd0a",
      "cand-1a73f98c",
      "cand-60e5fb9a",
      "cand-fbd6e1cd",
      "cand-6fa9e64c",
      "cand-b3ce6dfd",
      "cand-d7b18242",
      "cand-cddf1147",
      "cand-a2b17756",
      "cand-4106d658",
      "cand-bf2319b1",
      "cand-1be3a1ed",
      "cand-ec8276d1",
      "cand-66da2fad",
      "cand-10487d69",
      "cand-a0b082a6",
      "cand-e1c37158",
      "cand-3924bc09",
      "cand-c5a37a36",
      "cand-9f921b3b",
      "cand-976660f2",
      "cand-1fd659d1",
      "cand-1ebe3284",
      "cand-a05583cb",
      "cand-68e1f6c0",
      "cand-939bafa7",
      "cand-5dfb966e",
      "cand-ec9d7a77",
      "cand-c9bd8a69",
      "cand-cad467d1",
      "cand-30ca4ecf",
      "cand-274a3d78",
      "cand-8f6a1544",
      "cand-be21675f",
      "cand-17c07e8f",
      "cand-60166f81",
      "cand-8f82de94",
      "cand-42460886",
      "cand-9295e93d",
      "cand-5a54f71c",
      "cand-a12eacdf",
      "cand-5b236726",
      "cand-dbfe05b6",
      "cand-eb4f9103",
      "cand-294a8337",
      "cand-54d331f7",
      "cand-303f93be",
      "cand-64ceccd8",
      "cand-82301049",
      "cand-cb926322",
      "cand-9740ccd3",
      "cand-45f69d7a",
      "cand-8195e18c",
      "cand-9ad02865",
      "cand-b0561318",
      "cand-77645d5d",
      "cand-3913b48a",
      "cand-d8c529f0",
      "cand-3e0617a5",
      "cand-796b47d8",
      "cand-da5bc8a6",
      "cand-6385aa99",
      "cand-ce0fb6b8",
      "cand-f53efe87",
      "cand-541078ba",
      "cand-102cde43",
      "cand-99a518c8",
      "cand-45eae1ed",
      "cand-5fa9bbca",
      "cand-58a6bc67",
      "cand-e2e95d0b",
      "cand-e7d44996",
      "cand-4fd1f661",
      "cand-f8a32482",
      "cand-65221fbc",
      "cand-0dcbc429",
      "cand-7237f414",
      "cand-13ab4eb7",
      "cand-03a62626",
      "cand-74403bc5",
      "cand-08afa655",
      "cand-8fc0ffa2",
      "cand-6b8a91fa",
      "cand-6b160ae4",
      "cand-e4ab8440",
      "cand-292c094d",
      "cand-bf066e31",
      "cand-bf45bffc",
      "cand-33777180",
      "cand-67548c32",
      "cand-af1ed124",
      "cand-fd3f325b",
      "cand-e8320fab",
      "cand-51877b36",
      "cand-f80d7394",
      "cand-d2b04e0c",
      "cand-d865401d",
      "cand-c2337d4e",
      "cand-bd0f8191",
      "cand-2e68882f",
      "cand-94bc57ed",
      "cand-93a15ca5",
      "cand-197cf126",
      "cand-4e21422c",
      "cand-cc3ed2d8",
      "cand-ad84fefa",
      "cand-e3e4e13a",
      "cand-6d2901b8",
      "cand-c7985187",
      "cand-a3fa7fcf",
      "cand-2181b4f2",
      "cand-e803ef34",
      "cand-cc7eb308",
      "cand-8c710851",
      "cand-8045892e",
      "cand-17273829",
      "cand-e3d89e08",
      "cand-118d9dbb",
      "cand-1a318968",
      "cand-5665b571",
      "cand-80f55e73",
      "cand-74341bb6",
      "cand-6a470e0a",
      "cand-bac89ce5",
      "cand-9a0a92b6",
      "cand-91ef422b",
      "cand-63b039ec",
      "cand-5f4ecea5",
      "cand-eb5c0c9f",
      "cand-f7398180",
      "cand-b8e26ed1",
      "cand-97e78627",
      "cand-8cfb97d5",
      "cand-2c409867",
      "cand-990db2d3"
    ],
    "recentProblemKinds": [
      "pine_preflight_fail",
      "pine_preflight_fail",
      "pine_preflight_fail",
      "pine_preflight_fail",
      "pine_preflight_fail"
    ],
    "recentRepairResults": [
      {
        "repairKind": "pine_source_repair",
        "result": "success",
        "repairedCandidateId": "cand-b8e26ed1",
        "summary": "Applied deterministic time-boxed preflight repair after blocking sparse event-source issues."
      },
      {
        "repairKind": "pine_source_repair",
        "result": "success",
        "repairedCandidateId": "cand-97e78627",
        "summary": "Applied deterministic time-boxed preflight repair after blocking sparse event-source issues."
      },
      {
        "repairKind": "pine_source_repair",
        "result": "success",
        "repairedCandidateId": "cand-8cfb97d5",
        "summary": "Applied deterministic time-boxed preflight repair after blocking sparse event-source issues."
      },
      {
        "repairKind": "pine_source_repair",
        "result": "success",
        "repairedCandidateId": "cand-2c409867",
        "summary": "Applied deterministic time-boxed preflight repair after blocking sparse event-source issues."
      },
      {
        "repairKind": "pine_source_repair",
        "result": "success",
        "repairedCandidateId": "cand-990db2d3",
        "summary": "Applied deterministic time-boxed preflight repair after blocking sparse event-source issues."
      }
    ],
    "scoreFeedbackObserved": true,
    "stage6Readiness": {
      "generatedAt": "2026-04-30T05:22:53.680Z",
      "evaluated": true,
      "passed": true,
      "mode": "deterministic",
      "countRequested": 10,
      "countCompleted": 10,
      "countFailed": 0,
      "activeChampionCandidateId": "cand-a64e2088",
      "freshBootstrapPassed": true,
      "multiIterationPassed": true,
      "rootIsolationPassed": true,
      "repairTraceabilityPassed": true,
      "calibrationQueuePassed": true,
      "scoreFeedbackPassed": true,
      "feedbackClosureRequired": false,
      "calibrationMode": "queue_only",
      "ledgerValidationPassed": true,
      "indexVerificationPassed": true,
      "rootIsolationStatus": {
        "status": "passed",
        "customStateRoot": "C:\\Users\\hanji\\AppData\\Local\\Temp\\af-stage6-state-YAZZ8Y",
        "defaultWorkspaceStateRoot": "C:\\Users\\hanji\\AppData\\Local\\Temp\\af-stage6-workspace-Nnkt1H\\state\\pi-autoresearch",
        "customContextExists": true,
        "defaultWorkspaceStateHasArtifacts": false
      },
      "repairTraceabilityStatus": {
        "status": "passed",
        "successfulRepairCount": 10,
        "successfulRepairsWithoutCandidateCount": 0
      },
      "feedbackClosureStatus": {
        "status": "passed",
        "required": false,
        "promptFeedbackObserved": true,
        "scoreBreakdownFeedbackObserved": false,
        "divergenceCount": 0,
        "confidenceUpdateCount": 0
      },
      "evidence": {
        "tempWorkspaceRoot": null,
        "tempStateRoot": null,
        "localEvaluationCount": 19,
        "headEventCount": 2,
        "archiveEventCount": 11,
        "calibrationEventCount": 2,
        "mutationBriefCount": 18,
        "problemEventCount": 18,
        "repairAttemptCount": 10,
        "deadlineBreachCount": 0
      },
      "warnings": []
    },
    "lastStage6GatePassed": true,
    "rootIsolationStatus": {
      "status": "passed",
      "customStateRoot": "C:\\Users\\hanji\\AppData\\Local\\Temp\\af-stage6-state-YAZZ8Y",
      "defaultWorkspaceStateRoot": "C:\\Users\\hanji\\AppData\\Local\\Temp\\af-stage6-workspace-Nnkt1H\\state\\pi-autoresearch",
      "customContextExists": true,
      "defaultWorkspaceStateHasArtifacts": false
    },
    "repairTraceabilityStatus": {
      "status": "passed",
      "successfulRepairCount": 10,
      "successfulRepairsWithoutCandidateCount": 0
    },
    "feedbackClosureStatus": {
      "status": "passed",
      "required": false,
      "promptFeedbackObserved": true,
      "scoreBreakdownFeedbackObserved": false,
      "divergenceCount": 0,
      "confidenceUpdateCount": 0
    },
    "nextPlannedAction": "local_compatibility_repair",
    "loopMode": "local-first",
    "defaultOperationalView": "v3_autonomous_local_first",
    "projectRoot": "C:\\Users\\hanji\\Desktop\\AF",
    "workspaceRoot": "C:\\Users\\hanji\\Desktop\\AF",
    "stateRoot": "C:\\Users\\hanji\\Desktop\\AF\\state\\pi-autoresearch",
    "traceRoot": "C:\\Users\\hanji\\Desktop\\AF\\state\\pi-autoresearch\\traces",
    "artifactRoot": "C:\\Users\\hanji\\Desktop\\AF\\state\\pi-autoresearch\\artifacts",
    "evidenceRoot": "C:\\Users\\hanji\\Desktop\\AF\\state\\pi-autoresearch\\evidence",
    "runtimeRoot": "C:\\Users\\hanji\\Desktop\\AF\\state\\pi-autoresearch\\runtime",
    "tvVerificationCount": 28,
    "tvHealth": "unavailable",
    "calibrationAutoProcess": false,
    "calibrationMode": "queue_only",
    "lastTvSurfaceFailure": {
      "candidateId": "cand-c6235b65",
      "decision": "tv_surface_failure",
      "iteration": 279,
      "tvCalibrationStatus": "surface_failure",
      "recordedAt": "2026-04-29T18:46:19.526Z"
    },
    "humanOverride": false
  },
  "verification": {
    "ok": true,
    "issues": []
  },
  "tracePath": "C:\\Users\\hanji\\Desktop\\AF\\state\\pi-autoresearch\\traces\\rebuild-indexes-2026-05-01T00-35-37-428Z-trace-275f576a.jsonl"
}
[2026-05-01T09:35:48.8511219+09:00] iteration 3: rebuild-indexes --verify exit=0
[2026-05-01T09:35:58.8551864+09:00] iteration 4: run-autonomous-loop start
??injected env (11) from .env // tip: ??multiple files { path: ['.env.local', '.env'] }
[autonomous.loop.start] run-autonomous-loop | Starting autonomous local-first loop | 2026-05-01T00:35:59.117Z
[iteration.started] run-autonomous-loop | Starting autonomous iteration | 2026-05-01T00:35:59.118Z
[phase.started] run-autonomous-loop | Initializing autonomous workspace | 2026-05-01T00:35:59.129Z
[phase.completed] run-autonomous-loop | Initializing autonomous workspace | 2026-05-01T00:36:00.922Z
[phase.started] run-autonomous-loop | Generating autonomous mutation candidate | 2026-05-01T00:36:02.145Z
[autonomous.mutation.request] run-autonomous-loop | Sending autonomous mutation request | 2026-05-01T00:36:02.146Z
[autonomous.mutation.preflight_blocked] run-autonomous-loop | Pine ?앹꽦 ?ъ쟾 ?먭??먯꽌 李⑤떒 ?댁뒋瑜?諛쒓껄?덉뒿?덈떎. | 2026-05-01T00:38:03.354Z
[autonomous.mutation.preflight_deterministic_repair] run-autonomous-loop | Applied deterministic time-boxed mutation preflight repair | 2026-05-01T00:38:03.362Z
[phase.completed] run-autonomous-loop | Generating autonomous mutation candidate | 2026-05-01T00:38:03.369Z
[phase.started] run-autonomous-loop | Evaluating autonomous candidate locally | 2026-05-01T00:38:03.370Z
[autonomous.market_context_ready] run-autonomous-loop | Local-first market context is ready | 2026-05-01T00:38:03.377Z
[autonomous.local_evaluation] run-autonomous-loop | Local autonomous evaluation completed | 2026-05-01T00:38:03.459Z
[phase.completed] run-autonomous-loop | Evaluating autonomous candidate locally | 2026-05-01T00:38:03.494Z
[phase.started] run-autonomous-loop | Updating autonomous archive views | 2026-05-01T00:38:03.495Z
[phase.completed] run-autonomous-loop | Updating autonomous archive views | 2026-05-01T00:38:03.499Z
[phase.started] run-autonomous-loop | Queueing candidate for TradingView calibration | 2026-05-01T00:38:03.499Z
[phase.completed] run-autonomous-loop | Queueing candidate for TradingView calibration | 2026-05-01T00:38:03.502Z
[phase.started] run-autonomous-loop | Selecting active autonomous champion | 2026-05-01T00:38:04.445Z
[phase.completed] run-autonomous-loop | Selecting active autonomous champion | 2026-05-01T00:38:04.962Z
[phase.started] run-autonomous-loop | Rebuilding derived autonomous views | 2026-05-01T00:38:04.963Z
[phase.completed] run-autonomous-loop | Rebuilding derived autonomous views | 2026-05-01T00:38:06.967Z
[iteration.completed] run-autonomous-loop | Autonomous iteration completed | 2026-05-01T00:38:06.968Z
{
  "countRequested": 1,
  "countCompleted": 1,
  "countFailed": 0,
  "results": [
    {
      "runId": "autonomous-1777595759127",
      "iteration": 591,
      "candidateId": "cand-d3505cb8",
      "localDecision": "local_candidate_eligible",
      "activeChampionChanged": false,
      "activeChampionCandidateId": "cand-42ed2fa4"
    }
  ],
  "deadlineBreaches": [],
  "autonomousState": {
    "generatedAt": "2026-05-01T00:38:08.683Z",
    "activeChampionCandidateId": "cand-42ed2fa4",
    "activeChampionScore": 0.7879,
    "activeChampionDecision": "local_candidate_eligible",
    "championOrigin": "autonomous",
    "researchMaturity": "steady_state",
    "selectedBy": "auto_policy",
    "selectionPolicyVersion": "autonomous-local-first/v3-p0",
    "objectivePolicyVersion": "objective.qqq-120m/v1",
    "headEventCount": 2,
    "archiveEventCount": 284,
    "calibrationEventCount": 298,
    "calibrationCandidateCount": 270,
    "divergenceCount": 27,
    "localConfidenceUpdateCount": 27,
    "problemEventCount": 189,
    "repairAttemptCount": 91,
    "localEvaluationCount": 371,
    "localEligibleCount": 210,
    "bootstrapCompatibleCount": 0,
    "bootstrapEligibleCount": 0,
    "bootstrapStatus": "not_started",
    "bootstrapSource": null,
    "bootstrapReason": null,
    "localRejectedCount": 156,
    "topBlockingReason": "low_trade_count",
    "pendingCalibrationCandidateCount": 242,
    "pendingCalibrationCandidateIds": [
      "cand-0e6a0180",
      "cand-9f33e80b",
      "cand-772d8a1e",
      "cand-f28d2e01",
      "cand-9a5dbcc7",
      "cand-b01be933",
      "cand-0a692f84",
      "cand-4f8faae3",
      "cand-35a74bba",
      "cand-c6b25611",
      "cand-ccdae17b",
      "cand-b8102dcd",
      "cand-8a1fe27b",
      "cand-ebbdd6a9",
      "cand-80dfaaa1",
      "cand-03f30a70",
      "cand-2f290563",
      "cand-e76cded5",
      "cand-710d8bc6",
      "cand-dd7e63cf",
      "cand-949bf032",
      "cand-b14595e0",
      "cand-90dc4ec3",
      "cand-f1103886",
      "cand-77224b87",
      "cand-55f47b32",
      "cand-cb18c54a",
      "cand-8a1a7cf2",
      "cand-db12aa7d",
      "cand-eb3175fc",
      "cand-ce89005b",
      "cand-b333865d",
      "cand-14f5f8ff",
      "cand-87a7fa06",
      "cand-609d9f19",
      "cand-09a0ae17",
      "cand-fbb3fb78",
      "cand-7bff0c1a",
      "cand-6e976c42",
      "cand-eaf67b92",
      "cand-ea5075a8",
      "cand-c0d6f969",
      "cand-946579c0",
      "cand-1638111b",
      "cand-840b49c0",
      "cand-a1b63e8c",
      "cand-d3fa966c",
      "cand-af6ef21e",
      "cand-c5832df6",
      "cand-57321a8c",
      "cand-3004b0f8",
      "cand-00644032",
      "cand-6272ab0f",
      "cand-7b341ad0",
      "cand-5c90b0de",
      "cand-350b7e7b",
      "cand-05218055",
      "cand-6ebbd52a",
      "cand-9edd626e",
      "cand-5d685d8a",
      "cand-addb3d5a",
      "cand-1a03e904",
      "cand-935b6a7d",
      "cand-11e460d8",
      "cand-58484f09",
      "cand-c3549cdc",
      "cand-e000c048",
      "cand-5927e5ca",
      "cand-7ae4d6eb",
      "cand-bd3c959f",
      "cand-ad98c7fd",
      "cand-a3456179",
      "cand-fa19c7db",
      "cand-8211114e",
      "cand-737e8acc",
      "cand-9ae5abb8",
      "cand-f68c494c",
      "cand-0cb06744",
      "cand-c4540c5e",
      "cand-887ba798",
      "cand-334ff9ed",
      "cand-1e7bb092",
      "cand-940106ac",
      "cand-b1575fba",
      "cand-1c1cb560",
      "cand-2ba5ca56",
      "cand-4e158d7d",
      "cand-ee1867a5",
      "cand-ccf655ee",
      "cand-2f2f67f1",
      "cand-dd0d4883",
      "cand-9e390b78",
      "cand-2b509e63",
      "cand-a42bb737",
      "cand-ba65a405",
      "cand-95b5fcb4",
      "cand-c1decc14",
      "cand-fad40100",
      "cand-3d99c3c3",
      "cand-ed6ed300",
      "cand-36473405",
      "cand-32556840",
      "cand-056beb3f",
      "cand-fef34f1d",
      "cand-4e58abee",
      "cand-6c095f1d",
      "cand-72fdbd0a",
      "cand-1a73f98c",
      "cand-60e5fb9a",
      "cand-fbd6e1cd",
      "cand-6fa9e64c",
      "cand-b3ce6dfd",
      "cand-d7b18242",
      "cand-cddf1147",
      "cand-a2b17756",
      "cand-4106d658",
      "cand-bf2319b1",
      "cand-1be3a1ed",
      "cand-ec8276d1",
      "cand-66da2fad",
      "cand-10487d69",
      "cand-a0b082a6",
      "cand-e1c37158",
      "cand-3924bc09",
      "cand-c5a37a36",
      "cand-9f921b3b",
      "cand-976660f2",
      "cand-1fd659d1",
      "cand-1ebe3284",
      "cand-a05583cb",
      "cand-68e1f6c0",
      "cand-939bafa7",
      "cand-5dfb966e",
      "cand-ec9d7a77",
      "cand-c9bd8a69",
      "cand-cad467d1",
      "cand-30ca4ecf",
      "cand-274a3d78",
      "cand-8f6a1544",
      "cand-be21675f",
      "cand-17c07e8f",
      "cand-60166f81",
      "cand-8f82de94",
      "cand-42460886",
      "cand-9295e93d",
      "cand-5a54f71c",
      "cand-a12eacdf",
      "cand-5b236726",
      "cand-dbfe05b6",
      "cand-eb4f9103",
      "cand-294a8337",
      "cand-54d331f7",
      "cand-303f93be",
      "cand-64ceccd8",
      "cand-82301049",
      "cand-cb926322",
      "cand-9740ccd3",
      "cand-45f69d7a",
      "cand-8195e18c",
      "cand-9ad02865",
      "cand-b0561318",
      "cand-77645d5d",
      "cand-3913b48a",
      "cand-d8c529f0",
      "cand-3e0617a5",
      "cand-796b47d8",
      "cand-da5bc8a6",
      "cand-6385aa99",
      "cand-ce0fb6b8",
      "cand-f53efe87",
      "cand-541078ba",
      "cand-102cde43",
      "cand-99a518c8",
      "cand-45eae1ed",
      "cand-5fa9bbca",
      "cand-58a6bc67",
      "cand-e2e95d0b",
      "cand-e7d44996",
      "cand-4fd1f661",
      "cand-f8a32482",
      "cand-65221fbc",
      "cand-0dcbc429",
      "cand-7237f414",
      "cand-13ab4eb7",
      "cand-03a62626",
      "cand-74403bc5",
      "cand-08afa655",
      "cand-8fc0ffa2",
      "cand-6b8a91fa",
      "cand-6b160ae4",
      "cand-e4ab8440",
      "cand-292c094d",
      "cand-bf066e31",
      "cand-bf45bffc",
      "cand-33777180",
      "cand-67548c32",
      "cand-af1ed124",
      "cand-fd3f325b",
      "cand-e8320fab",
      "cand-51877b36",
      "cand-f80d7394",
      "cand-d2b04e0c",
      "cand-d865401d",
      "cand-c2337d4e",
      "cand-bd0f8191",
      "cand-2e68882f",
      "cand-94bc57ed",
      "cand-93a15ca5",
      "cand-197cf126",
      "cand-4e21422c",
      "cand-cc3ed2d8",
      "cand-ad84fefa",
      "cand-e3e4e13a",
      "cand-6d2901b8",
      "cand-c7985187",
      "cand-a3fa7fcf",
      "cand-2181b4f2",
      "cand-e803ef34",
      "cand-cc7eb308",
      "cand-8c710851",
      "cand-8045892e",
      "cand-17273829",
      "cand-e3d89e08",
      "cand-118d9dbb",
      "cand-1a318968",
      "cand-5665b571",
      "cand-80f55e73",
      "cand-74341bb6",
      "cand-6a470e0a",
      "cand-bac89ce5",
      "cand-9a0a92b6",
      "cand-91ef422b",
      "cand-63b039ec",
      "cand-5f4ecea5",
      "cand-eb5c0c9f",
      "cand-f7398180",
      "cand-b8e26ed1",
      "cand-97e78627",
      "cand-8cfb97d5",
      "cand-2c409867",
      "cand-990db2d3",
      "cand-d3505cb8"
    ],
    "recentProblemKinds": [
      "pine_preflight_fail",
      "pine_preflight_fail",
      "pine_preflight_fail",
      "pine_preflight_fail",
      "pine_preflight_fail"
    ],
    "recentRepairResults": [
      {
        "repairKind": "pine_source_repair",
        "result": "success",
        "repairedCandidateId": "cand-97e78627",
        "summary": "Applied deterministic time-boxed preflight repair after blocking sparse event-source issues."
      },
      {
        "repairKind": "pine_source_repair",
        "result": "success",
        "repairedCandidateId": "cand-8cfb97d5",
        "summary": "Applied deterministic time-boxed preflight repair after blocking sparse event-source issues."
      },
      {
        "repairKind": "pine_source_repair",
        "result": "success",
        "repairedCandidateId": "cand-2c409867",
        "summary": "Applied deterministic time-boxed preflight repair after blocking sparse event-source issues."
      },
      {
        "repairKind": "pine_source_repair",
        "result": "success",
        "repairedCandidateId": "cand-990db2d3",
        "summary": "Applied deterministic time-boxed preflight repair after blocking sparse event-source issues."
      },
      {
        "repairKind": "pine_source_repair",
        "result": "success",
        "repairedCandidateId": "cand-d3505cb8",
        "summary": "Applied deterministic time-boxed preflight repair after blocking sparse event-source issues."
      }
    ],
    "scoreFeedbackObserved": true,
    "stage6Readiness": {
      "generatedAt": "2026-04-30T05:22:53.680Z",
      "evaluated": true,
      "passed": true,
      "mode": "deterministic",
      "countRequested": 10,
      "countCompleted": 10,
      "countFailed": 0,
      "activeChampionCandidateId": "cand-a64e2088",
      "freshBootstrapPassed": true,
      "multiIterationPassed": true,
      "rootIsolationPassed": true,
      "repairTraceabilityPassed": true,
      "calibrationQueuePassed": true,
      "scoreFeedbackPassed": true,
      "feedbackClosureRequired": false,
      "calibrationMode": "queue_only",
      "ledgerValidationPassed": true,
      "indexVerificationPassed": true,
      "rootIsolationStatus": {
        "status": "passed",
        "customStateRoot": "C:\\Users\\hanji\\AppData\\Local\\Temp\\af-stage6-state-YAZZ8Y",
        "defaultWorkspaceStateRoot": "C:\\Users\\hanji\\AppData\\Local\\Temp\\af-stage6-workspace-Nnkt1H\\state\\pi-autoresearch",
        "customContextExists": true,
        "defaultWorkspaceStateHasArtifacts": false
      },
      "repairTraceabilityStatus": {
        "status": "passed",
        "successfulRepairCount": 10,
        "successfulRepairsWithoutCandidateCount": 0
      },
      "feedbackClosureStatus": {
        "status": "passed",
        "required": false,
        "promptFeedbackObserved": true,
        "scoreBreakdownFeedbackObserved": false,
        "divergenceCount": 0,
        "confidenceUpdateCount": 0
      },
      "evidence": {
        "tempWorkspaceRoot": null,
        "tempStateRoot": null,
        "localEvaluationCount": 19,
        "headEventCount": 2,
        "archiveEventCount": 11,
        "calibrationEventCount": 2,
        "mutationBriefCount": 18,
        "problemEventCount": 18,
        "repairAttemptCount": 10,
        "deadlineBreachCount": 0
      },
      "warnings": []
    },
    "lastStage6GatePassed": true,
    "rootIsolationStatus": {
      "status": "passed",
      "customStateRoot": "C:\\Users\\hanji\\AppData\\Local\\Temp\\af-stage6-state-YAZZ8Y",
      "defaultWorkspaceStateRoot": "C:\\Users\\hanji\\AppData\\Local\\Temp\\af-stage6-workspace-Nnkt1H\\state\\pi-autoresearch",
      "customContextExists": true,
      "defaultWorkspaceStateHasArtifacts": false
    },
    "repairTraceabilityStatus": {
      "status": "passed",
      "successfulRepairCount": 10,
      "successfulRepairsWithoutCandidateCount": 0
    },
    "feedbackClosureStatus": {
      "status": "passed",
      "required": false,
      "promptFeedbackObserved": true,
      "scoreBreakdownFeedbackObserved": false,
      "divergenceCount": 0,
      "confidenceUpdateCount": 0
    },
    "nextPlannedAction": "local_compatibility_repair",
    "loopMode": "local-first",
    "defaultOperationalView": "v3_autonomous_local_first",
    "projectRoot": "C:\\Users\\hanji\\Desktop\\AF",
    "workspaceRoot": "C:\\Users\\hanji\\Desktop\\AF",
    "stateRoot": "C:\\Users\\hanji\\Desktop\\AF\\state\\pi-autoresearch",
    "traceRoot": "C:\\Users\\hanji\\Desktop\\AF\\state\\pi-autoresearch\\traces",
    "artifactRoot": "C:\\Users\\hanji\\Desktop\\AF\\state\\pi-autoresearch\\artifacts",
    "evidenceRoot": "C:\\Users\\hanji\\Desktop\\AF\\state\\pi-autoresearch\\evidence",
    "runtimeRoot": "C:\\Users\\hanji\\Desktop\\AF\\state\\pi-autoresearch\\runtime",
    "tvVerificationCount": 28,
    "tvHealth": "unavailable",
    "calibrationAutoProcess": false,
    "calibrationMode": "queue_only",
    "lastTvSurfaceFailure": {
      "candidateId": "cand-c6235b65",
      "decision": "tv_surface_failure",
      "iteration": 279,
      "tvCalibrationStatus": "surface_failure",
      "recordedAt": "2026-04-29T18:46:19.526Z"
    },
    "humanOverride": false
  },
  "tracePath": "C:\\Users\\hanji\\Desktop\\AF\\state\\pi-autoresearch\\traces\\run-autonomous-loop-2026-05-01T00-35-59-116Z-trace-77803bd4.jsonl"
}
[2026-05-01T09:38:09.3406009+09:00] iteration 4: run-autonomous-loop exit=0
[2026-05-01T09:38:09.3416021+09:00] iteration 4: validate-ledger start
??injected env (11) from .env // tip: ??multiple files { path: ['.env.local', '.env'] }
[ledger.validation] validate-ledger | Ledger validation completed | 2026-05-01T00:38:12.719Z
{
  "ok": true,
  "errorCount": 0,
  "warningCount": 6,
  "issues": [
    {
      "severity": "warning",
      "scope": "experiment-record-meta",
      "recordId": "cand-f918d6d8",
      "message": "recordHash does not match the serialized experiment record."
    },
    {
      "severity": "warning",
      "scope": "experiment-record-meta",
      "recordId": "cand-3f99a396",
      "message": "recordHash does not match the serialized experiment record."
    },
    {
      "severity": "warning",
      "scope": "experiment-record-meta",
      "recordId": "cand-93a71a19",
      "message": "recordHash does not match the serialized experiment record."
    },
    {
      "severity": "warning",
      "scope": "experiment-record-meta",
      "recordId": "cand-560e2d3b",
      "message": "recordHash does not match the serialized experiment record."
    },
    {
      "severity": "warning",
      "scope": "experiment-record-meta",
      "recordId": "cand-24b4021d",
      "message": "recordHash does not match the serialized experiment record."
    },
    {
      "severity": "warning",
      "scope": "candidate-dedup",
      "recordId": "bfee8f4eb7eabba2047b8b2270beef764a3942811cda8134d75c15c171c0c26a",
      "message": "Duplicate candidate source hash detected across ids: cand-2a5e6ffe, cand-51397d04, cand-9cbc4c5f, cand-a93778fa, cand-bbb67c15, cand-fdc1ae65"
    }
  ],
  "summary": {
    "experiments": 591,
    "candidates": 541,
    "taskBatches": 131
  },
  "stateRoot": "C:\\Users\\hanji\\Desktop\\AF\\state\\pi-autoresearch",
  "tracePath": "C:\\Users\\hanji\\Desktop\\AF\\state\\pi-autoresearch\\traces\\validate-ledger-2026-05-01T00-38-09-605Z-trace-59eae6d7.jsonl"
}
[2026-05-01T09:38:12.7856648+09:00] iteration 4: validate-ledger exit=0
[2026-05-01T09:38:12.7866694+09:00] iteration 4: rebuild-indexes --verify start
??injected env (11) from .env // tip: ??encrypted .env [www.dotenvx.com]
[?몃뜳???ъ깮???쒖옉] ?몃뜳???ъ깮??| ?뚯깮 ?몃뜳?ㅻ? ?ъ깮?깊빀?덈떎. state: C:\Users\hanji\Desktop\AF\state\pi-autoresearch | 2026-05-01T00:38:14.810Z
[?몃뜳???ъ깮???꾨즺] ?몃뜳???ъ깮??| ?뚯깮 ?몃뜳???ъ깮?깆쓣 留덉낀?듬땲?? state: C:\Users\hanji\Desktop\AF\state\pi-autoresearch | 2026-05-01T00:38:24.177Z
{
  "rebuilt": true,
  "stateRoot": "C:\\Users\\hanji\\Desktop\\AF\\state\\pi-autoresearch",
  "autonomousState": {
    "generatedAt": "2026-05-01T00:38:18.120Z",
    "activeChampionCandidateId": "cand-42ed2fa4",
    "activeChampionScore": 0.7879,
    "activeChampionDecision": "local_candidate_eligible",
    "championOrigin": "autonomous",
    "researchMaturity": "steady_state",
    "selectedBy": "auto_policy",
    "selectionPolicyVersion": "autonomous-local-first/v3-p0",
    "objectivePolicyVersion": "objective.qqq-120m/v1",
    "headEventCount": 2,
    "archiveEventCount": 284,
    "calibrationEventCount": 298,
    "calibrationCandidateCount": 270,
    "divergenceCount": 27,
    "localConfidenceUpdateCount": 27,
    "problemEventCount": 189,
    "repairAttemptCount": 91,
    "localEvaluationCount": 371,
    "localEligibleCount": 210,
    "bootstrapCompatibleCount": 0,
    "bootstrapEligibleCount": 0,
    "bootstrapStatus": "not_started",
    "bootstrapSource": null,
    "bootstrapReason": null,
    "localRejectedCount": 156,
    "topBlockingReason": "low_trade_count",
    "pendingCalibrationCandidateCount": 242,
    "pendingCalibrationCandidateIds": [
      "cand-0e6a0180",
      "cand-9f33e80b",
      "cand-772d8a1e",
      "cand-f28d2e01",
      "cand-9a5dbcc7",
      "cand-b01be933",
      "cand-0a692f84",
      "cand-4f8faae3",
      "cand-35a74bba",
      "cand-c6b25611",
      "cand-ccdae17b",
      "cand-b8102dcd",
      "cand-8a1fe27b",
      "cand-ebbdd6a9",
      "cand-80dfaaa1",
      "cand-03f30a70",
      "cand-2f290563",
      "cand-e76cded5",
      "cand-710d8bc6",
      "cand-dd7e63cf",
      "cand-949bf032",
      "cand-b14595e0",
      "cand-90dc4ec3",
      "cand-f1103886",
      "cand-77224b87",
      "cand-55f47b32",
      "cand-cb18c54a",
      "cand-8a1a7cf2",
      "cand-db12aa7d",
      "cand-eb3175fc",
      "cand-ce89005b",
      "cand-b333865d",
      "cand-14f5f8ff",
      "cand-87a7fa06",
      "cand-609d9f19",
      "cand-09a0ae17",
      "cand-fbb3fb78",
      "cand-7bff0c1a",
      "cand-6e976c42",
      "cand-eaf67b92",
      "cand-ea5075a8",
      "cand-c0d6f969",
      "cand-946579c0",
      "cand-1638111b",
      "cand-840b49c0",
      "cand-a1b63e8c",
      "cand-d3fa966c",
      "cand-af6ef21e",
      "cand-c5832df6",
      "cand-57321a8c",
      "cand-3004b0f8",
      "cand-00644032",
      "cand-6272ab0f",
      "cand-7b341ad0",
      "cand-5c90b0de",
      "cand-350b7e7b",
      "cand-05218055",
      "cand-6ebbd52a",
      "cand-9edd626e",
      "cand-5d685d8a",
      "cand-addb3d5a",
      "cand-1a03e904",
      "cand-935b6a7d",
      "cand-11e460d8",
      "cand-58484f09",
      "cand-c3549cdc",
      "cand-e000c048",
      "cand-5927e5ca",
      "cand-7ae4d6eb",
      "cand-bd3c959f",
      "cand-ad98c7fd",
      "cand-a3456179",
      "cand-fa19c7db",
      "cand-8211114e",
      "cand-737e8acc",
      "cand-9ae5abb8",
      "cand-f68c494c",
      "cand-0cb06744",
      "cand-c4540c5e",
      "cand-887ba798",
      "cand-334ff9ed",
      "cand-1e7bb092",
      "cand-940106ac",
      "cand-b1575fba",
      "cand-1c1cb560",
      "cand-2ba5ca56",
      "cand-4e158d7d",
      "cand-ee1867a5",
      "cand-ccf655ee",
      "cand-2f2f67f1",
      "cand-dd0d4883",
      "cand-9e390b78",
      "cand-2b509e63",
      "cand-a42bb737",
      "cand-ba65a405",
      "cand-95b5fcb4",
      "cand-c1decc14",
      "cand-fad40100",
      "cand-3d99c3c3",
      "cand-ed6ed300",
      "cand-36473405",
      "cand-32556840",
      "cand-056beb3f",
      "cand-fef34f1d",
      "cand-4e58abee",
      "cand-6c095f1d",
      "cand-72fdbd0a",
      "cand-1a73f98c",
      "cand-60e5fb9a",
      "cand-fbd6e1cd",
      "cand-6fa9e64c",
      "cand-b3ce6dfd",
      "cand-d7b18242",
      "cand-cddf1147",
      "cand-a2b17756",
      "cand-4106d658",
      "cand-bf2319b1",
      "cand-1be3a1ed",
      "cand-ec8276d1",
      "cand-66da2fad",
      "cand-10487d69",
      "cand-a0b082a6",
      "cand-e1c37158",
      "cand-3924bc09",
      "cand-c5a37a36",
      "cand-9f921b3b",
      "cand-976660f2",
      "cand-1fd659d1",
      "cand-1ebe3284",
      "cand-a05583cb",
      "cand-68e1f6c0",
      "cand-939bafa7",
      "cand-5dfb966e",
      "cand-ec9d7a77",
      "cand-c9bd8a69",
      "cand-cad467d1",
      "cand-30ca4ecf",
      "cand-274a3d78",
      "cand-8f6a1544",
      "cand-be21675f",
      "cand-17c07e8f",
      "cand-60166f81",
      "cand-8f82de94",
      "cand-42460886",
      "cand-9295e93d",
      "cand-5a54f71c",
      "cand-a12eacdf",
      "cand-5b236726",
      "cand-dbfe05b6",
      "cand-eb4f9103",
      "cand-294a8337",
      "cand-54d331f7",
      "cand-303f93be",
      "cand-64ceccd8",
      "cand-82301049",
      "cand-cb926322",
      "cand-9740ccd3",
      "cand-45f69d7a",
      "cand-8195e18c",
      "cand-9ad02865",
      "cand-b0561318",
      "cand-77645d5d",
      "cand-3913b48a",
      "cand-d8c529f0",
      "cand-3e0617a5",
      "cand-796b47d8",
      "cand-da5bc8a6",
      "cand-6385aa99",
      "cand-ce0fb6b8",
      "cand-f53efe87",
      "cand-541078ba",
      "cand-102cde43",
      "cand-99a518c8",
      "cand-45eae1ed",
      "cand-5fa9bbca",
      "cand-58a6bc67",
      "cand-e2e95d0b",
      "cand-e7d44996",
      "cand-4fd1f661",
      "cand-f8a32482",
      "cand-65221fbc",
      "cand-0dcbc429",
      "cand-7237f414",
      "cand-13ab4eb7",
      "cand-03a62626",
      "cand-74403bc5",
      "cand-08afa655",
      "cand-8fc0ffa2",
      "cand-6b8a91fa",
      "cand-6b160ae4",
      "cand-e4ab8440",
      "cand-292c094d",
      "cand-bf066e31",
      "cand-bf45bffc",
      "cand-33777180",
      "cand-67548c32",
      "cand-af1ed124",
      "cand-fd3f325b",
      "cand-e8320fab",
      "cand-51877b36",
      "cand-f80d7394",
      "cand-d2b04e0c",
      "cand-d865401d",
      "cand-c2337d4e",
      "cand-bd0f8191",
      "cand-2e68882f",
      "cand-94bc57ed",
      "cand-93a15ca5",
      "cand-197cf126",
      "cand-4e21422c",
      "cand-cc3ed2d8",
      "cand-ad84fefa",
      "cand-e3e4e13a",
      "cand-6d2901b8",
      "cand-c7985187",
      "cand-a3fa7fcf",
      "cand-2181b4f2",
      "cand-e803ef34",
      "cand-cc7eb308",
      "cand-8c710851",
      "cand-8045892e",
      "cand-17273829",
      "cand-e3d89e08",
      "cand-118d9dbb",
      "cand-1a318968",
      "cand-5665b571",
      "cand-80f55e73",
      "cand-74341bb6",
      "cand-6a470e0a",
      "cand-bac89ce5",
      "cand-9a0a92b6",
      "cand-91ef422b",
      "cand-63b039ec",
      "cand-5f4ecea5",
      "cand-eb5c0c9f",
      "cand-f7398180",
      "cand-b8e26ed1",
      "cand-97e78627",
      "cand-8cfb97d5",
      "cand-2c409867",
      "cand-990db2d3",
      "cand-d3505cb8"
    ],
    "recentProblemKinds": [
      "pine_preflight_fail",
      "pine_preflight_fail",
      "pine_preflight_fail",
      "pine_preflight_fail",
      "pine_preflight_fail"
    ],
    "recentRepairResults": [
      {
        "repairKind": "pine_source_repair",
        "result": "success",
        "repairedCandidateId": "cand-97e78627",
        "summary": "Applied deterministic time-boxed preflight repair after blocking sparse event-source issues."
      },
      {
        "repairKind": "pine_source_repair",
        "result": "success",
        "repairedCandidateId": "cand-8cfb97d5",
        "summary": "Applied deterministic time-boxed preflight repair after blocking sparse event-source issues."
      },
      {
        "repairKind": "pine_source_repair",
        "result": "success",
        "repairedCandidateId": "cand-2c409867",
        "summary": "Applied deterministic time-boxed preflight repair after blocking sparse event-source issues."
      },
      {
        "repairKind": "pine_source_repair",
        "result": "success",
        "repairedCandidateId": "cand-990db2d3",
        "summary": "Applied deterministic time-boxed preflight repair after blocking sparse event-source issues."
      },
      {
        "repairKind": "pine_source_repair",
        "result": "success",
        "repairedCandidateId": "cand-d3505cb8",
        "summary": "Applied deterministic time-boxed preflight repair after blocking sparse event-source issues."
      }
    ],
    "scoreFeedbackObserved": true,
    "stage6Readiness": {
      "generatedAt": "2026-04-30T05:22:53.680Z",
      "evaluated": true,
      "passed": true,
      "mode": "deterministic",
      "countRequested": 10,
      "countCompleted": 10,
      "countFailed": 0,
      "activeChampionCandidateId": "cand-a64e2088",
      "freshBootstrapPassed": true,
      "multiIterationPassed": true,
      "rootIsolationPassed": true,
      "repairTraceabilityPassed": true,
      "calibrationQueuePassed": true,
      "scoreFeedbackPassed": true,
      "feedbackClosureRequired": false,
      "calibrationMode": "queue_only",
      "ledgerValidationPassed": true,
      "indexVerificationPassed": true,
      "rootIsolationStatus": {
        "status": "passed",
        "customStateRoot": "C:\\Users\\hanji\\AppData\\Local\\Temp\\af-stage6-state-YAZZ8Y",
        "defaultWorkspaceStateRoot": "C:\\Users\\hanji\\AppData\\Local\\Temp\\af-stage6-workspace-Nnkt1H\\state\\pi-autoresearch",
        "customContextExists": true,
        "defaultWorkspaceStateHasArtifacts": false
      },
      "repairTraceabilityStatus": {
        "status": "passed",
        "successfulRepairCount": 10,
        "successfulRepairsWithoutCandidateCount": 0
      },
      "feedbackClosureStatus": {
        "status": "passed",
        "required": false,
        "promptFeedbackObserved": true,
        "scoreBreakdownFeedbackObserved": false,
        "divergenceCount": 0,
        "confidenceUpdateCount": 0
      },
      "evidence": {
        "tempWorkspaceRoot": null,
        "tempStateRoot": null,
        "localEvaluationCount": 19,
        "headEventCount": 2,
        "archiveEventCount": 11,
        "calibrationEventCount": 2,
        "mutationBriefCount": 18,
        "problemEventCount": 18,
        "repairAttemptCount": 10,
        "deadlineBreachCount": 0
      },
      "warnings": []
    },
    "lastStage6GatePassed": true,
    "rootIsolationStatus": {
      "status": "passed",
      "customStateRoot": "C:\\Users\\hanji\\AppData\\Local\\Temp\\af-stage6-state-YAZZ8Y",
      "defaultWorkspaceStateRoot": "C:\\Users\\hanji\\AppData\\Local\\Temp\\af-stage6-workspace-Nnkt1H\\state\\pi-autoresearch",
      "customContextExists": true,
      "defaultWorkspaceStateHasArtifacts": false
    },
    "repairTraceabilityStatus": {
      "status": "passed",
      "successfulRepairCount": 10,
      "successfulRepairsWithoutCandidateCount": 0
    },
    "feedbackClosureStatus": {
      "status": "passed",
      "required": false,
      "promptFeedbackObserved": true,
      "scoreBreakdownFeedbackObserved": false,
      "divergenceCount": 0,
      "confidenceUpdateCount": 0
    },
    "nextPlannedAction": "local_compatibility_repair",
    "loopMode": "local-first",
    "defaultOperationalView": "v3_autonomous_local_first",
    "projectRoot": "C:\\Users\\hanji\\Desktop\\AF",
    "workspaceRoot": "C:\\Users\\hanji\\Desktop\\AF",
    "stateRoot": "C:\\Users\\hanji\\Desktop\\AF\\state\\pi-autoresearch",
    "traceRoot": "C:\\Users\\hanji\\Desktop\\AF\\state\\pi-autoresearch\\traces",
    "artifactRoot": "C:\\Users\\hanji\\Desktop\\AF\\state\\pi-autoresearch\\artifacts",
    "evidenceRoot": "C:\\Users\\hanji\\Desktop\\AF\\state\\pi-autoresearch\\evidence",
    "runtimeRoot": "C:\\Users\\hanji\\Desktop\\AF\\state\\pi-autoresearch\\runtime",
    "tvVerificationCount": 28,
    "tvHealth": "unavailable",
    "calibrationAutoProcess": false,
    "calibrationMode": "queue_only",
    "lastTvSurfaceFailure": {
      "candidateId": "cand-c6235b65",
      "decision": "tv_surface_failure",
      "iteration": 279,
      "tvCalibrationStatus": "surface_failure",
      "recordedAt": "2026-04-29T18:46:19.526Z"
    },
    "humanOverride": false
  },
  "verification": {
    "ok": true,
    "issues": []
  },
  "tracePath": "C:\\Users\\hanji\\Desktop\\AF\\state\\pi-autoresearch\\traces\\rebuild-indexes-2026-05-01T00-38-13-024Z-trace-8e4b961b.jsonl"
}
[2026-05-01T09:38:24.3696446+09:00] iteration 4: rebuild-indexes --verify exit=0
[2026-05-01T09:38:34.3800152+09:00] iteration 5: run-autonomous-loop start
??injected env (11) from .env // tip: ??override existing { override: true }
[autonomous.loop.start] run-autonomous-loop | Starting autonomous local-first loop | 2026-05-01T00:38:34.637Z
[iteration.started] run-autonomous-loop | Starting autonomous iteration | 2026-05-01T00:38:34.639Z
[phase.started] run-autonomous-loop | Initializing autonomous workspace | 2026-05-01T00:38:34.649Z
[phase.completed] run-autonomous-loop | Initializing autonomous workspace | 2026-05-01T00:38:36.434Z
[phase.started] run-autonomous-loop | Generating autonomous mutation candidate | 2026-05-01T00:38:37.637Z
[autonomous.mutation.request] run-autonomous-loop | Sending autonomous mutation request | 2026-05-01T00:38:37.638Z
[autonomous.mutation.preflight_blocked] run-autonomous-loop | Pine ?앹꽦 ?ъ쟾 ?먭??먯꽌 李⑤떒 ?댁뒋瑜?諛쒓껄?덉뒿?덈떎. | 2026-05-01T00:40:36.996Z
[autonomous.mutation.preflight_deterministic_repair] run-autonomous-loop | Applied deterministic time-boxed mutation preflight repair | 2026-05-01T00:40:37.002Z
[phase.completed] run-autonomous-loop | Generating autonomous mutation candidate | 2026-05-01T00:40:37.009Z
[phase.started] run-autonomous-loop | Evaluating autonomous candidate locally | 2026-05-01T00:40:37.010Z
[autonomous.market_context_ready] run-autonomous-loop | Local-first market context is ready | 2026-05-01T00:40:37.017Z
[autonomous.local_evaluation] run-autonomous-loop | Local autonomous evaluation completed | 2026-05-01T00:40:37.098Z
[phase.completed] run-autonomous-loop | Evaluating autonomous candidate locally | 2026-05-01T00:40:37.134Z
[phase.started] run-autonomous-loop | Updating autonomous archive views | 2026-05-01T00:40:37.136Z
[phase.completed] run-autonomous-loop | Updating autonomous archive views | 2026-05-01T00:40:37.139Z
[phase.started] run-autonomous-loop | Queueing candidate for TradingView calibration | 2026-05-01T00:40:37.140Z
[phase.completed] run-autonomous-loop | Queueing candidate for TradingView calibration | 2026-05-01T00:40:37.143Z
[phase.started] run-autonomous-loop | Selecting active autonomous champion | 2026-05-01T00:40:38.057Z
[phase.completed] run-autonomous-loop | Selecting active autonomous champion | 2026-05-01T00:40:38.585Z
[phase.started] run-autonomous-loop | Rebuilding derived autonomous views | 2026-05-01T00:40:38.586Z
[phase.completed] run-autonomous-loop | Rebuilding derived autonomous views | 2026-05-01T00:40:40.536Z
[iteration.completed] run-autonomous-loop | Autonomous iteration completed | 2026-05-01T00:40:40.537Z
{
  "countRequested": 1,
  "countCompleted": 1,
  "countFailed": 0,
  "results": [
    {
      "runId": "autonomous-1777595914647",
      "iteration": 592,
      "candidateId": "cand-c99b76d2",
      "localDecision": "local_candidate_eligible",
      "activeChampionChanged": false,
      "activeChampionCandidateId": "cand-42ed2fa4"
    }
  ],
  "deadlineBreaches": [],
  "autonomousState": {
    "generatedAt": "2026-05-01T00:40:42.187Z",
    "activeChampionCandidateId": "cand-42ed2fa4",
    "activeChampionScore": 0.7879,
    "activeChampionDecision": "local_candidate_eligible",
    "championOrigin": "autonomous",
    "researchMaturity": "steady_state",
    "selectedBy": "auto_policy",
    "selectionPolicyVersion": "autonomous-local-first/v3-p0",
    "objectivePolicyVersion": "objective.qqq-120m/v1",
    "headEventCount": 2,
    "archiveEventCount": 285,
    "calibrationEventCount": 299,
    "calibrationCandidateCount": 271,
    "divergenceCount": 27,
    "localConfidenceUpdateCount": 27,
    "problemEventCount": 190,
    "repairAttemptCount": 92,
    "localEvaluationCount": 372,
    "localEligibleCount": 211,
    "bootstrapCompatibleCount": 0,
    "bootstrapEligibleCount": 0,
    "bootstrapStatus": "not_started",
    "bootstrapSource": null,
    "bootstrapReason": null,
    "localRejectedCount": 156,
    "topBlockingReason": "low_trade_count",
    "pendingCalibrationCandidateCount": 243,
    "pendingCalibrationCandidateIds": [
      "cand-0e6a0180",
      "cand-9f33e80b",
      "cand-772d8a1e",
      "cand-f28d2e01",
      "cand-9a5dbcc7",
      "cand-b01be933",
      "cand-0a692f84",
      "cand-4f8faae3",
      "cand-35a74bba",
      "cand-c6b25611",
      "cand-ccdae17b",
      "cand-b8102dcd",
      "cand-8a1fe27b",
      "cand-ebbdd6a9",
      "cand-80dfaaa1",
      "cand-03f30a70",
      "cand-2f290563",
      "cand-e76cded5",
      "cand-710d8bc6",
      "cand-dd7e63cf",
      "cand-949bf032",
      "cand-b14595e0",
      "cand-90dc4ec3",
      "cand-f1103886",
      "cand-77224b87",
      "cand-55f47b32",
      "cand-cb18c54a",
      "cand-8a1a7cf2",
      "cand-db12aa7d",
      "cand-eb3175fc",
      "cand-ce89005b",
      "cand-b333865d",
      "cand-14f5f8ff",
      "cand-87a7fa06",
      "cand-609d9f19",
      "cand-09a0ae17",
      "cand-fbb3fb78",
      "cand-7bff0c1a",
      "cand-6e976c42",
      "cand-eaf67b92",
      "cand-ea5075a8",
      "cand-c0d6f969",
      "cand-946579c0",
      "cand-1638111b",
      "cand-840b49c0",
      "cand-a1b63e8c",
      "cand-d3fa966c",
      "cand-af6ef21e",
      "cand-c5832df6",
      "cand-57321a8c",
      "cand-3004b0f8",
      "cand-00644032",
      "cand-6272ab0f",
      "cand-7b341ad0",
      "cand-5c90b0de",
      "cand-350b7e7b",
      "cand-05218055",
      "cand-6ebbd52a",
      "cand-9edd626e",
      "cand-5d685d8a",
      "cand-addb3d5a",
      "cand-1a03e904",
      "cand-935b6a7d",
      "cand-11e460d8",
      "cand-58484f09",
      "cand-c3549cdc",
      "cand-e000c048",
      "cand-5927e5ca",
      "cand-7ae4d6eb",
      "cand-bd3c959f",
      "cand-ad98c7fd",
      "cand-a3456179",
      "cand-fa19c7db",
      "cand-8211114e",
      "cand-737e8acc",
      "cand-9ae5abb8",
      "cand-f68c494c",
      "cand-0cb06744",
      "cand-c4540c5e",
      "cand-887ba798",
      "cand-334ff9ed",
      "cand-1e7bb092",
      "cand-940106ac",
      "cand-b1575fba",
      "cand-1c1cb560",
      "cand-2ba5ca56",
      "cand-4e158d7d",
      "cand-ee1867a5",
      "cand-ccf655ee",
      "cand-2f2f67f1",
      "cand-dd0d4883",
      "cand-9e390b78",
      "cand-2b509e63",
      "cand-a42bb737",
      "cand-ba65a405",
      "cand-95b5fcb4",
      "cand-c1decc14",
      "cand-fad40100",
      "cand-3d99c3c3",
      "cand-ed6ed300",
      "cand-36473405",
      "cand-32556840",
      "cand-056beb3f",
      "cand-fef34f1d",
      "cand-4e58abee",
      "cand-6c095f1d",
      "cand-72fdbd0a",
      "cand-1a73f98c",
      "cand-60e5fb9a",
      "cand-fbd6e1cd",
      "cand-6fa9e64c",
      "cand-b3ce6dfd",
      "cand-d7b18242",
      "cand-cddf1147",
      "cand-a2b17756",
      "cand-4106d658",
      "cand-bf2319b1",
      "cand-1be3a1ed",
      "cand-ec8276d1",
      "cand-66da2fad",
      "cand-10487d69",
      "cand-a0b082a6",
      "cand-e1c37158",
      "cand-3924bc09",
      "cand-c5a37a36",
      "cand-9f921b3b",
      "cand-976660f2",
      "cand-1fd659d1",
      "cand-1ebe3284",
      "cand-a05583cb",
      "cand-68e1f6c0",
      "cand-939bafa7",
      "cand-5dfb966e",
      "cand-ec9d7a77",
      "cand-c9bd8a69",
      "cand-cad467d1",
      "cand-30ca4ecf",
      "cand-274a3d78",
      "cand-8f6a1544",
      "cand-be21675f",
      "cand-17c07e8f",
      "cand-60166f81",
      "cand-8f82de94",
      "cand-42460886",
      "cand-9295e93d",
      "cand-5a54f71c",
      "cand-a12eacdf",
      "cand-5b236726",
      "cand-dbfe05b6",
      "cand-eb4f9103",
      "cand-294a8337",
      "cand-54d331f7",
      "cand-303f93be",
      "cand-64ceccd8",
      "cand-82301049",
      "cand-cb926322",
      "cand-9740ccd3",
      "cand-45f69d7a",
      "cand-8195e18c",
      "cand-9ad02865",
      "cand-b0561318",
      "cand-77645d5d",
      "cand-3913b48a",
      "cand-d8c529f0",
      "cand-3e0617a5",
      "cand-796b47d8",
      "cand-da5bc8a6",
      "cand-6385aa99",
      "cand-ce0fb6b8",
      "cand-f53efe87",
      "cand-541078ba",
      "cand-102cde43",
      "cand-99a518c8",
      "cand-45eae1ed",
      "cand-5fa9bbca",
      "cand-58a6bc67",
      "cand-e2e95d0b",
      "cand-e7d44996",
      "cand-4fd1f661",
      "cand-f8a32482",
      "cand-65221fbc",
      "cand-0dcbc429",
      "cand-7237f414",
      "cand-13ab4eb7",
      "cand-03a62626",
      "cand-74403bc5",
      "cand-08afa655",
      "cand-8fc0ffa2",
      "cand-6b8a91fa",
      "cand-6b160ae4",
      "cand-e4ab8440",
      "cand-292c094d",
      "cand-bf066e31",
      "cand-bf45bffc",
      "cand-33777180",
      "cand-67548c32",
      "cand-af1ed124",
      "cand-fd3f325b",
      "cand-e8320fab",
      "cand-51877b36",
      "cand-f80d7394",
      "cand-d2b04e0c",
      "cand-d865401d",
      "cand-c2337d4e",
      "cand-bd0f8191",
      "cand-2e68882f",
      "cand-94bc57ed",
      "cand-93a15ca5",
      "cand-197cf126",
      "cand-4e21422c",
      "cand-cc3ed2d8",
      "cand-ad84fefa",
      "cand-e3e4e13a",
      "cand-6d2901b8",
      "cand-c7985187",
      "cand-a3fa7fcf",
      "cand-2181b4f2",
      "cand-e803ef34",
      "cand-cc7eb308",
      "cand-8c710851",
      "cand-8045892e",
      "cand-17273829",
      "cand-e3d89e08",
      "cand-118d9dbb",
      "cand-1a318968",
      "cand-5665b571",
      "cand-80f55e73",
      "cand-74341bb6",
      "cand-6a470e0a",
      "cand-bac89ce5",
      "cand-9a0a92b6",
      "cand-91ef422b",
      "cand-63b039ec",
      "cand-5f4ecea5",
      "cand-eb5c0c9f",
      "cand-f7398180",
      "cand-b8e26ed1",
      "cand-97e78627",
      "cand-8cfb97d5",
      "cand-2c409867",
      "cand-990db2d3",
      "cand-d3505cb8",
      "cand-c99b76d2"
    ],
    "recentProblemKinds": [
      "pine_preflight_fail",
      "pine_preflight_fail",
      "pine_preflight_fail",
      "pine_preflight_fail",
      "pine_preflight_fail"
    ],
    "recentRepairResults": [
      {
        "repairKind": "pine_source_repair",
        "result": "success",
        "repairedCandidateId": "cand-8cfb97d5",
        "summary": "Applied deterministic time-boxed preflight repair after blocking sparse event-source issues."
      },
      {
        "repairKind": "pine_source_repair",
        "result": "success",
        "repairedCandidateId": "cand-2c409867",
        "summary": "Applied deterministic time-boxed preflight repair after blocking sparse event-source issues."
      },
      {
        "repairKind": "pine_source_repair",
        "result": "success",
        "repairedCandidateId": "cand-990db2d3",
        "summary": "Applied deterministic time-boxed preflight repair after blocking sparse event-source issues."
      },
      {
        "repairKind": "pine_source_repair",
        "result": "success",
        "repairedCandidateId": "cand-d3505cb8",
        "summary": "Applied deterministic time-boxed preflight repair after blocking sparse event-source issues."
      },
      {
        "repairKind": "pine_source_repair",
        "result": "success",
        "repairedCandidateId": "cand-c99b76d2",
        "summary": "Applied deterministic time-boxed preflight repair after blocking sparse event-source issues."
      }
    ],
    "scoreFeedbackObserved": true,
    "stage6Readiness": {
      "generatedAt": "2026-04-30T05:22:53.680Z",
      "evaluated": true,
      "passed": true,
      "mode": "deterministic",
      "countRequested": 10,
      "countCompleted": 10,
      "countFailed": 0,
      "activeChampionCandidateId": "cand-a64e2088",
      "freshBootstrapPassed": true,
      "multiIterationPassed": true,
      "rootIsolationPassed": true,
      "repairTraceabilityPassed": true,
      "calibrationQueuePassed": true,
      "scoreFeedbackPassed": true,
      "feedbackClosureRequired": false,
      "calibrationMode": "queue_only",
      "ledgerValidationPassed": true,
      "indexVerificationPassed": true,
      "rootIsolationStatus": {
        "status": "passed",
        "customStateRoot": "C:\\Users\\hanji\\AppData\\Local\\Temp\\af-stage6-state-YAZZ8Y",
        "defaultWorkspaceStateRoot": "C:\\Users\\hanji\\AppData\\Local\\Temp\\af-stage6-workspace-Nnkt1H\\state\\pi-autoresearch",
        "customContextExists": true,
        "defaultWorkspaceStateHasArtifacts": false
      },
      "repairTraceabilityStatus": {
        "status": "passed",
        "successfulRepairCount": 10,
        "successfulRepairsWithoutCandidateCount": 0
      },
      "feedbackClosureStatus": {
        "status": "passed",
        "required": false,
        "promptFeedbackObserved": true,
        "scoreBreakdownFeedbackObserved": false,
        "divergenceCount": 0,
        "confidenceUpdateCount": 0
      },
      "evidence": {
        "tempWorkspaceRoot": null,
        "tempStateRoot": null,
        "localEvaluationCount": 19,
        "headEventCount": 2,
        "archiveEventCount": 11,
        "calibrationEventCount": 2,
        "mutationBriefCount": 18,
        "problemEventCount": 18,
        "repairAttemptCount": 10,
        "deadlineBreachCount": 0
      },
      "warnings": []
    },
    "lastStage6GatePassed": true,
    "rootIsolationStatus": {
      "status": "passed",
      "customStateRoot": "C:\\Users\\hanji\\AppData\\Local\\Temp\\af-stage6-state-YAZZ8Y",
      "defaultWorkspaceStateRoot": "C:\\Users\\hanji\\AppData\\Local\\Temp\\af-stage6-workspace-Nnkt1H\\state\\pi-autoresearch",
      "customContextExists": true,
      "defaultWorkspaceStateHasArtifacts": false
    },
    "repairTraceabilityStatus": {
      "status": "passed",
      "successfulRepairCount": 10,
      "successfulRepairsWithoutCandidateCount": 0
    },
    "feedbackClosureStatus": {
      "status": "passed",
      "required": false,
      "promptFeedbackObserved": true,
      "scoreBreakdownFeedbackObserved": false,
      "divergenceCount": 0,
      "confidenceUpdateCount": 0
    },
    "nextPlannedAction": "local_compatibility_repair",
    "loopMode": "local-first",
    "defaultOperationalView": "v3_autonomous_local_first",
    "projectRoot": "C:\\Users\\hanji\\Desktop\\AF",
    "workspaceRoot": "C:\\Users\\hanji\\Desktop\\AF",
    "stateRoot": "C:\\Users\\hanji\\Desktop\\AF\\state\\pi-autoresearch",
    "traceRoot": "C:\\Users\\hanji\\Desktop\\AF\\state\\pi-autoresearch\\traces",
    "artifactRoot": "C:\\Users\\hanji\\Desktop\\AF\\state\\pi-autoresearch\\artifacts",
    "evidenceRoot": "C:\\Users\\hanji\\Desktop\\AF\\state\\pi-autoresearch\\evidence",
    "runtimeRoot": "C:\\Users\\hanji\\Desktop\\AF\\state\\pi-autoresearch\\runtime",
    "tvVerificationCount": 28,
    "tvHealth": "unavailable",
    "calibrationAutoProcess": false,
    "calibrationMode": "queue_only",
    "lastTvSurfaceFailure": {
      "candidateId": "cand-c6235b65",
      "decision": "tv_surface_failure",
      "iteration": 279,
      "tvCalibrationStatus": "surface_failure",
      "recordedAt": "2026-04-29T18:46:19.526Z"
    },
    "humanOverride": false
  },
  "tracePath": "C:\\Users\\hanji\\Desktop\\AF\\state\\pi-autoresearch\\traces\\run-autonomous-loop-2026-05-01T00-38-34-637Z-trace-0144e073.jsonl"
}
[2026-05-01T09:40:42.8382858+09:00] iteration 5: run-autonomous-loop exit=0
[2026-05-01T09:40:42.8392857+09:00] iteration 5: validate-ledger start
??injected env (11) from .env // tip: ??enable debugging { debug: true }
[ledger.validation] validate-ledger | Ledger validation completed | 2026-05-01T00:40:46.104Z
{
  "ok": true,
  "errorCount": 0,
  "warningCount": 6,
  "issues": [
    {
      "severity": "warning",
      "scope": "experiment-record-meta",
      "recordId": "cand-f918d6d8",
      "message": "recordHash does not match the serialized experiment record."
    },
    {
      "severity": "warning",
      "scope": "experiment-record-meta",
      "recordId": "cand-3f99a396",
      "message": "recordHash does not match the serialized experiment record."
    },
    {
      "severity": "warning",
      "scope": "experiment-record-meta",
      "recordId": "cand-93a71a19",
      "message": "recordHash does not match the serialized experiment record."
    },
    {
      "severity": "warning",
      "scope": "experiment-record-meta",
      "recordId": "cand-560e2d3b",
      "message": "recordHash does not match the serialized experiment record."
    },
    {
      "severity": "warning",
      "scope": "experiment-record-meta",
      "recordId": "cand-24b4021d",
      "message": "recordHash does not match the serialized experiment record."
    },
    {
      "severity": "warning",
      "scope": "candidate-dedup",
      "recordId": "bfee8f4eb7eabba2047b8b2270beef764a3942811cda8134d75c15c171c0c26a",
      "message": "Duplicate candidate source hash detected across ids: cand-2a5e6ffe, cand-51397d04, cand-9cbc4c5f, cand-a93778fa, cand-bbb67c15, cand-fdc1ae65"
    }
  ],
  "summary": {
    "experiments": 592,
    "candidates": 542,
    "taskBatches": 131
  },
  "stateRoot": "C:\\Users\\hanji\\Desktop\\AF\\state\\pi-autoresearch",
  "tracePath": "C:\\Users\\hanji\\Desktop\\AF\\state\\pi-autoresearch\\traces\\validate-ledger-2026-05-01T00-40-43-069Z-trace-ef9c9271.jsonl"
}
[2026-05-01T09:40:46.1807951+09:00] iteration 5: validate-ledger exit=0
[2026-05-01T09:40:46.1817949+09:00] iteration 5: rebuild-indexes --verify start
??injected env (11) from .env // tip: ??multiple files { path: ['.env.local', '.env'] }
[?몃뜳???ъ깮???쒖옉] ?몃뜳???ъ깮??| ?뚯깮 ?몃뜳?ㅻ? ?ъ깮?깊빀?덈떎. state: C:\Users\hanji\Desktop\AF\state\pi-autoresearch | 2026-05-01T00:40:48.143Z
[?몃뜳???ъ깮???꾨즺] ?몃뜳???ъ깮??| ?뚯깮 ?몃뜳???ъ깮?깆쓣 留덉낀?듬땲?? state: C:\Users\hanji\Desktop\AF\state\pi-autoresearch | 2026-05-01T00:40:57.206Z
{
  "rebuilt": true,
  "stateRoot": "C:\\Users\\hanji\\Desktop\\AF\\state\\pi-autoresearch",
  "autonomousState": {
    "generatedAt": "2026-05-01T00:40:51.330Z",
    "activeChampionCandidateId": "cand-42ed2fa4",
    "activeChampionScore": 0.7879,
    "activeChampionDecision": "local_candidate_eligible",
    "championOrigin": "autonomous",
    "researchMaturity": "steady_state",
    "selectedBy": "auto_policy",
    "selectionPolicyVersion": "autonomous-local-first/v3-p0",
    "objectivePolicyVersion": "objective.qqq-120m/v1",
    "headEventCount": 2,
    "archiveEventCount": 285,
    "calibrationEventCount": 299,
    "calibrationCandidateCount": 271,
    "divergenceCount": 27,
    "localConfidenceUpdateCount": 27,
    "problemEventCount": 190,
    "repairAttemptCount": 92,
    "localEvaluationCount": 372,
    "localEligibleCount": 211,
    "bootstrapCompatibleCount": 0,
    "bootstrapEligibleCount": 0,
    "bootstrapStatus": "not_started",
    "bootstrapSource": null,
    "bootstrapReason": null,
    "localRejectedCount": 156,
    "topBlockingReason": "low_trade_count",
    "pendingCalibrationCandidateCount": 243,
    "pendingCalibrationCandidateIds": [
      "cand-0e6a0180",
      "cand-9f33e80b",
      "cand-772d8a1e",
      "cand-f28d2e01",
      "cand-9a5dbcc7",
      "cand-b01be933",
      "cand-0a692f84",
      "cand-4f8faae3",
      "cand-35a74bba",
      "cand-c6b25611",
      "cand-ccdae17b",
      "cand-b8102dcd",
      "cand-8a1fe27b",
      "cand-ebbdd6a9",
      "cand-80dfaaa1",
      "cand-03f30a70",
      "cand-2f290563",
      "cand-e76cded5",
      "cand-710d8bc6",
      "cand-dd7e63cf",
      "cand-949bf032",
      "cand-b14595e0",
      "cand-90dc4ec3",
      "cand-f1103886",
      "cand-77224b87",
      "cand-55f47b32",
      "cand-cb18c54a",
      "cand-8a1a7cf2",
      "cand-db12aa7d",
      "cand-eb3175fc",
      "cand-ce89005b",
      "cand-b333865d",
      "cand-14f5f8ff",
      "cand-87a7fa06",
      "cand-609d9f19",
      "cand-09a0ae17",
      "cand-fbb3fb78",
      "cand-7bff0c1a",
      "cand-6e976c42",
      "cand-eaf67b92",
      "cand-ea5075a8",
      "cand-c0d6f969",
      "cand-946579c0",
      "cand-1638111b",
      "cand-840b49c0",
      "cand-a1b63e8c",
      "cand-d3fa966c",
      "cand-af6ef21e",
      "cand-c5832df6",
      "cand-57321a8c",
      "cand-3004b0f8",
      "cand-00644032",
      "cand-6272ab0f",
      "cand-7b341ad0",
      "cand-5c90b0de",
      "cand-350b7e7b",
      "cand-05218055",
      "cand-6ebbd52a",
      "cand-9edd626e",
      "cand-5d685d8a",
      "cand-addb3d5a",
      "cand-1a03e904",
      "cand-935b6a7d",
      "cand-11e460d8",
      "cand-58484f09",
      "cand-c3549cdc",
      "cand-e000c048",
      "cand-5927e5ca",
      "cand-7ae4d6eb",
      "cand-bd3c959f",
      "cand-ad98c7fd",
      "cand-a3456179",
      "cand-fa19c7db",
      "cand-8211114e",
      "cand-737e8acc",
      "cand-9ae5abb8",
      "cand-f68c494c",
      "cand-0cb06744",
      "cand-c4540c5e",
      "cand-887ba798",
      "cand-334ff9ed",
      "cand-1e7bb092",
      "cand-940106ac",
      "cand-b1575fba",
      "cand-1c1cb560",
      "cand-2ba5ca56",
      "cand-4e158d7d",
      "cand-ee1867a5",
      "cand-ccf655ee",
      "cand-2f2f67f1",
      "cand-dd0d4883",
      "cand-9e390b78",
      "cand-2b509e63",
      "cand-a42bb737",
      "cand-ba65a405",
      "cand-95b5fcb4",
      "cand-c1decc14",
      "cand-fad40100",
      "cand-3d99c3c3",
      "cand-ed6ed300",
      "cand-36473405",
      "cand-32556840",
      "cand-056beb3f",
      "cand-fef34f1d",
      "cand-4e58abee",
      "cand-6c095f1d",
      "cand-72fdbd0a",
      "cand-1a73f98c",
      "cand-60e5fb9a",
      "cand-fbd6e1cd",
      "cand-6fa9e64c",
      "cand-b3ce6dfd",
      "cand-d7b18242",
      "cand-cddf1147",
      "cand-a2b17756",
      "cand-4106d658",
      "cand-bf2319b1",
      "cand-1be3a1ed",
      "cand-ec8276d1",
      "cand-66da2fad",
      "cand-10487d69",
      "cand-a0b082a6",
      "cand-e1c37158",
      "cand-3924bc09",
      "cand-c5a37a36",
      "cand-9f921b3b",
      "cand-976660f2",
      "cand-1fd659d1",
      "cand-1ebe3284",
      "cand-a05583cb",
      "cand-68e1f6c0",
      "cand-939bafa7",
      "cand-5dfb966e",
      "cand-ec9d7a77",
      "cand-c9bd8a69",
      "cand-cad467d1",
      "cand-30ca4ecf",
      "cand-274a3d78",
      "cand-8f6a1544",
      "cand-be21675f",
      "cand-17c07e8f",
      "cand-60166f81",
      "cand-8f82de94",
      "cand-42460886",
      "cand-9295e93d",
      "cand-5a54f71c",
      "cand-a12eacdf",
      "cand-5b236726",
      "cand-dbfe05b6",
      "cand-eb4f9103",
      "cand-294a8337",
      "cand-54d331f7",
      "cand-303f93be",
      "cand-64ceccd8",
      "cand-82301049",
      "cand-cb926322",
      "cand-9740ccd3",
      "cand-45f69d7a",
      "cand-8195e18c",
      "cand-9ad02865",
      "cand-b0561318",
      "cand-77645d5d",
      "cand-3913b48a",
      "cand-d8c529f0",
      "cand-3e0617a5",
      "cand-796b47d8",
      "cand-da5bc8a6",
      "cand-6385aa99",
      "cand-ce0fb6b8",
      "cand-f53efe87",
      "cand-541078ba",
      "cand-102cde43",
      "cand-99a518c8",
      "cand-45eae1ed",
      "cand-5fa9bbca",
      "cand-58a6bc67",
      "cand-e2e95d0b",
      "cand-e7d44996",
      "cand-4fd1f661",
      "cand-f8a32482",
      "cand-65221fbc",
      "cand-0dcbc429",
      "cand-7237f414",
      "cand-13ab4eb7",
      "cand-03a62626",
      "cand-74403bc5",
      "cand-08afa655",
      "cand-8fc0ffa2",
      "cand-6b8a91fa",
      "cand-6b160ae4",
      "cand-e4ab8440",
      "cand-292c094d",
      "cand-bf066e31",
      "cand-bf45bffc",
      "cand-33777180",
      "cand-67548c32",
      "cand-af1ed124",
      "cand-fd3f325b",
      "cand-e8320fab",
      "cand-51877b36",
      "cand-f80d7394",
      "cand-d2b04e0c",
      "cand-d865401d",
      "cand-c2337d4e",
      "cand-bd0f8191",
      "cand-2e68882f",
      "cand-94bc57ed",
      "cand-93a15ca5",
      "cand-197cf126",
      "cand-4e21422c",
      "cand-cc3ed2d8",
      "cand-ad84fefa",
      "cand-e3e4e13a",
      "cand-6d2901b8",
      "cand-c7985187",
      "cand-a3fa7fcf",
      "cand-2181b4f2",
      "cand-e803ef34",
      "cand-cc7eb308",
      "cand-8c710851",
      "cand-8045892e",
      "cand-17273829",
      "cand-e3d89e08",
      "cand-118d9dbb",
      "cand-1a318968",
      "cand-5665b571",
      "cand-80f55e73",
      "cand-74341bb6",
      "cand-6a470e0a",
      "cand-bac89ce5",
      "cand-9a0a92b6",
      "cand-91ef422b",
      "cand-63b039ec",
      "cand-5f4ecea5",
      "cand-eb5c0c9f",
      "cand-f7398180",
      "cand-b8e26ed1",
      "cand-97e78627",
      "cand-8cfb97d5",
      "cand-2c409867",
      "cand-990db2d3",
      "cand-d3505cb8",
      "cand-c99b76d2"
    ],
    "recentProblemKinds": [
      "pine_preflight_fail",
      "pine_preflight_fail",
      "pine_preflight_fail",
      "pine_preflight_fail",
      "pine_preflight_fail"
    ],
    "recentRepairResults": [
      {
        "repairKind": "pine_source_repair",
        "result": "success",
        "repairedCandidateId": "cand-8cfb97d5",
        "summary": "Applied deterministic time-boxed preflight repair after blocking sparse event-source issues."
      },
      {
        "repairKind": "pine_source_repair",
        "result": "success",
        "repairedCandidateId": "cand-2c409867",
        "summary": "Applied deterministic time-boxed preflight repair after blocking sparse event-source issues."
      },
      {
        "repairKind": "pine_source_repair",
        "result": "success",
        "repairedCandidateId": "cand-990db2d3",
        "summary": "Applied deterministic time-boxed preflight repair after blocking sparse event-source issues."
      },
      {
        "repairKind": "pine_source_repair",
        "result": "success",
        "repairedCandidateId": "cand-d3505cb8",
        "summary": "Applied deterministic time-boxed preflight repair after blocking sparse event-source issues."
      },
      {
        "repairKind": "pine_source_repair",
        "result": "success",
        "repairedCandidateId": "cand-c99b76d2",
        "summary": "Applied deterministic time-boxed preflight repair after blocking sparse event-source issues."
      }
    ],
    "scoreFeedbackObserved": true,
    "stage6Readiness": {
      "generatedAt": "2026-04-30T05:22:53.680Z",
      "evaluated": true,
      "passed": true,
      "mode": "deterministic",
      "countRequested": 10,
      "countCompleted": 10,
      "countFailed": 0,
      "activeChampionCandidateId": "cand-a64e2088",
      "freshBootstrapPassed": true,
      "multiIterationPassed": true,
      "rootIsolationPassed": true,
      "repairTraceabilityPassed": true,
      "calibrationQueuePassed": true,
      "scoreFeedbackPassed": true,
      "feedbackClosureRequired": false,
      "calibrationMode": "queue_only",
      "ledgerValidationPassed": true,
      "indexVerificationPassed": true,
      "rootIsolationStatus": {
        "status": "passed",
        "customStateRoot": "C:\\Users\\hanji\\AppData\\Local\\Temp\\af-stage6-state-YAZZ8Y",
        "defaultWorkspaceStateRoot": "C:\\Users\\hanji\\AppData\\Local\\Temp\\af-stage6-workspace-Nnkt1H\\state\\pi-autoresearch",
        "customContextExists": true,
        "defaultWorkspaceStateHasArtifacts": false
      },
      "repairTraceabilityStatus": {
        "status": "passed",
        "successfulRepairCount": 10,
        "successfulRepairsWithoutCandidateCount": 0
      },
      "feedbackClosureStatus": {
        "status": "passed",
        "required": false,
        "promptFeedbackObserved": true,
        "scoreBreakdownFeedbackObserved": false,
        "divergenceCount": 0,
        "confidenceUpdateCount": 0
      },
      "evidence": {
        "tempWorkspaceRoot": null,
        "tempStateRoot": null,
        "localEvaluationCount": 19,
        "headEventCount": 2,
        "archiveEventCount": 11,
        "calibrationEventCount": 2,
        "mutationBriefCount": 18,
        "problemEventCount": 18,
        "repairAttemptCount": 10,
        "deadlineBreachCount": 0
      },
      "warnings": []
    },
    "lastStage6GatePassed": true,
    "rootIsolationStatus": {
      "status": "passed",
      "customStateRoot": "C:\\Users\\hanji\\AppData\\Local\\Temp\\af-stage6-state-YAZZ8Y",
      "defaultWorkspaceStateRoot": "C:\\Users\\hanji\\AppData\\Local\\Temp\\af-stage6-workspace-Nnkt1H\\state\\pi-autoresearch",
      "customContextExists": true,
      "defaultWorkspaceStateHasArtifacts": false
    },
    "repairTraceabilityStatus": {
      "status": "passed",
      "successfulRepairCount": 10,
      "successfulRepairsWithoutCandidateCount": 0
    },
    "feedbackClosureStatus": {
      "status": "passed",
      "required": false,
      "promptFeedbackObserved": true,
      "scoreBreakdownFeedbackObserved": false,
      "divergenceCount": 0,
      "confidenceUpdateCount": 0
    },
    "nextPlannedAction": "local_compatibility_repair",
    "loopMode": "local-first",
    "defaultOperationalView": "v3_autonomous_local_first",
    "projectRoot": "C:\\Users\\hanji\\Desktop\\AF",
    "workspaceRoot": "C:\\Users\\hanji\\Desktop\\AF",
    "stateRoot": "C:\\Users\\hanji\\Desktop\\AF\\state\\pi-autoresearch",
    "traceRoot": "C:\\Users\\hanji\\Desktop\\AF\\state\\pi-autoresearch\\traces",
    "artifactRoot": "C:\\Users\\hanji\\Desktop\\AF\\state\\pi-autoresearch\\artifacts",
    "evidenceRoot": "C:\\Users\\hanji\\Desktop\\AF\\state\\pi-autoresearch\\evidence",
    "runtimeRoot": "C:\\Users\\hanji\\Desktop\\AF\\state\\pi-autoresearch\\runtime",
    "tvVerificationCount": 28,
    "tvHealth": "unavailable",
    "calibrationAutoProcess": false,
    "calibrationMode": "queue_only",
    "lastTvSurfaceFailure": {
      "candidateId": "cand-c6235b65",
      "decision": "tv_surface_failure",
      "iteration": 279,
      "tvCalibrationStatus": "surface_failure",
      "recordedAt": "2026-04-29T18:46:19.526Z"
    },
    "humanOverride": false
  },
  "verification": {
    "ok": true,
    "issues": []
  },
  "tracePath": "C:\\Users\\hanji\\Desktop\\AF\\state\\pi-autoresearch\\traces\\rebuild-indexes-2026-05-01T00-40-46-413Z-trace-823cdd67.jsonl"
}
[2026-05-01T09:40:57.3805770+09:00] iteration 5: rebuild-indexes --verify exit=0
[2026-05-01T09:41:07.3871203+09:00] iteration 6: run-autonomous-loop start
??injected env (11) from .env // tip: ??enable debugging { debug: true }
[autonomous.loop.start] run-autonomous-loop | Starting autonomous local-first loop | 2026-05-01T00:41:07.636Z
[iteration.started] run-autonomous-loop | Starting autonomous iteration | 2026-05-01T00:41:07.637Z
[phase.started] run-autonomous-loop | Initializing autonomous workspace | 2026-05-01T00:41:07.648Z
[phase.completed] run-autonomous-loop | Initializing autonomous workspace | 2026-05-01T00:41:09.370Z
[phase.started] run-autonomous-loop | Generating autonomous mutation candidate | 2026-05-01T00:41:10.586Z
[autonomous.mutation.request] run-autonomous-loop | Sending autonomous mutation request | 2026-05-01T00:41:10.587Z
[autonomous.mutation.preflight_blocked] run-autonomous-loop | Pine ?앹꽦 ?ъ쟾 ?먭??먯꽌 李⑤떒 ?댁뒋瑜?諛쒓껄?덉뒿?덈떎. | 2026-05-01T00:43:07.266Z
[autonomous.mutation.preflight_deterministic_repair] run-autonomous-loop | Applied deterministic time-boxed mutation preflight repair | 2026-05-01T00:43:07.273Z
[phase.completed] run-autonomous-loop | Generating autonomous mutation candidate | 2026-05-01T00:43:07.281Z
[phase.started] run-autonomous-loop | Evaluating autonomous candidate locally | 2026-05-01T00:43:07.281Z
[autonomous.market_context_ready] run-autonomous-loop | Local-first market context is ready | 2026-05-01T00:43:07.289Z
[autonomous.local_evaluation] run-autonomous-loop | Local autonomous evaluation completed | 2026-05-01T00:43:07.375Z
[phase.completed] run-autonomous-loop | Evaluating autonomous candidate locally | 2026-05-01T00:43:07.421Z
[phase.started] run-autonomous-loop | Repairing autonomous candidate after local failure | 2026-05-01T00:43:07.422Z
[phase.completed] run-autonomous-loop | Repairing autonomous candidate after local failure | 2026-05-01T00:45:01.379Z
[phase.started] run-autonomous-loop | Evaluating repaired autonomous candidate locally | 2026-05-01T00:45:02.315Z
[autonomous.market_context_ready] run-autonomous-loop | Local-first market context is ready | 2026-05-01T00:45:02.320Z
[autonomous.local_evaluation] run-autonomous-loop | Local autonomous evaluation completed | 2026-05-01T00:45:02.378Z
[phase.completed] run-autonomous-loop | Evaluating repaired autonomous candidate locally | 2026-05-01T00:45:02.420Z
[phase.started] run-autonomous-loop | Updating autonomous archive views | 2026-05-01T00:45:02.421Z
[phase.completed] run-autonomous-loop | Updating autonomous archive views | 2026-05-01T00:45:02.424Z
[phase.started] run-autonomous-loop | Queueing candidate for TradingView calibration | 2026-05-01T00:45:02.424Z
[phase.completed] run-autonomous-loop | Queueing candidate for TradingView calibration | 2026-05-01T00:45:02.427Z
[phase.started] run-autonomous-loop | Selecting active autonomous champion | 2026-05-01T00:45:03.322Z
[phase.completed] run-autonomous-loop | Selecting active autonomous champion | 2026-05-01T00:45:03.874Z
[phase.started] run-autonomous-loop | Rebuilding derived autonomous views | 2026-05-01T00:45:03.882Z
[phase.completed] run-autonomous-loop | Rebuilding derived autonomous views | 2026-05-01T00:45:05.647Z
[iteration.completed] run-autonomous-loop | Autonomous iteration completed | 2026-05-01T00:45:05.647Z
{
  "countRequested": 1,
  "countCompleted": 1,
  "countFailed": 0,
  "results": [
    {
      "runId": "autonomous-1777596067647",
      "iteration": 593,
      "candidateId": "cand-49bf1eca",
      "localDecision": "local_candidate_rejected",
      "activeChampionChanged": false,
      "activeChampionCandidateId": "cand-42ed2fa4"
    }
  ],
  "deadlineBreaches": [],
  "autonomousState": {
    "generatedAt": "2026-05-01T00:45:06.995Z",
    "activeChampionCandidateId": "cand-42ed2fa4",
    "activeChampionScore": 0.7879,
    "activeChampionDecision": "local_candidate_eligible",
    "championOrigin": "autonomous",
    "researchMaturity": "steady_state",
    "selectedBy": "auto_policy",
    "selectionPolicyVersion": "autonomous-local-first/v3-p0",
    "objectivePolicyVersion": "objective.qqq-120m/v1",
    "headEventCount": 2,
    "archiveEventCount": 286,
    "calibrationEventCount": 300,
    "calibrationCandidateCount": 272,
    "divergenceCount": 27,
    "localConfidenceUpdateCount": 27,
    "problemEventCount": 193,
    "repairAttemptCount": 94,
    "localEvaluationCount": 374,
    "localEligibleCount": 211,
    "bootstrapCompatibleCount": 0,
    "bootstrapEligibleCount": 0,
    "bootstrapStatus": "not_started",
    "bootstrapSource": null,
    "bootstrapReason": null,
    "localRejectedCount": 158,
    "topBlockingReason": "low_trade_count",
    "pendingCalibrationCandidateCount": 244,
    "pendingCalibrationCandidateIds": [
      "cand-0e6a0180",
      "cand-9f33e80b",
      "cand-772d8a1e",
      "cand-f28d2e01",
      "cand-9a5dbcc7",
      "cand-b01be933",
      "cand-0a692f84",
      "cand-4f8faae3",
      "cand-35a74bba",
      "cand-c6b25611",
      "cand-ccdae17b",
      "cand-b8102dcd",
      "cand-8a1fe27b",
      "cand-ebbdd6a9",
      "cand-80dfaaa1",
      "cand-03f30a70",
      "cand-2f290563",
      "cand-e76cded5",
      "cand-710d8bc6",
      "cand-dd7e63cf",
      "cand-949bf032",
      "cand-b14595e0",
      "cand-90dc4ec3",
      "cand-f1103886",
      "cand-77224b87",
      "cand-55f47b32",
      "cand-cb18c54a",
      "cand-8a1a7cf2",
      "cand-db12aa7d",
      "cand-eb3175fc",
      "cand-ce89005b",
      "cand-b333865d",
      "cand-14f5f8ff",
      "cand-87a7fa06",
      "cand-609d9f19",
      "cand-09a0ae17",
      "cand-fbb3fb78",
      "cand-7bff0c1a",
      "cand-6e976c42",
      "cand-eaf67b92",
      "cand-ea5075a8",
      "cand-c0d6f969",
      "cand-946579c0",
      "cand-1638111b",
      "cand-840b49c0",
      "cand-a1b63e8c",
      "cand-d3fa966c",
      "cand-af6ef21e",
      "cand-c5832df6",
      "cand-57321a8c",
      "cand-3004b0f8",
      "cand-00644032",
      "cand-6272ab0f",
      "cand-7b341ad0",
      "cand-5c90b0de",
      "cand-350b7e7b",
      "cand-05218055",
      "cand-6ebbd52a",
      "cand-9edd626e",
      "cand-5d685d8a",
      "cand-addb3d5a",
      "cand-1a03e904",
      "cand-935b6a7d",
      "cand-11e460d8",
      "cand-58484f09",
      "cand-c3549cdc",
      "cand-e000c048",
      "cand-5927e5ca",
      "cand-7ae4d6eb",
      "cand-bd3c959f",
      "cand-ad98c7fd",
      "cand-a3456179",
      "cand-fa19c7db",
      "cand-8211114e",
      "cand-737e8acc",
      "cand-9ae5abb8",
      "cand-f68c494c",
      "cand-0cb06744",
      "cand-c4540c5e",
      "cand-887ba798",
      "cand-334ff9ed",
      "cand-1e7bb092",
      "cand-940106ac",
      "cand-b1575fba",
      "cand-1c1cb560",
      "cand-2ba5ca56",
      "cand-4e158d7d",
      "cand-ee1867a5",
      "cand-ccf655ee",
      "cand-2f2f67f1",
      "cand-dd0d4883",
      "cand-9e390b78",
      "cand-2b509e63",
      "cand-a42bb737",
      "cand-ba65a405",
      "cand-95b5fcb4",
      "cand-c1decc14",
      "cand-fad40100",
      "cand-3d99c3c3",
      "cand-ed6ed300",
      "cand-36473405",
      "cand-32556840",
      "cand-056beb3f",
      "cand-fef34f1d",
      "cand-4e58abee",
      "cand-6c095f1d",
      "cand-72fdbd0a",
      "cand-1a73f98c",
      "cand-60e5fb9a",
      "cand-fbd6e1cd",
      "cand-6fa9e64c",
      "cand-b3ce6dfd",
      "cand-d7b18242",
      "cand-cddf1147",
      "cand-a2b17756",
      "cand-4106d658",
      "cand-bf2319b1",
      "cand-1be3a1ed",
      "cand-ec8276d1",
      "cand-66da2fad",
      "cand-10487d69",
      "cand-a0b082a6",
      "cand-e1c37158",
      "cand-3924bc09",
      "cand-c5a37a36",
      "cand-9f921b3b",
      "cand-976660f2",
      "cand-1fd659d1",
      "cand-1ebe3284",
      "cand-a05583cb",
      "cand-68e1f6c0",
      "cand-939bafa7",
      "cand-5dfb966e",
      "cand-ec9d7a77",
      "cand-c9bd8a69",
      "cand-cad467d1",
      "cand-30ca4ecf",
      "cand-274a3d78",
      "cand-8f6a1544",
      "cand-be21675f",
      "cand-17c07e8f",
      "cand-60166f81",
      "cand-8f82de94",
      "cand-42460886",
      "cand-9295e93d",
      "cand-5a54f71c",
      "cand-a12eacdf",
      "cand-5b236726",
      "cand-dbfe05b6",
      "cand-eb4f9103",
      "cand-294a8337",
      "cand-54d331f7",
      "cand-303f93be",
      "cand-64ceccd8",
      "cand-82301049",
      "cand-cb926322",
      "cand-9740ccd3",
      "cand-45f69d7a",
      "cand-8195e18c",
      "cand-9ad02865",
      "cand-b0561318",
      "cand-77645d5d",
      "cand-3913b48a",
      "cand-d8c529f0",
      "cand-3e0617a5",
      "cand-796b47d8",
      "cand-da5bc8a6",
      "cand-6385aa99",
      "cand-ce0fb6b8",
      "cand-f53efe87",
      "cand-541078ba",
      "cand-102cde43",
      "cand-99a518c8",
      "cand-45eae1ed",
      "cand-5fa9bbca",
      "cand-58a6bc67",
      "cand-e2e95d0b",
      "cand-e7d44996",
      "cand-4fd1f661",
      "cand-f8a32482",
      "cand-65221fbc",
      "cand-0dcbc429",
      "cand-7237f414",
      "cand-13ab4eb7",
      "cand-03a62626",
      "cand-74403bc5",
      "cand-08afa655",
      "cand-8fc0ffa2",
      "cand-6b8a91fa",
      "cand-6b160ae4",
      "cand-e4ab8440",
      "cand-292c094d",
      "cand-bf066e31",
      "cand-bf45bffc",
      "cand-33777180",
      "cand-67548c32",
      "cand-af1ed124",
      "cand-fd3f325b",
      "cand-e8320fab",
      "cand-51877b36",
      "cand-f80d7394",
      "cand-d2b04e0c",
      "cand-d865401d",
      "cand-c2337d4e",
      "cand-bd0f8191",
      "cand-2e68882f",
      "cand-94bc57ed",
      "cand-93a15ca5",
      "cand-197cf126",
      "cand-4e21422c",
      "cand-cc3ed2d8",
      "cand-ad84fefa",
      "cand-e3e4e13a",
      "cand-6d2901b8",
      "cand-c7985187",
      "cand-a3fa7fcf",
      "cand-2181b4f2",
      "cand-e803ef34",
      "cand-cc7eb308",
      "cand-8c710851",
      "cand-8045892e",
      "cand-17273829",
      "cand-e3d89e08",
      "cand-118d9dbb",
      "cand-1a318968",
      "cand-5665b571",
      "cand-80f55e73",
      "cand-74341bb6",
      "cand-6a470e0a",
      "cand-bac89ce5",
      "cand-9a0a92b6",
      "cand-91ef422b",
      "cand-63b039ec",
      "cand-5f4ecea5",
      "cand-eb5c0c9f",
      "cand-f7398180",
      "cand-b8e26ed1",
      "cand-97e78627",
      "cand-8cfb97d5",
      "cand-2c409867",
      "cand-990db2d3",
      "cand-d3505cb8",
      "cand-c99b76d2",
      "cand-49bf1eca"
    ],
    "recentProblemKinds": [
      "pine_preflight_fail",
      "pine_preflight_fail",
      "pine_preflight_fail",
      "local_backtest_fail",
      "local_backtest_fail"
    ],
    "recentRepairResults": [
      {
        "repairKind": "pine_source_repair",
        "result": "success",
        "repairedCandidateId": "cand-990db2d3",
        "summary": "Applied deterministic time-boxed preflight repair after blocking sparse event-source issues."
      },
      {
        "repairKind": "pine_source_repair",
        "result": "success",
        "repairedCandidateId": "cand-d3505cb8",
        "summary": "Applied deterministic time-boxed preflight repair after blocking sparse event-source issues."
      },
      {
        "repairKind": "pine_source_repair",
        "result": "success",
        "repairedCandidateId": "cand-c99b76d2",
        "summary": "Applied deterministic time-boxed preflight repair after blocking sparse event-source issues."
      },
      {
        "repairKind": "pine_source_repair",
        "result": "success",
        "repairedCandidateId": "cand-42666d55",
        "summary": "Applied deterministic time-boxed preflight repair after blocking sparse event-source issues."
      },
      {
        "repairKind": "risk_logic_repair",
        "result": "success",
        "repairedCandidateId": "cand-49bf1eca",
        "summary": "Requested risk_logic_repair after local_backtest_fail."
      }
    ],
    "scoreFeedbackObserved": true,
    "stage6Readiness": {
      "generatedAt": "2026-04-30T05:22:53.680Z",
      "evaluated": true,
      "passed": true,
      "mode": "deterministic",
      "countRequested": 10,
      "countCompleted": 10,
      "countFailed": 0,
      "activeChampionCandidateId": "cand-a64e2088",
      "freshBootstrapPassed": true,
      "multiIterationPassed": true,
      "rootIsolationPassed": true,
      "repairTraceabilityPassed": true,
      "calibrationQueuePassed": true,
      "scoreFeedbackPassed": true,
      "feedbackClosureRequired": false,
      "calibrationMode": "queue_only",
      "ledgerValidationPassed": true,
      "indexVerificationPassed": true,
      "rootIsolationStatus": {
        "status": "passed",
        "customStateRoot": "C:\\Users\\hanji\\AppData\\Local\\Temp\\af-stage6-state-YAZZ8Y",
        "defaultWorkspaceStateRoot": "C:\\Users\\hanji\\AppData\\Local\\Temp\\af-stage6-workspace-Nnkt1H\\state\\pi-autoresearch",
        "customContextExists": true,
        "defaultWorkspaceStateHasArtifacts": false
      },
      "repairTraceabilityStatus": {
        "status": "passed",
        "successfulRepairCount": 10,
        "successfulRepairsWithoutCandidateCount": 0
      },
      "feedbackClosureStatus": {
        "status": "passed",
        "required": false,
        "promptFeedbackObserved": true,
        "scoreBreakdownFeedbackObserved": false,
        "divergenceCount": 0,
        "confidenceUpdateCount": 0
      },
      "evidence": {
        "tempWorkspaceRoot": null,
        "tempStateRoot": null,
        "localEvaluationCount": 19,
        "headEventCount": 2,
        "archiveEventCount": 11,
        "calibrationEventCount": 2,
        "mutationBriefCount": 18,
        "problemEventCount": 18,
        "repairAttemptCount": 10,
        "deadlineBreachCount": 0
      },
      "warnings": []
    },
    "lastStage6GatePassed": true,
    "rootIsolationStatus": {
      "status": "passed",
      "customStateRoot": "C:\\Users\\hanji\\AppData\\Local\\Temp\\af-stage6-state-YAZZ8Y",
      "defaultWorkspaceStateRoot": "C:\\Users\\hanji\\AppData\\Local\\Temp\\af-stage6-workspace-Nnkt1H\\state\\pi-autoresearch",
      "customContextExists": true,
      "defaultWorkspaceStateHasArtifacts": false
    },
    "repairTraceabilityStatus": {
      "status": "passed",
      "successfulRepairCount": 10,
      "successfulRepairsWithoutCandidateCount": 0
    },
    "feedbackClosureStatus": {
      "status": "passed",
      "required": false,
      "promptFeedbackObserved": true,
      "scoreBreakdownFeedbackObserved": false,
      "divergenceCount": 0,
      "confidenceUpdateCount": 0
    },
    "nextPlannedAction": "local_compatibility_repair",
    "loopMode": "local-first",
    "defaultOperationalView": "v3_autonomous_local_first",
    "projectRoot": "C:\\Users\\hanji\\Desktop\\AF",
    "workspaceRoot": "C:\\Users\\hanji\\Desktop\\AF",
    "stateRoot": "C:\\Users\\hanji\\Desktop\\AF\\state\\pi-autoresearch",
    "traceRoot": "C:\\Users\\hanji\\Desktop\\AF\\state\\pi-autoresearch\\traces",
    "artifactRoot": "C:\\Users\\hanji\\Desktop\\AF\\state\\pi-autoresearch\\artifacts",
    "evidenceRoot": "C:\\Users\\hanji\\Desktop\\AF\\state\\pi-autoresearch\\evidence",
    "runtimeRoot": "C:\\Users\\hanji\\Desktop\\AF\\state\\pi-autoresearch\\runtime",
    "tvVerificationCount": 28,
    "tvHealth": "unavailable",
    "calibrationAutoProcess": false,
    "calibrationMode": "queue_only",
    "lastTvSurfaceFailure": {
      "candidateId": "cand-c6235b65",
      "decision": "tv_surface_failure",
      "iteration": 279,
      "tvCalibrationStatus": "surface_failure",
      "recordedAt": "2026-04-29T18:46:19.526Z"
    },
    "humanOverride": false
  },
  "tracePath": "C:\\Users\\hanji\\Desktop\\AF\\state\\pi-autoresearch\\traces\\run-autonomous-loop-2026-05-01T00-41-07-636Z-trace-faab1016.jsonl"
}
[2026-05-01T09:45:07.6343000+09:00] iteration 6: run-autonomous-loop exit=0
[2026-05-01T09:45:07.6343000+09:00] iteration 6: validate-ledger start
??injected env (11) from .env // tip: ??enable debugging { debug: true }
[ledger.validation] validate-ledger | Ledger validation completed | 2026-05-01T00:45:11.007Z
{
  "ok": true,
  "errorCount": 0,
  "warningCount": 6,
  "issues": [
    {
      "severity": "warning",
      "scope": "experiment-record-meta",
      "recordId": "cand-f918d6d8",
      "message": "recordHash does not match the serialized experiment record."
    },
    {
      "severity": "warning",
      "scope": "experiment-record-meta",
      "recordId": "cand-3f99a396",
      "message": "recordHash does not match the serialized experiment record."
    },
    {
      "severity": "warning",
      "scope": "experiment-record-meta",
      "recordId": "cand-93a71a19",
      "message": "recordHash does not match the serialized experiment record."
    },
    {
      "severity": "warning",
      "scope": "experiment-record-meta",
      "recordId": "cand-560e2d3b",
      "message": "recordHash does not match the serialized experiment record."
    },
    {
      "severity": "warning",
      "scope": "experiment-record-meta",
      "recordId": "cand-24b4021d",
      "message": "recordHash does not match the serialized experiment record."
    },
    {
      "severity": "warning",
      "scope": "candidate-dedup",
      "recordId": "bfee8f4eb7eabba2047b8b2270beef764a3942811cda8134d75c15c171c0c26a",
      "message": "Duplicate candidate source hash detected across ids: cand-2a5e6ffe, cand-51397d04, cand-9cbc4c5f, cand-a93778fa, cand-bbb67c15, cand-fdc1ae65"
    }
  ],
  "summary": {
    "experiments": 594,
    "candidates": 544,
    "taskBatches": 131
  },
  "stateRoot": "C:\\Users\\hanji\\Desktop\\AF\\state\\pi-autoresearch",
  "tracePath": "C:\\Users\\hanji\\Desktop\\AF\\state\\pi-autoresearch\\traces\\validate-ledger-2026-05-01T00-45-07-861Z-trace-420f248f.jsonl"
}
[2026-05-01T09:45:11.0862716+09:00] iteration 6: validate-ledger exit=0
[2026-05-01T09:45:11.0874521+09:00] iteration 6: rebuild-indexes --verify start
??injected env (11) from .env // tip: ??enable debugging { debug: true }
[?몃뜳???ъ깮???쒖옉] ?몃뜳???ъ깮??| ?뚯깮 ?몃뜳?ㅻ? ?ъ깮?깊빀?덈떎. state: C:\Users\hanji\Desktop\AF\state\pi-autoresearch | 2026-05-01T00:45:13.073Z
[?몃뜳???ъ깮???꾨즺] ?몃뜳???ъ깮??| ?뚯깮 ?몃뜳???ъ깮?깆쓣 留덉낀?듬땲?? state: C:\Users\hanji\Desktop\AF\state\pi-autoresearch | 2026-05-01T00:45:22.635Z
{
  "rebuilt": true,
  "stateRoot": "C:\\Users\\hanji\\Desktop\\AF\\state\\pi-autoresearch",
  "autonomousState": {
    "generatedAt": "2026-05-01T00:45:16.607Z",
    "activeChampionCandidateId": "cand-42ed2fa4",
    "activeChampionScore": 0.7879,
    "activeChampionDecision": "local_candidate_eligible",
    "championOrigin": "autonomous",
    "researchMaturity": "steady_state",
    "selectedBy": "auto_policy",
    "selectionPolicyVersion": "autonomous-local-first/v3-p0",
    "objectivePolicyVersion": "objective.qqq-120m/v1",
    "headEventCount": 2,
    "archiveEventCount": 286,
    "calibrationEventCount": 300,
    "calibrationCandidateCount": 272,
    "divergenceCount": 27,
    "localConfidenceUpdateCount": 27,
    "problemEventCount": 193,
    "repairAttemptCount": 94,
    "localEvaluationCount": 374,
    "localEligibleCount": 211,
    "bootstrapCompatibleCount": 0,
    "bootstrapEligibleCount": 0,
    "bootstrapStatus": "not_started",
    "bootstrapSource": null,
    "bootstrapReason": null,
    "localRejectedCount": 158,
    "topBlockingReason": "low_trade_count",
    "pendingCalibrationCandidateCount": 244,
    "pendingCalibrationCandidateIds": [
      "cand-0e6a0180",
      "cand-9f33e80b",
      "cand-772d8a1e",
      "cand-f28d2e01",
      "cand-9a5dbcc7",
      "cand-b01be933",
      "cand-0a692f84",
      "cand-4f8faae3",
      "cand-35a74bba",
      "cand-c6b25611",
      "cand-ccdae17b",
      "cand-b8102dcd",
      "cand-8a1fe27b",
      "cand-ebbdd6a9",
      "cand-80dfaaa1",
      "cand-03f30a70",
      "cand-2f290563",
      "cand-e76cded5",
      "cand-710d8bc6",
      "cand-dd7e63cf",
      "cand-949bf032",
      "cand-b14595e0",
      "cand-90dc4ec3",
      "cand-f1103886",
      "cand-77224b87",
      "cand-55f47b32",
      "cand-cb18c54a",
      "cand-8a1a7cf2",
      "cand-db12aa7d",
      "cand-eb3175fc",
      "cand-ce89005b",
      "cand-b333865d",
      "cand-14f5f8ff",
      "cand-87a7fa06",
      "cand-609d9f19",
      "cand-09a0ae17",
      "cand-fbb3fb78",
      "cand-7bff0c1a",
      "cand-6e976c42",
      "cand-eaf67b92",
      "cand-ea5075a8",
      "cand-c0d6f969",
      "cand-946579c0",
      "cand-1638111b",
      "cand-840b49c0",
      "cand-a1b63e8c",
      "cand-d3fa966c",
      "cand-af6ef21e",
      "cand-c5832df6",
      "cand-57321a8c",
      "cand-3004b0f8",
      "cand-00644032",
      "cand-6272ab0f",
      "cand-7b341ad0",
      "cand-5c90b0de",
      "cand-350b7e7b",
      "cand-05218055",
      "cand-6ebbd52a",
      "cand-9edd626e",
      "cand-5d685d8a",
      "cand-addb3d5a",
      "cand-1a03e904",
      "cand-935b6a7d",
      "cand-11e460d8",
      "cand-58484f09",
      "cand-c3549cdc",
      "cand-e000c048",
      "cand-5927e5ca",
      "cand-7ae4d6eb",
      "cand-bd3c959f",
      "cand-ad98c7fd",
      "cand-a3456179",
      "cand-fa19c7db",
      "cand-8211114e",
      "cand-737e8acc",
      "cand-9ae5abb8",
      "cand-f68c494c",
      "cand-0cb06744",
      "cand-c4540c5e",
      "cand-887ba798",
      "cand-334ff9ed",
      "cand-1e7bb092",
      "cand-940106ac",
      "cand-b1575fba",
      "cand-1c1cb560",
      "cand-2ba5ca56",
      "cand-4e158d7d",
      "cand-ee1867a5",
      "cand-ccf655ee",
      "cand-2f2f67f1",
      "cand-dd0d4883",
      "cand-9e390b78",
      "cand-2b509e63",
      "cand-a42bb737",
      "cand-ba65a405",
      "cand-95b5fcb4",
      "cand-c1decc14",
      "cand-fad40100",
      "cand-3d99c3c3",
      "cand-ed6ed300",
      "cand-36473405",
      "cand-32556840",
      "cand-056beb3f",
      "cand-fef34f1d",
      "cand-4e58abee",
      "cand-6c095f1d",
      "cand-72fdbd0a",
      "cand-1a73f98c",
      "cand-60e5fb9a",
      "cand-fbd6e1cd",
      "cand-6fa9e64c",
      "cand-b3ce6dfd",
      "cand-d7b18242",
      "cand-cddf1147",
      "cand-a2b17756",
      "cand-4106d658",
      "cand-bf2319b1",
      "cand-1be3a1ed",
      "cand-ec8276d1",
      "cand-66da2fad",
      "cand-10487d69",
      "cand-a0b082a6",
      "cand-e1c37158",
      "cand-3924bc09",
      "cand-c5a37a36",
      "cand-9f921b3b",
      "cand-976660f2",
      "cand-1fd659d1",
      "cand-1ebe3284",
      "cand-a05583cb",
      "cand-68e1f6c0",
      "cand-939bafa7",
      "cand-5dfb966e",
      "cand-ec9d7a77",
      "cand-c9bd8a69",
      "cand-cad467d1",
      "cand-30ca4ecf",
      "cand-274a3d78",
      "cand-8f6a1544",
      "cand-be21675f",
      "cand-17c07e8f",
      "cand-60166f81",
      "cand-8f82de94",
      "cand-42460886",
      "cand-9295e93d",
      "cand-5a54f71c",
      "cand-a12eacdf",
      "cand-5b236726",
      "cand-dbfe05b6",
      "cand-eb4f9103",
      "cand-294a8337",
      "cand-54d331f7",
      "cand-303f93be",
      "cand-64ceccd8",
      "cand-82301049",
      "cand-cb926322",
      "cand-9740ccd3",
      "cand-45f69d7a",
      "cand-8195e18c",
      "cand-9ad02865",
      "cand-b0561318",
      "cand-77645d5d",
      "cand-3913b48a",
      "cand-d8c529f0",
      "cand-3e0617a5",
      "cand-796b47d8",
      "cand-da5bc8a6",
      "cand-6385aa99",
      "cand-ce0fb6b8",
      "cand-f53efe87",
      "cand-541078ba",
      "cand-102cde43",
      "cand-99a518c8",
      "cand-45eae1ed",
      "cand-5fa9bbca",
      "cand-58a6bc67",
      "cand-e2e95d0b",
      "cand-e7d44996",
      "cand-4fd1f661",
      "cand-f8a32482",
      "cand-65221fbc",
      "cand-0dcbc429",
      "cand-7237f414",
      "cand-13ab4eb7",
      "cand-03a62626",
      "cand-74403bc5",
      "cand-08afa655",
      "cand-8fc0ffa2",
      "cand-6b8a91fa",
      "cand-6b160ae4",
      "cand-e4ab8440",
      "cand-292c094d",
      "cand-bf066e31",
      "cand-bf45bffc",
      "cand-33777180",
      "cand-67548c32",
      "cand-af1ed124",
      "cand-fd3f325b",
      "cand-e8320fab",
      "cand-51877b36",
      "cand-f80d7394",
      "cand-d2b04e0c",
      "cand-d865401d",
      "cand-c2337d4e",
      "cand-bd0f8191",
      "cand-2e68882f",
      "cand-94bc57ed",
      "cand-93a15ca5",
      "cand-197cf126",
      "cand-4e21422c",
      "cand-cc3ed2d8",
      "cand-ad84fefa",
      "cand-e3e4e13a",
      "cand-6d2901b8",
      "cand-c7985187",
      "cand-a3fa7fcf",
      "cand-2181b4f2",
      "cand-e803ef34",
      "cand-cc7eb308",
      "cand-8c710851",
      "cand-8045892e",
      "cand-17273829",
      "cand-e3d89e08",
      "cand-118d9dbb",
      "cand-1a318968",
      "cand-5665b571",
      "cand-80f55e73",
      "cand-74341bb6",
      "cand-6a470e0a",
      "cand-bac89ce5",
      "cand-9a0a92b6",
      "cand-91ef422b",
      "cand-63b039ec",
      "cand-5f4ecea5",
      "cand-eb5c0c9f",
      "cand-f7398180",
      "cand-b8e26ed1",
      "cand-97e78627",
      "cand-8cfb97d5",
      "cand-2c409867",
      "cand-990db2d3",
      "cand-d3505cb8",
      "cand-c99b76d2",
      "cand-49bf1eca"
    ],
    "recentProblemKinds": [
      "pine_preflight_fail",
      "pine_preflight_fail",
      "pine_preflight_fail",
      "local_backtest_fail",
      "local_backtest_fail"
    ],
    "recentRepairResults": [
      {
        "repairKind": "pine_source_repair",
        "result": "success",
        "repairedCandidateId": "cand-990db2d3",
        "summary": "Applied deterministic time-boxed preflight repair after blocking sparse event-source issues."
      },
      {
        "repairKind": "pine_source_repair",
        "result": "success",
        "repairedCandidateId": "cand-d3505cb8",
        "summary": "Applied deterministic time-boxed preflight repair after blocking sparse event-source issues."
      },
      {
        "repairKind": "pine_source_repair",
        "result": "success",
        "repairedCandidateId": "cand-c99b76d2",
        "summary": "Applied deterministic time-boxed preflight repair after blocking sparse event-source issues."
      },
      {
        "repairKind": "pine_source_repair",
        "result": "success",
        "repairedCandidateId": "cand-42666d55",
        "summary": "Applied deterministic time-boxed preflight repair after blocking sparse event-source issues."
      },
      {
        "repairKind": "risk_logic_repair",
        "result": "success",
        "repairedCandidateId": "cand-49bf1eca",
        "summary": "Requested risk_logic_repair after local_backtest_fail."
      }
    ],
    "scoreFeedbackObserved": true,
    "stage6Readiness": {
      "generatedAt": "2026-04-30T05:22:53.680Z",
      "evaluated": true,
      "passed": true,
      "mode": "deterministic",
      "countRequested": 10,
      "countCompleted": 10,
      "countFailed": 0,
      "activeChampionCandidateId": "cand-a64e2088",
      "freshBootstrapPassed": true,
      "multiIterationPassed": true,
      "rootIsolationPassed": true,
      "repairTraceabilityPassed": true,
      "calibrationQueuePassed": true,
      "scoreFeedbackPassed": true,
      "feedbackClosureRequired": false,
      "calibrationMode": "queue_only",
      "ledgerValidationPassed": true,
      "indexVerificationPassed": true,
      "rootIsolationStatus": {
        "status": "passed",
        "customStateRoot": "C:\\Users\\hanji\\AppData\\Local\\Temp\\af-stage6-state-YAZZ8Y",
        "defaultWorkspaceStateRoot": "C:\\Users\\hanji\\AppData\\Local\\Temp\\af-stage6-workspace-Nnkt1H\\state\\pi-autoresearch",
        "customContextExists": true,
        "defaultWorkspaceStateHasArtifacts": false
      },
      "repairTraceabilityStatus": {
        "status": "passed",
        "successfulRepairCount": 10,
        "successfulRepairsWithoutCandidateCount": 0
      },
      "feedbackClosureStatus": {
        "status": "passed",
        "required": false,
        "promptFeedbackObserved": true,
        "scoreBreakdownFeedbackObserved": false,
        "divergenceCount": 0,
        "confidenceUpdateCount": 0
      },
      "evidence": {
        "tempWorkspaceRoot": null,
        "tempStateRoot": null,
        "localEvaluationCount": 19,
        "headEventCount": 2,
        "archiveEventCount": 11,
        "calibrationEventCount": 2,
        "mutationBriefCount": 18,
        "problemEventCount": 18,
        "repairAttemptCount": 10,
        "deadlineBreachCount": 0
      },
      "warnings": []
    },
    "lastStage6GatePassed": true,
    "rootIsolationStatus": {
      "status": "passed",
      "customStateRoot": "C:\\Users\\hanji\\AppData\\Local\\Temp\\af-stage6-state-YAZZ8Y",
      "defaultWorkspaceStateRoot": "C:\\Users\\hanji\\AppData\\Local\\Temp\\af-stage6-workspace-Nnkt1H\\state\\pi-autoresearch",
      "customContextExists": true,
      "defaultWorkspaceStateHasArtifacts": false
    },
    "repairTraceabilityStatus": {
      "status": "passed",
      "successfulRepairCount": 10,
      "successfulRepairsWithoutCandidateCount": 0
    },
    "feedbackClosureStatus": {
      "status": "passed",
      "required": false,
      "promptFeedbackObserved": true,
      "scoreBreakdownFeedbackObserved": false,
      "divergenceCount": 0,
      "confidenceUpdateCount": 0
    },
    "nextPlannedAction": "local_compatibility_repair",
    "loopMode": "local-first",
    "defaultOperationalView": "v3_autonomous_local_first",
    "projectRoot": "C:\\Users\\hanji\\Desktop\\AF",
    "workspaceRoot": "C:\\Users\\hanji\\Desktop\\AF",
    "stateRoot": "C:\\Users\\hanji\\Desktop\\AF\\state\\pi-autoresearch",
    "traceRoot": "C:\\Users\\hanji\\Desktop\\AF\\state\\pi-autoresearch\\traces",
    "artifactRoot": "C:\\Users\\hanji\\Desktop\\AF\\state\\pi-autoresearch\\artifacts",
    "evidenceRoot": "C:\\Users\\hanji\\Desktop\\AF\\state\\pi-autoresearch\\evidence",
    "runtimeRoot": "C:\\Users\\hanji\\Desktop\\AF\\state\\pi-autoresearch\\runtime",
    "tvVerificationCount": 28,
    "tvHealth": "unavailable",
    "calibrationAutoProcess": false,
    "calibrationMode": "queue_only",
    "lastTvSurfaceFailure": {
      "candidateId": "cand-c6235b65",
      "decision": "tv_surface_failure",
      "iteration": 279,
      "tvCalibrationStatus": "surface_failure",
      "recordedAt": "2026-04-29T18:46:19.526Z"
    },
    "humanOverride": false
  },
  "verification": {
    "ok": true,
    "issues": []
  },
  "tracePath": "C:\\Users\\hanji\\Desktop\\AF\\state\\pi-autoresearch\\traces\\rebuild-indexes-2026-05-01T00-45-11-312Z-trace-b1ae1446.jsonl"
}
[2026-05-01T09:45:22.8107052+09:00] iteration 6: rebuild-indexes --verify exit=0
[2026-05-01T09:45:32.8156793+09:00] iteration 7: run-autonomous-loop start
??injected env (11) from .env // tip: ??suppress logs { quiet: true }
[autonomous.loop.start] run-autonomous-loop | Starting autonomous local-first loop | 2026-05-01T00:45:33.068Z
[iteration.started] run-autonomous-loop | Starting autonomous iteration | 2026-05-01T00:45:33.070Z
[phase.started] run-autonomous-loop | Initializing autonomous workspace | 2026-05-01T00:45:33.072Z
[phase.completed] run-autonomous-loop | Initializing autonomous workspace | 2026-05-01T00:45:34.856Z
[phase.started] run-autonomous-loop | Generating autonomous mutation candidate | 2026-05-01T00:45:36.075Z
[autonomous.mutation.request] run-autonomous-loop | Sending autonomous mutation request | 2026-05-01T00:45:36.076Z
[autonomous.mutation.preflight_blocked] run-autonomous-loop | Pine ?앹꽦 ?ъ쟾 ?먭??먯꽌 李⑤떒 ?댁뒋瑜?諛쒓껄?덉뒿?덈떎. | 2026-05-01T00:47:32.568Z
[autonomous.mutation.preflight_deterministic_repair] run-autonomous-loop | Applied deterministic time-boxed mutation preflight repair | 2026-05-01T00:47:32.574Z
[phase.completed] run-autonomous-loop | Generating autonomous mutation candidate | 2026-05-01T00:47:32.582Z
[phase.started] run-autonomous-loop | Evaluating autonomous candidate locally | 2026-05-01T00:47:32.583Z
[autonomous.market_context_ready] run-autonomous-loop | Local-first market context is ready | 2026-05-01T00:47:32.589Z
[autonomous.local_evaluation] run-autonomous-loop | Local autonomous evaluation completed | 2026-05-01T00:47:32.666Z
[phase.completed] run-autonomous-loop | Evaluating autonomous candidate locally | 2026-05-01T00:47:32.696Z
[phase.started] run-autonomous-loop | Updating autonomous archive views | 2026-05-01T00:47:32.699Z
[phase.completed] run-autonomous-loop | Updating autonomous archive views | 2026-05-01T00:47:32.702Z
[phase.started] run-autonomous-loop | Queueing candidate for TradingView calibration | 2026-05-01T00:47:32.702Z
[phase.completed] run-autonomous-loop | Queueing candidate for TradingView calibration | 2026-05-01T00:47:32.705Z
[phase.started] run-autonomous-loop | Selecting active autonomous champion | 2026-05-01T00:47:33.647Z
[phase.completed] run-autonomous-loop | Selecting active autonomous champion | 2026-05-01T00:47:34.158Z
[phase.started] run-autonomous-loop | Rebuilding derived autonomous views | 2026-05-01T00:47:34.162Z
[phase.completed] run-autonomous-loop | Rebuilding derived autonomous views | 2026-05-01T00:47:35.973Z
[iteration.completed] run-autonomous-loop | Autonomous iteration completed | 2026-05-01T00:47:35.973Z
{
  "countRequested": 1,
  "countCompleted": 1,
  "countFailed": 0,
  "results": [
    {
      "runId": "autonomous-1777596333071",
      "iteration": 595,
      "candidateId": "cand-a32fd47a",
      "localDecision": "local_candidate_eligible",
      "activeChampionChanged": false,
      "activeChampionCandidateId": "cand-42ed2fa4"
    }
  ],
  "deadlineBreaches": [],
  "autonomousState": {
    "generatedAt": "2026-05-01T00:47:37.654Z",
    "activeChampionCandidateId": "cand-42ed2fa4",
    "activeChampionScore": 0.7879,
    "activeChampionDecision": "local_candidate_eligible",
    "championOrigin": "autonomous",
    "researchMaturity": "steady_state",
    "selectedBy": "auto_policy",
    "selectionPolicyVersion": "autonomous-local-first/v3-p0",
    "objectivePolicyVersion": "objective.qqq-120m/v1",
    "headEventCount": 2,
    "archiveEventCount": 287,
    "calibrationEventCount": 301,
    "calibrationCandidateCount": 273,
    "divergenceCount": 27,
    "localConfidenceUpdateCount": 27,
    "problemEventCount": 194,
    "repairAttemptCount": 95,
    "localEvaluationCount": 375,
    "localEligibleCount": 212,
    "bootstrapCompatibleCount": 0,
    "bootstrapEligibleCount": 0,
    "bootstrapStatus": "not_started",
    "bootstrapSource": null,
    "bootstrapReason": null,
    "localRejectedCount": 158,
    "topBlockingReason": "low_trade_count",
    "pendingCalibrationCandidateCount": 245,
    "pendingCalibrationCandidateIds": [
      "cand-0e6a0180",
      "cand-9f33e80b",
      "cand-772d8a1e",
      "cand-f28d2e01",
      "cand-9a5dbcc7",
      "cand-b01be933",
      "cand-0a692f84",
      "cand-4f8faae3",
      "cand-35a74bba",
      "cand-c6b25611",
      "cand-ccdae17b",
      "cand-b8102dcd",
      "cand-8a1fe27b",
      "cand-ebbdd6a9",
      "cand-80dfaaa1",
      "cand-03f30a70",
      "cand-2f290563",
      "cand-e76cded5",
      "cand-710d8bc6",
      "cand-dd7e63cf",
      "cand-949bf032",
      "cand-b14595e0",
      "cand-90dc4ec3",
      "cand-f1103886",
      "cand-77224b87",
      "cand-55f47b32",
      "cand-cb18c54a",
      "cand-8a1a7cf2",
      "cand-db12aa7d",
      "cand-eb3175fc",
      "cand-ce89005b",
      "cand-b333865d",
      "cand-14f5f8ff",
      "cand-87a7fa06",
      "cand-609d9f19",
      "cand-09a0ae17",
      "cand-fbb3fb78",
      "cand-7bff0c1a",
      "cand-6e976c42",
      "cand-eaf67b92",
      "cand-ea5075a8",
      "cand-c0d6f969",
      "cand-946579c0",
      "cand-1638111b",
      "cand-840b49c0",
      "cand-a1b63e8c",
      "cand-d3fa966c",
      "cand-af6ef21e",
      "cand-c5832df6",
      "cand-57321a8c",
      "cand-3004b0f8",
      "cand-00644032",
      "cand-6272ab0f",
      "cand-7b341ad0",
      "cand-5c90b0de",
      "cand-350b7e7b",
      "cand-05218055",
      "cand-6ebbd52a",
      "cand-9edd626e",
      "cand-5d685d8a",
      "cand-addb3d5a",
      "cand-1a03e904",
      "cand-935b6a7d",
      "cand-11e460d8",
      "cand-58484f09",
      "cand-c3549cdc",
      "cand-e000c048",
      "cand-5927e5ca",
      "cand-7ae4d6eb",
      "cand-bd3c959f",
      "cand-ad98c7fd",
      "cand-a3456179",
      "cand-fa19c7db",
      "cand-8211114e",
      "cand-737e8acc",
      "cand-9ae5abb8",
      "cand-f68c494c",
      "cand-0cb06744",
      "cand-c4540c5e",
      "cand-887ba798",
      "cand-334ff9ed",
      "cand-1e7bb092",
      "cand-940106ac",
      "cand-b1575fba",
      "cand-1c1cb560",
      "cand-2ba5ca56",
      "cand-4e158d7d",
      "cand-ee1867a5",
      "cand-ccf655ee",
      "cand-2f2f67f1",
      "cand-dd0d4883",
      "cand-9e390b78",
      "cand-2b509e63",
      "cand-a42bb737",
      "cand-ba65a405",
      "cand-95b5fcb4",
      "cand-c1decc14",
      "cand-fad40100",
      "cand-3d99c3c3",
      "cand-ed6ed300",
      "cand-36473405",
      "cand-32556840",
      "cand-056beb3f",
      "cand-fef34f1d",
      "cand-4e58abee",
      "cand-6c095f1d",
      "cand-72fdbd0a",
      "cand-1a73f98c",
      "cand-60e5fb9a",
      "cand-fbd6e1cd",
      "cand-6fa9e64c",
      "cand-b3ce6dfd",
      "cand-d7b18242",
      "cand-cddf1147",
      "cand-a2b17756",
      "cand-4106d658",
      "cand-bf2319b1",
      "cand-1be3a1ed",
      "cand-ec8276d1",
      "cand-66da2fad",
      "cand-10487d69",
      "cand-a0b082a6",
      "cand-e1c37158",
      "cand-3924bc09",
      "cand-c5a37a36",
      "cand-9f921b3b",
      "cand-976660f2",
      "cand-1fd659d1",
      "cand-1ebe3284",
      "cand-a05583cb",
      "cand-68e1f6c0",
      "cand-939bafa7",
      "cand-5dfb966e",
      "cand-ec9d7a77",
      "cand-c9bd8a69",
      "cand-cad467d1",
      "cand-30ca4ecf",
      "cand-274a3d78",
      "cand-8f6a1544",
      "cand-be21675f",
      "cand-17c07e8f",
      "cand-60166f81",
      "cand-8f82de94",
      "cand-42460886",
      "cand-9295e93d",
      "cand-5a54f71c",
      "cand-a12eacdf",
      "cand-5b236726",
      "cand-dbfe05b6",
      "cand-eb4f9103",
      "cand-294a8337",
      "cand-54d331f7",
      "cand-303f93be",
      "cand-64ceccd8",
      "cand-82301049",
      "cand-cb926322",
      "cand-9740ccd3",
      "cand-45f69d7a",
      "cand-8195e18c",
      "cand-9ad02865",
      "cand-b0561318",
      "cand-77645d5d",
      "cand-3913b48a",
      "cand-d8c529f0",
      "cand-3e0617a5",
      "cand-796b47d8",
      "cand-da5bc8a6",
      "cand-6385aa99",
      "cand-ce0fb6b8",
      "cand-f53efe87",
      "cand-541078ba",
      "cand-102cde43",
      "cand-99a518c8",
      "cand-45eae1ed",
      "cand-5fa9bbca",
      "cand-58a6bc67",
      "cand-e2e95d0b",
      "cand-e7d44996",
      "cand-4fd1f661",
      "cand-f8a32482",
      "cand-65221fbc",
      "cand-0dcbc429",
      "cand-7237f414",
      "cand-13ab4eb7",
      "cand-03a62626",
      "cand-74403bc5",
      "cand-08afa655",
      "cand-8fc0ffa2",
      "cand-6b8a91fa",
      "cand-6b160ae4",
      "cand-e4ab8440",
      "cand-292c094d",
      "cand-bf066e31",
      "cand-bf45bffc",
      "cand-33777180",
      "cand-67548c32",
      "cand-af1ed124",
      "cand-fd3f325b",
      "cand-e8320fab",
      "cand-51877b36",
      "cand-f80d7394",
      "cand-d2b04e0c",
      "cand-d865401d",
      "cand-c2337d4e",
      "cand-bd0f8191",
      "cand-2e68882f",
      "cand-94bc57ed",
      "cand-93a15ca5",
      "cand-197cf126",
      "cand-4e21422c",
      "cand-cc3ed2d8",
      "cand-ad84fefa",
      "cand-e3e4e13a",
      "cand-6d2901b8",
      "cand-c7985187",
      "cand-a3fa7fcf",
      "cand-2181b4f2",
      "cand-e803ef34",
      "cand-cc7eb308",
      "cand-8c710851",
      "cand-8045892e",
      "cand-17273829",
      "cand-e3d89e08",
      "cand-118d9dbb",
      "cand-1a318968",
      "cand-5665b571",
      "cand-80f55e73",
      "cand-74341bb6",
      "cand-6a470e0a",
      "cand-bac89ce5",
      "cand-9a0a92b6",
      "cand-91ef422b",
      "cand-63b039ec",
      "cand-5f4ecea5",
      "cand-eb5c0c9f",
      "cand-f7398180",
      "cand-b8e26ed1",
      "cand-97e78627",
      "cand-8cfb97d5",
      "cand-2c409867",
      "cand-990db2d3",
      "cand-d3505cb8",
      "cand-c99b76d2",
      "cand-49bf1eca",
      "cand-a32fd47a"
    ],
    "recentProblemKinds": [
      "pine_preflight_fail",
      "pine_preflight_fail",
      "local_backtest_fail",
      "local_backtest_fail",
      "pine_preflight_fail"
    ],
    "recentRepairResults": [
      {
        "repairKind": "pine_source_repair",
        "result": "success",
        "repairedCandidateId": "cand-d3505cb8",
        "summary": "Applied deterministic time-boxed preflight repair after blocking sparse event-source issues."
      },
      {
        "repairKind": "pine_source_repair",
        "result": "success",
        "repairedCandidateId": "cand-c99b76d2",
        "summary": "Applied deterministic time-boxed preflight repair after blocking sparse event-source issues."
      },
      {
        "repairKind": "pine_source_repair",
        "result": "success",
        "repairedCandidateId": "cand-42666d55",
        "summary": "Applied deterministic time-boxed preflight repair after blocking sparse event-source issues."
      },
      {
        "repairKind": "risk_logic_repair",
        "result": "success",
        "repairedCandidateId": "cand-49bf1eca",
        "summary": "Requested risk_logic_repair after local_backtest_fail."
      },
      {
        "repairKind": "pine_source_repair",
        "result": "success",
        "repairedCandidateId": "cand-a32fd47a",
        "summary": "Applied deterministic time-boxed preflight repair after blocking sparse event-source issues."
      }
    ],
    "scoreFeedbackObserved": true,
    "stage6Readiness": {
      "generatedAt": "2026-04-30T05:22:53.680Z",
      "evaluated": true,
      "passed": true,
      "mode": "deterministic",
      "countRequested": 10,
      "countCompleted": 10,
      "countFailed": 0,
      "activeChampionCandidateId": "cand-a64e2088",
      "freshBootstrapPassed": true,
      "multiIterationPassed": true,
      "rootIsolationPassed": true,
      "repairTraceabilityPassed": true,
      "calibrationQueuePassed": true,
      "scoreFeedbackPassed": true,
      "feedbackClosureRequired": false,
      "calibrationMode": "queue_only",
      "ledgerValidationPassed": true,
      "indexVerificationPassed": true,
      "rootIsolationStatus": {
        "status": "passed",
        "customStateRoot": "C:\\Users\\hanji\\AppData\\Local\\Temp\\af-stage6-state-YAZZ8Y",
        "defaultWorkspaceStateRoot": "C:\\Users\\hanji\\AppData\\Local\\Temp\\af-stage6-workspace-Nnkt1H\\state\\pi-autoresearch",
        "customContextExists": true,
        "defaultWorkspaceStateHasArtifacts": false
      },
      "repairTraceabilityStatus": {
        "status": "passed",
        "successfulRepairCount": 10,
        "successfulRepairsWithoutCandidateCount": 0
      },
      "feedbackClosureStatus": {
        "status": "passed",
        "required": false,
        "promptFeedbackObserved": true,
        "scoreBreakdownFeedbackObserved": false,
        "divergenceCount": 0,
        "confidenceUpdateCount": 0
      },
      "evidence": {
        "tempWorkspaceRoot": null,
        "tempStateRoot": null,
        "localEvaluationCount": 19,
        "headEventCount": 2,
        "archiveEventCount": 11,
        "calibrationEventCount": 2,
        "mutationBriefCount": 18,
        "problemEventCount": 18,
        "repairAttemptCount": 10,
        "deadlineBreachCount": 0
      },
      "warnings": []
    },
    "lastStage6GatePassed": true,
    "rootIsolationStatus": {
      "status": "passed",
      "customStateRoot": "C:\\Users\\hanji\\AppData\\Local\\Temp\\af-stage6-state-YAZZ8Y",
      "defaultWorkspaceStateRoot": "C:\\Users\\hanji\\AppData\\Local\\Temp\\af-stage6-workspace-Nnkt1H\\state\\pi-autoresearch",
      "customContextExists": true,
      "defaultWorkspaceStateHasArtifacts": false
    },
    "repairTraceabilityStatus": {
      "status": "passed",
      "successfulRepairCount": 10,
      "successfulRepairsWithoutCandidateCount": 0
    },
    "feedbackClosureStatus": {
      "status": "passed",
      "required": false,
      "promptFeedbackObserved": true,
      "scoreBreakdownFeedbackObserved": false,
      "divergenceCount": 0,
      "confidenceUpdateCount": 0
    },
    "nextPlannedAction": "local_compatibility_repair",
    "loopMode": "local-first",
    "defaultOperationalView": "v3_autonomous_local_first",
    "projectRoot": "C:\\Users\\hanji\\Desktop\\AF",
    "workspaceRoot": "C:\\Users\\hanji\\Desktop\\AF",
    "stateRoot": "C:\\Users\\hanji\\Desktop\\AF\\state\\pi-autoresearch",
    "traceRoot": "C:\\Users\\hanji\\Desktop\\AF\\state\\pi-autoresearch\\traces",
    "artifactRoot": "C:\\Users\\hanji\\Desktop\\AF\\state\\pi-autoresearch\\artifacts",
    "evidenceRoot": "C:\\Users\\hanji\\Desktop\\AF\\state\\pi-autoresearch\\evidence",
    "runtimeRoot": "C:\\Users\\hanji\\Desktop\\AF\\state\\pi-autoresearch\\runtime",
    "tvVerificationCount": 28,
    "tvHealth": "unavailable",
    "calibrationAutoProcess": false,
    "calibrationMode": "queue_only",
    "lastTvSurfaceFailure": {
      "candidateId": "cand-c6235b65",
      "decision": "tv_surface_failure",
      "iteration": 279,
      "tvCalibrationStatus": "surface_failure",
      "recordedAt": "2026-04-29T18:46:19.526Z"
    },
    "humanOverride": false
  },
  "tracePath": "C:\\Users\\hanji\\Desktop\\AF\\state\\pi-autoresearch\\traces\\run-autonomous-loop-2026-05-01T00-45-33-068Z-trace-5ed05197.jsonl"
}
[2026-05-01T09:47:38.3023677+09:00] iteration 7: run-autonomous-loop exit=0
[2026-05-01T09:47:38.3035022+09:00] iteration 7: validate-ledger start
??injected env (11) from .env // tip: ??suppress logs { quiet: true }
[ledger.validation] validate-ledger | Ledger validation completed | 2026-05-01T00:47:41.626Z
{
  "ok": true,
  "errorCount": 0,
  "warningCount": 6,
  "issues": [
    {
      "severity": "warning",
      "scope": "experiment-record-meta",
      "recordId": "cand-f918d6d8",
      "message": "recordHash does not match the serialized experiment record."
    },
    {
      "severity": "warning",
      "scope": "experiment-record-meta",
      "recordId": "cand-3f99a396",
      "message": "recordHash does not match the serialized experiment record."
    },
    {
      "severity": "warning",
      "scope": "experiment-record-meta",
      "recordId": "cand-93a71a19",
      "message": "recordHash does not match the serialized experiment record."
    },
    {
      "severity": "warning",
      "scope": "experiment-record-meta",
      "recordId": "cand-560e2d3b",
      "message": "recordHash does not match the serialized experiment record."
    },
    {
      "severity": "warning",
      "scope": "experiment-record-meta",
      "recordId": "cand-24b4021d",
      "message": "recordHash does not match the serialized experiment record."
    },
    {
      "severity": "warning",
      "scope": "candidate-dedup",
      "recordId": "bfee8f4eb7eabba2047b8b2270beef764a3942811cda8134d75c15c171c0c26a",
      "message": "Duplicate candidate source hash detected across ids: cand-2a5e6ffe, cand-51397d04, cand-9cbc4c5f, cand-a93778fa, cand-bbb67c15, cand-fdc1ae65"
    }
  ],
  "summary": {
    "experiments": 595,
    "candidates": 545,
    "taskBatches": 131
  },
  "stateRoot": "C:\\Users\\hanji\\Desktop\\AF\\state\\pi-autoresearch",
  "tracePath": "C:\\Users\\hanji\\Desktop\\AF\\state\\pi-autoresearch\\traces\\validate-ledger-2026-05-01T00-47-38-542Z-trace-f20696f0.jsonl"
}
[2026-05-01T09:47:41.6869658+09:00] iteration 7: validate-ledger exit=0
[2026-05-01T09:47:41.6869658+09:00] iteration 7: rebuild-indexes --verify start
??injected env (11) from .env // tip: ??secrets for agents [www.dotenvx.com]
[?몃뜳???ъ깮???쒖옉] ?몃뜳???ъ깮??| ?뚯깮 ?몃뜳?ㅻ? ?ъ깮?깊빀?덈떎. state: C:\Users\hanji\Desktop\AF\state\pi-autoresearch | 2026-05-01T00:47:43.668Z
[?몃뜳???ъ깮???꾨즺] ?몃뜳???ъ깮??| ?뚯깮 ?몃뜳???ъ깮?깆쓣 留덉낀?듬땲?? state: C:\Users\hanji\Desktop\AF\state\pi-autoresearch | 2026-05-01T00:47:52.947Z
{
  "rebuilt": true,
  "stateRoot": "C:\\Users\\hanji\\Desktop\\AF\\state\\pi-autoresearch",
  "autonomousState": {
    "generatedAt": "2026-05-01T00:47:46.907Z",
    "activeChampionCandidateId": "cand-42ed2fa4",
    "activeChampionScore": 0.7879,
    "activeChampionDecision": "local_candidate_eligible",
    "championOrigin": "autonomous",
    "researchMaturity": "steady_state",
    "selectedBy": "auto_policy",
    "selectionPolicyVersion": "autonomous-local-first/v3-p0",
    "objectivePolicyVersion": "objective.qqq-120m/v1",
    "headEventCount": 2,
    "archiveEventCount": 287,
    "calibrationEventCount": 301,
    "calibrationCandidateCount": 273,
    "divergenceCount": 27,
    "localConfidenceUpdateCount": 27,
    "problemEventCount": 194,
    "repairAttemptCount": 95,
    "localEvaluationCount": 375,
    "localEligibleCount": 212,
    "bootstrapCompatibleCount": 0,
    "bootstrapEligibleCount": 0,
    "bootstrapStatus": "not_started",
    "bootstrapSource": null,
    "bootstrapReason": null,
    "localRejectedCount": 158,
    "topBlockingReason": "low_trade_count",
    "pendingCalibrationCandidateCount": 245,
    "pendingCalibrationCandidateIds": [
      "cand-0e6a0180",
      "cand-9f33e80b",
      "cand-772d8a1e",
      "cand-f28d2e01",
      "cand-9a5dbcc7",
      "cand-b01be933",
      "cand-0a692f84",
      "cand-4f8faae3",
      "cand-35a74bba",
      "cand-c6b25611",
      "cand-ccdae17b",
      "cand-b8102dcd",
      "cand-8a1fe27b",
      "cand-ebbdd6a9",
      "cand-80dfaaa1",
      "cand-03f30a70",
      "cand-2f290563",
      "cand-e76cded5",
      "cand-710d8bc6",
      "cand-dd7e63cf",
      "cand-949bf032",
      "cand-b14595e0",
      "cand-90dc4ec3",
      "cand-f1103886",
      "cand-77224b87",
      "cand-55f47b32",
      "cand-cb18c54a",
      "cand-8a1a7cf2",
      "cand-db12aa7d",
      "cand-eb3175fc",
      "cand-ce89005b",
      "cand-b333865d",
      "cand-14f5f8ff",
      "cand-87a7fa06",
      "cand-609d9f19",
      "cand-09a0ae17",
      "cand-fbb3fb78",
      "cand-7bff0c1a",
      "cand-6e976c42",
      "cand-eaf67b92",
      "cand-ea5075a8",
      "cand-c0d6f969",
      "cand-946579c0",
      "cand-1638111b",
      "cand-840b49c0",
      "cand-a1b63e8c",
      "cand-d3fa966c",
      "cand-af6ef21e",
      "cand-c5832df6",
      "cand-57321a8c",
      "cand-3004b0f8",
      "cand-00644032",
      "cand-6272ab0f",
      "cand-7b341ad0",
      "cand-5c90b0de",
      "cand-350b7e7b",
      "cand-05218055",
      "cand-6ebbd52a",
      "cand-9edd626e",
      "cand-5d685d8a",
      "cand-addb3d5a",
      "cand-1a03e904",
      "cand-935b6a7d",
      "cand-11e460d8",
      "cand-58484f09",
      "cand-c3549cdc",
      "cand-e000c048",
      "cand-5927e5ca",
      "cand-7ae4d6eb",
      "cand-bd3c959f",
      "cand-ad98c7fd",
      "cand-a3456179",
      "cand-fa19c7db",
      "cand-8211114e",
      "cand-737e8acc",
      "cand-9ae5abb8",
      "cand-f68c494c",
      "cand-0cb06744",
      "cand-c4540c5e",
      "cand-887ba798",
      "cand-334ff9ed",
      "cand-1e7bb092",
      "cand-940106ac",
      "cand-b1575fba",
      "cand-1c1cb560",
      "cand-2ba5ca56",
      "cand-4e158d7d",
      "cand-ee1867a5",
      "cand-ccf655ee",
      "cand-2f2f67f1",
      "cand-dd0d4883",
      "cand-9e390b78",
      "cand-2b509e63",
      "cand-a42bb737",
      "cand-ba65a405",
      "cand-95b5fcb4",
      "cand-c1decc14",
      "cand-fad40100",
      "cand-3d99c3c3",
      "cand-ed6ed300",
      "cand-36473405",
      "cand-32556840",
      "cand-056beb3f",
      "cand-fef34f1d",
      "cand-4e58abee",
      "cand-6c095f1d",
      "cand-72fdbd0a",
      "cand-1a73f98c",
      "cand-60e5fb9a",
      "cand-fbd6e1cd",
      "cand-6fa9e64c",
      "cand-b3ce6dfd",
      "cand-d7b18242",
      "cand-cddf1147",
      "cand-a2b17756",
      "cand-4106d658",
      "cand-bf2319b1",
      "cand-1be3a1ed",
      "cand-ec8276d1",
      "cand-66da2fad",
      "cand-10487d69",
      "cand-a0b082a6",
      "cand-e1c37158",
      "cand-3924bc09",
      "cand-c5a37a36",
      "cand-9f921b3b",
      "cand-976660f2",
      "cand-1fd659d1",
      "cand-1ebe3284",
      "cand-a05583cb",
      "cand-68e1f6c0",
      "cand-939bafa7",
      "cand-5dfb966e",
      "cand-ec9d7a77",
      "cand-c9bd8a69",
      "cand-cad467d1",
      "cand-30ca4ecf",
      "cand-274a3d78",
      "cand-8f6a1544",
      "cand-be21675f",
      "cand-17c07e8f",
      "cand-60166f81",
      "cand-8f82de94",
      "cand-42460886",
      "cand-9295e93d",
      "cand-5a54f71c",
      "cand-a12eacdf",
      "cand-5b236726",
      "cand-dbfe05b6",
      "cand-eb4f9103",
      "cand-294a8337",
      "cand-54d331f7",
      "cand-303f93be",
      "cand-64ceccd8",
      "cand-82301049",
      "cand-cb926322",
      "cand-9740ccd3",
      "cand-45f69d7a",
      "cand-8195e18c",
      "cand-9ad02865",
      "cand-b0561318",
      "cand-77645d5d",
      "cand-3913b48a",
      "cand-d8c529f0",
      "cand-3e0617a5",
      "cand-796b47d8",
      "cand-da5bc8a6",
      "cand-6385aa99",
      "cand-ce0fb6b8",
      "cand-f53efe87",
      "cand-541078ba",
      "cand-102cde43",
      "cand-99a518c8",
      "cand-45eae1ed",
      "cand-5fa9bbca",
      "cand-58a6bc67",
      "cand-e2e95d0b",
      "cand-e7d44996",
      "cand-4fd1f661",
      "cand-f8a32482",
      "cand-65221fbc",
      "cand-0dcbc429",
      "cand-7237f414",
      "cand-13ab4eb7",
      "cand-03a62626",
      "cand-74403bc5",
      "cand-08afa655",
      "cand-8fc0ffa2",
      "cand-6b8a91fa",
      "cand-6b160ae4",
      "cand-e4ab8440",
      "cand-292c094d",
      "cand-bf066e31",
      "cand-bf45bffc",
      "cand-33777180",
      "cand-67548c32",
      "cand-af1ed124",
      "cand-fd3f325b",
      "cand-e8320fab",
      "cand-51877b36",
      "cand-f80d7394",
      "cand-d2b04e0c",
      "cand-d865401d",
      "cand-c2337d4e",
      "cand-bd0f8191",
      "cand-2e68882f",
      "cand-94bc57ed",
      "cand-93a15ca5",
      "cand-197cf126",
      "cand-4e21422c",
      "cand-cc3ed2d8",
      "cand-ad84fefa",
      "cand-e3e4e13a",
      "cand-6d2901b8",
      "cand-c7985187",
      "cand-a3fa7fcf",
      "cand-2181b4f2",
      "cand-e803ef34",
      "cand-cc7eb308",
      "cand-8c710851",
      "cand-8045892e",
      "cand-17273829",
      "cand-e3d89e08",
      "cand-118d9dbb",
      "cand-1a318968",
      "cand-5665b571",
      "cand-80f55e73",
      "cand-74341bb6",
      "cand-6a470e0a",
      "cand-bac89ce5",
      "cand-9a0a92b6",
      "cand-91ef422b",
      "cand-63b039ec",
      "cand-5f4ecea5",
      "cand-eb5c0c9f",
      "cand-f7398180",
      "cand-b8e26ed1",
      "cand-97e78627",
      "cand-8cfb97d5",
      "cand-2c409867",
      "cand-990db2d3",
      "cand-d3505cb8",
      "cand-c99b76d2",
      "cand-49bf1eca",
      "cand-a32fd47a"
    ],
    "recentProblemKinds": [
      "pine_preflight_fail",
      "pine_preflight_fail",
      "local_backtest_fail",
      "local_backtest_fail",
      "pine_preflight_fail"
    ],
    "recentRepairResults": [
      {
        "repairKind": "pine_source_repair",
        "result": "success",
        "repairedCandidateId": "cand-d3505cb8",
        "summary": "Applied deterministic time-boxed preflight repair after blocking sparse event-source issues."
      },
      {
        "repairKind": "pine_source_repair",
        "result": "success",
        "repairedCandidateId": "cand-c99b76d2",
        "summary": "Applied deterministic time-boxed preflight repair after blocking sparse event-source issues."
      },
      {
        "repairKind": "pine_source_repair",
        "result": "success",
        "repairedCandidateId": "cand-42666d55",
        "summary": "Applied deterministic time-boxed preflight repair after blocking sparse event-source issues."
      },
      {
        "repairKind": "risk_logic_repair",
        "result": "success",
        "repairedCandidateId": "cand-49bf1eca",
        "summary": "Requested risk_logic_repair after local_backtest_fail."
      },
      {
        "repairKind": "pine_source_repair",
        "result": "success",
        "repairedCandidateId": "cand-a32fd47a",
        "summary": "Applied deterministic time-boxed preflight repair after blocking sparse event-source issues."
      }
    ],
    "scoreFeedbackObserved": true,
    "stage6Readiness": {
      "generatedAt": "2026-04-30T05:22:53.680Z",
      "evaluated": true,
      "passed": true,
      "mode": "deterministic",
      "countRequested": 10,
      "countCompleted": 10,
      "countFailed": 0,
      "activeChampionCandidateId": "cand-a64e2088",
      "freshBootstrapPassed": true,
      "multiIterationPassed": true,
      "rootIsolationPassed": true,
      "repairTraceabilityPassed": true,
      "calibrationQueuePassed": true,
      "scoreFeedbackPassed": true,
      "feedbackClosureRequired": false,
      "calibrationMode": "queue_only",
      "ledgerValidationPassed": true,
      "indexVerificationPassed": true,
      "rootIsolationStatus": {
        "status": "passed",
        "customStateRoot": "C:\\Users\\hanji\\AppData\\Local\\Temp\\af-stage6-state-YAZZ8Y",
        "defaultWorkspaceStateRoot": "C:\\Users\\hanji\\AppData\\Local\\Temp\\af-stage6-workspace-Nnkt1H\\state\\pi-autoresearch",
        "customContextExists": true,
        "defaultWorkspaceStateHasArtifacts": false
      },
      "repairTraceabilityStatus": {
        "status": "passed",
        "successfulRepairCount": 10,
        "successfulRepairsWithoutCandidateCount": 0
      },
      "feedbackClosureStatus": {
        "status": "passed",
        "required": false,
        "promptFeedbackObserved": true,
        "scoreBreakdownFeedbackObserved": false,
        "divergenceCount": 0,
        "confidenceUpdateCount": 0
      },
      "evidence": {
        "tempWorkspaceRoot": null,
        "tempStateRoot": null,
        "localEvaluationCount": 19,
        "headEventCount": 2,
        "archiveEventCount": 11,
        "calibrationEventCount": 2,
        "mutationBriefCount": 18,
        "problemEventCount": 18,
        "repairAttemptCount": 10,
        "deadlineBreachCount": 0
      },
      "warnings": []
    },
    "lastStage6GatePassed": true,
    "rootIsolationStatus": {
      "status": "passed",
      "customStateRoot": "C:\\Users\\hanji\\AppData\\Local\\Temp\\af-stage6-state-YAZZ8Y",
      "defaultWorkspaceStateRoot": "C:\\Users\\hanji\\AppData\\Local\\Temp\\af-stage6-workspace-Nnkt1H\\state\\pi-autoresearch",
      "customContextExists": true,
      "defaultWorkspaceStateHasArtifacts": false
    },
    "repairTraceabilityStatus": {
      "status": "passed",
      "successfulRepairCount": 10,
      "successfulRepairsWithoutCandidateCount": 0
    },
    "feedbackClosureStatus": {
      "status": "passed",
      "required": false,
      "promptFeedbackObserved": true,
      "scoreBreakdownFeedbackObserved": false,
      "divergenceCount": 0,
      "confidenceUpdateCount": 0
    },
    "nextPlannedAction": "local_compatibility_repair",
    "loopMode": "local-first",
    "defaultOperationalView": "v3_autonomous_local_first",
    "projectRoot": "C:\\Users\\hanji\\Desktop\\AF",
    "workspaceRoot": "C:\\Users\\hanji\\Desktop\\AF",
    "stateRoot": "C:\\Users\\hanji\\Desktop\\AF\\state\\pi-autoresearch",
    "traceRoot": "C:\\Users\\hanji\\Desktop\\AF\\state\\pi-autoresearch\\traces",
    "artifactRoot": "C:\\Users\\hanji\\Desktop\\AF\\state\\pi-autoresearch\\artifacts",
    "evidenceRoot": "C:\\Users\\hanji\\Desktop\\AF\\state\\pi-autoresearch\\evidence",
    "runtimeRoot": "C:\\Users\\hanji\\Desktop\\AF\\state\\pi-autoresearch\\runtime",
    "tvVerificationCount": 28,
    "tvHealth": "unavailable",
    "calibrationAutoProcess": false,
    "calibrationMode": "queue_only",
    "lastTvSurfaceFailure": {
      "candidateId": "cand-c6235b65",
      "decision": "tv_surface_failure",
      "iteration": 279,
      "tvCalibrationStatus": "surface_failure",
      "recordedAt": "2026-04-29T18:46:19.526Z"
    },
    "humanOverride": false
  },
  "verification": {
    "ok": true,
    "issues": []
  },
  "tracePath": "C:\\Users\\hanji\\Desktop\\AF\\state\\pi-autoresearch\\traces\\rebuild-indexes-2026-05-01T00-47-41-916Z-trace-72244d20.jsonl"
}
[2026-05-01T09:47:53.1215305+09:00] iteration 7: rebuild-indexes --verify exit=0
[2026-05-01T09:48:03.1347916+09:00] iteration 8: run-autonomous-loop start
??injected env (11) from .env // tip: ??secrets for agents [www.dotenvx.com]
[autonomous.loop.start] run-autonomous-loop | Starting autonomous local-first loop | 2026-05-01T00:48:03.382Z
[iteration.started] run-autonomous-loop | Starting autonomous iteration | 2026-05-01T00:48:03.384Z
[phase.started] run-autonomous-loop | Initializing autonomous workspace | 2026-05-01T00:48:03.394Z
[phase.completed] run-autonomous-loop | Initializing autonomous workspace | 2026-05-01T00:48:05.165Z
[phase.started] run-autonomous-loop | Generating autonomous mutation candidate | 2026-05-01T00:48:06.384Z
[autonomous.mutation.request] run-autonomous-loop | Sending autonomous mutation request | 2026-05-01T00:48:06.385Z
[autonomous.mutation.preflight_blocked] run-autonomous-loop | Pine ?앹꽦 ?ъ쟾 ?먭??먯꽌 李⑤떒 ?댁뒋瑜?諛쒓껄?덉뒿?덈떎. | 2026-05-01T00:50:05.241Z
[autonomous.mutation.preflight_deterministic_repair] run-autonomous-loop | Applied deterministic time-boxed mutation preflight repair | 2026-05-01T00:50:05.248Z
[phase.completed] run-autonomous-loop | Generating autonomous mutation candidate | 2026-05-01T00:50:05.255Z
[phase.started] run-autonomous-loop | Evaluating autonomous candidate locally | 2026-05-01T00:50:05.256Z
[autonomous.market_context_ready] run-autonomous-loop | Local-first market context is ready | 2026-05-01T00:50:05.262Z
[autonomous.local_evaluation] run-autonomous-loop | Local autonomous evaluation completed | 2026-05-01T00:50:05.345Z
[phase.completed] run-autonomous-loop | Evaluating autonomous candidate locally | 2026-05-01T00:50:05.381Z
[phase.started] run-autonomous-loop | Updating autonomous archive views | 2026-05-01T00:50:05.384Z
[phase.completed] run-autonomous-loop | Updating autonomous archive views | 2026-05-01T00:50:05.387Z
[phase.started] run-autonomous-loop | Queueing candidate for TradingView calibration | 2026-05-01T00:50:05.387Z
[phase.completed] run-autonomous-loop | Queueing candidate for TradingView calibration | 2026-05-01T00:50:05.391Z
[phase.started] run-autonomous-loop | Selecting active autonomous champion | 2026-05-01T00:50:06.340Z
[phase.completed] run-autonomous-loop | Selecting active autonomous champion | 2026-05-01T00:50:06.887Z
[phase.started] run-autonomous-loop | Rebuilding derived autonomous views | 2026-05-01T00:50:06.888Z
[phase.completed] run-autonomous-loop | Rebuilding derived autonomous views | 2026-05-01T00:50:08.711Z
[iteration.completed] run-autonomous-loop | Autonomous iteration completed | 2026-05-01T00:50:08.711Z
{
  "countRequested": 1,
  "countCompleted": 1,
  "countFailed": 0,
  "results": [
    {
      "runId": "autonomous-1777596483393",
      "iteration": 596,
      "candidateId": "cand-60aab7fe",
      "localDecision": "local_candidate_eligible",
      "activeChampionChanged": false,
      "activeChampionCandidateId": "cand-42ed2fa4"
    }
  ],
  "deadlineBreaches": [],
  "autonomousState": {
    "generatedAt": "2026-05-01T00:50:10.208Z",
    "activeChampionCandidateId": "cand-42ed2fa4",
    "activeChampionScore": 0.7879,
    "activeChampionDecision": "local_candidate_eligible",
    "championOrigin": "autonomous",
    "researchMaturity": "steady_state",
    "selectedBy": "auto_policy",
    "selectionPolicyVersion": "autonomous-local-first/v3-p0",
    "objectivePolicyVersion": "objective.qqq-120m/v1",
    "headEventCount": 2,
    "archiveEventCount": 288,
    "calibrationEventCount": 302,
    "calibrationCandidateCount": 274,
    "divergenceCount": 27,
    "localConfidenceUpdateCount": 27,
    "problemEventCount": 195,
    "repairAttemptCount": 96,
    "localEvaluationCount": 376,
    "localEligibleCount": 213,
    "bootstrapCompatibleCount": 0,
    "bootstrapEligibleCount": 0,
    "bootstrapStatus": "not_started",
    "bootstrapSource": null,
    "bootstrapReason": null,
    "localRejectedCount": 158,
    "topBlockingReason": "low_trade_count",
    "pendingCalibrationCandidateCount": 246,
    "pendingCalibrationCandidateIds": [
      "cand-0e6a0180",
      "cand-9f33e80b",
      "cand-772d8a1e",
      "cand-f28d2e01",
      "cand-9a5dbcc7",
      "cand-b01be933",
      "cand-0a692f84",
      "cand-4f8faae3",
      "cand-35a74bba",
      "cand-c6b25611",
      "cand-ccdae17b",
      "cand-b8102dcd",
      "cand-8a1fe27b",
      "cand-ebbdd6a9",
      "cand-80dfaaa1",
      "cand-03f30a70",
      "cand-2f290563",
      "cand-e76cded5",
      "cand-710d8bc6",
      "cand-dd7e63cf",
      "cand-949bf032",
      "cand-b14595e0",
      "cand-90dc4ec3",
      "cand-f1103886",
      "cand-77224b87",
      "cand-55f47b32",
      "cand-cb18c54a",
      "cand-8a1a7cf2",
      "cand-db12aa7d",
      "cand-eb3175fc",
      "cand-ce89005b",
      "cand-b333865d",
      "cand-14f5f8ff",
      "cand-87a7fa06",
      "cand-609d9f19",
      "cand-09a0ae17",
      "cand-fbb3fb78",
      "cand-7bff0c1a",
      "cand-6e976c42",
      "cand-eaf67b92",
      "cand-ea5075a8",
      "cand-c0d6f969",
      "cand-946579c0",
      "cand-1638111b",
      "cand-840b49c0",
      "cand-a1b63e8c",
      "cand-d3fa966c",
      "cand-af6ef21e",
      "cand-c5832df6",
      "cand-57321a8c",
      "cand-3004b0f8",
      "cand-00644032",
      "cand-6272ab0f",
      "cand-7b341ad0",
      "cand-5c90b0de",
      "cand-350b7e7b",
      "cand-05218055",
      "cand-6ebbd52a",
      "cand-9edd626e",
      "cand-5d685d8a",
      "cand-addb3d5a",
      "cand-1a03e904",
      "cand-935b6a7d",
      "cand-11e460d8",
      "cand-58484f09",
      "cand-c3549cdc",
      "cand-e000c048",
      "cand-5927e5ca",
      "cand-7ae4d6eb",
      "cand-bd3c959f",
      "cand-ad98c7fd",
      "cand-a3456179",
      "cand-fa19c7db",
      "cand-8211114e",
      "cand-737e8acc",
      "cand-9ae5abb8",
      "cand-f68c494c",
      "cand-0cb06744",
      "cand-c4540c5e",
      "cand-887ba798",
      "cand-334ff9ed",
      "cand-1e7bb092",
      "cand-940106ac",
      "cand-b1575fba",
      "cand-1c1cb560",
      "cand-2ba5ca56",
      "cand-4e158d7d",
      "cand-ee1867a5",
      "cand-ccf655ee",
      "cand-2f2f67f1",
      "cand-dd0d4883",
      "cand-9e390b78",
      "cand-2b509e63",
      "cand-a42bb737",
      "cand-ba65a405",
      "cand-95b5fcb4",
      "cand-c1decc14",
      "cand-fad40100",
      "cand-3d99c3c3",
      "cand-ed6ed300",
      "cand-36473405",
      "cand-32556840",
      "cand-056beb3f",
      "cand-fef34f1d",
      "cand-4e58abee",
      "cand-6c095f1d",
      "cand-72fdbd0a",
      "cand-1a73f98c",
      "cand-60e5fb9a",
      "cand-fbd6e1cd",
      "cand-6fa9e64c",
      "cand-b3ce6dfd",
      "cand-d7b18242",
      "cand-cddf1147",
      "cand-a2b17756",
      "cand-4106d658",
      "cand-bf2319b1",
      "cand-1be3a1ed",
      "cand-ec8276d1",
      "cand-66da2fad",
      "cand-10487d69",
      "cand-a0b082a6",
      "cand-e1c37158",
      "cand-3924bc09",
      "cand-c5a37a36",
      "cand-9f921b3b",
      "cand-976660f2",
      "cand-1fd659d1",
      "cand-1ebe3284",
      "cand-a05583cb",
      "cand-68e1f6c0",
      "cand-939bafa7",
      "cand-5dfb966e",
      "cand-ec9d7a77",
      "cand-c9bd8a69",
      "cand-cad467d1",
      "cand-30ca4ecf",
      "cand-274a3d78",
      "cand-8f6a1544",
      "cand-be21675f",
      "cand-17c07e8f",
      "cand-60166f81",
      "cand-8f82de94",
      "cand-42460886",
      "cand-9295e93d",
      "cand-5a54f71c",
      "cand-a12eacdf",
      "cand-5b236726",
      "cand-dbfe05b6",
      "cand-eb4f9103",
      "cand-294a8337",
      "cand-54d331f7",
      "cand-303f93be",
      "cand-64ceccd8",
      "cand-82301049",
      "cand-cb926322",
      "cand-9740ccd3",
      "cand-45f69d7a",
      "cand-8195e18c",
      "cand-9ad02865",
      "cand-b0561318",
      "cand-77645d5d",
      "cand-3913b48a",
      "cand-d8c529f0",
      "cand-3e0617a5",
      "cand-796b47d8",
      "cand-da5bc8a6",
      "cand-6385aa99",
      "cand-ce0fb6b8",
      "cand-f53efe87",
      "cand-541078ba",
      "cand-102cde43",
      "cand-99a518c8",
      "cand-45eae1ed",
      "cand-5fa9bbca",
      "cand-58a6bc67",
      "cand-e2e95d0b",
      "cand-e7d44996",
      "cand-4fd1f661",
      "cand-f8a32482",
      "cand-65221fbc",
      "cand-0dcbc429",
      "cand-7237f414",
      "cand-13ab4eb7",
      "cand-03a62626",
      "cand-74403bc5",
      "cand-08afa655",
      "cand-8fc0ffa2",
      "cand-6b8a91fa",
      "cand-6b160ae4",
      "cand-e4ab8440",
      "cand-292c094d",
      "cand-bf066e31",
      "cand-bf45bffc",
      "cand-33777180",
      "cand-67548c32",
      "cand-af1ed124",
      "cand-fd3f325b",
      "cand-e8320fab",
      "cand-51877b36",
      "cand-f80d7394",
      "cand-d2b04e0c",
      "cand-d865401d",
      "cand-c2337d4e",
      "cand-bd0f8191",
      "cand-2e68882f",
      "cand-94bc57ed",
      "cand-93a15ca5",
      "cand-197cf126",
      "cand-4e21422c",
      "cand-cc3ed2d8",
      "cand-ad84fefa",
      "cand-e3e4e13a",
      "cand-6d2901b8",
      "cand-c7985187",
      "cand-a3fa7fcf",
      "cand-2181b4f2",
      "cand-e803ef34",
      "cand-cc7eb308",
      "cand-8c710851",
      "cand-8045892e",
      "cand-17273829",
      "cand-e3d89e08",
      "cand-118d9dbb",
      "cand-1a318968",
      "cand-5665b571",
      "cand-80f55e73",
      "cand-74341bb6",
      "cand-6a470e0a",
      "cand-bac89ce5",
      "cand-9a0a92b6",
      "cand-91ef422b",
      "cand-63b039ec",
      "cand-5f4ecea5",
      "cand-eb5c0c9f",
      "cand-f7398180",
      "cand-b8e26ed1",
      "cand-97e78627",
      "cand-8cfb97d5",
      "cand-2c409867",
      "cand-990db2d3",
      "cand-d3505cb8",
      "cand-c99b76d2",
      "cand-49bf1eca",
      "cand-a32fd47a",
      "cand-60aab7fe"
    ],
    "recentProblemKinds": [
      "pine_preflight_fail",
      "local_backtest_fail",
      "local_backtest_fail",
      "pine_preflight_fail",
      "pine_preflight_fail"
    ],
    "recentRepairResults": [
      {
        "repairKind": "pine_source_repair",
        "result": "success",
        "repairedCandidateId": "cand-c99b76d2",
        "summary": "Applied deterministic time-boxed preflight repair after blocking sparse event-source issues."
      },
      {
        "repairKind": "pine_source_repair",
        "result": "success",
        "repairedCandidateId": "cand-42666d55",
        "summary": "Applied deterministic time-boxed preflight repair after blocking sparse event-source issues."
      },
      {
        "repairKind": "risk_logic_repair",
        "result": "success",
        "repairedCandidateId": "cand-49bf1eca",
        "summary": "Requested risk_logic_repair after local_backtest_fail."
      },
      {
        "repairKind": "pine_source_repair",
        "result": "success",
        "repairedCandidateId": "cand-a32fd47a",
        "summary": "Applied deterministic time-boxed preflight repair after blocking sparse event-source issues."
      },
      {
        "repairKind": "pine_source_repair",
        "result": "success",
        "repairedCandidateId": "cand-60aab7fe",
        "summary": "Applied deterministic time-boxed preflight repair after blocking sparse event-source issues."
      }
    ],
    "scoreFeedbackObserved": true,
    "stage6Readiness": {
      "generatedAt": "2026-04-30T05:22:53.680Z",
      "evaluated": true,
      "passed": true,
      "mode": "deterministic",
      "countRequested": 10,
      "countCompleted": 10,
      "countFailed": 0,
      "activeChampionCandidateId": "cand-a64e2088",
      "freshBootstrapPassed": true,
      "multiIterationPassed": true,
      "rootIsolationPassed": true,
      "repairTraceabilityPassed": true,
      "calibrationQueuePassed": true,
      "scoreFeedbackPassed": true,
      "feedbackClosureRequired": false,
      "calibrationMode": "queue_only",
      "ledgerValidationPassed": true,
      "indexVerificationPassed": true,
      "rootIsolationStatus": {
        "status": "passed",
        "customStateRoot": "C:\\Users\\hanji\\AppData\\Local\\Temp\\af-stage6-state-YAZZ8Y",
        "defaultWorkspaceStateRoot": "C:\\Users\\hanji\\AppData\\Local\\Temp\\af-stage6-workspace-Nnkt1H\\state\\pi-autoresearch",
        "customContextExists": true,
        "defaultWorkspaceStateHasArtifacts": false
      },
      "repairTraceabilityStatus": {
        "status": "passed",
        "successfulRepairCount": 10,
        "successfulRepairsWithoutCandidateCount": 0
      },
      "feedbackClosureStatus": {
        "status": "passed",
        "required": false,
        "promptFeedbackObserved": true,
        "scoreBreakdownFeedbackObserved": false,
        "divergenceCount": 0,
        "confidenceUpdateCount": 0
      },
      "evidence": {
        "tempWorkspaceRoot": null,
        "tempStateRoot": null,
        "localEvaluationCount": 19,
        "headEventCount": 2,
        "archiveEventCount": 11,
        "calibrationEventCount": 2,
        "mutationBriefCount": 18,
        "problemEventCount": 18,
        "repairAttemptCount": 10,
        "deadlineBreachCount": 0
      },
      "warnings": []
    },
    "lastStage6GatePassed": true,
    "rootIsolationStatus": {
      "status": "passed",
      "customStateRoot": "C:\\Users\\hanji\\AppData\\Local\\Temp\\af-stage6-state-YAZZ8Y",
      "defaultWorkspaceStateRoot": "C:\\Users\\hanji\\AppData\\Local\\Temp\\af-stage6-workspace-Nnkt1H\\state\\pi-autoresearch",
      "customContextExists": true,
      "defaultWorkspaceStateHasArtifacts": false
    },
    "repairTraceabilityStatus": {
      "status": "passed",
      "successfulRepairCount": 10,
      "successfulRepairsWithoutCandidateCount": 0
    },
    "feedbackClosureStatus": {
      "status": "passed",
      "required": false,
      "promptFeedbackObserved": true,
      "scoreBreakdownFeedbackObserved": false,
      "divergenceCount": 0,
      "confidenceUpdateCount": 0
    },
    "nextPlannedAction": "local_compatibility_repair",
    "loopMode": "local-first",
    "defaultOperationalView": "v3_autonomous_local_first",
    "projectRoot": "C:\\Users\\hanji\\Desktop\\AF",
    "workspaceRoot": "C:\\Users\\hanji\\Desktop\\AF",
    "stateRoot": "C:\\Users\\hanji\\Desktop\\AF\\state\\pi-autoresearch",
    "traceRoot": "C:\\Users\\hanji\\Desktop\\AF\\state\\pi-autoresearch\\traces",
    "artifactRoot": "C:\\Users\\hanji\\Desktop\\AF\\state\\pi-autoresearch\\artifacts",
    "evidenceRoot": "C:\\Users\\hanji\\Desktop\\AF\\state\\pi-autoresearch\\evidence",
    "runtimeRoot": "C:\\Users\\hanji\\Desktop\\AF\\state\\pi-autoresearch\\runtime",
    "tvVerificationCount": 28,
    "tvHealth": "unavailable",
    "calibrationAutoProcess": false,
    "calibrationMode": "queue_only",
    "lastTvSurfaceFailure": {
      "candidateId": "cand-c6235b65",
      "decision": "tv_surface_failure",
      "iteration": 279,
      "tvCalibrationStatus": "surface_failure",
      "recordedAt": "2026-04-29T18:46:19.526Z"
    },
    "humanOverride": false
  },
  "tracePath": "C:\\Users\\hanji\\Desktop\\AF\\state\\pi-autoresearch\\traces\\run-autonomous-loop-2026-05-01T00-48-03-382Z-trace-63d94294.jsonl"
}
[2026-05-01T09:50:10.8974791+09:00] iteration 8: run-autonomous-loop exit=0
[2026-05-01T09:50:10.8984833+09:00] iteration 8: validate-ledger start
??injected env (11) from .env // tip: ??multiple files { path: ['.env.local', '.env'] }
[ledger.validation] validate-ledger | Ledger validation completed | 2026-05-01T00:50:14.293Z
{
  "ok": true,
  "errorCount": 0,
  "warningCount": 6,
  "issues": [
    {
      "severity": "warning",
      "scope": "experiment-record-meta",
      "recordId": "cand-f918d6d8",
      "message": "recordHash does not match the serialized experiment record."
    },
    {
      "severity": "warning",
      "scope": "experiment-record-meta",
      "recordId": "cand-3f99a396",
      "message": "recordHash does not match the serialized experiment record."
    },
    {
      "severity": "warning",
      "scope": "experiment-record-meta",
      "recordId": "cand-93a71a19",
      "message": "recordHash does not match the serialized experiment record."
    },
    {
      "severity": "warning",
      "scope": "experiment-record-meta",
      "recordId": "cand-560e2d3b",
      "message": "recordHash does not match the serialized experiment record."
    },
    {
      "severity": "warning",
      "scope": "experiment-record-meta",
      "recordId": "cand-24b4021d",
      "message": "recordHash does not match the serialized experiment record."
    },
    {
      "severity": "warning",
      "scope": "candidate-dedup",
      "recordId": "bfee8f4eb7eabba2047b8b2270beef764a3942811cda8134d75c15c171c0c26a",
      "message": "Duplicate candidate source hash detected across ids: cand-2a5e6ffe, cand-51397d04, cand-9cbc4c5f, cand-a93778fa, cand-bbb67c15, cand-fdc1ae65"
    }
  ],
  "summary": {
    "experiments": 596,
    "candidates": 546,
    "taskBatches": 131
  },
  "stateRoot": "C:\\Users\\hanji\\Desktop\\AF\\state\\pi-autoresearch",
  "tracePath": "C:\\Users\\hanji\\Desktop\\AF\\state\\pi-autoresearch\\traces\\validate-ledger-2026-05-01T00-50-11-127Z-trace-645a527e.jsonl"
}
[2026-05-01T09:50:14.3587122+09:00] iteration 8: validate-ledger exit=0
[2026-05-01T09:50:14.3602159+09:00] iteration 8: rebuild-indexes --verify start
??injected env (11) from .env // tip: ??suppress logs { quiet: true }
[?몃뜳???ъ깮???쒖옉] ?몃뜳???ъ깮??| ?뚯깮 ?몃뜳?ㅻ? ?ъ깮?깊빀?덈떎. state: C:\Users\hanji\Desktop\AF\state\pi-autoresearch | 2026-05-01T00:50:16.347Z
[?몃뜳???ъ깮???꾨즺] ?몃뜳???ъ깮??| ?뚯깮 ?몃뜳???ъ깮?깆쓣 留덉낀?듬땲?? state: C:\Users\hanji\Desktop\AF\state\pi-autoresearch | 2026-05-01T00:50:25.807Z
{
  "rebuilt": true,
  "stateRoot": "C:\\Users\\hanji\\Desktop\\AF\\state\\pi-autoresearch",
  "autonomousState": {
    "generatedAt": "2026-05-01T00:50:19.686Z",
    "activeChampionCandidateId": "cand-42ed2fa4",
    "activeChampionScore": 0.7879,
    "activeChampionDecision": "local_candidate_eligible",
    "championOrigin": "autonomous",
    "researchMaturity": "steady_state",
    "selectedBy": "auto_policy",
    "selectionPolicyVersion": "autonomous-local-first/v3-p0",
    "objectivePolicyVersion": "objective.qqq-120m/v1",
    "headEventCount": 2,
    "archiveEventCount": 288,
    "calibrationEventCount": 302,
    "calibrationCandidateCount": 274,
    "divergenceCount": 27,
    "localConfidenceUpdateCount": 27,
    "problemEventCount": 195,
    "repairAttemptCount": 96,
    "localEvaluationCount": 376,
    "localEligibleCount": 213,
    "bootstrapCompatibleCount": 0,
    "bootstrapEligibleCount": 0,
    "bootstrapStatus": "not_started",
    "bootstrapSource": null,
    "bootstrapReason": null,
    "localRejectedCount": 158,
    "topBlockingReason": "low_trade_count",
    "pendingCalibrationCandidateCount": 246,
    "pendingCalibrationCandidateIds": [
      "cand-0e6a0180",
      "cand-9f33e80b",
      "cand-772d8a1e",
      "cand-f28d2e01",
      "cand-9a5dbcc7",
      "cand-b01be933",
      "cand-0a692f84",
      "cand-4f8faae3",
      "cand-35a74bba",
      "cand-c6b25611",
      "cand-ccdae17b",
      "cand-b8102dcd",
      "cand-8a1fe27b",
      "cand-ebbdd6a9",
      "cand-80dfaaa1",
      "cand-03f30a70",
      "cand-2f290563",
      "cand-e76cded5",
      "cand-710d8bc6",
      "cand-dd7e63cf",
      "cand-949bf032",
      "cand-b14595e0",
      "cand-90dc4ec3",
      "cand-f1103886",
      "cand-77224b87",
      "cand-55f47b32",
      "cand-cb18c54a",
      "cand-8a1a7cf2",
      "cand-db12aa7d",
      "cand-eb3175fc",
      "cand-ce89005b",
      "cand-b333865d",
      "cand-14f5f8ff",
      "cand-87a7fa06",
      "cand-609d9f19",
      "cand-09a0ae17",
      "cand-fbb3fb78",
      "cand-7bff0c1a",
      "cand-6e976c42",
      "cand-eaf67b92",
      "cand-ea5075a8",
      "cand-c0d6f969",
      "cand-946579c0",
      "cand-1638111b",
      "cand-840b49c0",
      "cand-a1b63e8c",
      "cand-d3fa966c",
      "cand-af6ef21e",
      "cand-c5832df6",
      "cand-57321a8c",
      "cand-3004b0f8",
      "cand-00644032",
      "cand-6272ab0f",
      "cand-7b341ad0",
      "cand-5c90b0de",
      "cand-350b7e7b",
      "cand-05218055",
      "cand-6ebbd52a",
      "cand-9edd626e",
      "cand-5d685d8a",
      "cand-addb3d5a",
      "cand-1a03e904",
      "cand-935b6a7d",
      "cand-11e460d8",
      "cand-58484f09",
      "cand-c3549cdc",
      "cand-e000c048",
      "cand-5927e5ca",
      "cand-7ae4d6eb",
      "cand-bd3c959f",
      "cand-ad98c7fd",
      "cand-a3456179",
      "cand-fa19c7db",
      "cand-8211114e",
      "cand-737e8acc",
      "cand-9ae5abb8",
      "cand-f68c494c",
      "cand-0cb06744",
      "cand-c4540c5e",
      "cand-887ba798",
      "cand-334ff9ed",
      "cand-1e7bb092",
      "cand-940106ac",
      "cand-b1575fba",
      "cand-1c1cb560",
      "cand-2ba5ca56",
      "cand-4e158d7d",
      "cand-ee1867a5",
      "cand-ccf655ee",
      "cand-2f2f67f1",
      "cand-dd0d4883",
      "cand-9e390b78",
      "cand-2b509e63",
      "cand-a42bb737",
      "cand-ba65a405",
      "cand-95b5fcb4",
      "cand-c1decc14",
      "cand-fad40100",
      "cand-3d99c3c3",
      "cand-ed6ed300",
      "cand-36473405",
      "cand-32556840",
      "cand-056beb3f",
      "cand-fef34f1d",
      "cand-4e58abee",
      "cand-6c095f1d",
      "cand-72fdbd0a",
      "cand-1a73f98c",
      "cand-60e5fb9a",
      "cand-fbd6e1cd",
      "cand-6fa9e64c",
      "cand-b3ce6dfd",
      "cand-d7b18242",
      "cand-cddf1147",
      "cand-a2b17756",
      "cand-4106d658",
      "cand-bf2319b1",
      "cand-1be3a1ed",
      "cand-ec8276d1",
      "cand-66da2fad",
      "cand-10487d69",
      "cand-a0b082a6",
      "cand-e1c37158",
      "cand-3924bc09",
      "cand-c5a37a36",
      "cand-9f921b3b",
      "cand-976660f2",
      "cand-1fd659d1",
      "cand-1ebe3284",
      "cand-a05583cb",
      "cand-68e1f6c0",
      "cand-939bafa7",
      "cand-5dfb966e",
      "cand-ec9d7a77",
      "cand-c9bd8a69",
      "cand-cad467d1",
      "cand-30ca4ecf",
      "cand-274a3d78",
      "cand-8f6a1544",
      "cand-be21675f",
      "cand-17c07e8f",
      "cand-60166f81",
      "cand-8f82de94",
      "cand-42460886",
      "cand-9295e93d",
      "cand-5a54f71c",
      "cand-a12eacdf",
      "cand-5b236726",
      "cand-dbfe05b6",
      "cand-eb4f9103",
      "cand-294a8337",
      "cand-54d331f7",
      "cand-303f93be",
      "cand-64ceccd8",
      "cand-82301049",
      "cand-cb926322",
      "cand-9740ccd3",
      "cand-45f69d7a",
      "cand-8195e18c",
      "cand-9ad02865",
      "cand-b0561318",
      "cand-77645d5d",
      "cand-3913b48a",
      "cand-d8c529f0",
      "cand-3e0617a5",
      "cand-796b47d8",
      "cand-da5bc8a6",
      "cand-6385aa99",
      "cand-ce0fb6b8",
      "cand-f53efe87",
      "cand-541078ba",
      "cand-102cde43",
      "cand-99a518c8",
      "cand-45eae1ed",
      "cand-5fa9bbca",
      "cand-58a6bc67",
      "cand-e2e95d0b",
      "cand-e7d44996",
      "cand-4fd1f661",
      "cand-f8a32482",
      "cand-65221fbc",
      "cand-0dcbc429",
      "cand-7237f414",
      "cand-13ab4eb7",
      "cand-03a62626",
      "cand-74403bc5",
      "cand-08afa655",
      "cand-8fc0ffa2",
      "cand-6b8a91fa",
      "cand-6b160ae4",
      "cand-e4ab8440",
      "cand-292c094d",
      "cand-bf066e31",
      "cand-bf45bffc",
      "cand-33777180",
      "cand-67548c32",
      "cand-af1ed124",
      "cand-fd3f325b",
      "cand-e8320fab",
      "cand-51877b36",
      "cand-f80d7394",
      "cand-d2b04e0c",
      "cand-d865401d",
      "cand-c2337d4e",
      "cand-bd0f8191",
      "cand-2e68882f",
      "cand-94bc57ed",
      "cand-93a15ca5",
      "cand-197cf126",
      "cand-4e21422c",
      "cand-cc3ed2d8",
      "cand-ad84fefa",
      "cand-e3e4e13a",
      "cand-6d2901b8",
      "cand-c7985187",
      "cand-a3fa7fcf",
      "cand-2181b4f2",
      "cand-e803ef34",
      "cand-cc7eb308",
      "cand-8c710851",
      "cand-8045892e",
      "cand-17273829",
      "cand-e3d89e08",
      "cand-118d9dbb",
      "cand-1a318968",
      "cand-5665b571",
      "cand-80f55e73",
      "cand-74341bb6",
      "cand-6a470e0a",
      "cand-bac89ce5",
      "cand-9a0a92b6",
      "cand-91ef422b",
      "cand-63b039ec",
      "cand-5f4ecea5",
      "cand-eb5c0c9f",
      "cand-f7398180",
      "cand-b8e26ed1",
      "cand-97e78627",
      "cand-8cfb97d5",
      "cand-2c409867",
      "cand-990db2d3",
      "cand-d3505cb8",
      "cand-c99b76d2",
      "cand-49bf1eca",
      "cand-a32fd47a",
      "cand-60aab7fe"
    ],
    "recentProblemKinds": [
      "pine_preflight_fail",
      "local_backtest_fail",
      "local_backtest_fail",
      "pine_preflight_fail",
      "pine_preflight_fail"
    ],
    "recentRepairResults": [
      {
        "repairKind": "pine_source_repair",
        "result": "success",
        "repairedCandidateId": "cand-c99b76d2",
        "summary": "Applied deterministic time-boxed preflight repair after blocking sparse event-source issues."
      },
      {
        "repairKind": "pine_source_repair",
        "result": "success",
        "repairedCandidateId": "cand-42666d55",
        "summary": "Applied deterministic time-boxed preflight repair after blocking sparse event-source issues."
      },
      {
        "repairKind": "risk_logic_repair",
        "result": "success",
        "repairedCandidateId": "cand-49bf1eca",
        "summary": "Requested risk_logic_repair after local_backtest_fail."
      },
      {
        "repairKind": "pine_source_repair",
        "result": "success",
        "repairedCandidateId": "cand-a32fd47a",
        "summary": "Applied deterministic time-boxed preflight repair after blocking sparse event-source issues."
      },
      {
        "repairKind": "pine_source_repair",
        "result": "success",
        "repairedCandidateId": "cand-60aab7fe",
        "summary": "Applied deterministic time-boxed preflight repair after blocking sparse event-source issues."
      }
    ],
    "scoreFeedbackObserved": true,
    "stage6Readiness": {
      "generatedAt": "2026-04-30T05:22:53.680Z",
      "evaluated": true,
      "passed": true,
      "mode": "deterministic",
      "countRequested": 10,
      "countCompleted": 10,
      "countFailed": 0,
      "activeChampionCandidateId": "cand-a64e2088",
      "freshBootstrapPassed": true,
      "multiIterationPassed": true,
      "rootIsolationPassed": true,
      "repairTraceabilityPassed": true,
      "calibrationQueuePassed": true,
      "scoreFeedbackPassed": true,
      "feedbackClosureRequired": false,
      "calibrationMode": "queue_only",
      "ledgerValidationPassed": true,
      "indexVerificationPassed": true,
      "rootIsolationStatus": {
        "status": "passed",
        "customStateRoot": "C:\\Users\\hanji\\AppData\\Local\\Temp\\af-stage6-state-YAZZ8Y",
        "defaultWorkspaceStateRoot": "C:\\Users\\hanji\\AppData\\Local\\Temp\\af-stage6-workspace-Nnkt1H\\state\\pi-autoresearch",
        "customContextExists": true,
        "defaultWorkspaceStateHasArtifacts": false
      },
      "repairTraceabilityStatus": {
        "status": "passed",
        "successfulRepairCount": 10,
        "successfulRepairsWithoutCandidateCount": 0
      },
      "feedbackClosureStatus": {
        "status": "passed",
        "required": false,
        "promptFeedbackObserved": true,
        "scoreBreakdownFeedbackObserved": false,
        "divergenceCount": 0,
        "confidenceUpdateCount": 0
      },
      "evidence": {
        "tempWorkspaceRoot": null,
        "tempStateRoot": null,
        "localEvaluationCount": 19,
        "headEventCount": 2,
        "archiveEventCount": 11,
        "calibrationEventCount": 2,
        "mutationBriefCount": 18,
        "problemEventCount": 18,
        "repairAttemptCount": 10,
        "deadlineBreachCount": 0
      },
      "warnings": []
    },
    "lastStage6GatePassed": true,
    "rootIsolationStatus": {
      "status": "passed",
      "customStateRoot": "C:\\Users\\hanji\\AppData\\Local\\Temp\\af-stage6-state-YAZZ8Y",
      "defaultWorkspaceStateRoot": "C:\\Users\\hanji\\AppData\\Local\\Temp\\af-stage6-workspace-Nnkt1H\\state\\pi-autoresearch",
      "customContextExists": true,
      "defaultWorkspaceStateHasArtifacts": false
    },
    "repairTraceabilityStatus": {
      "status": "passed",
      "successfulRepairCount": 10,
      "successfulRepairsWithoutCandidateCount": 0
    },
    "feedbackClosureStatus": {
      "status": "passed",
      "required": false,
      "promptFeedbackObserved": true,
      "scoreBreakdownFeedbackObserved": false,
      "divergenceCount": 0,
      "confidenceUpdateCount": 0
    },
    "nextPlannedAction": "local_compatibility_repair",
    "loopMode": "local-first",
    "defaultOperationalView": "v3_autonomous_local_first",
    "projectRoot": "C:\\Users\\hanji\\Desktop\\AF",
    "workspaceRoot": "C:\\Users\\hanji\\Desktop\\AF",
    "stateRoot": "C:\\Users\\hanji\\Desktop\\AF\\state\\pi-autoresearch",
    "traceRoot": "C:\\Users\\hanji\\Desktop\\AF\\state\\pi-autoresearch\\traces",
    "artifactRoot": "C:\\Users\\hanji\\Desktop\\AF\\state\\pi-autoresearch\\artifacts",
    "evidenceRoot": "C:\\Users\\hanji\\Desktop\\AF\\state\\pi-autoresearch\\evidence",
    "runtimeRoot": "C:\\Users\\hanji\\Desktop\\AF\\state\\pi-autoresearch\\runtime",
    "tvVerificationCount": 28,
    "tvHealth": "unavailable",
    "calibrationAutoProcess": false,
    "calibrationMode": "queue_only",
    "lastTvSurfaceFailure": {
      "candidateId": "cand-c6235b65",
      "decision": "tv_surface_failure",
      "iteration": 279,
      "tvCalibrationStatus": "surface_failure",
      "recordedAt": "2026-04-29T18:46:19.526Z"
    },
    "humanOverride": false
  },
  "verification": {
    "ok": true,
    "issues": []
  },
  "tracePath": "C:\\Users\\hanji\\Desktop\\AF\\state\\pi-autoresearch\\traces\\rebuild-indexes-2026-05-01T00-50-14-595Z-trace-08d0feca.jsonl"
}
[2026-05-01T09:50:25.9918639+09:00] iteration 8: rebuild-indexes --verify exit=0
[2026-05-01T09:50:36.0013682+09:00] iteration 9: run-autonomous-loop start
??injected env (11) from .env // tip: ??encrypted .env [www.dotenvx.com]
[autonomous.loop.start] run-autonomous-loop | Starting autonomous local-first loop | 2026-05-01T00:50:36.251Z
[iteration.started] run-autonomous-loop | Starting autonomous iteration | 2026-05-01T00:50:36.252Z
[phase.started] run-autonomous-loop | Initializing autonomous workspace | 2026-05-01T00:50:36.263Z
[phase.completed] run-autonomous-loop | Initializing autonomous workspace | 2026-05-01T00:50:38.050Z
[phase.started] run-autonomous-loop | Generating autonomous mutation candidate | 2026-05-01T00:50:39.284Z
[autonomous.mutation.request] run-autonomous-loop | Sending autonomous mutation request | 2026-05-01T00:50:39.284Z
[autonomous.mutation.preflight_blocked] run-autonomous-loop | Pine ?앹꽦 ?ъ쟾 ?먭??먯꽌 李⑤떒 ?댁뒋瑜?諛쒓껄?덉뒿?덈떎. | 2026-05-01T00:52:46.813Z
[autonomous.mutation.preflight_deterministic_repair] run-autonomous-loop | Applied deterministic time-boxed mutation preflight repair | 2026-05-01T00:52:46.820Z
[phase.completed] run-autonomous-loop | Generating autonomous mutation candidate | 2026-05-01T00:52:46.827Z
[phase.started] run-autonomous-loop | Evaluating autonomous candidate locally | 2026-05-01T00:52:46.828Z
[autonomous.market_context_ready] run-autonomous-loop | Local-first market context is ready | 2026-05-01T00:52:46.835Z
[autonomous.local_evaluation] run-autonomous-loop | Local autonomous evaluation completed | 2026-05-01T00:52:46.914Z
[phase.completed] run-autonomous-loop | Evaluating autonomous candidate locally | 2026-05-01T00:52:46.948Z
[phase.started] run-autonomous-loop | Updating autonomous archive views | 2026-05-01T00:52:46.949Z
[phase.completed] run-autonomous-loop | Updating autonomous archive views | 2026-05-01T00:52:46.952Z
[phase.started] run-autonomous-loop | Queueing candidate for TradingView calibration | 2026-05-01T00:52:46.952Z
[phase.completed] run-autonomous-loop | Queueing candidate for TradingView calibration | 2026-05-01T00:52:46.955Z
[phase.started] run-autonomous-loop | Selecting active autonomous champion | 2026-05-01T00:52:47.907Z
[phase.completed] run-autonomous-loop | Selecting active autonomous champion | 2026-05-01T00:52:48.452Z
[phase.started] run-autonomous-loop | Rebuilding derived autonomous views | 2026-05-01T00:52:48.453Z
[phase.completed] run-autonomous-loop | Rebuilding derived autonomous views | 2026-05-01T00:52:50.303Z
[iteration.completed] run-autonomous-loop | Autonomous iteration completed | 2026-05-01T00:52:50.303Z
{
  "countRequested": 1,
  "countCompleted": 1,
  "countFailed": 0,
  "results": [
    {
      "runId": "autonomous-1777596636262",
      "iteration": 597,
      "candidateId": "cand-3f27c596",
      "localDecision": "local_candidate_eligible",
      "activeChampionChanged": false,
      "activeChampionCandidateId": "cand-42ed2fa4"
    }
  ],
  "deadlineBreaches": [],
  "autonomousState": {
    "generatedAt": "2026-05-01T00:52:51.831Z",
    "activeChampionCandidateId": "cand-42ed2fa4",
    "activeChampionScore": 0.7879,
    "activeChampionDecision": "local_candidate_eligible",
    "championOrigin": "autonomous",
    "researchMaturity": "steady_state",
    "selectedBy": "auto_policy",
    "selectionPolicyVersion": "autonomous-local-first/v3-p0",
    "objectivePolicyVersion": "objective.qqq-120m/v1",
    "headEventCount": 2,
    "archiveEventCount": 289,
    "calibrationEventCount": 303,
    "calibrationCandidateCount": 275,
    "divergenceCount": 27,
    "localConfidenceUpdateCount": 27,
    "problemEventCount": 196,
    "repairAttemptCount": 97,
    "localEvaluationCount": 377,
    "localEligibleCount": 214,
    "bootstrapCompatibleCount": 0,
    "bootstrapEligibleCount": 0,
    "bootstrapStatus": "not_started",
    "bootstrapSource": null,
    "bootstrapReason": null,
    "localRejectedCount": 158,
    "topBlockingReason": "low_trade_count",
    "pendingCalibrationCandidateCount": 247,
    "pendingCalibrationCandidateIds": [
      "cand-0e6a0180",
      "cand-9f33e80b",
      "cand-772d8a1e",
      "cand-f28d2e01",
      "cand-9a5dbcc7",
      "cand-b01be933",
      "cand-0a692f84",
      "cand-4f8faae3",
      "cand-35a74bba",
      "cand-c6b25611",
      "cand-ccdae17b",
      "cand-b8102dcd",
      "cand-8a1fe27b",
      "cand-ebbdd6a9",
      "cand-80dfaaa1",
      "cand-03f30a70",
      "cand-2f290563",
      "cand-e76cded5",
      "cand-710d8bc6",
      "cand-dd7e63cf",
      "cand-949bf032",
      "cand-b14595e0",
      "cand-90dc4ec3",
      "cand-f1103886",
      "cand-77224b87",
      "cand-55f47b32",
      "cand-cb18c54a",
      "cand-8a1a7cf2",
      "cand-db12aa7d",
      "cand-eb3175fc",
      "cand-ce89005b",
      "cand-b333865d",
      "cand-14f5f8ff",
      "cand-87a7fa06",
      "cand-609d9f19",
      "cand-09a0ae17",
      "cand-fbb3fb78",
      "cand-7bff0c1a",
      "cand-6e976c42",
      "cand-eaf67b92",
      "cand-ea5075a8",
      "cand-c0d6f969",
      "cand-946579c0",
      "cand-1638111b",
      "cand-840b49c0",
      "cand-a1b63e8c",
      "cand-d3fa966c",
      "cand-af6ef21e",
      "cand-c5832df6",
      "cand-57321a8c",
      "cand-3004b0f8",
      "cand-00644032",
      "cand-6272ab0f",
      "cand-7b341ad0",
      "cand-5c90b0de",
      "cand-350b7e7b",
      "cand-05218055",
      "cand-6ebbd52a",
      "cand-9edd626e",
      "cand-5d685d8a",
      "cand-addb3d5a",
      "cand-1a03e904",
      "cand-935b6a7d",
      "cand-11e460d8",
      "cand-58484f09",
      "cand-c3549cdc",
      "cand-e000c048",
      "cand-5927e5ca",
      "cand-7ae4d6eb",
      "cand-bd3c959f",
      "cand-ad98c7fd",
      "cand-a3456179",
      "cand-fa19c7db",
      "cand-8211114e",
      "cand-737e8acc",
      "cand-9ae5abb8",
      "cand-f68c494c",
      "cand-0cb06744",
      "cand-c4540c5e",
      "cand-887ba798",
      "cand-334ff9ed",
      "cand-1e7bb092",
      "cand-940106ac",
      "cand-b1575fba",
      "cand-1c1cb560",
      "cand-2ba5ca56",
      "cand-4e158d7d",
      "cand-ee1867a5",
      "cand-ccf655ee",
      "cand-2f2f67f1",
      "cand-dd0d4883",
      "cand-9e390b78",
      "cand-2b509e63",
      "cand-a42bb737",
      "cand-ba65a405",
      "cand-95b5fcb4",
      "cand-c1decc14",
      "cand-fad40100",
      "cand-3d99c3c3",
      "cand-ed6ed300",
      "cand-36473405",
      "cand-32556840",
      "cand-056beb3f",
      "cand-fef34f1d",
      "cand-4e58abee",
      "cand-6c095f1d",
      "cand-72fdbd0a",
      "cand-1a73f98c",
      "cand-60e5fb9a",
      "cand-fbd6e1cd",
      "cand-6fa9e64c",
      "cand-b3ce6dfd",
      "cand-d7b18242",
      "cand-cddf1147",
      "cand-a2b17756",
      "cand-4106d658",
      "cand-bf2319b1",
      "cand-1be3a1ed",
      "cand-ec8276d1",
      "cand-66da2fad",
      "cand-10487d69",
      "cand-a0b082a6",
      "cand-e1c37158",
      "cand-3924bc09",
      "cand-c5a37a36",
      "cand-9f921b3b",
      "cand-976660f2",
      "cand-1fd659d1",
      "cand-1ebe3284",
      "cand-a05583cb",
      "cand-68e1f6c0",
      "cand-939bafa7",
      "cand-5dfb966e",
      "cand-ec9d7a77",
      "cand-c9bd8a69",
      "cand-cad467d1",
      "cand-30ca4ecf",
      "cand-274a3d78",
      "cand-8f6a1544",
      "cand-be21675f",
      "cand-17c07e8f",
      "cand-60166f81",
      "cand-8f82de94",
      "cand-42460886",
      "cand-9295e93d",
      "cand-5a54f71c",
      "cand-a12eacdf",
      "cand-5b236726",
      "cand-dbfe05b6",
      "cand-eb4f9103",
      "cand-294a8337",
      "cand-54d331f7",
      "cand-303f93be",
      "cand-64ceccd8",
      "cand-82301049",
      "cand-cb926322",
      "cand-9740ccd3",
      "cand-45f69d7a",
      "cand-8195e18c",
      "cand-9ad02865",
      "cand-b0561318",
      "cand-77645d5d",
      "cand-3913b48a",
      "cand-d8c529f0",
      "cand-3e0617a5",
      "cand-796b47d8",
      "cand-da5bc8a6",
      "cand-6385aa99",
      "cand-ce0fb6b8",
      "cand-f53efe87",
      "cand-541078ba",
      "cand-102cde43",
      "cand-99a518c8",
      "cand-45eae1ed",
      "cand-5fa9bbca",
      "cand-58a6bc67",
      "cand-e2e95d0b",
      "cand-e7d44996",
      "cand-4fd1f661",
      "cand-f8a32482",
      "cand-65221fbc",
      "cand-0dcbc429",
      "cand-7237f414",
      "cand-13ab4eb7",
      "cand-03a62626",
      "cand-74403bc5",
      "cand-08afa655",
      "cand-8fc0ffa2",
      "cand-6b8a91fa",
      "cand-6b160ae4",
      "cand-e4ab8440",
      "cand-292c094d",
      "cand-bf066e31",
      "cand-bf45bffc",
      "cand-33777180",
      "cand-67548c32",
      "cand-af1ed124",
      "cand-fd3f325b",
      "cand-e8320fab",
      "cand-51877b36",
      "cand-f80d7394",
      "cand-d2b04e0c",
      "cand-d865401d",
      "cand-c2337d4e",
      "cand-bd0f8191",
      "cand-2e68882f",
      "cand-94bc57ed",
      "cand-93a15ca5",
      "cand-197cf126",
      "cand-4e21422c",
      "cand-cc3ed2d8",
      "cand-ad84fefa",
      "cand-e3e4e13a",
      "cand-6d2901b8",
      "cand-c7985187",
      "cand-a3fa7fcf",
      "cand-2181b4f2",
      "cand-e803ef34",
      "cand-cc7eb308",
      "cand-8c710851",
      "cand-8045892e",
      "cand-17273829",
      "cand-e3d89e08",
      "cand-118d9dbb",
      "cand-1a318968",
      "cand-5665b571",
      "cand-80f55e73",
      "cand-74341bb6",
      "cand-6a470e0a",
      "cand-bac89ce5",
      "cand-9a0a92b6",
      "cand-91ef422b",
      "cand-63b039ec",
      "cand-5f4ecea5",
      "cand-eb5c0c9f",
      "cand-f7398180",
      "cand-b8e26ed1",
      "cand-97e78627",
      "cand-8cfb97d5",
      "cand-2c409867",
      "cand-990db2d3",
      "cand-d3505cb8",
      "cand-c99b76d2",
      "cand-49bf1eca",
      "cand-a32fd47a",
      "cand-60aab7fe",
      "cand-3f27c596"
    ],
    "recentProblemKinds": [
      "local_backtest_fail",
      "local_backtest_fail",
      "pine_preflight_fail",
      "pine_preflight_fail",
      "pine_preflight_fail"
    ],
    "recentRepairResults": [
      {
        "repairKind": "pine_source_repair",
        "result": "success",
        "repairedCandidateId": "cand-42666d55",
        "summary": "Applied deterministic time-boxed preflight repair after blocking sparse event-source issues."
      },
      {
        "repairKind": "risk_logic_repair",
        "result": "success",
        "repairedCandidateId": "cand-49bf1eca",
        "summary": "Requested risk_logic_repair after local_backtest_fail."
      },
      {
        "repairKind": "pine_source_repair",
        "result": "success",
        "repairedCandidateId": "cand-a32fd47a",
        "summary": "Applied deterministic time-boxed preflight repair after blocking sparse event-source issues."
      },
      {
        "repairKind": "pine_source_repair",
        "result": "success",
        "repairedCandidateId": "cand-60aab7fe",
        "summary": "Applied deterministic time-boxed preflight repair after blocking sparse event-source issues."
      },
      {
        "repairKind": "pine_source_repair",
        "result": "success",
        "repairedCandidateId": "cand-3f27c596",
        "summary": "Applied deterministic time-boxed preflight repair after blocking sparse event-source issues."
      }
    ],
    "scoreFeedbackObserved": true,
    "stage6Readiness": {
      "generatedAt": "2026-04-30T05:22:53.680Z",
      "evaluated": true,
      "passed": true,
      "mode": "deterministic",
      "countRequested": 10,
      "countCompleted": 10,
      "countFailed": 0,
      "activeChampionCandidateId": "cand-a64e2088",
      "freshBootstrapPassed": true,
      "multiIterationPassed": true,
      "rootIsolationPassed": true,
      "repairTraceabilityPassed": true,
      "calibrationQueuePassed": true,
      "scoreFeedbackPassed": true,
      "feedbackClosureRequired": false,
      "calibrationMode": "queue_only",
      "ledgerValidationPassed": true,
      "indexVerificationPassed": true,
      "rootIsolationStatus": {
        "status": "passed",
        "customStateRoot": "C:\\Users\\hanji\\AppData\\Local\\Temp\\af-stage6-state-YAZZ8Y",
        "defaultWorkspaceStateRoot": "C:\\Users\\hanji\\AppData\\Local\\Temp\\af-stage6-workspace-Nnkt1H\\state\\pi-autoresearch",
        "customContextExists": true,
        "defaultWorkspaceStateHasArtifacts": false
      },
      "repairTraceabilityStatus": {
        "status": "passed",
        "successfulRepairCount": 10,
        "successfulRepairsWithoutCandidateCount": 0
      },
      "feedbackClosureStatus": {
        "status": "passed",
        "required": false,
        "promptFeedbackObserved": true,
        "scoreBreakdownFeedbackObserved": false,
        "divergenceCount": 0,
        "confidenceUpdateCount": 0
      },
      "evidence": {
        "tempWorkspaceRoot": null,
        "tempStateRoot": null,
        "localEvaluationCount": 19,
        "headEventCount": 2,
        "archiveEventCount": 11,
        "calibrationEventCount": 2,
        "mutationBriefCount": 18,
        "problemEventCount": 18,
        "repairAttemptCount": 10,
        "deadlineBreachCount": 0
      },
      "warnings": []
    },
    "lastStage6GatePassed": true,
    "rootIsolationStatus": {
      "status": "passed",
      "customStateRoot": "C:\\Users\\hanji\\AppData\\Local\\Temp\\af-stage6-state-YAZZ8Y",
      "defaultWorkspaceStateRoot": "C:\\Users\\hanji\\AppData\\Local\\Temp\\af-stage6-workspace-Nnkt1H\\state\\pi-autoresearch",
      "customContextExists": true,
      "defaultWorkspaceStateHasArtifacts": false
    },
    "repairTraceabilityStatus": {
      "status": "passed",
      "successfulRepairCount": 10,
      "successfulRepairsWithoutCandidateCount": 0
    },
    "feedbackClosureStatus": {
      "status": "passed",
      "required": false,
      "promptFeedbackObserved": true,
      "scoreBreakdownFeedbackObserved": false,
      "divergenceCount": 0,
      "confidenceUpdateCount": 0
    },
    "nextPlannedAction": "local_compatibility_repair",
    "loopMode": "local-first",
    "defaultOperationalView": "v3_autonomous_local_first",
    "projectRoot": "C:\\Users\\hanji\\Desktop\\AF",
    "workspaceRoot": "C:\\Users\\hanji\\Desktop\\AF",
    "stateRoot": "C:\\Users\\hanji\\Desktop\\AF\\state\\pi-autoresearch",
    "traceRoot": "C:\\Users\\hanji\\Desktop\\AF\\state\\pi-autoresearch\\traces",
    "artifactRoot": "C:\\Users\\hanji\\Desktop\\AF\\state\\pi-autoresearch\\artifacts",
    "evidenceRoot": "C:\\Users\\hanji\\Desktop\\AF\\state\\pi-autoresearch\\evidence",
    "runtimeRoot": "C:\\Users\\hanji\\Desktop\\AF\\state\\pi-autoresearch\\runtime",
    "tvVerificationCount": 28,
    "tvHealth": "unavailable",
    "calibrationAutoProcess": false,
    "calibrationMode": "queue_only",
    "lastTvSurfaceFailure": {
      "candidateId": "cand-c6235b65",
      "decision": "tv_surface_failure",
      "iteration": 279,
      "tvCalibrationStatus": "surface_failure",
      "recordedAt": "2026-04-29T18:46:19.526Z"
    },
    "humanOverride": false
  },
  "tracePath": "C:\\Users\\hanji\\Desktop\\AF\\state\\pi-autoresearch\\traces\\run-autonomous-loop-2026-05-01T00-50-36-250Z-trace-4d302ee6.jsonl"
}
[2026-05-01T09:52:52.5132832+09:00] iteration 9: run-autonomous-loop exit=0
[2026-05-01T09:52:52.5132832+09:00] iteration 9: validate-ledger start
??injected env (11) from .env // tip: ??secrets for agents [www.dotenvx.com]
[ledger.validation] validate-ledger | Ledger validation completed | 2026-05-01T00:52:55.951Z
{
  "ok": true,
  "errorCount": 0,
  "warningCount": 6,
  "issues": [
    {
      "severity": "warning",
      "scope": "experiment-record-meta",
      "recordId": "cand-f918d6d8",
      "message": "recordHash does not match the serialized experiment record."
    },
    {
      "severity": "warning",
      "scope": "experiment-record-meta",
      "recordId": "cand-3f99a396",
      "message": "recordHash does not match the serialized experiment record."
    },
    {
      "severity": "warning",
      "scope": "experiment-record-meta",
      "recordId": "cand-93a71a19",
      "message": "recordHash does not match the serialized experiment record."
    },
    {
      "severity": "warning",
      "scope": "experiment-record-meta",
      "recordId": "cand-560e2d3b",
      "message": "recordHash does not match the serialized experiment record."
    },
    {
      "severity": "warning",
      "scope": "experiment-record-meta",
      "recordId": "cand-24b4021d",
      "message": "recordHash does not match the serialized experiment record."
    },
    {
      "severity": "warning",
      "scope": "candidate-dedup",
      "recordId": "bfee8f4eb7eabba2047b8b2270beef764a3942811cda8134d75c15c171c0c26a",
      "message": "Duplicate candidate source hash detected across ids: cand-2a5e6ffe, cand-51397d04, cand-9cbc4c5f, cand-a93778fa, cand-bbb67c15, cand-fdc1ae65"
    }
  ],
  "summary": {
    "experiments": 597,
    "candidates": 547,
    "taskBatches": 131
  },
  "stateRoot": "C:\\Users\\hanji\\Desktop\\AF\\state\\pi-autoresearch",
  "tracePath": "C:\\Users\\hanji\\Desktop\\AF\\state\\pi-autoresearch\\traces\\validate-ledger-2026-05-01T00-52-52-750Z-trace-b8c56c30.jsonl"
}
[2026-05-01T09:52:56.0230332+09:00] iteration 9: validate-ledger exit=0
[2026-05-01T09:52:56.0230332+09:00] iteration 9: rebuild-indexes --verify start
??injected env (11) from .env // tip: ??auth for agents [www.vestauth.com]
[?몃뜳???ъ깮???쒖옉] ?몃뜳???ъ깮??| ?뚯깮 ?몃뜳?ㅻ? ?ъ깮?깊빀?덈떎. state: C:\Users\hanji\Desktop\AF\state\pi-autoresearch | 2026-05-01T00:52:58.155Z
[?몃뜳???ъ깮???꾨즺] ?몃뜳???ъ깮??| ?뚯깮 ?몃뜳???ъ깮?깆쓣 留덉낀?듬땲?? state: C:\Users\hanji\Desktop\AF\state\pi-autoresearch | 2026-05-01T00:53:07.986Z
{
  "rebuilt": true,
  "stateRoot": "C:\\Users\\hanji\\Desktop\\AF\\state\\pi-autoresearch",
  "autonomousState": {
    "generatedAt": "2026-05-01T00:53:01.708Z",
    "activeChampionCandidateId": "cand-42ed2fa4",
    "activeChampionScore": 0.7879,
    "activeChampionDecision": "local_candidate_eligible",
    "championOrigin": "autonomous",
    "researchMaturity": "steady_state",
    "selectedBy": "auto_policy",
    "selectionPolicyVersion": "autonomous-local-first/v3-p0",
    "objectivePolicyVersion": "objective.qqq-120m/v1",
    "headEventCount": 2,
    "archiveEventCount": 289,
    "calibrationEventCount": 303,
    "calibrationCandidateCount": 275,
    "divergenceCount": 27,
    "localConfidenceUpdateCount": 27,
    "problemEventCount": 196,
    "repairAttemptCount": 97,
    "localEvaluationCount": 377,
    "localEligibleCount": 214,
    "bootstrapCompatibleCount": 0,
    "bootstrapEligibleCount": 0,
    "bootstrapStatus": "not_started",
    "bootstrapSource": null,
    "bootstrapReason": null,
    "localRejectedCount": 158,
    "topBlockingReason": "low_trade_count",
    "pendingCalibrationCandidateCount": 247,
    "pendingCalibrationCandidateIds": [
      "cand-0e6a0180",
      "cand-9f33e80b",
      "cand-772d8a1e",
      "cand-f28d2e01",
      "cand-9a5dbcc7",
      "cand-b01be933",
      "cand-0a692f84",
      "cand-4f8faae3",
      "cand-35a74bba",
      "cand-c6b25611",
      "cand-ccdae17b",
      "cand-b8102dcd",
      "cand-8a1fe27b",
      "cand-ebbdd6a9",
      "cand-80dfaaa1",
      "cand-03f30a70",
      "cand-2f290563",
      "cand-e76cded5",
      "cand-710d8bc6",
      "cand-dd7e63cf",
      "cand-949bf032",
      "cand-b14595e0",
      "cand-90dc4ec3",
      "cand-f1103886",
      "cand-77224b87",
      "cand-55f47b32",
      "cand-cb18c54a",
      "cand-8a1a7cf2",
      "cand-db12aa7d",
      "cand-eb3175fc",
      "cand-ce89005b",
      "cand-b333865d",
      "cand-14f5f8ff",
      "cand-87a7fa06",
      "cand-609d9f19",
      "cand-09a0ae17",
      "cand-fbb3fb78",
      "cand-7bff0c1a",
      "cand-6e976c42",
      "cand-eaf67b92",
      "cand-ea5075a8",
      "cand-c0d6f969",
      "cand-946579c0",
      "cand-1638111b",
      "cand-840b49c0",
      "cand-a1b63e8c",
      "cand-d3fa966c",
      "cand-af6ef21e",
      "cand-c5832df6",
      "cand-57321a8c",
      "cand-3004b0f8",
      "cand-00644032",
      "cand-6272ab0f",
      "cand-7b341ad0",
      "cand-5c90b0de",
      "cand-350b7e7b",
      "cand-05218055",
      "cand-6ebbd52a",
      "cand-9edd626e",
      "cand-5d685d8a",
      "cand-addb3d5a",
      "cand-1a03e904",
      "cand-935b6a7d",
      "cand-11e460d8",
      "cand-58484f09",
      "cand-c3549cdc",
      "cand-e000c048",
      "cand-5927e5ca",
      "cand-7ae4d6eb",
      "cand-bd3c959f",
      "cand-ad98c7fd",
      "cand-a3456179",
      "cand-fa19c7db",
      "cand-8211114e",
      "cand-737e8acc",
      "cand-9ae5abb8",
      "cand-f68c494c",
      "cand-0cb06744",
      "cand-c4540c5e",
      "cand-887ba798",
      "cand-334ff9ed",
      "cand-1e7bb092",
      "cand-940106ac",
      "cand-b1575fba",
      "cand-1c1cb560",
      "cand-2ba5ca56",
      "cand-4e158d7d",
      "cand-ee1867a5",
      "cand-ccf655ee",
      "cand-2f2f67f1",
      "cand-dd0d4883",
      "cand-9e390b78",
      "cand-2b509e63",
      "cand-a42bb737",
      "cand-ba65a405",
      "cand-95b5fcb4",
      "cand-c1decc14",
      "cand-fad40100",
      "cand-3d99c3c3",
      "cand-ed6ed300",
      "cand-36473405",
      "cand-32556840",
      "cand-056beb3f",
      "cand-fef34f1d",
      "cand-4e58abee",
      "cand-6c095f1d",
      "cand-72fdbd0a",
      "cand-1a73f98c",
      "cand-60e5fb9a",
      "cand-fbd6e1cd",
      "cand-6fa9e64c",
      "cand-b3ce6dfd",
      "cand-d7b18242",
      "cand-cddf1147",
      "cand-a2b17756",
      "cand-4106d658",
      "cand-bf2319b1",
      "cand-1be3a1ed",
      "cand-ec8276d1",
      "cand-66da2fad",
      "cand-10487d69",
      "cand-a0b082a6",
      "cand-e1c37158",
      "cand-3924bc09",
      "cand-c5a37a36",
      "cand-9f921b3b",
      "cand-976660f2",
      "cand-1fd659d1",
      "cand-1ebe3284",
      "cand-a05583cb",
      "cand-68e1f6c0",
      "cand-939bafa7",
      "cand-5dfb966e",
      "cand-ec9d7a77",
      "cand-c9bd8a69",
      "cand-cad467d1",
      "cand-30ca4ecf",
      "cand-274a3d78",
      "cand-8f6a1544",
      "cand-be21675f",
      "cand-17c07e8f",
      "cand-60166f81",
      "cand-8f82de94",
      "cand-42460886",
      "cand-9295e93d",
      "cand-5a54f71c",
      "cand-a12eacdf",
      "cand-5b236726",
      "cand-dbfe05b6",
      "cand-eb4f9103",
      "cand-294a8337",
      "cand-54d331f7",
      "cand-303f93be",
      "cand-64ceccd8",
      "cand-82301049",
      "cand-cb926322",
      "cand-9740ccd3",
      "cand-45f69d7a",
      "cand-8195e18c",
      "cand-9ad02865",
      "cand-b0561318",
      "cand-77645d5d",
      "cand-3913b48a",
      "cand-d8c529f0",
      "cand-3e0617a5",
      "cand-796b47d8",
      "cand-da5bc8a6",
      "cand-6385aa99",
      "cand-ce0fb6b8",
      "cand-f53efe87",
      "cand-541078ba",
      "cand-102cde43",
      "cand-99a518c8",
      "cand-45eae1ed",
      "cand-5fa9bbca",
      "cand-58a6bc67",
      "cand-e2e95d0b",
      "cand-e7d44996",
      "cand-4fd1f661",
      "cand-f8a32482",
      "cand-65221fbc",
      "cand-0dcbc429",
      "cand-7237f414",
      "cand-13ab4eb7",
      "cand-03a62626",
      "cand-74403bc5",
      "cand-08afa655",
      "cand-8fc0ffa2",
      "cand-6b8a91fa",
      "cand-6b160ae4",
      "cand-e4ab8440",
      "cand-292c094d",
      "cand-bf066e31",
      "cand-bf45bffc",
      "cand-33777180",
      "cand-67548c32",
      "cand-af1ed124",
      "cand-fd3f325b",
      "cand-e8320fab",
      "cand-51877b36",
      "cand-f80d7394",
      "cand-d2b04e0c",
      "cand-d865401d",
      "cand-c2337d4e",
      "cand-bd0f8191",
      "cand-2e68882f",
      "cand-94bc57ed",
      "cand-93a15ca5",
      "cand-197cf126",
      "cand-4e21422c",
      "cand-cc3ed2d8",
      "cand-ad84fefa",
      "cand-e3e4e13a",
      "cand-6d2901b8",
      "cand-c7985187",
      "cand-a3fa7fcf",
      "cand-2181b4f2",
      "cand-e803ef34",
      "cand-cc7eb308",
      "cand-8c710851",
      "cand-8045892e",
      "cand-17273829",
      "cand-e3d89e08",
      "cand-118d9dbb",
      "cand-1a318968",
      "cand-5665b571",
      "cand-80f55e73",
      "cand-74341bb6",
      "cand-6a470e0a",
      "cand-bac89ce5",
      "cand-9a0a92b6",
      "cand-91ef422b",
      "cand-63b039ec",
      "cand-5f4ecea5",
      "cand-eb5c0c9f",
      "cand-f7398180",
      "cand-b8e26ed1",
      "cand-97e78627",
      "cand-8cfb97d5",
      "cand-2c409867",
      "cand-990db2d3",
      "cand-d3505cb8",
      "cand-c99b76d2",
      "cand-49bf1eca",
      "cand-a32fd47a",
      "cand-60aab7fe",
      "cand-3f27c596"
    ],
    "recentProblemKinds": [
      "local_backtest_fail",
      "local_backtest_fail",
      "pine_preflight_fail",
      "pine_preflight_fail",
      "pine_preflight_fail"
    ],
    "recentRepairResults": [
      {
        "repairKind": "pine_source_repair",
        "result": "success",
        "repairedCandidateId": "cand-42666d55",
        "summary": "Applied deterministic time-boxed preflight repair after blocking sparse event-source issues."
      },
      {
        "repairKind": "risk_logic_repair",
        "result": "success",
        "repairedCandidateId": "cand-49bf1eca",
        "summary": "Requested risk_logic_repair after local_backtest_fail."
      },
      {
        "repairKind": "pine_source_repair",
        "result": "success",
        "repairedCandidateId": "cand-a32fd47a",
        "summary": "Applied deterministic time-boxed preflight repair after blocking sparse event-source issues."
      },
      {
        "repairKind": "pine_source_repair",
        "result": "success",
        "repairedCandidateId": "cand-60aab7fe",
        "summary": "Applied deterministic time-boxed preflight repair after blocking sparse event-source issues."
      },
      {
        "repairKind": "pine_source_repair",
        "result": "success",
        "repairedCandidateId": "cand-3f27c596",
        "summary": "Applied deterministic time-boxed preflight repair after blocking sparse event-source issues."
      }
    ],
    "scoreFeedbackObserved": true,
    "stage6Readiness": {
      "generatedAt": "2026-04-30T05:22:53.680Z",
      "evaluated": true,
      "passed": true,
      "mode": "deterministic",
      "countRequested": 10,
      "countCompleted": 10,
      "countFailed": 0,
      "activeChampionCandidateId": "cand-a64e2088",
      "freshBootstrapPassed": true,
      "multiIterationPassed": true,
      "rootIsolationPassed": true,
      "repairTraceabilityPassed": true,
      "calibrationQueuePassed": true,
      "scoreFeedbackPassed": true,
      "feedbackClosureRequired": false,
      "calibrationMode": "queue_only",
      "ledgerValidationPassed": true,
      "indexVerificationPassed": true,
      "rootIsolationStatus": {
        "status": "passed",
        "customStateRoot": "C:\\Users\\hanji\\AppData\\Local\\Temp\\af-stage6-state-YAZZ8Y",
        "defaultWorkspaceStateRoot": "C:\\Users\\hanji\\AppData\\Local\\Temp\\af-stage6-workspace-Nnkt1H\\state\\pi-autoresearch",
        "customContextExists": true,
        "defaultWorkspaceStateHasArtifacts": false
      },
      "repairTraceabilityStatus": {
        "status": "passed",
        "successfulRepairCount": 10,
        "successfulRepairsWithoutCandidateCount": 0
      },
      "feedbackClosureStatus": {
        "status": "passed",
        "required": false,
        "promptFeedbackObserved": true,
        "scoreBreakdownFeedbackObserved": false,
        "divergenceCount": 0,
        "confidenceUpdateCount": 0
      },
      "evidence": {
        "tempWorkspaceRoot": null,
        "tempStateRoot": null,
        "localEvaluationCount": 19,
        "headEventCount": 2,
        "archiveEventCount": 11,
        "calibrationEventCount": 2,
        "mutationBriefCount": 18,
        "problemEventCount": 18,
        "repairAttemptCount": 10,
        "deadlineBreachCount": 0
      },
      "warnings": []
    },
    "lastStage6GatePassed": true,
    "rootIsolationStatus": {
      "status": "passed",
      "customStateRoot": "C:\\Users\\hanji\\AppData\\Local\\Temp\\af-stage6-state-YAZZ8Y",
      "defaultWorkspaceStateRoot": "C:\\Users\\hanji\\AppData\\Local\\Temp\\af-stage6-workspace-Nnkt1H\\state\\pi-autoresearch",
      "customContextExists": true,
      "defaultWorkspaceStateHasArtifacts": false
    },
    "repairTraceabilityStatus": {
      "status": "passed",
      "successfulRepairCount": 10,
      "successfulRepairsWithoutCandidateCount": 0
    },
    "feedbackClosureStatus": {
      "status": "passed",
      "required": false,
      "promptFeedbackObserved": true,
      "scoreBreakdownFeedbackObserved": false,
      "divergenceCount": 0,
      "confidenceUpdateCount": 0
    },
    "nextPlannedAction": "local_compatibility_repair",
    "loopMode": "local-first",
    "defaultOperationalView": "v3_autonomous_local_first",
    "projectRoot": "C:\\Users\\hanji\\Desktop\\AF",
    "workspaceRoot": "C:\\Users\\hanji\\Desktop\\AF",
    "stateRoot": "C:\\Users\\hanji\\Desktop\\AF\\state\\pi-autoresearch",
    "traceRoot": "C:\\Users\\hanji\\Desktop\\AF\\state\\pi-autoresearch\\traces",
    "artifactRoot": "C:\\Users\\hanji\\Desktop\\AF\\state\\pi-autoresearch\\artifacts",
    "evidenceRoot": "C:\\Users\\hanji\\Desktop\\AF\\state\\pi-autoresearch\\evidence",
    "runtimeRoot": "C:\\Users\\hanji\\Desktop\\AF\\state\\pi-autoresearch\\runtime",
    "tvVerificationCount": 28,
    "tvHealth": "unavailable",
    "calibrationAutoProcess": false,
    "calibrationMode": "queue_only",
    "lastTvSurfaceFailure": {
      "candidateId": "cand-c6235b65",
      "decision": "tv_surface_failure",
      "iteration": 279,
      "tvCalibrationStatus": "surface_failure",
      "recordedAt": "2026-04-29T18:46:19.526Z"
    },
    "humanOverride": false
  },
  "verification": {
    "ok": true,
    "issues": []
  },
  "tracePath": "C:\\Users\\hanji\\Desktop\\AF\\state\\pi-autoresearch\\traces\\rebuild-indexes-2026-05-01T00-52-56-268Z-trace-09ee872a.jsonl"
}
[2026-05-01T09:53:08.1703955+09:00] iteration 9: rebuild-indexes --verify exit=0
[2026-05-01T09:53:18.1819933+09:00] iteration 10: run-autonomous-loop start
??injected env (11) from .env // tip: ??secrets for agents [www.dotenvx.com]
[autonomous.loop.start] run-autonomous-loop | Starting autonomous local-first loop | 2026-05-01T00:53:18.423Z
[iteration.started] run-autonomous-loop | Starting autonomous iteration | 2026-05-01T00:53:18.425Z
[phase.started] run-autonomous-loop | Initializing autonomous workspace | 2026-05-01T00:53:18.427Z
[phase.completed] run-autonomous-loop | Initializing autonomous workspace | 2026-05-01T00:53:20.226Z
[phase.started] run-autonomous-loop | Generating autonomous mutation candidate | 2026-05-01T00:53:21.454Z
[autonomous.mutation.request] run-autonomous-loop | Sending autonomous mutation request | 2026-05-01T00:53:21.455Z
[autonomous.mutation.preflight_blocked] run-autonomous-loop | Pine ?앹꽦 ?ъ쟾 ?먭??먯꽌 李⑤떒 ?댁뒋瑜?諛쒓껄?덉뒿?덈떎. | 2026-05-01T00:55:25.463Z
[autonomous.mutation.preflight_deterministic_repair] run-autonomous-loop | Applied deterministic time-boxed mutation preflight repair | 2026-05-01T00:55:25.471Z
[phase.completed] run-autonomous-loop | Generating autonomous mutation candidate | 2026-05-01T00:55:25.478Z
[phase.started] run-autonomous-loop | Evaluating autonomous candidate locally | 2026-05-01T00:55:25.479Z
[autonomous.market_context_ready] run-autonomous-loop | Local-first market context is ready | 2026-05-01T00:55:25.486Z
[autonomous.local_evaluation] run-autonomous-loop | Local autonomous evaluation completed | 2026-05-01T00:55:25.551Z
[phase.completed] run-autonomous-loop | Evaluating autonomous candidate locally | 2026-05-01T00:55:25.568Z
[phase.started] run-autonomous-loop | Updating autonomous archive views | 2026-05-01T00:55:25.569Z
[phase.completed] run-autonomous-loop | Updating autonomous archive views | 2026-05-01T00:55:25.572Z
[phase.started] run-autonomous-loop | Queueing candidate for TradingView calibration | 2026-05-01T00:55:25.573Z
[phase.completed] run-autonomous-loop | Queueing candidate for TradingView calibration | 2026-05-01T00:55:25.576Z
[phase.started] run-autonomous-loop | Selecting active autonomous champion | 2026-05-01T00:55:26.586Z
[phase.completed] run-autonomous-loop | Selecting active autonomous champion | 2026-05-01T00:55:27.147Z
[phase.started] run-autonomous-loop | Rebuilding derived autonomous views | 2026-05-01T00:55:27.150Z
[phase.completed] run-autonomous-loop | Rebuilding derived autonomous views | 2026-05-01T00:55:29.023Z
[iteration.completed] run-autonomous-loop | Autonomous iteration completed | 2026-05-01T00:55:29.024Z
{
  "countRequested": 1,
  "countCompleted": 1,
  "countFailed": 0,
  "results": [
    {
      "runId": "autonomous-1777596798426",
      "iteration": 598,
      "candidateId": "cand-7d7ec144",
      "localDecision": "local_candidate_eligible",
      "activeChampionChanged": false,
      "activeChampionCandidateId": "cand-42ed2fa4"
    }
  ],
  "deadlineBreaches": [],
  "autonomousState": {
    "generatedAt": "2026-05-01T00:55:30.524Z",
    "activeChampionCandidateId": "cand-42ed2fa4",
    "activeChampionScore": 0.7879,
    "activeChampionDecision": "local_candidate_eligible",
    "championOrigin": "autonomous",
    "researchMaturity": "steady_state",
    "selectedBy": "auto_policy",
    "selectionPolicyVersion": "autonomous-local-first/v3-p0",
    "objectivePolicyVersion": "objective.qqq-120m/v1",
    "headEventCount": 2,
    "archiveEventCount": 290,
    "calibrationEventCount": 304,
    "calibrationCandidateCount": 276,
    "divergenceCount": 27,
    "localConfidenceUpdateCount": 27,
    "problemEventCount": 197,
    "repairAttemptCount": 98,
    "localEvaluationCount": 378,
    "localEligibleCount": 215,
    "bootstrapCompatibleCount": 0,
    "bootstrapEligibleCount": 0,
    "bootstrapStatus": "not_started",
    "bootstrapSource": null,
    "bootstrapReason": null,
    "localRejectedCount": 158,
    "topBlockingReason": "low_trade_count",
    "pendingCalibrationCandidateCount": 248,
    "pendingCalibrationCandidateIds": [
      "cand-0e6a0180",
      "cand-9f33e80b",
      "cand-772d8a1e",
      "cand-f28d2e01",
      "cand-9a5dbcc7",
      "cand-b01be933",
      "cand-0a692f84",
      "cand-4f8faae3",
      "cand-35a74bba",
      "cand-c6b25611",
      "cand-ccdae17b",
      "cand-b8102dcd",
      "cand-8a1fe27b",
      "cand-ebbdd6a9",
      "cand-80dfaaa1",
      "cand-03f30a70",
      "cand-2f290563",
      "cand-e76cded5",
      "cand-710d8bc6",
      "cand-dd7e63cf",
      "cand-949bf032",
      "cand-b14595e0",
      "cand-90dc4ec3",
      "cand-f1103886",
      "cand-77224b87",
      "cand-55f47b32",
      "cand-cb18c54a",
      "cand-8a1a7cf2",
      "cand-db12aa7d",
      "cand-eb3175fc",
      "cand-ce89005b",
      "cand-b333865d",
      "cand-14f5f8ff",
      "cand-87a7fa06",
      "cand-609d9f19",
      "cand-09a0ae17",
      "cand-fbb3fb78",
      "cand-7bff0c1a",
      "cand-6e976c42",
      "cand-eaf67b92",
      "cand-ea5075a8",
      "cand-c0d6f969",
      "cand-946579c0",
      "cand-1638111b",
      "cand-840b49c0",
      "cand-a1b63e8c",
      "cand-d3fa966c",
      "cand-af6ef21e",
      "cand-c5832df6",
      "cand-57321a8c",
      "cand-3004b0f8",
      "cand-00644032",
      "cand-6272ab0f",
      "cand-7b341ad0",
      "cand-5c90b0de",
      "cand-350b7e7b",
      "cand-05218055",
      "cand-6ebbd52a",
      "cand-9edd626e",
      "cand-5d685d8a",
      "cand-addb3d5a",
      "cand-1a03e904",
      "cand-935b6a7d",
      "cand-11e460d8",
      "cand-58484f09",
      "cand-c3549cdc",
      "cand-e000c048",
      "cand-5927e5ca",
      "cand-7ae4d6eb",
      "cand-bd3c959f",
      "cand-ad98c7fd",
      "cand-a3456179",
      "cand-fa19c7db",
      "cand-8211114e",
      "cand-737e8acc",
      "cand-9ae5abb8",
      "cand-f68c494c",
      "cand-0cb06744",
      "cand-c4540c5e",
      "cand-887ba798",
      "cand-334ff9ed",
      "cand-1e7bb092",
      "cand-940106ac",
      "cand-b1575fba",
      "cand-1c1cb560",
      "cand-2ba5ca56",
      "cand-4e158d7d",
      "cand-ee1867a5",
      "cand-ccf655ee",
      "cand-2f2f67f1",
      "cand-dd0d4883",
      "cand-9e390b78",
      "cand-2b509e63",
      "cand-a42bb737",
      "cand-ba65a405",
      "cand-95b5fcb4",
      "cand-c1decc14",
      "cand-fad40100",
      "cand-3d99c3c3",
      "cand-ed6ed300",
      "cand-36473405",
      "cand-32556840",
      "cand-056beb3f",
      "cand-fef34f1d",
      "cand-4e58abee",
      "cand-6c095f1d",
      "cand-72fdbd0a",
      "cand-1a73f98c",
      "cand-60e5fb9a",
      "cand-fbd6e1cd",
      "cand-6fa9e64c",
      "cand-b3ce6dfd",
      "cand-d7b18242",
      "cand-cddf1147",
      "cand-a2b17756",
      "cand-4106d658",
      "cand-bf2319b1",
      "cand-1be3a1ed",
      "cand-ec8276d1",
      "cand-66da2fad",
      "cand-10487d69",
      "cand-a0b082a6",
      "cand-e1c37158",
      "cand-3924bc09",
      "cand-c5a37a36",
      "cand-9f921b3b",
      "cand-976660f2",
      "cand-1fd659d1",
      "cand-1ebe3284",
      "cand-a05583cb",
      "cand-68e1f6c0",
      "cand-939bafa7",
      "cand-5dfb966e",
      "cand-ec9d7a77",
      "cand-c9bd8a69",
      "cand-cad467d1",
      "cand-30ca4ecf",
      "cand-274a3d78",
      "cand-8f6a1544",
      "cand-be21675f",
      "cand-17c07e8f",
      "cand-60166f81",
      "cand-8f82de94",
      "cand-42460886",
      "cand-9295e93d",
      "cand-5a54f71c",
      "cand-a12eacdf",
      "cand-5b236726",
      "cand-dbfe05b6",
      "cand-eb4f9103",
      "cand-294a8337",
      "cand-54d331f7",
      "cand-303f93be",
      "cand-64ceccd8",
      "cand-82301049",
      "cand-cb926322",
      "cand-9740ccd3",
      "cand-45f69d7a",
      "cand-8195e18c",
      "cand-9ad02865",
      "cand-b0561318",
      "cand-77645d5d",
      "cand-3913b48a",
      "cand-d8c529f0",
      "cand-3e0617a5",
      "cand-796b47d8",
      "cand-da5bc8a6",
      "cand-6385aa99",
      "cand-ce0fb6b8",
      "cand-f53efe87",
      "cand-541078ba",
      "cand-102cde43",
      "cand-99a518c8",
      "cand-45eae1ed",
      "cand-5fa9bbca",
      "cand-58a6bc67",
      "cand-e2e95d0b",
      "cand-e7d44996",
      "cand-4fd1f661",
      "cand-f8a32482",
      "cand-65221fbc",
      "cand-0dcbc429",
      "cand-7237f414",
      "cand-13ab4eb7",
      "cand-03a62626",
      "cand-74403bc5",
      "cand-08afa655",
      "cand-8fc0ffa2",
      "cand-6b8a91fa",
      "cand-6b160ae4",
      "cand-e4ab8440",
      "cand-292c094d",
      "cand-bf066e31",
      "cand-bf45bffc",
      "cand-33777180",
      "cand-67548c32",
      "cand-af1ed124",
      "cand-fd3f325b",
      "cand-e8320fab",
      "cand-51877b36",
      "cand-f80d7394",
      "cand-d2b04e0c",
      "cand-d865401d",
      "cand-c2337d4e",
      "cand-bd0f8191",
      "cand-2e68882f",
      "cand-94bc57ed",
      "cand-93a15ca5",
      "cand-197cf126",
      "cand-4e21422c",
      "cand-cc3ed2d8",
      "cand-ad84fefa",
      "cand-e3e4e13a",
      "cand-6d2901b8",
      "cand-c7985187",
      "cand-a3fa7fcf",
      "cand-2181b4f2",
      "cand-e803ef34",
      "cand-cc7eb308",
      "cand-8c710851",
      "cand-8045892e",
      "cand-17273829",
      "cand-e3d89e08",
      "cand-118d9dbb",
      "cand-1a318968",
      "cand-5665b571",
      "cand-80f55e73",
      "cand-74341bb6",
      "cand-6a470e0a",
      "cand-bac89ce5",
      "cand-9a0a92b6",
      "cand-91ef422b",
      "cand-63b039ec",
      "cand-5f4ecea5",
      "cand-eb5c0c9f",
      "cand-f7398180",
      "cand-b8e26ed1",
      "cand-97e78627",
      "cand-8cfb97d5",
      "cand-2c409867",
      "cand-990db2d3",
      "cand-d3505cb8",
      "cand-c99b76d2",
      "cand-49bf1eca",
      "cand-a32fd47a",
      "cand-60aab7fe",
      "cand-3f27c596",
      "cand-7d7ec144"
    ],
    "recentProblemKinds": [
      "local_backtest_fail",
      "pine_preflight_fail",
      "pine_preflight_fail",
      "pine_preflight_fail",
      "pine_preflight_fail"
    ],
    "recentRepairResults": [
      {
        "repairKind": "risk_logic_repair",
        "result": "success",
        "repairedCandidateId": "cand-49bf1eca",
        "summary": "Requested risk_logic_repair after local_backtest_fail."
      },
      {
        "repairKind": "pine_source_repair",
        "result": "success",
        "repairedCandidateId": "cand-a32fd47a",
        "summary": "Applied deterministic time-boxed preflight repair after blocking sparse event-source issues."
      },
      {
        "repairKind": "pine_source_repair",
        "result": "success",
        "repairedCandidateId": "cand-60aab7fe",
        "summary": "Applied deterministic time-boxed preflight repair after blocking sparse event-source issues."
      },
      {
        "repairKind": "pine_source_repair",
        "result": "success",
        "repairedCandidateId": "cand-3f27c596",
        "summary": "Applied deterministic time-boxed preflight repair after blocking sparse event-source issues."
      },
      {
        "repairKind": "pine_source_repair",
        "result": "success",
        "repairedCandidateId": "cand-7d7ec144",
        "summary": "Applied deterministic time-boxed preflight repair after blocking sparse event-source issues."
      }
    ],
    "scoreFeedbackObserved": true,
    "stage6Readiness": {
      "generatedAt": "2026-04-30T05:22:53.680Z",
      "evaluated": true,
      "passed": true,
      "mode": "deterministic",
      "countRequested": 10,
      "countCompleted": 10,
      "countFailed": 0,
      "activeChampionCandidateId": "cand-a64e2088",
      "freshBootstrapPassed": true,
      "multiIterationPassed": true,
      "rootIsolationPassed": true,
      "repairTraceabilityPassed": true,
      "calibrationQueuePassed": true,
      "scoreFeedbackPassed": true,
      "feedbackClosureRequired": false,
      "calibrationMode": "queue_only",
      "ledgerValidationPassed": true,
      "indexVerificationPassed": true,
      "rootIsolationStatus": {
        "status": "passed",
        "customStateRoot": "C:\\Users\\hanji\\AppData\\Local\\Temp\\af-stage6-state-YAZZ8Y",
        "defaultWorkspaceStateRoot": "C:\\Users\\hanji\\AppData\\Local\\Temp\\af-stage6-workspace-Nnkt1H\\state\\pi-autoresearch",
        "customContextExists": true,
        "defaultWorkspaceStateHasArtifacts": false
      },
      "repairTraceabilityStatus": {
        "status": "passed",
        "successfulRepairCount": 10,
        "successfulRepairsWithoutCandidateCount": 0
      },
      "feedbackClosureStatus": {
        "status": "passed",
        "required": false,
        "promptFeedbackObserved": true,
        "scoreBreakdownFeedbackObserved": false,
        "divergenceCount": 0,
        "confidenceUpdateCount": 0
      },
      "evidence": {
        "tempWorkspaceRoot": null,
        "tempStateRoot": null,
        "localEvaluationCount": 19,
        "headEventCount": 2,
        "archiveEventCount": 11,
        "calibrationEventCount": 2,
        "mutationBriefCount": 18,
        "problemEventCount": 18,
        "repairAttemptCount": 10,
        "deadlineBreachCount": 0
      },
      "warnings": []
    },
    "lastStage6GatePassed": true,
    "rootIsolationStatus": {
      "status": "passed",
      "customStateRoot": "C:\\Users\\hanji\\AppData\\Local\\Temp\\af-stage6-state-YAZZ8Y",
      "defaultWorkspaceStateRoot": "C:\\Users\\hanji\\AppData\\Local\\Temp\\af-stage6-workspace-Nnkt1H\\state\\pi-autoresearch",
      "customContextExists": true,
      "defaultWorkspaceStateHasArtifacts": false
    },
    "repairTraceabilityStatus": {
      "status": "passed",
      "successfulRepairCount": 10,
      "successfulRepairsWithoutCandidateCount": 0
    },
    "feedbackClosureStatus": {
      "status": "passed",
      "required": false,
      "promptFeedbackObserved": true,
      "scoreBreakdownFeedbackObserved": false,
      "divergenceCount": 0,
      "confidenceUpdateCount": 0
    },
    "nextPlannedAction": "local_compatibility_repair",
    "loopMode": "local-first",
    "defaultOperationalView": "v3_autonomous_local_first",
    "projectRoot": "C:\\Users\\hanji\\Desktop\\AF",
    "workspaceRoot": "C:\\Users\\hanji\\Desktop\\AF",
    "stateRoot": "C:\\Users\\hanji\\Desktop\\AF\\state\\pi-autoresearch",
    "traceRoot": "C:\\Users\\hanji\\Desktop\\AF\\state\\pi-autoresearch\\traces",
    "artifactRoot": "C:\\Users\\hanji\\Desktop\\AF\\state\\pi-autoresearch\\artifacts",
    "evidenceRoot": "C:\\Users\\hanji\\Desktop\\AF\\state\\pi-autoresearch\\evidence",
    "runtimeRoot": "C:\\Users\\hanji\\Desktop\\AF\\state\\pi-autoresearch\\runtime",
    "tvVerificationCount": 28,
    "tvHealth": "unavailable",
    "calibrationAutoProcess": false,
    "calibrationMode": "queue_only",
    "lastTvSurfaceFailure": {
      "candidateId": "cand-c6235b65",
      "decision": "tv_surface_failure",
      "iteration": 279,
      "tvCalibrationStatus": "surface_failure",
      "recordedAt": "2026-04-29T18:46:19.526Z"
    },
    "humanOverride": false
  },
  "tracePath": "C:\\Users\\hanji\\Desktop\\AF\\state\\pi-autoresearch\\traces\\run-autonomous-loop-2026-05-01T00-53-18-423Z-trace-a30356f5.jsonl"
}
[2026-05-01T09:55:31.2086461+09:00] iteration 10: run-autonomous-loop exit=0
[2026-05-01T09:55:31.2096456+09:00] iteration 10: validate-ledger start
??injected env (11) from .env // tip: ??auth for agents [www.vestauth.com]
[ledger.validation] validate-ledger | Ledger validation completed | 2026-05-01T00:55:34.674Z
{
  "ok": true,
  "errorCount": 0,
  "warningCount": 6,
  "issues": [
    {
      "severity": "warning",
      "scope": "experiment-record-meta",
      "recordId": "cand-f918d6d8",
      "message": "recordHash does not match the serialized experiment record."
    },
    {
      "severity": "warning",
      "scope": "experiment-record-meta",
      "recordId": "cand-3f99a396",
      "message": "recordHash does not match the serialized experiment record."
    },
    {
      "severity": "warning",
      "scope": "experiment-record-meta",
      "recordId": "cand-93a71a19",
      "message": "recordHash does not match the serialized experiment record."
    },
    {
      "severity": "warning",
      "scope": "experiment-record-meta",
      "recordId": "cand-560e2d3b",
      "message": "recordHash does not match the serialized experiment record."
    },
    {
      "severity": "warning",
      "scope": "experiment-record-meta",
      "recordId": "cand-24b4021d",
      "message": "recordHash does not match the serialized experiment record."
    },
    {
      "severity": "warning",
      "scope": "candidate-dedup",
      "recordId": "bfee8f4eb7eabba2047b8b2270beef764a3942811cda8134d75c15c171c0c26a",
      "message": "Duplicate candidate source hash detected across ids: cand-2a5e6ffe, cand-51397d04, cand-9cbc4c5f, cand-a93778fa, cand-bbb67c15, cand-fdc1ae65"
    }
  ],
  "summary": {
    "experiments": 598,
    "candidates": 548,
    "taskBatches": 131
  },
  "stateRoot": "C:\\Users\\hanji\\Desktop\\AF\\state\\pi-autoresearch",
  "tracePath": "C:\\Users\\hanji\\Desktop\\AF\\state\\pi-autoresearch\\traces\\validate-ledger-2026-05-01T00-55-31-437Z-trace-f40fe996.jsonl"
}
[2026-05-01T09:55:34.7387117+09:00] iteration 10: validate-ledger exit=0
[2026-05-01T09:55:34.7387117+09:00] iteration 10: rebuild-indexes --verify start
??injected env (11) from .env // tip: ??custom filepath { path: '/custom/path/.env' }
[?몃뜳???ъ깮???쒖옉] ?몃뜳???ъ깮??| ?뚯깮 ?몃뜳?ㅻ? ?ъ깮?깊빀?덈떎. state: C:\Users\hanji\Desktop\AF\state\pi-autoresearch | 2026-05-01T00:55:36.795Z
[?몃뜳???ъ깮???꾨즺] ?몃뜳???ъ깮??| ?뚯깮 ?몃뜳???ъ깮?깆쓣 留덉낀?듬땲?? state: C:\Users\hanji\Desktop\AF\state\pi-autoresearch | 2026-05-01T00:55:46.963Z
{
  "rebuilt": true,
  "stateRoot": "C:\\Users\\hanji\\Desktop\\AF\\state\\pi-autoresearch",
  "autonomousState": {
    "generatedAt": "2026-05-01T00:55:40.271Z",
    "activeChampionCandidateId": "cand-42ed2fa4",
    "activeChampionScore": 0.7879,
    "activeChampionDecision": "local_candidate_eligible",
    "championOrigin": "autonomous",
    "researchMaturity": "steady_state",
    "selectedBy": "auto_policy",
    "selectionPolicyVersion": "autonomous-local-first/v3-p0",
    "objectivePolicyVersion": "objective.qqq-120m/v1",
    "headEventCount": 2,
    "archiveEventCount": 290,
    "calibrationEventCount": 304,
    "calibrationCandidateCount": 276,
    "divergenceCount": 27,
    "localConfidenceUpdateCount": 27,
    "problemEventCount": 197,
    "repairAttemptCount": 98,
    "localEvaluationCount": 378,
    "localEligibleCount": 215,
    "bootstrapCompatibleCount": 0,
    "bootstrapEligibleCount": 0,
    "bootstrapStatus": "not_started",
    "bootstrapSource": null,
    "bootstrapReason": null,
    "localRejectedCount": 158,
    "topBlockingReason": "low_trade_count",
    "pendingCalibrationCandidateCount": 248,
    "pendingCalibrationCandidateIds": [
      "cand-0e6a0180",
      "cand-9f33e80b",
      "cand-772d8a1e",
      "cand-f28d2e01",
      "cand-9a5dbcc7",
      "cand-b01be933",
      "cand-0a692f84",
      "cand-4f8faae3",
      "cand-35a74bba",
      "cand-c6b25611",
      "cand-ccdae17b",
      "cand-b8102dcd",
      "cand-8a1fe27b",
      "cand-ebbdd6a9",
      "cand-80dfaaa1",
      "cand-03f30a70",
      "cand-2f290563",
      "cand-e76cded5",
      "cand-710d8bc6",
      "cand-dd7e63cf",
      "cand-949bf032",
      "cand-b14595e0",
      "cand-90dc4ec3",
      "cand-f1103886",
      "cand-77224b87",
      "cand-55f47b32",
      "cand-cb18c54a",
      "cand-8a1a7cf2",
      "cand-db12aa7d",
      "cand-eb3175fc",
      "cand-ce89005b",
      "cand-b333865d",
      "cand-14f5f8ff",
      "cand-87a7fa06",
      "cand-609d9f19",
      "cand-09a0ae17",
      "cand-fbb3fb78",
      "cand-7bff0c1a",
      "cand-6e976c42",
      "cand-eaf67b92",
      "cand-ea5075a8",
      "cand-c0d6f969",
      "cand-946579c0",
      "cand-1638111b",
      "cand-840b49c0",
      "cand-a1b63e8c",
      "cand-d3fa966c",
      "cand-af6ef21e",
      "cand-c5832df6",
      "cand-57321a8c",
      "cand-3004b0f8",
      "cand-00644032",
      "cand-6272ab0f",
      "cand-7b341ad0",
      "cand-5c90b0de",
      "cand-350b7e7b",
      "cand-05218055",
      "cand-6ebbd52a",
      "cand-9edd626e",
      "cand-5d685d8a",
      "cand-addb3d5a",
      "cand-1a03e904",
      "cand-935b6a7d",
      "cand-11e460d8",
      "cand-58484f09",
      "cand-c3549cdc",
      "cand-e000c048",
      "cand-5927e5ca",
      "cand-7ae4d6eb",
      "cand-bd3c959f",
      "cand-ad98c7fd",
      "cand-a3456179",
      "cand-fa19c7db",
      "cand-8211114e",
      "cand-737e8acc",
      "cand-9ae5abb8",
      "cand-f68c494c",
      "cand-0cb06744",
      "cand-c4540c5e",
      "cand-887ba798",
      "cand-334ff9ed",
      "cand-1e7bb092",
      "cand-940106ac",
      "cand-b1575fba",
      "cand-1c1cb560",
      "cand-2ba5ca56",
      "cand-4e158d7d",
      "cand-ee1867a5",
      "cand-ccf655ee",
      "cand-2f2f67f1",
      "cand-dd0d4883",
      "cand-9e390b78",
      "cand-2b509e63",
      "cand-a42bb737",
      "cand-ba65a405",
      "cand-95b5fcb4",
      "cand-c1decc14",
      "cand-fad40100",
      "cand-3d99c3c3",
      "cand-ed6ed300",
      "cand-36473405",
      "cand-32556840",
      "cand-056beb3f",
      "cand-fef34f1d",
      "cand-4e58abee",
      "cand-6c095f1d",
      "cand-72fdbd0a",
      "cand-1a73f98c",
      "cand-60e5fb9a",
      "cand-fbd6e1cd",
      "cand-6fa9e64c",
      "cand-b3ce6dfd",
      "cand-d7b18242",
      "cand-cddf1147",
      "cand-a2b17756",
      "cand-4106d658",
      "cand-bf2319b1",
      "cand-1be3a1ed",
      "cand-ec8276d1",
      "cand-66da2fad",
      "cand-10487d69",
      "cand-a0b082a6",
      "cand-e1c37158",
      "cand-3924bc09",
      "cand-c5a37a36",
      "cand-9f921b3b",
      "cand-976660f2",
      "cand-1fd659d1",
      "cand-1ebe3284",
      "cand-a05583cb",
      "cand-68e1f6c0",
      "cand-939bafa7",
      "cand-5dfb966e",
      "cand-ec9d7a77",
      "cand-c9bd8a69",
      "cand-cad467d1",
      "cand-30ca4ecf",
      "cand-274a3d78",
      "cand-8f6a1544",
      "cand-be21675f",
      "cand-17c07e8f",
      "cand-60166f81",
      "cand-8f82de94",
      "cand-42460886",
      "cand-9295e93d",
      "cand-5a54f71c",
      "cand-a12eacdf",
      "cand-5b236726",
      "cand-dbfe05b6",
      "cand-eb4f9103",
      "cand-294a8337",
      "cand-54d331f7",
      "cand-303f93be",
      "cand-64ceccd8",
      "cand-82301049",
      "cand-cb926322",
      "cand-9740ccd3",
      "cand-45f69d7a",
      "cand-8195e18c",
      "cand-9ad02865",
      "cand-b0561318",
      "cand-77645d5d",
      "cand-3913b48a",
      "cand-d8c529f0",
      "cand-3e0617a5",
      "cand-796b47d8",
      "cand-da5bc8a6",
      "cand-6385aa99",
      "cand-ce0fb6b8",
      "cand-f53efe87",
      "cand-541078ba",
      "cand-102cde43",
      "cand-99a518c8",
      "cand-45eae1ed",
      "cand-5fa9bbca",
      "cand-58a6bc67",
      "cand-e2e95d0b",
      "cand-e7d44996",
      "cand-4fd1f661",
      "cand-f8a32482",
      "cand-65221fbc",
      "cand-0dcbc429",
      "cand-7237f414",
      "cand-13ab4eb7",
      "cand-03a62626",
      "cand-74403bc5",
      "cand-08afa655",
      "cand-8fc0ffa2",
      "cand-6b8a91fa",
      "cand-6b160ae4",
      "cand-e4ab8440",
      "cand-292c094d",
      "cand-bf066e31",
      "cand-bf45bffc",
      "cand-33777180",
      "cand-67548c32",
      "cand-af1ed124",
      "cand-fd3f325b",
      "cand-e8320fab",
      "cand-51877b36",
      "cand-f80d7394",
      "cand-d2b04e0c",
      "cand-d865401d",
      "cand-c2337d4e",
      "cand-bd0f8191",
      "cand-2e68882f",
      "cand-94bc57ed",
      "cand-93a15ca5",
      "cand-197cf126",
      "cand-4e21422c",
      "cand-cc3ed2d8",
      "cand-ad84fefa",
      "cand-e3e4e13a",
      "cand-6d2901b8",
      "cand-c7985187",
      "cand-a3fa7fcf",
      "cand-2181b4f2",
      "cand-e803ef34",
      "cand-cc7eb308",
      "cand-8c710851",
      "cand-8045892e",
      "cand-17273829",
      "cand-e3d89e08",
      "cand-118d9dbb",
      "cand-1a318968",
      "cand-5665b571",
      "cand-80f55e73",
      "cand-74341bb6",
      "cand-6a470e0a",
      "cand-bac89ce5",
      "cand-9a0a92b6",
      "cand-91ef422b",
      "cand-63b039ec",
      "cand-5f4ecea5",
      "cand-eb5c0c9f",
      "cand-f7398180",
      "cand-b8e26ed1",
      "cand-97e78627",
      "cand-8cfb97d5",
      "cand-2c409867",
      "cand-990db2d3",
      "cand-d3505cb8",
      "cand-c99b76d2",
      "cand-49bf1eca",
      "cand-a32fd47a",
      "cand-60aab7fe",
      "cand-3f27c596",
      "cand-7d7ec144"
    ],
    "recentProblemKinds": [
      "local_backtest_fail",
      "pine_preflight_fail",
      "pine_preflight_fail",
      "pine_preflight_fail",
      "pine_preflight_fail"
    ],
    "recentRepairResults": [
      {
        "repairKind": "risk_logic_repair",
        "result": "success",
        "repairedCandidateId": "cand-49bf1eca",
        "summary": "Requested risk_logic_repair after local_backtest_fail."
      },
      {
        "repairKind": "pine_source_repair",
        "result": "success",
        "repairedCandidateId": "cand-a32fd47a",
        "summary": "Applied deterministic time-boxed preflight repair after blocking sparse event-source issues."
      },
      {
        "repairKind": "pine_source_repair",
        "result": "success",
        "repairedCandidateId": "cand-60aab7fe",
        "summary": "Applied deterministic time-boxed preflight repair after blocking sparse event-source issues."
      },
      {
        "repairKind": "pine_source_repair",
        "result": "success",
        "repairedCandidateId": "cand-3f27c596",
        "summary": "Applied deterministic time-boxed preflight repair after blocking sparse event-source issues."
      },
      {
        "repairKind": "pine_source_repair",
        "result": "success",
        "repairedCandidateId": "cand-7d7ec144",
        "summary": "Applied deterministic time-boxed preflight repair after blocking sparse event-source issues."
      }
    ],
    "scoreFeedbackObserved": true,
    "stage6Readiness": {
      "generatedAt": "2026-04-30T05:22:53.680Z",
      "evaluated": true,
      "passed": true,
      "mode": "deterministic",
      "countRequested": 10,
      "countCompleted": 10,
      "countFailed": 0,
      "activeChampionCandidateId": "cand-a64e2088",
      "freshBootstrapPassed": true,
      "multiIterationPassed": true,
      "rootIsolationPassed": true,
      "repairTraceabilityPassed": true,
      "calibrationQueuePassed": true,
      "scoreFeedbackPassed": true,
      "feedbackClosureRequired": false,
      "calibrationMode": "queue_only",
      "ledgerValidationPassed": true,
      "indexVerificationPassed": true,
      "rootIsolationStatus": {
        "status": "passed",
        "customStateRoot": "C:\\Users\\hanji\\AppData\\Local\\Temp\\af-stage6-state-YAZZ8Y",
        "defaultWorkspaceStateRoot": "C:\\Users\\hanji\\AppData\\Local\\Temp\\af-stage6-workspace-Nnkt1H\\state\\pi-autoresearch",
        "customContextExists": true,
        "defaultWorkspaceStateHasArtifacts": false
      },
      "repairTraceabilityStatus": {
        "status": "passed",
        "successfulRepairCount": 10,
        "successfulRepairsWithoutCandidateCount": 0
      },
      "feedbackClosureStatus": {
        "status": "passed",
        "required": false,
        "promptFeedbackObserved": true,
        "scoreBreakdownFeedbackObserved": false,
        "divergenceCount": 0,
        "confidenceUpdateCount": 0
      },
      "evidence": {
        "tempWorkspaceRoot": null,
        "tempStateRoot": null,
        "localEvaluationCount": 19,
        "headEventCount": 2,
        "archiveEventCount": 11,
        "calibrationEventCount": 2,
        "mutationBriefCount": 18,
        "problemEventCount": 18,
        "repairAttemptCount": 10,
        "deadlineBreachCount": 0
      },
      "warnings": []
    },
    "lastStage6GatePassed": true,
    "rootIsolationStatus": {
      "status": "passed",
      "customStateRoot": "C:\\Users\\hanji\\AppData\\Local\\Temp\\af-stage6-state-YAZZ8Y",
      "defaultWorkspaceStateRoot": "C:\\Users\\hanji\\AppData\\Local\\Temp\\af-stage6-workspace-Nnkt1H\\state\\pi-autoresearch",
      "customContextExists": true,
      "defaultWorkspaceStateHasArtifacts": false
    },
    "repairTraceabilityStatus": {
      "status": "passed",
      "successfulRepairCount": 10,
      "successfulRepairsWithoutCandidateCount": 0
    },
    "feedbackClosureStatus": {
      "status": "passed",
      "required": false,
      "promptFeedbackObserved": true,
      "scoreBreakdownFeedbackObserved": false,
      "divergenceCount": 0,
      "confidenceUpdateCount": 0
    },
    "nextPlannedAction": "local_compatibility_repair",
    "loopMode": "local-first",
    "defaultOperationalView": "v3_autonomous_local_first",
    "projectRoot": "C:\\Users\\hanji\\Desktop\\AF",
    "workspaceRoot": "C:\\Users\\hanji\\Desktop\\AF",
    "stateRoot": "C:\\Users\\hanji\\Desktop\\AF\\state\\pi-autoresearch",
    "traceRoot": "C:\\Users\\hanji\\Desktop\\AF\\state\\pi-autoresearch\\traces",
    "artifactRoot": "C:\\Users\\hanji\\Desktop\\AF\\state\\pi-autoresearch\\artifacts",
    "evidenceRoot": "C:\\Users\\hanji\\Desktop\\AF\\state\\pi-autoresearch\\evidence",
    "runtimeRoot": "C:\\Users\\hanji\\Desktop\\AF\\state\\pi-autoresearch\\runtime",
    "tvVerificationCount": 28,
    "tvHealth": "unavailable",
    "calibrationAutoProcess": false,
    "calibrationMode": "queue_only",
    "lastTvSurfaceFailure": {
      "candidateId": "cand-c6235b65",
      "decision": "tv_surface_failure",
      "iteration": 279,
      "tvCalibrationStatus": "surface_failure",
      "recordedAt": "2026-04-29T18:46:19.526Z"
    },
    "humanOverride": false
  },
  "verification": {
    "ok": true,
    "issues": []
  },
  "tracePath": "C:\\Users\\hanji\\Desktop\\AF\\state\\pi-autoresearch\\traces\\rebuild-indexes-2026-05-01T00-55-34-967Z-trace-3a571016.jsonl"
}
[2026-05-01T09:55:47.1516615+09:00] iteration 10: rebuild-indexes --verify exit=0
[2026-05-01T09:55:57.1626197+09:00] iteration 11: run-autonomous-loop start
??injected env (11) from .env // tip: ??enable debugging { debug: true }
[autonomous.loop.start] run-autonomous-loop | Starting autonomous local-first loop | 2026-05-01T00:55:57.423Z
[iteration.started] run-autonomous-loop | Starting autonomous iteration | 2026-05-01T00:55:57.424Z
[phase.started] run-autonomous-loop | Initializing autonomous workspace | 2026-05-01T00:55:57.427Z
[phase.completed] run-autonomous-loop | Initializing autonomous workspace | 2026-05-01T00:55:59.253Z
[phase.started] run-autonomous-loop | Generating autonomous mutation candidate | 2026-05-01T00:56:00.531Z
[autonomous.mutation.request] run-autonomous-loop | Sending autonomous mutation request | 2026-05-01T00:56:00.533Z
[autonomous.mutation.preflight_blocked] run-autonomous-loop | Pine ?앹꽦 ?ъ쟾 ?먭??먯꽌 李⑤떒 ?댁뒋瑜?諛쒓껄?덉뒿?덈떎. | 2026-05-01T00:57:55.795Z
[autonomous.mutation.preflight_deterministic_repair] run-autonomous-loop | Applied deterministic time-boxed mutation preflight repair | 2026-05-01T00:57:55.804Z
[phase.completed] run-autonomous-loop | Generating autonomous mutation candidate | 2026-05-01T00:57:55.815Z
[phase.started] run-autonomous-loop | Evaluating autonomous candidate locally | 2026-05-01T00:57:55.816Z
[autonomous.market_context_ready] run-autonomous-loop | Local-first market context is ready | 2026-05-01T00:57:55.824Z
[autonomous.local_evaluation] run-autonomous-loop | Local autonomous evaluation completed | 2026-05-01T00:57:55.905Z
[phase.completed] run-autonomous-loop | Evaluating autonomous candidate locally | 2026-05-01T00:57:55.949Z
[phase.started] run-autonomous-loop | Repairing autonomous candidate after local failure | 2026-05-01T00:57:55.949Z
[phase.completed] run-autonomous-loop | Repairing autonomous candidate after local failure | 2026-05-01T00:59:42.834Z
[phase.started] run-autonomous-loop | Evaluating repaired autonomous candidate locally | 2026-05-01T00:59:43.842Z
[autonomous.market_context_ready] run-autonomous-loop | Local-first market context is ready | 2026-05-01T00:59:43.851Z
[autonomous.local_evaluation] run-autonomous-loop | Local autonomous evaluation completed | 2026-05-01T00:59:43.912Z
[phase.completed] run-autonomous-loop | Evaluating repaired autonomous candidate locally | 2026-05-01T00:59:43.953Z
[phase.started] run-autonomous-loop | Updating autonomous archive views | 2026-05-01T00:59:43.954Z
[phase.completed] run-autonomous-loop | Updating autonomous archive views | 2026-05-01T00:59:43.957Z
[phase.started] run-autonomous-loop | Queueing candidate for TradingView calibration | 2026-05-01T00:59:43.957Z
[phase.completed] run-autonomous-loop | Queueing candidate for TradingView calibration | 2026-05-01T00:59:43.960Z
[phase.started] run-autonomous-loop | Selecting active autonomous champion | 2026-05-01T00:59:44.935Z
[phase.completed] run-autonomous-loop | Selecting active autonomous champion | 2026-05-01T00:59:45.807Z
[phase.started] run-autonomous-loop | Rebuilding derived autonomous views | 2026-05-01T00:59:45.810Z
[phase.completed] run-autonomous-loop | Rebuilding derived autonomous views | 2026-05-01T00:59:47.738Z
[iteration.completed] run-autonomous-loop | Autonomous iteration completed | 2026-05-01T00:59:47.739Z
{
  "countRequested": 1,
  "countCompleted": 1,
  "countFailed": 0,
  "results": [
    {
      "runId": "autonomous-1777596957426",
      "iteration": 599,
      "candidateId": "cand-dbed99a3",
      "localDecision": "local_candidate_rejected",
      "activeChampionChanged": false,
      "activeChampionCandidateId": "cand-42ed2fa4"
    }
  ],
  "deadlineBreaches": [],
  "autonomousState": {
    "generatedAt": "2026-05-01T00:59:49.181Z",
    "activeChampionCandidateId": "cand-42ed2fa4",
    "activeChampionScore": 0.7879,
    "activeChampionDecision": "local_candidate_eligible",
    "championOrigin": "autonomous",
    "researchMaturity": "steady_state",
    "selectedBy": "auto_policy",
    "selectionPolicyVersion": "autonomous-local-first/v3-p0",
    "objectivePolicyVersion": "objective.qqq-120m/v1",
    "headEventCount": 2,
    "archiveEventCount": 291,
    "calibrationEventCount": 305,
    "calibrationCandidateCount": 277,
    "divergenceCount": 27,
    "localConfidenceUpdateCount": 27,
    "problemEventCount": 200,
    "repairAttemptCount": 100,
    "localEvaluationCount": 380,
    "localEligibleCount": 215,
    "bootstrapCompatibleCount": 0,
    "bootstrapEligibleCount": 0,
    "bootstrapStatus": "not_started",
    "bootstrapSource": null,
    "bootstrapReason": null,
    "localRejectedCount": 160,
    "topBlockingReason": "low_trade_count",
    "pendingCalibrationCandidateCount": 249,
    "pendingCalibrationCandidateIds": [
      "cand-0e6a0180",
      "cand-9f33e80b",
      "cand-772d8a1e",
      "cand-f28d2e01",
      "cand-9a5dbcc7",
      "cand-b01be933",
      "cand-0a692f84",
      "cand-4f8faae3",
      "cand-35a74bba",
      "cand-c6b25611",
      "cand-ccdae17b",
      "cand-b8102dcd",
      "cand-8a1fe27b",
      "cand-ebbdd6a9",
      "cand-80dfaaa1",
      "cand-03f30a70",
      "cand-2f290563",
      "cand-e76cded5",
      "cand-710d8bc6",
      "cand-dd7e63cf",
      "cand-949bf032",
      "cand-b14595e0",
      "cand-90dc4ec3",
      "cand-f1103886",
      "cand-77224b87",
      "cand-55f47b32",
      "cand-cb18c54a",
      "cand-8a1a7cf2",
      "cand-db12aa7d",
      "cand-eb3175fc",
      "cand-ce89005b",
      "cand-b333865d",
      "cand-14f5f8ff",
      "cand-87a7fa06",
      "cand-609d9f19",
      "cand-09a0ae17",
      "cand-fbb3fb78",
      "cand-7bff0c1a",
      "cand-6e976c42",
      "cand-eaf67b92",
      "cand-ea5075a8",
      "cand-c0d6f969",
      "cand-946579c0",
      "cand-1638111b",
      "cand-840b49c0",
      "cand-a1b63e8c",
      "cand-d3fa966c",
      "cand-af6ef21e",
      "cand-c5832df6",
      "cand-57321a8c",
      "cand-3004b0f8",
      "cand-00644032",
      "cand-6272ab0f",
      "cand-7b341ad0",
      "cand-5c90b0de",
      "cand-350b7e7b",
      "cand-05218055",
      "cand-6ebbd52a",
      "cand-9edd626e",
      "cand-5d685d8a",
      "cand-addb3d5a",
      "cand-1a03e904",
      "cand-935b6a7d",
      "cand-11e460d8",
      "cand-58484f09",
      "cand-c3549cdc",
      "cand-e000c048",
      "cand-5927e5ca",
      "cand-7ae4d6eb",
      "cand-bd3c959f",
      "cand-ad98c7fd",
      "cand-a3456179",
      "cand-fa19c7db",
      "cand-8211114e",
      "cand-737e8acc",
      "cand-9ae5abb8",
      "cand-f68c494c",
      "cand-0cb06744",
      "cand-c4540c5e",
      "cand-887ba798",
      "cand-334ff9ed",
      "cand-1e7bb092",
      "cand-940106ac",
      "cand-b1575fba",
      "cand-1c1cb560",
      "cand-2ba5ca56",
      "cand-4e158d7d",
      "cand-ee1867a5",
      "cand-ccf655ee",
      "cand-2f2f67f1",
      "cand-dd0d4883",
      "cand-9e390b78",
      "cand-2b509e63",
      "cand-a42bb737",
      "cand-ba65a405",
      "cand-95b5fcb4",
      "cand-c1decc14",
      "cand-fad40100",
      "cand-3d99c3c3",
      "cand-ed6ed300",
      "cand-36473405",
      "cand-32556840",
      "cand-056beb3f",
      "cand-fef34f1d",
      "cand-4e58abee",
      "cand-6c095f1d",
      "cand-72fdbd0a",
      "cand-1a73f98c",
      "cand-60e5fb9a",
      "cand-fbd6e1cd",
      "cand-6fa9e64c",
      "cand-b3ce6dfd",
      "cand-d7b18242",
      "cand-cddf1147",
      "cand-a2b17756",
      "cand-4106d658",
      "cand-bf2319b1",
      "cand-1be3a1ed",
      "cand-ec8276d1",
      "cand-66da2fad",
      "cand-10487d69",
      "cand-a0b082a6",
      "cand-e1c37158",
      "cand-3924bc09",
      "cand-c5a37a36",
      "cand-9f921b3b",
      "cand-976660f2",
      "cand-1fd659d1",
      "cand-1ebe3284",
      "cand-a05583cb",
      "cand-68e1f6c0",
      "cand-939bafa7",
      "cand-5dfb966e",
      "cand-ec9d7a77",
      "cand-c9bd8a69",
      "cand-cad467d1",
      "cand-30ca4ecf",
      "cand-274a3d78",
      "cand-8f6a1544",
      "cand-be21675f",
      "cand-17c07e8f",
      "cand-60166f81",
      "cand-8f82de94",
      "cand-42460886",
      "cand-9295e93d",
      "cand-5a54f71c",
      "cand-a12eacdf",
      "cand-5b236726",
      "cand-dbfe05b6",
      "cand-eb4f9103",
      "cand-294a8337",
      "cand-54d331f7",
      "cand-303f93be",
      "cand-64ceccd8",
      "cand-82301049",
      "cand-cb926322",
      "cand-9740ccd3",
      "cand-45f69d7a",
      "cand-8195e18c",
      "cand-9ad02865",
      "cand-b0561318",
      "cand-77645d5d",
      "cand-3913b48a",
      "cand-d8c529f0",
      "cand-3e0617a5",
      "cand-796b47d8",
      "cand-da5bc8a6",
      "cand-6385aa99",
      "cand-ce0fb6b8",
      "cand-f53efe87",
      "cand-541078ba",
      "cand-102cde43",
      "cand-99a518c8",
      "cand-45eae1ed",
      "cand-5fa9bbca",
      "cand-58a6bc67",
      "cand-e2e95d0b",
      "cand-e7d44996",
      "cand-4fd1f661",
      "cand-f8a32482",
      "cand-65221fbc",
      "cand-0dcbc429",
      "cand-7237f414",
      "cand-13ab4eb7",
      "cand-03a62626",
      "cand-74403bc5",
      "cand-08afa655",
      "cand-8fc0ffa2",
      "cand-6b8a91fa",
      "cand-6b160ae4",
      "cand-e4ab8440",
      "cand-292c094d",
      "cand-bf066e31",
      "cand-bf45bffc",
      "cand-33777180",
      "cand-67548c32",
      "cand-af1ed124",
      "cand-fd3f325b",
      "cand-e8320fab",
      "cand-51877b36",
      "cand-f80d7394",
      "cand-d2b04e0c",
      "cand-d865401d",
      "cand-c2337d4e",
      "cand-bd0f8191",
      "cand-2e68882f",
      "cand-94bc57ed",
      "cand-93a15ca5",
      "cand-197cf126",
      "cand-4e21422c",
      "cand-cc3ed2d8",
      "cand-ad84fefa",
      "cand-e3e4e13a",
      "cand-6d2901b8",
      "cand-c7985187",
      "cand-a3fa7fcf",
      "cand-2181b4f2",
      "cand-e803ef34",
      "cand-cc7eb308",
      "cand-8c710851",
      "cand-8045892e",
      "cand-17273829",
      "cand-e3d89e08",
      "cand-118d9dbb",
      "cand-1a318968",
      "cand-5665b571",
      "cand-80f55e73",
      "cand-74341bb6",
      "cand-6a470e0a",
      "cand-bac89ce5",
      "cand-9a0a92b6",
      "cand-91ef422b",
      "cand-63b039ec",
      "cand-5f4ecea5",
      "cand-eb5c0c9f",
      "cand-f7398180",
      "cand-b8e26ed1",
      "cand-97e78627",
      "cand-8cfb97d5",
      "cand-2c409867",
      "cand-990db2d3",
      "cand-d3505cb8",
      "cand-c99b76d2",
      "cand-49bf1eca",
      "cand-a32fd47a",
      "cand-60aab7fe",
      "cand-3f27c596",
      "cand-7d7ec144",
      "cand-dbed99a3"
    ],
    "recentProblemKinds": [
      "pine_preflight_fail",
      "pine_preflight_fail",
      "pine_preflight_fail",
      "local_backtest_fail",
      "local_backtest_fail"
    ],
    "recentRepairResults": [
      {
        "repairKind": "pine_source_repair",
        "result": "success",
        "repairedCandidateId": "cand-60aab7fe",
        "summary": "Applied deterministic time-boxed preflight repair after blocking sparse event-source issues."
      },
      {
        "repairKind": "pine_source_repair",
        "result": "success",
        "repairedCandidateId": "cand-3f27c596",
        "summary": "Applied deterministic time-boxed preflight repair after blocking sparse event-source issues."
      },
      {
        "repairKind": "pine_source_repair",
        "result": "success",
        "repairedCandidateId": "cand-7d7ec144",
        "summary": "Applied deterministic time-boxed preflight repair after blocking sparse event-source issues."
      },
      {
        "repairKind": "pine_source_repair",
        "result": "success",
        "repairedCandidateId": "cand-faad06fe",
        "summary": "Applied deterministic time-boxed preflight repair after blocking sparse event-source issues."
      },
      {
        "repairKind": "risk_logic_repair",
        "result": "success",
        "repairedCandidateId": "cand-dbed99a3",
        "summary": "Requested risk_logic_repair after local_backtest_fail."
      }
    ],
    "scoreFeedbackObserved": true,
    "stage6Readiness": {
      "generatedAt": "2026-04-30T05:22:53.680Z",
      "evaluated": true,
      "passed": true,
      "mode": "deterministic",
      "countRequested": 10,
      "countCompleted": 10,
      "countFailed": 0,
      "activeChampionCandidateId": "cand-a64e2088",
      "freshBootstrapPassed": true,
      "multiIterationPassed": true,
      "rootIsolationPassed": true,
      "repairTraceabilityPassed": true,
      "calibrationQueuePassed": true,
      "scoreFeedbackPassed": true,
      "feedbackClosureRequired": false,
      "calibrationMode": "queue_only",
      "ledgerValidationPassed": true,
      "indexVerificationPassed": true,
      "rootIsolationStatus": {
        "status": "passed",
        "customStateRoot": "C:\\Users\\hanji\\AppData\\Local\\Temp\\af-stage6-state-YAZZ8Y",
        "defaultWorkspaceStateRoot": "C:\\Users\\hanji\\AppData\\Local\\Temp\\af-stage6-workspace-Nnkt1H\\state\\pi-autoresearch",
        "customContextExists": true,
        "defaultWorkspaceStateHasArtifacts": false
      },
      "repairTraceabilityStatus": {
        "status": "passed",
        "successfulRepairCount": 10,
        "successfulRepairsWithoutCandidateCount": 0
      },
      "feedbackClosureStatus": {
        "status": "passed",
        "required": false,
        "promptFeedbackObserved": true,
        "scoreBreakdownFeedbackObserved": false,
        "divergenceCount": 0,
        "confidenceUpdateCount": 0
      },
      "evidence": {
        "tempWorkspaceRoot": null,
        "tempStateRoot": null,
        "localEvaluationCount": 19,
        "headEventCount": 2,
        "archiveEventCount": 11,
        "calibrationEventCount": 2,
        "mutationBriefCount": 18,
        "problemEventCount": 18,
        "repairAttemptCount": 10,
        "deadlineBreachCount": 0
      },
      "warnings": []
    },
    "lastStage6GatePassed": true,
    "rootIsolationStatus": {
      "status": "passed",
      "customStateRoot": "C:\\Users\\hanji\\AppData\\Local\\Temp\\af-stage6-state-YAZZ8Y",
      "defaultWorkspaceStateRoot": "C:\\Users\\hanji\\AppData\\Local\\Temp\\af-stage6-workspace-Nnkt1H\\state\\pi-autoresearch",
      "customContextExists": true,
      "defaultWorkspaceStateHasArtifacts": false
    },
    "repairTraceabilityStatus": {
      "status": "passed",
      "successfulRepairCount": 10,
      "successfulRepairsWithoutCandidateCount": 0
    },
    "feedbackClosureStatus": {
      "status": "passed",
      "required": false,
      "promptFeedbackObserved": true,
      "scoreBreakdownFeedbackObserved": false,
      "divergenceCount": 0,
      "confidenceUpdateCount": 0
    },
    "nextPlannedAction": "local_compatibility_repair",
    "loopMode": "local-first",
    "defaultOperationalView": "v3_autonomous_local_first",
    "projectRoot": "C:\\Users\\hanji\\Desktop\\AF",
    "workspaceRoot": "C:\\Users\\hanji\\Desktop\\AF",
    "stateRoot": "C:\\Users\\hanji\\Desktop\\AF\\state\\pi-autoresearch",
    "traceRoot": "C:\\Users\\hanji\\Desktop\\AF\\state\\pi-autoresearch\\traces",
    "artifactRoot": "C:\\Users\\hanji\\Desktop\\AF\\state\\pi-autoresearch\\artifacts",
    "evidenceRoot": "C:\\Users\\hanji\\Desktop\\AF\\state\\pi-autoresearch\\evidence",
    "runtimeRoot": "C:\\Users\\hanji\\Desktop\\AF\\state\\pi-autoresearch\\runtime",
    "tvVerificationCount": 28,
    "tvHealth": "unavailable",
    "calibrationAutoProcess": false,
    "calibrationMode": "queue_only",
    "lastTvSurfaceFailure": {
      "candidateId": "cand-c6235b65",
      "decision": "tv_surface_failure",
      "iteration": 279,
      "tvCalibrationStatus": "surface_failure",
      "recordedAt": "2026-04-29T18:46:19.526Z"
    },
    "humanOverride": false
  },
  "tracePath": "C:\\Users\\hanji\\Desktop\\AF\\state\\pi-autoresearch\\traces\\run-autonomous-loop-2026-05-01T00-55-57-422Z-trace-caab80dd.jsonl"
}
[2026-05-01T09:59:49.9577245+09:00] iteration 11: run-autonomous-loop exit=0
[2026-05-01T09:59:49.9581629+09:00] iteration 11: validate-ledger start
??injected env (11) from .env // tip: ??encrypted .env [www.dotenvx.com]
[ledger.validation] validate-ledger | Ledger validation completed | 2026-05-01T00:59:53.554Z
{
  "ok": true,
  "errorCount": 0,
  "warningCount": 6,
  "issues": [
    {
      "severity": "warning",
      "scope": "experiment-record-meta",
      "recordId": "cand-f918d6d8",
      "message": "recordHash does not match the serialized experiment record."
    },
    {
      "severity": "warning",
      "scope": "experiment-record-meta",
      "recordId": "cand-3f99a396",
      "message": "recordHash does not match the serialized experiment record."
    },
    {
      "severity": "warning",
      "scope": "experiment-record-meta",
      "recordId": "cand-93a71a19",
      "message": "recordHash does not match the serialized experiment record."
    },
    {
      "severity": "warning",
      "scope": "experiment-record-meta",
      "recordId": "cand-560e2d3b",
      "message": "recordHash does not match the serialized experiment record."
    },
    {
      "severity": "warning",
      "scope": "experiment-record-meta",
      "recordId": "cand-24b4021d",
      "message": "recordHash does not match the serialized experiment record."
    },
    {
      "severity": "warning",
      "scope": "candidate-dedup",
      "recordId": "bfee8f4eb7eabba2047b8b2270beef764a3942811cda8134d75c15c171c0c26a",
      "message": "Duplicate candidate source hash detected across ids: cand-2a5e6ffe, cand-51397d04, cand-9cbc4c5f, cand-a93778fa, cand-bbb67c15, cand-fdc1ae65"
    }
  ],
  "summary": {
    "experiments": 600,
    "candidates": 550,
    "taskBatches": 131
  },
  "stateRoot": "C:\\Users\\hanji\\Desktop\\AF\\state\\pi-autoresearch",
  "tracePath": "C:\\Users\\hanji\\Desktop\\AF\\state\\pi-autoresearch\\traces\\validate-ledger-2026-05-01T00-59-50-192Z-trace-95011b2b.jsonl"
}
[2026-05-01T09:59:53.6290240+09:00] iteration 11: validate-ledger exit=0
[2026-05-01T09:59:53.6300225+09:00] iteration 11: rebuild-indexes --verify start
??injected env (11) from .env // tip: ??custom filepath { path: '/custom/path/.env' }
[?몃뜳???ъ깮???쒖옉] ?몃뜳???ъ깮??| ?뚯깮 ?몃뜳?ㅻ? ?ъ깮?깊빀?덈떎. state: C:\Users\hanji\Desktop\AF\state\pi-autoresearch | 2026-05-01T00:59:55.790Z
[?몃뜳???ъ깮???꾨즺] ?몃뜳???ъ깮??| ?뚯깮 ?몃뜳???ъ깮?깆쓣 留덉낀?듬땲?? state: C:\Users\hanji\Desktop\AF\state\pi-autoresearch | 2026-05-01T01:00:06.143Z
{
  "rebuilt": true,
  "stateRoot": "C:\\Users\\hanji\\Desktop\\AF\\state\\pi-autoresearch",
  "autonomousState": {
    "generatedAt": "2026-05-01T00:59:59.503Z",
    "activeChampionCandidateId": "cand-42ed2fa4",
    "activeChampionScore": 0.7879,
    "activeChampionDecision": "local_candidate_eligible",
    "championOrigin": "autonomous",
    "researchMaturity": "steady_state",
    "selectedBy": "auto_policy",
    "selectionPolicyVersion": "autonomous-local-first/v3-p0",
    "objectivePolicyVersion": "objective.qqq-120m/v1",
    "headEventCount": 2,
    "archiveEventCount": 291,
    "calibrationEventCount": 305,
    "calibrationCandidateCount": 277,
    "divergenceCount": 27,
    "localConfidenceUpdateCount": 27,
    "problemEventCount": 200,
    "repairAttemptCount": 100,
    "localEvaluationCount": 380,
    "localEligibleCount": 215,
    "bootstrapCompatibleCount": 0,
    "bootstrapEligibleCount": 0,
    "bootstrapStatus": "not_started",
    "bootstrapSource": null,
    "bootstrapReason": null,
    "localRejectedCount": 160,
    "topBlockingReason": "low_trade_count",
    "pendingCalibrationCandidateCount": 249,
    "pendingCalibrationCandidateIds": [
      "cand-0e6a0180",
      "cand-9f33e80b",
      "cand-772d8a1e",
      "cand-f28d2e01",
      "cand-9a5dbcc7",
      "cand-b01be933",
      "cand-0a692f84",
      "cand-4f8faae3",
      "cand-35a74bba",
      "cand-c6b25611",
      "cand-ccdae17b",
      "cand-b8102dcd",
      "cand-8a1fe27b",
      "cand-ebbdd6a9",
      "cand-80dfaaa1",
      "cand-03f30a70",
      "cand-2f290563",
      "cand-e76cded5",
      "cand-710d8bc6",
      "cand-dd7e63cf",
      "cand-949bf032",
      "cand-b14595e0",
      "cand-90dc4ec3",
      "cand-f1103886",
      "cand-77224b87",
      "cand-55f47b32",
      "cand-cb18c54a",
      "cand-8a1a7cf2",
      "cand-db12aa7d",
      "cand-eb3175fc",
      "cand-ce89005b",
      "cand-b333865d",
      "cand-14f5f8ff",
      "cand-87a7fa06",
      "cand-609d9f19",
      "cand-09a0ae17",
      "cand-fbb3fb78",
      "cand-7bff0c1a",
      "cand-6e976c42",
      "cand-eaf67b92",
      "cand-ea5075a8",
      "cand-c0d6f969",
      "cand-946579c0",
      "cand-1638111b",
      "cand-840b49c0",
      "cand-a1b63e8c",
      "cand-d3fa966c",
      "cand-af6ef21e",
      "cand-c5832df6",
      "cand-57321a8c",
      "cand-3004b0f8",
      "cand-00644032",
      "cand-6272ab0f",
      "cand-7b341ad0",
      "cand-5c90b0de",
      "cand-350b7e7b",
      "cand-05218055",
      "cand-6ebbd52a",
      "cand-9edd626e",
      "cand-5d685d8a",
      "cand-addb3d5a",
      "cand-1a03e904",
      "cand-935b6a7d",
      "cand-11e460d8",
      "cand-58484f09",
      "cand-c3549cdc",
      "cand-e000c048",
      "cand-5927e5ca",
      "cand-7ae4d6eb",
      "cand-bd3c959f",
      "cand-ad98c7fd",
      "cand-a3456179",
      "cand-fa19c7db",
      "cand-8211114e",
      "cand-737e8acc",
      "cand-9ae5abb8",
      "cand-f68c494c",
      "cand-0cb06744",
      "cand-c4540c5e",
      "cand-887ba798",
      "cand-334ff9ed",
      "cand-1e7bb092",
      "cand-940106ac",
      "cand-b1575fba",
      "cand-1c1cb560",
      "cand-2ba5ca56",
      "cand-4e158d7d",
      "cand-ee1867a5",
      "cand-ccf655ee",
      "cand-2f2f67f1",
      "cand-dd0d4883",
      "cand-9e390b78",
      "cand-2b509e63",
      "cand-a42bb737",
      "cand-ba65a405",
      "cand-95b5fcb4",
      "cand-c1decc14",
      "cand-fad40100",
      "cand-3d99c3c3",
      "cand-ed6ed300",
      "cand-36473405",
      "cand-32556840",
      "cand-056beb3f",
      "cand-fef34f1d",
      "cand-4e58abee",
      "cand-6c095f1d",
      "cand-72fdbd0a",
      "cand-1a73f98c",
      "cand-60e5fb9a",
      "cand-fbd6e1cd",
      "cand-6fa9e64c",
      "cand-b3ce6dfd",
      "cand-d7b18242",
      "cand-cddf1147",
      "cand-a2b17756",
      "cand-4106d658",
      "cand-bf2319b1",
      "cand-1be3a1ed",
      "cand-ec8276d1",
      "cand-66da2fad",
      "cand-10487d69",
      "cand-a0b082a6",
      "cand-e1c37158",
      "cand-3924bc09",
      "cand-c5a37a36",
      "cand-9f921b3b",
      "cand-976660f2",
      "cand-1fd659d1",
      "cand-1ebe3284",
      "cand-a05583cb",
      "cand-68e1f6c0",
      "cand-939bafa7",
      "cand-5dfb966e",
      "cand-ec9d7a77",
      "cand-c9bd8a69",
      "cand-cad467d1",
      "cand-30ca4ecf",
      "cand-274a3d78",
      "cand-8f6a1544",
      "cand-be21675f",
      "cand-17c07e8f",
      "cand-60166f81",
      "cand-8f82de94",
      "cand-42460886",
      "cand-9295e93d",
      "cand-5a54f71c",
      "cand-a12eacdf",
      "cand-5b236726",
      "cand-dbfe05b6",
      "cand-eb4f9103",
      "cand-294a8337",
      "cand-54d331f7",
      "cand-303f93be",
      "cand-64ceccd8",
      "cand-82301049",
      "cand-cb926322",
      "cand-9740ccd3",
      "cand-45f69d7a",
      "cand-8195e18c",
      "cand-9ad02865",
      "cand-b0561318",
      "cand-77645d5d",
      "cand-3913b48a",
      "cand-d8c529f0",
      "cand-3e0617a5",
      "cand-796b47d8",
      "cand-da5bc8a6",
      "cand-6385aa99",
      "cand-ce0fb6b8",
      "cand-f53efe87",
      "cand-541078ba",
      "cand-102cde43",
      "cand-99a518c8",
      "cand-45eae1ed",
      "cand-5fa9bbca",
      "cand-58a6bc67",
      "cand-e2e95d0b",
      "cand-e7d44996",
      "cand-4fd1f661",
      "cand-f8a32482",
      "cand-65221fbc",
      "cand-0dcbc429",
      "cand-7237f414",
      "cand-13ab4eb7",
      "cand-03a62626",
      "cand-74403bc5",
      "cand-08afa655",
      "cand-8fc0ffa2",
      "cand-6b8a91fa",
      "cand-6b160ae4",
      "cand-e4ab8440",
      "cand-292c094d",
      "cand-bf066e31",
      "cand-bf45bffc",
      "cand-33777180",
      "cand-67548c32",
      "cand-af1ed124",
      "cand-fd3f325b",
      "cand-e8320fab",
      "cand-51877b36",
      "cand-f80d7394",
      "cand-d2b04e0c",
      "cand-d865401d",
      "cand-c2337d4e",
      "cand-bd0f8191",
      "cand-2e68882f",
      "cand-94bc57ed",
      "cand-93a15ca5",
      "cand-197cf126",
      "cand-4e21422c",
      "cand-cc3ed2d8",
      "cand-ad84fefa",
      "cand-e3e4e13a",
      "cand-6d2901b8",
      "cand-c7985187",
      "cand-a3fa7fcf",
      "cand-2181b4f2",
      "cand-e803ef34",
      "cand-cc7eb308",
      "cand-8c710851",
      "cand-8045892e",
      "cand-17273829",
      "cand-e3d89e08",
      "cand-118d9dbb",
      "cand-1a318968",
      "cand-5665b571",
      "cand-80f55e73",
      "cand-74341bb6",
      "cand-6a470e0a",
      "cand-bac89ce5",
      "cand-9a0a92b6",
      "cand-91ef422b",
      "cand-63b039ec",
      "cand-5f4ecea5",
      "cand-eb5c0c9f",
      "cand-f7398180",
      "cand-b8e26ed1",
      "cand-97e78627",
      "cand-8cfb97d5",
      "cand-2c409867",
      "cand-990db2d3",
      "cand-d3505cb8",
      "cand-c99b76d2",
      "cand-49bf1eca",
      "cand-a32fd47a",
      "cand-60aab7fe",
      "cand-3f27c596",
      "cand-7d7ec144",
      "cand-dbed99a3"
    ],
    "recentProblemKinds": [
      "pine_preflight_fail",
      "pine_preflight_fail",
      "pine_preflight_fail",
      "local_backtest_fail",
      "local_backtest_fail"
    ],
    "recentRepairResults": [
      {
        "repairKind": "pine_source_repair",
        "result": "success",
        "repairedCandidateId": "cand-60aab7fe",
        "summary": "Applied deterministic time-boxed preflight repair after blocking sparse event-source issues."
      },
      {
        "repairKind": "pine_source_repair",
        "result": "success",
        "repairedCandidateId": "cand-3f27c596",
        "summary": "Applied deterministic time-boxed preflight repair after blocking sparse event-source issues."
      },
      {
        "repairKind": "pine_source_repair",
        "result": "success",
        "repairedCandidateId": "cand-7d7ec144",
        "summary": "Applied deterministic time-boxed preflight repair after blocking sparse event-source issues."
      },
      {
        "repairKind": "pine_source_repair",
        "result": "success",
        "repairedCandidateId": "cand-faad06fe",
        "summary": "Applied deterministic time-boxed preflight repair after blocking sparse event-source issues."
      },
      {
        "repairKind": "risk_logic_repair",
        "result": "success",
        "repairedCandidateId": "cand-dbed99a3",
        "summary": "Requested risk_logic_repair after local_backtest_fail."
      }
    ],
    "scoreFeedbackObserved": true,
    "stage6Readiness": {
      "generatedAt": "2026-04-30T05:22:53.680Z",
      "evaluated": true,
      "passed": true,
      "mode": "deterministic",
      "countRequested": 10,
      "countCompleted": 10,
      "countFailed": 0,
      "activeChampionCandidateId": "cand-a64e2088",
      "freshBootstrapPassed": true,
      "multiIterationPassed": true,
      "rootIsolationPassed": true,
      "repairTraceabilityPassed": true,
      "calibrationQueuePassed": true,
      "scoreFeedbackPassed": true,
      "feedbackClosureRequired": false,
      "calibrationMode": "queue_only",
      "ledgerValidationPassed": true,
      "indexVerificationPassed": true,
      "rootIsolationStatus": {
        "status": "passed",
        "customStateRoot": "C:\\Users\\hanji\\AppData\\Local\\Temp\\af-stage6-state-YAZZ8Y",
        "defaultWorkspaceStateRoot": "C:\\Users\\hanji\\AppData\\Local\\Temp\\af-stage6-workspace-Nnkt1H\\state\\pi-autoresearch",
        "customContextExists": true,
        "defaultWorkspaceStateHasArtifacts": false
      },
      "repairTraceabilityStatus": {
        "status": "passed",
        "successfulRepairCount": 10,
        "successfulRepairsWithoutCandidateCount": 0
      },
      "feedbackClosureStatus": {
        "status": "passed",
        "required": false,
        "promptFeedbackObserved": true,
        "scoreBreakdownFeedbackObserved": false,
        "divergenceCount": 0,
        "confidenceUpdateCount": 0
      },
      "evidence": {
        "tempWorkspaceRoot": null,
        "tempStateRoot": null,
        "localEvaluationCount": 19,
        "headEventCount": 2,
        "archiveEventCount": 11,
        "calibrationEventCount": 2,
        "mutationBriefCount": 18,
        "problemEventCount": 18,
        "repairAttemptCount": 10,
        "deadlineBreachCount": 0
      },
      "warnings": []
    },
    "lastStage6GatePassed": true,
    "rootIsolationStatus": {
      "status": "passed",
      "customStateRoot": "C:\\Users\\hanji\\AppData\\Local\\Temp\\af-stage6-state-YAZZ8Y",
      "defaultWorkspaceStateRoot": "C:\\Users\\hanji\\AppData\\Local\\Temp\\af-stage6-workspace-Nnkt1H\\state\\pi-autoresearch",
      "customContextExists": true,
      "defaultWorkspaceStateHasArtifacts": false
    },
    "repairTraceabilityStatus": {
      "status": "passed",
      "successfulRepairCount": 10,
      "successfulRepairsWithoutCandidateCount": 0
    },
    "feedbackClosureStatus": {
      "status": "passed",
      "required": false,
      "promptFeedbackObserved": true,
      "scoreBreakdownFeedbackObserved": false,
      "divergenceCount": 0,
      "confidenceUpdateCount": 0
    },
    "nextPlannedAction": "local_compatibility_repair",
    "loopMode": "local-first",
    "defaultOperationalView": "v3_autonomous_local_first",
    "projectRoot": "C:\\Users\\hanji\\Desktop\\AF",
    "workspaceRoot": "C:\\Users\\hanji\\Desktop\\AF",
    "stateRoot": "C:\\Users\\hanji\\Desktop\\AF\\state\\pi-autoresearch",
    "traceRoot": "C:\\Users\\hanji\\Desktop\\AF\\state\\pi-autoresearch\\traces",
    "artifactRoot": "C:\\Users\\hanji\\Desktop\\AF\\state\\pi-autoresearch\\artifacts",
    "evidenceRoot": "C:\\Users\\hanji\\Desktop\\AF\\state\\pi-autoresearch\\evidence",
    "runtimeRoot": "C:\\Users\\hanji\\Desktop\\AF\\state\\pi-autoresearch\\runtime",
    "tvVerificationCount": 28,
    "tvHealth": "unavailable",
    "calibrationAutoProcess": false,
    "calibrationMode": "queue_only",
    "lastTvSurfaceFailure": {
      "candidateId": "cand-c6235b65",
      "decision": "tv_surface_failure",
      "iteration": 279,
      "tvCalibrationStatus": "surface_failure",
      "recordedAt": "2026-04-29T18:46:19.526Z"
    },
    "humanOverride": false
  },
  "verification": {
    "ok": true,
    "issues": []
  },
  "tracePath": "C:\\Users\\hanji\\Desktop\\AF\\state\\pi-autoresearch\\traces\\rebuild-indexes-2026-05-01T00-59-53-861Z-trace-dab06b5f.jsonl"
}
[2026-05-01T10:00:06.3314020+09:00] iteration 11: rebuild-indexes --verify exit=0
[2026-05-01T10:00:16.3477856+09:00] iteration 12: run-autonomous-loop start
??injected env (11) from .env // tip: ??secrets for agents [www.dotenvx.com]
[autonomous.loop.start] run-autonomous-loop | Starting autonomous local-first loop | 2026-05-01T01:00:16.592Z
[iteration.started] run-autonomous-loop | Starting autonomous iteration | 2026-05-01T01:00:16.594Z
[phase.started] run-autonomous-loop | Initializing autonomous workspace | 2026-05-01T01:00:16.604Z
[phase.completed] run-autonomous-loop | Initializing autonomous workspace | 2026-05-01T01:00:18.444Z
[phase.started] run-autonomous-loop | Generating autonomous mutation candidate | 2026-05-01T01:00:19.784Z
[autonomous.mutation.request] run-autonomous-loop | Sending autonomous mutation request | 2026-05-01T01:00:19.784Z
[autonomous.mutation.preflight_blocked] run-autonomous-loop | Pine ?앹꽦 ?ъ쟾 ?먭??먯꽌 李⑤떒 ?댁뒋瑜?諛쒓껄?덉뒿?덈떎. | 2026-05-01T01:02:17.573Z
[autonomous.mutation.preflight_deterministic_repair] run-autonomous-loop | Applied deterministic time-boxed mutation preflight repair | 2026-05-01T01:02:17.581Z
[phase.completed] run-autonomous-loop | Generating autonomous mutation candidate | 2026-05-01T01:02:17.590Z
[phase.started] run-autonomous-loop | Evaluating autonomous candidate locally | 2026-05-01T01:02:17.590Z
[autonomous.market_context_ready] run-autonomous-loop | Local-first market context is ready | 2026-05-01T01:02:17.598Z
[autonomous.local_evaluation] run-autonomous-loop | Local autonomous evaluation completed | 2026-05-01T01:02:17.679Z
[phase.completed] run-autonomous-loop | Evaluating autonomous candidate locally | 2026-05-01T01:02:17.710Z
[phase.started] run-autonomous-loop | Updating autonomous archive views | 2026-05-01T01:02:17.711Z
[phase.completed] run-autonomous-loop | Updating autonomous archive views | 2026-05-01T01:02:17.717Z
[phase.started] run-autonomous-loop | Queueing candidate for TradingView calibration | 2026-05-01T01:02:17.717Z
[phase.completed] run-autonomous-loop | Queueing candidate for TradingView calibration | 2026-05-01T01:02:17.721Z
[phase.started] run-autonomous-loop | Selecting active autonomous champion | 2026-05-01T01:02:18.898Z
[phase.completed] run-autonomous-loop | Selecting active autonomous champion | 2026-05-01T01:02:19.728Z
[phase.started] run-autonomous-loop | Rebuilding derived autonomous views | 2026-05-01T01:02:19.732Z
[phase.completed] run-autonomous-loop | Rebuilding derived autonomous views | 2026-05-01T01:02:22.562Z
[iteration.completed] run-autonomous-loop | Autonomous iteration completed | 2026-05-01T01:02:22.563Z
{
  "countRequested": 1,
  "countCompleted": 1,
  "countFailed": 0,
  "results": [
    {
      "runId": "autonomous-1777597216603",
      "iteration": 601,
      "candidateId": "cand-a5ddec79",
      "localDecision": "local_candidate_eligible",
      "activeChampionChanged": false,
      "activeChampionCandidateId": "cand-42ed2fa4"
    }
  ],
  "deadlineBreaches": [],
  "autonomousState": {
    "generatedAt": "2026-05-01T01:02:24.433Z",
    "activeChampionCandidateId": "cand-42ed2fa4",
    "activeChampionScore": 0.7879,
    "activeChampionDecision": "local_candidate_eligible",
    "championOrigin": "autonomous",
    "researchMaturity": "steady_state",
    "selectedBy": "auto_policy",
    "selectionPolicyVersion": "autonomous-local-first/v3-p0",
    "objectivePolicyVersion": "objective.qqq-120m/v1",
    "headEventCount": 2,
    "archiveEventCount": 292,
    "calibrationEventCount": 306,
    "calibrationCandidateCount": 278,
    "divergenceCount": 27,
    "localConfidenceUpdateCount": 27,
    "problemEventCount": 201,
    "repairAttemptCount": 101,
    "localEvaluationCount": 381,
    "localEligibleCount": 216,
    "bootstrapCompatibleCount": 0,
    "bootstrapEligibleCount": 0,
    "bootstrapStatus": "not_started",
    "bootstrapSource": null,
    "bootstrapReason": null,
    "localRejectedCount": 160,
    "topBlockingReason": "low_trade_count",
    "pendingCalibrationCandidateCount": 250,
    "pendingCalibrationCandidateIds": [
      "cand-0e6a0180",
      "cand-9f33e80b",
      "cand-772d8a1e",
      "cand-f28d2e01",
      "cand-9a5dbcc7",
      "cand-b01be933",
      "cand-0a692f84",
      "cand-4f8faae3",
      "cand-35a74bba",
      "cand-c6b25611",
      "cand-ccdae17b",
      "cand-b8102dcd",
      "cand-8a1fe27b",
      "cand-ebbdd6a9",
      "cand-80dfaaa1",
      "cand-03f30a70",
      "cand-2f290563",
      "cand-e76cded5",
      "cand-710d8bc6",
      "cand-dd7e63cf",
      "cand-949bf032",
      "cand-b14595e0",
      "cand-90dc4ec3",
      "cand-f1103886",
      "cand-77224b87",
      "cand-55f47b32",
      "cand-cb18c54a",
      "cand-8a1a7cf2",
      "cand-db12aa7d",
      "cand-eb3175fc",
      "cand-ce89005b",
      "cand-b333865d",
      "cand-14f5f8ff",
      "cand-87a7fa06",
      "cand-609d9f19",
      "cand-09a0ae17",
      "cand-fbb3fb78",
      "cand-7bff0c1a",
      "cand-6e976c42",
      "cand-eaf67b92",
      "cand-ea5075a8",
      "cand-c0d6f969",
      "cand-946579c0",
      "cand-1638111b",
      "cand-840b49c0",
      "cand-a1b63e8c",
      "cand-d3fa966c",
      "cand-af6ef21e",
      "cand-c5832df6",
      "cand-57321a8c",
      "cand-3004b0f8",
      "cand-00644032",
      "cand-6272ab0f",
      "cand-7b341ad0",
      "cand-5c90b0de",
      "cand-350b7e7b",
      "cand-05218055",
      "cand-6ebbd52a",
      "cand-9edd626e",
      "cand-5d685d8a",
      "cand-addb3d5a",
      "cand-1a03e904",
      "cand-935b6a7d",
      "cand-11e460d8",
      "cand-58484f09",
      "cand-c3549cdc",
      "cand-e000c048",
      "cand-5927e5ca",
      "cand-7ae4d6eb",
      "cand-bd3c959f",
      "cand-ad98c7fd",
      "cand-a3456179",
      "cand-fa19c7db",
      "cand-8211114e",
      "cand-737e8acc",
      "cand-9ae5abb8",
      "cand-f68c494c",
      "cand-0cb06744",
      "cand-c4540c5e",
      "cand-887ba798",
      "cand-334ff9ed",
      "cand-1e7bb092",
      "cand-940106ac",
      "cand-b1575fba",
      "cand-1c1cb560",
      "cand-2ba5ca56",
      "cand-4e158d7d",
      "cand-ee1867a5",
      "cand-ccf655ee",
      "cand-2f2f67f1",
      "cand-dd0d4883",
      "cand-9e390b78",
      "cand-2b509e63",
      "cand-a42bb737",
      "cand-ba65a405",
      "cand-95b5fcb4",
      "cand-c1decc14",
      "cand-fad40100",
      "cand-3d99c3c3",
      "cand-ed6ed300",
      "cand-36473405",
      "cand-32556840",
      "cand-056beb3f",
      "cand-fef34f1d",
      "cand-4e58abee",
      "cand-6c095f1d",
      "cand-72fdbd0a",
      "cand-1a73f98c",
      "cand-60e5fb9a",
      "cand-fbd6e1cd",
      "cand-6fa9e64c",
      "cand-b3ce6dfd",
      "cand-d7b18242",
      "cand-cddf1147",
      "cand-a2b17756",
      "cand-4106d658",
      "cand-bf2319b1",
      "cand-1be3a1ed",
      "cand-ec8276d1",
      "cand-66da2fad",
      "cand-10487d69",
      "cand-a0b082a6",
      "cand-e1c37158",
      "cand-3924bc09",
      "cand-c5a37a36",
      "cand-9f921b3b",
      "cand-976660f2",
      "cand-1fd659d1",
      "cand-1ebe3284",
      "cand-a05583cb",
      "cand-68e1f6c0",
      "cand-939bafa7",
      "cand-5dfb966e",
      "cand-ec9d7a77",
      "cand-c9bd8a69",
      "cand-cad467d1",
      "cand-30ca4ecf",
      "cand-274a3d78",
      "cand-8f6a1544",
      "cand-be21675f",
      "cand-17c07e8f",
      "cand-60166f81",
      "cand-8f82de94",
      "cand-42460886",
      "cand-9295e93d",
      "cand-5a54f71c",
      "cand-a12eacdf",
      "cand-5b236726",
      "cand-dbfe05b6",
      "cand-eb4f9103",
      "cand-294a8337",
      "cand-54d331f7",
      "cand-303f93be",
      "cand-64ceccd8",
      "cand-82301049",
      "cand-cb926322",
      "cand-9740ccd3",
      "cand-45f69d7a",
      "cand-8195e18c",
      "cand-9ad02865",
      "cand-b0561318",
      "cand-77645d5d",
      "cand-3913b48a",
      "cand-d8c529f0",
      "cand-3e0617a5",
      "cand-796b47d8",
      "cand-da5bc8a6",
      "cand-6385aa99",
      "cand-ce0fb6b8",
      "cand-f53efe87",
      "cand-541078ba",
      "cand-102cde43",
      "cand-99a518c8",
      "cand-45eae1ed",
      "cand-5fa9bbca",
      "cand-58a6bc67",
      "cand-e2e95d0b",
      "cand-e7d44996",
      "cand-4fd1f661",
      "cand-f8a32482",
      "cand-65221fbc",
      "cand-0dcbc429",
      "cand-7237f414",
      "cand-13ab4eb7",
      "cand-03a62626",
      "cand-74403bc5",
      "cand-08afa655",
      "cand-8fc0ffa2",
      "cand-6b8a91fa",
      "cand-6b160ae4",
      "cand-e4ab8440",
      "cand-292c094d",
      "cand-bf066e31",
      "cand-bf45bffc",
      "cand-33777180",
      "cand-67548c32",
      "cand-af1ed124",
      "cand-fd3f325b",
      "cand-e8320fab",
      "cand-51877b36",
      "cand-f80d7394",
      "cand-d2b04e0c",
      "cand-d865401d",
      "cand-c2337d4e",
      "cand-bd0f8191",
      "cand-2e68882f",
      "cand-94bc57ed",
      "cand-93a15ca5",
      "cand-197cf126",
      "cand-4e21422c",
      "cand-cc3ed2d8",
      "cand-ad84fefa",
      "cand-e3e4e13a",
      "cand-6d2901b8",
      "cand-c7985187",
      "cand-a3fa7fcf",
      "cand-2181b4f2",
      "cand-e803ef34",
      "cand-cc7eb308",
      "cand-8c710851",
      "cand-8045892e",
      "cand-17273829",
      "cand-e3d89e08",
      "cand-118d9dbb",
      "cand-1a318968",
      "cand-5665b571",
      "cand-80f55e73",
      "cand-74341bb6",
      "cand-6a470e0a",
      "cand-bac89ce5",
      "cand-9a0a92b6",
      "cand-91ef422b",
      "cand-63b039ec",
      "cand-5f4ecea5",
      "cand-eb5c0c9f",
      "cand-f7398180",
      "cand-b8e26ed1",
      "cand-97e78627",
      "cand-8cfb97d5",
      "cand-2c409867",
      "cand-990db2d3",
      "cand-d3505cb8",
      "cand-c99b76d2",
      "cand-49bf1eca",
      "cand-a32fd47a",
      "cand-60aab7fe",
      "cand-3f27c596",
      "cand-7d7ec144",
      "cand-dbed99a3",
      "cand-a5ddec79"
    ],
    "recentProblemKinds": [
      "pine_preflight_fail",
      "pine_preflight_fail",
      "local_backtest_fail",
      "local_backtest_fail",
      "pine_preflight_fail"
    ],
    "recentRepairResults": [
      {
        "repairKind": "pine_source_repair",
        "result": "success",
        "repairedCandidateId": "cand-3f27c596",
        "summary": "Applied deterministic time-boxed preflight repair after blocking sparse event-source issues."
      },
      {
        "repairKind": "pine_source_repair",
        "result": "success",
        "repairedCandidateId": "cand-7d7ec144",
        "summary": "Applied deterministic time-boxed preflight repair after blocking sparse event-source issues."
      },
      {
        "repairKind": "pine_source_repair",
        "result": "success",
        "repairedCandidateId": "cand-faad06fe",
        "summary": "Applied deterministic time-boxed preflight repair after blocking sparse event-source issues."
      },
      {
        "repairKind": "risk_logic_repair",
        "result": "success",
        "repairedCandidateId": "cand-dbed99a3",
        "summary": "Requested risk_logic_repair after local_backtest_fail."
      },
      {
        "repairKind": "pine_source_repair",
        "result": "success",
        "repairedCandidateId": "cand-a5ddec79",
        "summary": "Applied deterministic time-boxed preflight repair after blocking sparse event-source issues."
      }
    ],
    "scoreFeedbackObserved": true,
    "stage6Readiness": {
      "generatedAt": "2026-04-30T05:22:53.680Z",
      "evaluated": true,
      "passed": true,
      "mode": "deterministic",
      "countRequested": 10,
      "countCompleted": 10,
      "countFailed": 0,
      "activeChampionCandidateId": "cand-a64e2088",
      "freshBootstrapPassed": true,
      "multiIterationPassed": true,
      "rootIsolationPassed": true,
      "repairTraceabilityPassed": true,
      "calibrationQueuePassed": true,
      "scoreFeedbackPassed": true,
      "feedbackClosureRequired": false,
      "calibrationMode": "queue_only",
      "ledgerValidationPassed": true,
      "indexVerificationPassed": true,
      "rootIsolationStatus": {
        "status": "passed",
        "customStateRoot": "C:\\Users\\hanji\\AppData\\Local\\Temp\\af-stage6-state-YAZZ8Y",
        "defaultWorkspaceStateRoot": "C:\\Users\\hanji\\AppData\\Local\\Temp\\af-stage6-workspace-Nnkt1H\\state\\pi-autoresearch",
        "customContextExists": true,
        "defaultWorkspaceStateHasArtifacts": false
      },
      "repairTraceabilityStatus": {
        "status": "passed",
        "successfulRepairCount": 10,
        "successfulRepairsWithoutCandidateCount": 0
      },
      "feedbackClosureStatus": {
        "status": "passed",
        "required": false,
        "promptFeedbackObserved": true,
        "scoreBreakdownFeedbackObserved": false,
        "divergenceCount": 0,
        "confidenceUpdateCount": 0
      },
      "evidence": {
        "tempWorkspaceRoot": null,
        "tempStateRoot": null,
        "localEvaluationCount": 19,
        "headEventCount": 2,
        "archiveEventCount": 11,
        "calibrationEventCount": 2,
        "mutationBriefCount": 18,
        "problemEventCount": 18,
        "repairAttemptCount": 10,
        "deadlineBreachCount": 0
      },
      "warnings": []
    },
    "lastStage6GatePassed": true,
    "rootIsolationStatus": {
      "status": "passed",
      "customStateRoot": "C:\\Users\\hanji\\AppData\\Local\\Temp\\af-stage6-state-YAZZ8Y",
      "defaultWorkspaceStateRoot": "C:\\Users\\hanji\\AppData\\Local\\Temp\\af-stage6-workspace-Nnkt1H\\state\\pi-autoresearch",
      "customContextExists": true,
      "defaultWorkspaceStateHasArtifacts": false
    },
    "repairTraceabilityStatus": {
      "status": "passed",
      "successfulRepairCount": 10,
      "successfulRepairsWithoutCandidateCount": 0
    },
    "feedbackClosureStatus": {
      "status": "passed",
      "required": false,
      "promptFeedbackObserved": true,
      "scoreBreakdownFeedbackObserved": false,
      "divergenceCount": 0,
      "confidenceUpdateCount": 0
    },
    "nextPlannedAction": "local_compatibility_repair",
    "loopMode": "local-first",
    "defaultOperationalView": "v3_autonomous_local_first",
    "projectRoot": "C:\\Users\\hanji\\Desktop\\AF",
    "workspaceRoot": "C:\\Users\\hanji\\Desktop\\AF",
    "stateRoot": "C:\\Users\\hanji\\Desktop\\AF\\state\\pi-autoresearch",
    "traceRoot": "C:\\Users\\hanji\\Desktop\\AF\\state\\pi-autoresearch\\traces",
    "artifactRoot": "C:\\Users\\hanji\\Desktop\\AF\\state\\pi-autoresearch\\artifacts",
    "evidenceRoot": "C:\\Users\\hanji\\Desktop\\AF\\state\\pi-autoresearch\\evidence",
    "runtimeRoot": "C:\\Users\\hanji\\Desktop\\AF\\state\\pi-autoresearch\\runtime",
    "tvVerificationCount": 28,
    "tvHealth": "unavailable",
    "calibrationAutoProcess": false,
    "calibrationMode": "queue_only",
    "lastTvSurfaceFailure": {
      "candidateId": "cand-c6235b65",
      "decision": "tv_surface_failure",
      "iteration": 279,
      "tvCalibrationStatus": "surface_failure",
      "recordedAt": "2026-04-29T18:46:19.526Z"
    },
    "humanOverride": false
  },
  "tracePath": "C:\\Users\\hanji\\Desktop\\AF\\state\\pi-autoresearch\\traces\\run-autonomous-loop-2026-05-01T01-00-16-592Z-trace-1963ab44.jsonl"
}
[2026-05-01T10:02:25.2978927+09:00] iteration 12: run-autonomous-loop exit=0
[2026-05-01T10:02:25.2988927+09:00] iteration 12: validate-ledger start
??injected env (11) from .env // tip: ??encrypted .env [www.dotenvx.com]
[ledger.validation] validate-ledger | Ledger validation completed | 2026-05-01T01:02:29.404Z
{
  "ok": true,
  "errorCount": 0,
  "warningCount": 6,
  "issues": [
    {
      "severity": "warning",
      "scope": "experiment-record-meta",
      "recordId": "cand-f918d6d8",
      "message": "recordHash does not match the serialized experiment record."
    },
    {
      "severity": "warning",
      "scope": "experiment-record-meta",
      "recordId": "cand-3f99a396",
      "message": "recordHash does not match the serialized experiment record."
    },
    {
      "severity": "warning",
      "scope": "experiment-record-meta",
      "recordId": "cand-93a71a19",
      "message": "recordHash does not match the serialized experiment record."
    },
    {
      "severity": "warning",
      "scope": "experiment-record-meta",
      "recordId": "cand-560e2d3b",
      "message": "recordHash does not match the serialized experiment record."
    },
    {
      "severity": "warning",
      "scope": "experiment-record-meta",
      "recordId": "cand-24b4021d",
      "message": "recordHash does not match the serialized experiment record."
    },
    {
      "severity": "warning",
      "scope": "candidate-dedup",
      "recordId": "bfee8f4eb7eabba2047b8b2270beef764a3942811cda8134d75c15c171c0c26a",
      "message": "Duplicate candidate source hash detected across ids: cand-2a5e6ffe, cand-51397d04, cand-9cbc4c5f, cand-a93778fa, cand-bbb67c15, cand-fdc1ae65"
    }
  ],
  "summary": {
    "experiments": 601,
    "candidates": 551,
    "taskBatches": 131
  },
  "stateRoot": "C:\\Users\\hanji\\Desktop\\AF\\state\\pi-autoresearch",
  "tracePath": "C:\\Users\\hanji\\Desktop\\AF\\state\\pi-autoresearch\\traces\\validate-ledger-2026-05-01T01-02-25-570Z-trace-c7f8d9e8.jsonl"
}
[2026-05-01T10:02:29.4730665+09:00] iteration 12: validate-ledger exit=0
[2026-05-01T10:02:29.4730665+09:00] iteration 12: rebuild-indexes --verify start
??injected env (11) from .env // tip: ??suppress logs { quiet: true }
[?몃뜳???ъ깮???쒖옉] ?몃뜳???ъ깮??| ?뚯깮 ?몃뜳?ㅻ? ?ъ깮?깊빀?덈떎. state: C:\Users\hanji\Desktop\AF\state\pi-autoresearch | 2026-05-01T01:02:31.739Z
[?몃뜳???ъ깮???꾨즺] ?몃뜳???ъ깮??| ?뚯깮 ?몃뜳???ъ깮?깆쓣 留덉낀?듬땲?? state: C:\Users\hanji\Desktop\AF\state\pi-autoresearch | 2026-05-01T01:02:43.299Z
{
  "rebuilt": true,
  "stateRoot": "C:\\Users\\hanji\\Desktop\\AF\\state\\pi-autoresearch",
  "autonomousState": {
    "generatedAt": "2026-05-01T01:02:35.863Z",
    "activeChampionCandidateId": "cand-42ed2fa4",
    "activeChampionScore": 0.7879,
    "activeChampionDecision": "local_candidate_eligible",
    "championOrigin": "autonomous",
    "researchMaturity": "steady_state",
    "selectedBy": "auto_policy",
    "selectionPolicyVersion": "autonomous-local-first/v3-p0",
    "objectivePolicyVersion": "objective.qqq-120m/v1",
    "headEventCount": 2,
    "archiveEventCount": 292,
    "calibrationEventCount": 306,
    "calibrationCandidateCount": 278,
    "divergenceCount": 27,
    "localConfidenceUpdateCount": 27,
    "problemEventCount": 201,
    "repairAttemptCount": 101,
    "localEvaluationCount": 381,
    "localEligibleCount": 216,
    "bootstrapCompatibleCount": 0,
    "bootstrapEligibleCount": 0,
    "bootstrapStatus": "not_started",
    "bootstrapSource": null,
    "bootstrapReason": null,
    "localRejectedCount": 160,
    "topBlockingReason": "low_trade_count",
    "pendingCalibrationCandidateCount": 250,
    "pendingCalibrationCandidateIds": [
      "cand-0e6a0180",
      "cand-9f33e80b",
      "cand-772d8a1e",
      "cand-f28d2e01",
      "cand-9a5dbcc7",
      "cand-b01be933",
      "cand-0a692f84",
      "cand-4f8faae3",
      "cand-35a74bba",
      "cand-c6b25611",
      "cand-ccdae17b",
      "cand-b8102dcd",
      "cand-8a1fe27b",
      "cand-ebbdd6a9",
      "cand-80dfaaa1",
      "cand-03f30a70",
      "cand-2f290563",
      "cand-e76cded5",
      "cand-710d8bc6",
      "cand-dd7e63cf",
      "cand-949bf032",
      "cand-b14595e0",
      "cand-90dc4ec3",
      "cand-f1103886",
      "cand-77224b87",
      "cand-55f47b32",
      "cand-cb18c54a",
      "cand-8a1a7cf2",
      "cand-db12aa7d",
      "cand-eb3175fc",
      "cand-ce89005b",
      "cand-b333865d",
      "cand-14f5f8ff",
      "cand-87a7fa06",
      "cand-609d9f19",
      "cand-09a0ae17",
      "cand-fbb3fb78",
      "cand-7bff0c1a",
      "cand-6e976c42",
      "cand-eaf67b92",
      "cand-ea5075a8",
      "cand-c0d6f969",
      "cand-946579c0",
      "cand-1638111b",
      "cand-840b49c0",
      "cand-a1b63e8c",
      "cand-d3fa966c",
      "cand-af6ef21e",
      "cand-c5832df6",
      "cand-57321a8c",
      "cand-3004b0f8",
      "cand-00644032",
      "cand-6272ab0f",
      "cand-7b341ad0",
      "cand-5c90b0de",
      "cand-350b7e7b",
      "cand-05218055",
      "cand-6ebbd52a",
      "cand-9edd626e",
      "cand-5d685d8a",
      "cand-addb3d5a",
      "cand-1a03e904",
      "cand-935b6a7d",
      "cand-11e460d8",
      "cand-58484f09",
      "cand-c3549cdc",
      "cand-e000c048",
      "cand-5927e5ca",
      "cand-7ae4d6eb",
      "cand-bd3c959f",
      "cand-ad98c7fd",
      "cand-a3456179",
      "cand-fa19c7db",
      "cand-8211114e",
      "cand-737e8acc",
      "cand-9ae5abb8",
      "cand-f68c494c",
      "cand-0cb06744",
      "cand-c4540c5e",
      "cand-887ba798",
      "cand-334ff9ed",
      "cand-1e7bb092",
      "cand-940106ac",
      "cand-b1575fba",
      "cand-1c1cb560",
      "cand-2ba5ca56",
      "cand-4e158d7d",
      "cand-ee1867a5",
      "cand-ccf655ee",
      "cand-2f2f67f1",
      "cand-dd0d4883",
      "cand-9e390b78",
      "cand-2b509e63",
      "cand-a42bb737",
      "cand-ba65a405",
      "cand-95b5fcb4",
      "cand-c1decc14",
      "cand-fad40100",
      "cand-3d99c3c3",
      "cand-ed6ed300",
      "cand-36473405",
      "cand-32556840",
      "cand-056beb3f",
      "cand-fef34f1d",
      "cand-4e58abee",
      "cand-6c095f1d",
      "cand-72fdbd0a",
      "cand-1a73f98c",
      "cand-60e5fb9a",
      "cand-fbd6e1cd",
      "cand-6fa9e64c",
      "cand-b3ce6dfd",
      "cand-d7b18242",
      "cand-cddf1147",
      "cand-a2b17756",
      "cand-4106d658",
      "cand-bf2319b1",
      "cand-1be3a1ed",
      "cand-ec8276d1",
      "cand-66da2fad",
      "cand-10487d69",
      "cand-a0b082a6",
      "cand-e1c37158",
      "cand-3924bc09",
      "cand-c5a37a36",
      "cand-9f921b3b",
      "cand-976660f2",
      "cand-1fd659d1",
      "cand-1ebe3284",
      "cand-a05583cb",
      "cand-68e1f6c0",
      "cand-939bafa7",
      "cand-5dfb966e",
      "cand-ec9d7a77",
      "cand-c9bd8a69",
      "cand-cad467d1",
      "cand-30ca4ecf",
      "cand-274a3d78",
      "cand-8f6a1544",
      "cand-be21675f",
      "cand-17c07e8f",
      "cand-60166f81",
      "cand-8f82de94",
      "cand-42460886",
      "cand-9295e93d",
      "cand-5a54f71c",
      "cand-a12eacdf",
      "cand-5b236726",
      "cand-dbfe05b6",
      "cand-eb4f9103",
      "cand-294a8337",
      "cand-54d331f7",
      "cand-303f93be",
      "cand-64ceccd8",
      "cand-82301049",
      "cand-cb926322",
      "cand-9740ccd3",
      "cand-45f69d7a",
      "cand-8195e18c",
      "cand-9ad02865",
      "cand-b0561318",
      "cand-77645d5d",
      "cand-3913b48a",
      "cand-d8c529f0",
      "cand-3e0617a5",
      "cand-796b47d8",
      "cand-da5bc8a6",
      "cand-6385aa99",
      "cand-ce0fb6b8",
      "cand-f53efe87",
      "cand-541078ba",
      "cand-102cde43",
      "cand-99a518c8",
      "cand-45eae1ed",
      "cand-5fa9bbca",
      "cand-58a6bc67",
      "cand-e2e95d0b",
      "cand-e7d44996",
      "cand-4fd1f661",
      "cand-f8a32482",
      "cand-65221fbc",
      "cand-0dcbc429",
      "cand-7237f414",
      "cand-13ab4eb7",
      "cand-03a62626",
      "cand-74403bc5",
      "cand-08afa655",
      "cand-8fc0ffa2",
      "cand-6b8a91fa",
      "cand-6b160ae4",
      "cand-e4ab8440",
      "cand-292c094d",
      "cand-bf066e31",
      "cand-bf45bffc",
      "cand-33777180",
      "cand-67548c32",
      "cand-af1ed124",
      "cand-fd3f325b",
      "cand-e8320fab",
      "cand-51877b36",
      "cand-f80d7394",
      "cand-d2b04e0c",
      "cand-d865401d",
      "cand-c2337d4e",
      "cand-bd0f8191",
      "cand-2e68882f",
      "cand-94bc57ed",
      "cand-93a15ca5",
      "cand-197cf126",
      "cand-4e21422c",
      "cand-cc3ed2d8",
      "cand-ad84fefa",
      "cand-e3e4e13a",
      "cand-6d2901b8",
      "cand-c7985187",
      "cand-a3fa7fcf",
      "cand-2181b4f2",
      "cand-e803ef34",
      "cand-cc7eb308",
      "cand-8c710851",
      "cand-8045892e",
      "cand-17273829",
      "cand-e3d89e08",
      "cand-118d9dbb",
      "cand-1a318968",
      "cand-5665b571",
      "cand-80f55e73",
      "cand-74341bb6",
      "cand-6a470e0a",
      "cand-bac89ce5",
      "cand-9a0a92b6",
      "cand-91ef422b",
      "cand-63b039ec",
      "cand-5f4ecea5",
      "cand-eb5c0c9f",
      "cand-f7398180",
      "cand-b8e26ed1",
      "cand-97e78627",
      "cand-8cfb97d5",
      "cand-2c409867",
      "cand-990db2d3",
      "cand-d3505cb8",
      "cand-c99b76d2",
      "cand-49bf1eca",
      "cand-a32fd47a",
      "cand-60aab7fe",
      "cand-3f27c596",
      "cand-7d7ec144",
      "cand-dbed99a3",
      "cand-a5ddec79"
    ],
    "recentProblemKinds": [
      "pine_preflight_fail",
      "pine_preflight_fail",
      "local_backtest_fail",
      "local_backtest_fail",
      "pine_preflight_fail"
    ],
    "recentRepairResults": [
      {
        "repairKind": "pine_source_repair",
        "result": "success",
        "repairedCandidateId": "cand-3f27c596",
        "summary": "Applied deterministic time-boxed preflight repair after blocking sparse event-source issues."
      },
      {
        "repairKind": "pine_source_repair",
        "result": "success",
        "repairedCandidateId": "cand-7d7ec144",
        "summary": "Applied deterministic time-boxed preflight repair after blocking sparse event-source issues."
      },
      {
        "repairKind": "pine_source_repair",
        "result": "success",
        "repairedCandidateId": "cand-faad06fe",
        "summary": "Applied deterministic time-boxed preflight repair after blocking sparse event-source issues."
      },
      {
        "repairKind": "risk_logic_repair",
        "result": "success",
        "repairedCandidateId": "cand-dbed99a3",
        "summary": "Requested risk_logic_repair after local_backtest_fail."
      },
      {
        "repairKind": "pine_source_repair",
        "result": "success",
        "repairedCandidateId": "cand-a5ddec79",
        "summary": "Applied deterministic time-boxed preflight repair after blocking sparse event-source issues."
      }
    ],
    "scoreFeedbackObserved": true,
    "stage6Readiness": {
      "generatedAt": "2026-04-30T05:22:53.680Z",
      "evaluated": true,
      "passed": true,
      "mode": "deterministic",
      "countRequested": 10,
      "countCompleted": 10,
      "countFailed": 0,
      "activeChampionCandidateId": "cand-a64e2088",
      "freshBootstrapPassed": true,
      "multiIterationPassed": true,
      "rootIsolationPassed": true,
      "repairTraceabilityPassed": true,
      "calibrationQueuePassed": true,
      "scoreFeedbackPassed": true,
      "feedbackClosureRequired": false,
      "calibrationMode": "queue_only",
      "ledgerValidationPassed": true,
      "indexVerificationPassed": true,
      "rootIsolationStatus": {
        "status": "passed",
        "customStateRoot": "C:\\Users\\hanji\\AppData\\Local\\Temp\\af-stage6-state-YAZZ8Y",
        "defaultWorkspaceStateRoot": "C:\\Users\\hanji\\AppData\\Local\\Temp\\af-stage6-workspace-Nnkt1H\\state\\pi-autoresearch",
        "customContextExists": true,
        "defaultWorkspaceStateHasArtifacts": false
      },
      "repairTraceabilityStatus": {
        "status": "passed",
        "successfulRepairCount": 10,
        "successfulRepairsWithoutCandidateCount": 0
      },
      "feedbackClosureStatus": {
        "status": "passed",
        "required": false,
        "promptFeedbackObserved": true,
        "scoreBreakdownFeedbackObserved": false,
        "divergenceCount": 0,
        "confidenceUpdateCount": 0
      },
      "evidence": {
        "tempWorkspaceRoot": null,
        "tempStateRoot": null,
        "localEvaluationCount": 19,
        "headEventCount": 2,
        "archiveEventCount": 11,
        "calibrationEventCount": 2,
        "mutationBriefCount": 18,
        "problemEventCount": 18,
        "repairAttemptCount": 10,
        "deadlineBreachCount": 0
      },
      "warnings": []
    },
    "lastStage6GatePassed": true,
    "rootIsolationStatus": {
      "status": "passed",
      "customStateRoot": "C:\\Users\\hanji\\AppData\\Local\\Temp\\af-stage6-state-YAZZ8Y",
      "defaultWorkspaceStateRoot": "C:\\Users\\hanji\\AppData\\Local\\Temp\\af-stage6-workspace-Nnkt1H\\state\\pi-autoresearch",
      "customContextExists": true,
      "defaultWorkspaceStateHasArtifacts": false
    },
    "repairTraceabilityStatus": {
      "status": "passed",
      "successfulRepairCount": 10,
      "successfulRepairsWithoutCandidateCount": 0
    },
    "feedbackClosureStatus": {
      "status": "passed",
      "required": false,
      "promptFeedbackObserved": true,
      "scoreBreakdownFeedbackObserved": false,
      "divergenceCount": 0,
      "confidenceUpdateCount": 0
    },
    "nextPlannedAction": "local_compatibility_repair",
    "loopMode": "local-first",
    "defaultOperationalView": "v3_autonomous_local_first",
    "projectRoot": "C:\\Users\\hanji\\Desktop\\AF",
    "workspaceRoot": "C:\\Users\\hanji\\Desktop\\AF",
    "stateRoot": "C:\\Users\\hanji\\Desktop\\AF\\state\\pi-autoresearch",
    "traceRoot": "C:\\Users\\hanji\\Desktop\\AF\\state\\pi-autoresearch\\traces",
    "artifactRoot": "C:\\Users\\hanji\\Desktop\\AF\\state\\pi-autoresearch\\artifacts",
    "evidenceRoot": "C:\\Users\\hanji\\Desktop\\AF\\state\\pi-autoresearch\\evidence",
    "runtimeRoot": "C:\\Users\\hanji\\Desktop\\AF\\state\\pi-autoresearch\\runtime",
    "tvVerificationCount": 28,
    "tvHealth": "unavailable",
    "calibrationAutoProcess": false,
    "calibrationMode": "queue_only",
    "lastTvSurfaceFailure": {
      "candidateId": "cand-c6235b65",
      "decision": "tv_surface_failure",
      "iteration": 279,
      "tvCalibrationStatus": "surface_failure",
      "recordedAt": "2026-04-29T18:46:19.526Z"
    },
    "humanOverride": false
  },
  "verification": {
    "ok": true,
    "issues": []
  },
  "tracePath": "C:\\Users\\hanji\\Desktop\\AF\\state\\pi-autoresearch\\traces\\rebuild-indexes-2026-05-01T01-02-29-738Z-trace-3a871987.jsonl"
}
[2026-05-01T10:02:43.5192984+09:00] iteration 12: rebuild-indexes --verify exit=0
[2026-05-01T10:02:53.5338043+09:00] iteration 13: run-autonomous-loop start
??injected env (11) from .env // tip: ??secrets for agents [www.dotenvx.com]
[autonomous.loop.start] run-autonomous-loop | Starting autonomous local-first loop | 2026-05-01T01:02:53.792Z
[iteration.started] run-autonomous-loop | Starting autonomous iteration | 2026-05-01T01:02:53.793Z
[phase.started] run-autonomous-loop | Initializing autonomous workspace | 2026-05-01T01:02:53.796Z
[phase.completed] run-autonomous-loop | Initializing autonomous workspace | 2026-05-01T01:02:55.785Z
[phase.started] run-autonomous-loop | Generating autonomous mutation candidate | 2026-05-01T01:02:57.158Z
[autonomous.mutation.request] run-autonomous-loop | Sending autonomous mutation request | 2026-05-01T01:02:57.160Z
[phase.completed] run-autonomous-loop | Generating autonomous mutation candidate | 2026-05-01T01:05:05.214Z
[phase.started] run-autonomous-loop | Evaluating autonomous candidate locally | 2026-05-01T01:05:05.214Z
[autonomous.market_context_ready] run-autonomous-loop | Local-first market context is ready | 2026-05-01T01:05:05.221Z
[autonomous.local_evaluation] run-autonomous-loop | Local autonomous evaluation completed | 2026-05-01T01:05:05.278Z
[phase.completed] run-autonomous-loop | Evaluating autonomous candidate locally | 2026-05-01T01:05:05.296Z
[phase.started] run-autonomous-loop | Updating autonomous archive views | 2026-05-01T01:05:05.297Z
[phase.completed] run-autonomous-loop | Updating autonomous archive views | 2026-05-01T01:05:05.300Z
[phase.started] run-autonomous-loop | Queueing candidate for TradingView calibration | 2026-05-01T01:05:05.300Z
[phase.completed] run-autonomous-loop | Queueing candidate for TradingView calibration | 2026-05-01T01:05:05.304Z
[phase.started] run-autonomous-loop | Selecting active autonomous champion | 2026-05-01T01:05:06.324Z
[phase.completed] run-autonomous-loop | Selecting active autonomous champion | 2026-05-01T01:05:06.904Z
[phase.started] run-autonomous-loop | Rebuilding derived autonomous views | 2026-05-01T01:05:06.905Z
[phase.completed] run-autonomous-loop | Rebuilding derived autonomous views | 2026-05-01T01:05:08.908Z
[iteration.completed] run-autonomous-loop | Autonomous iteration completed | 2026-05-01T01:05:08.909Z
{
  "countRequested": 1,
  "countCompleted": 1,
  "countFailed": 0,
  "results": [
    {
      "runId": "autonomous-1777597373795",
      "iteration": 602,
      "candidateId": "cand-f35eb742",
      "localDecision": "local_candidate_eligible",
      "activeChampionChanged": false,
      "activeChampionCandidateId": "cand-42ed2fa4"
    }
  ],
  "deadlineBreaches": [],
  "autonomousState": {
    "generatedAt": "2026-05-01T01:05:10.470Z",
    "activeChampionCandidateId": "cand-42ed2fa4",
    "activeChampionScore": 0.7879,
    "activeChampionDecision": "local_candidate_eligible",
    "championOrigin": "autonomous",
    "researchMaturity": "steady_state",
    "selectedBy": "auto_policy",
    "selectionPolicyVersion": "autonomous-local-first/v3-p0",
    "objectivePolicyVersion": "objective.qqq-120m/v1",
    "headEventCount": 2,
    "archiveEventCount": 293,
    "calibrationEventCount": 307,
    "calibrationCandidateCount": 279,
    "divergenceCount": 27,
    "localConfidenceUpdateCount": 27,
    "problemEventCount": 201,
    "repairAttemptCount": 101,
    "localEvaluationCount": 382,
    "localEligibleCount": 217,
    "bootstrapCompatibleCount": 0,
    "bootstrapEligibleCount": 0,
    "bootstrapStatus": "not_started",
    "bootstrapSource": null,
    "bootstrapReason": null,
    "localRejectedCount": 160,
    "topBlockingReason": "low_trade_count",
    "pendingCalibrationCandidateCount": 251,
    "pendingCalibrationCandidateIds": [
      "cand-0e6a0180",
      "cand-9f33e80b",
      "cand-772d8a1e",
      "cand-f28d2e01",
      "cand-9a5dbcc7",
      "cand-b01be933",
      "cand-0a692f84",
      "cand-4f8faae3",
      "cand-35a74bba",
      "cand-c6b25611",
      "cand-ccdae17b",
      "cand-b8102dcd",
      "cand-8a1fe27b",
      "cand-ebbdd6a9",
      "cand-80dfaaa1",
      "cand-03f30a70",
      "cand-2f290563",
      "cand-e76cded5",
      "cand-710d8bc6",
      "cand-dd7e63cf",
      "cand-949bf032",
      "cand-b14595e0",
      "cand-90dc4ec3",
      "cand-f1103886",
      "cand-77224b87",
      "cand-55f47b32",
      "cand-cb18c54a",
      "cand-8a1a7cf2",
      "cand-db12aa7d",
      "cand-eb3175fc",
      "cand-ce89005b",
      "cand-b333865d",
      "cand-14f5f8ff",
      "cand-87a7fa06",
      "cand-609d9f19",
      "cand-09a0ae17",
      "cand-fbb3fb78",
      "cand-7bff0c1a",
      "cand-6e976c42",
      "cand-eaf67b92",
      "cand-ea5075a8",
      "cand-c0d6f969",
      "cand-946579c0",
      "cand-1638111b",
      "cand-840b49c0",
      "cand-a1b63e8c",
      "cand-d3fa966c",
      "cand-af6ef21e",
      "cand-c5832df6",
      "cand-57321a8c",
      "cand-3004b0f8",
      "cand-00644032",
      "cand-6272ab0f",
      "cand-7b341ad0",
      "cand-5c90b0de",
      "cand-350b7e7b",
      "cand-05218055",
      "cand-6ebbd52a",
      "cand-9edd626e",
      "cand-5d685d8a",
      "cand-addb3d5a",
      "cand-1a03e904",
      "cand-935b6a7d",
      "cand-11e460d8",
      "cand-58484f09",
      "cand-c3549cdc",
      "cand-e000c048",
      "cand-5927e5ca",
      "cand-7ae4d6eb",
      "cand-bd3c959f",
      "cand-ad98c7fd",
      "cand-a3456179",
      "cand-fa19c7db",
      "cand-8211114e",
      "cand-737e8acc",
      "cand-9ae5abb8",
      "cand-f68c494c",
      "cand-0cb06744",
      "cand-c4540c5e",
      "cand-887ba798",
      "cand-334ff9ed",
      "cand-1e7bb092",
      "cand-940106ac",
      "cand-b1575fba",
      "cand-1c1cb560",
      "cand-2ba5ca56",
      "cand-4e158d7d",
      "cand-ee1867a5",
      "cand-ccf655ee",
      "cand-2f2f67f1",
      "cand-dd0d4883",
      "cand-9e390b78",
      "cand-2b509e63",
      "cand-a42bb737",
      "cand-ba65a405",
      "cand-95b5fcb4",
      "cand-c1decc14",
      "cand-fad40100",
      "cand-3d99c3c3",
      "cand-ed6ed300",
      "cand-36473405",
      "cand-32556840",
      "cand-056beb3f",
      "cand-fef34f1d",
      "cand-4e58abee",
      "cand-6c095f1d",
      "cand-72fdbd0a",
      "cand-1a73f98c",
      "cand-60e5fb9a",
      "cand-fbd6e1cd",
      "cand-6fa9e64c",
      "cand-b3ce6dfd",
      "cand-d7b18242",
      "cand-cddf1147",
      "cand-a2b17756",
      "cand-4106d658",
      "cand-bf2319b1",
      "cand-1be3a1ed",
      "cand-ec8276d1",
      "cand-66da2fad",
      "cand-10487d69",
      "cand-a0b082a6",
      "cand-e1c37158",
      "cand-3924bc09",
      "cand-c5a37a36",
      "cand-9f921b3b",
      "cand-976660f2",
      "cand-1fd659d1",
      "cand-1ebe3284",
      "cand-a05583cb",
      "cand-68e1f6c0",
      "cand-939bafa7",
      "cand-5dfb966e",
      "cand-ec9d7a77",
      "cand-c9bd8a69",
      "cand-cad467d1",
      "cand-30ca4ecf",
      "cand-274a3d78",
      "cand-8f6a1544",
      "cand-be21675f",
      "cand-17c07e8f",
      "cand-60166f81",
      "cand-8f82de94",
      "cand-42460886",
      "cand-9295e93d",
      "cand-5a54f71c",
      "cand-a12eacdf",
      "cand-5b236726",
      "cand-dbfe05b6",
      "cand-eb4f9103",
      "cand-294a8337",
      "cand-54d331f7",
      "cand-303f93be",
      "cand-64ceccd8",
      "cand-82301049",
      "cand-cb926322",
      "cand-9740ccd3",
      "cand-45f69d7a",
      "cand-8195e18c",
      "cand-9ad02865",
      "cand-b0561318",
      "cand-77645d5d",
      "cand-3913b48a",
      "cand-d8c529f0",
      "cand-3e0617a5",
      "cand-796b47d8",
      "cand-da5bc8a6",
      "cand-6385aa99",
      "cand-ce0fb6b8",
      "cand-f53efe87",
      "cand-541078ba",
      "cand-102cde43",
      "cand-99a518c8",
      "cand-45eae1ed",
      "cand-5fa9bbca",
      "cand-58a6bc67",
      "cand-e2e95d0b",
      "cand-e7d44996",
      "cand-4fd1f661",
      "cand-f8a32482",
      "cand-65221fbc",
      "cand-0dcbc429",
      "cand-7237f414",
      "cand-13ab4eb7",
      "cand-03a62626",
      "cand-74403bc5",
      "cand-08afa655",
      "cand-8fc0ffa2",
      "cand-6b8a91fa",
      "cand-6b160ae4",
      "cand-e4ab8440",
      "cand-292c094d",
      "cand-bf066e31",
      "cand-bf45bffc",
      "cand-33777180",
      "cand-67548c32",
      "cand-af1ed124",
      "cand-fd3f325b",
      "cand-e8320fab",
      "cand-51877b36",
      "cand-f80d7394",
      "cand-d2b04e0c",
      "cand-d865401d",
      "cand-c2337d4e",
      "cand-bd0f8191",
      "cand-2e68882f",
      "cand-94bc57ed",
      "cand-93a15ca5",
      "cand-197cf126",
      "cand-4e21422c",
      "cand-cc3ed2d8",
      "cand-ad84fefa",
      "cand-e3e4e13a",
      "cand-6d2901b8",
      "cand-c7985187",
      "cand-a3fa7fcf",
      "cand-2181b4f2",
      "cand-e803ef34",
      "cand-cc7eb308",
      "cand-8c710851",
      "cand-8045892e",
      "cand-17273829",
      "cand-e3d89e08",
      "cand-118d9dbb",
      "cand-1a318968",
      "cand-5665b571",
      "cand-80f55e73",
      "cand-74341bb6",
      "cand-6a470e0a",
      "cand-bac89ce5",
      "cand-9a0a92b6",
      "cand-91ef422b",
      "cand-63b039ec",
      "cand-5f4ecea5",
      "cand-eb5c0c9f",
      "cand-f7398180",
      "cand-b8e26ed1",
      "cand-97e78627",
      "cand-8cfb97d5",
      "cand-2c409867",
      "cand-990db2d3",
      "cand-d3505cb8",
      "cand-c99b76d2",
      "cand-49bf1eca",
      "cand-a32fd47a",
      "cand-60aab7fe",
      "cand-3f27c596",
      "cand-7d7ec144",
      "cand-dbed99a3",
      "cand-a5ddec79",
      "cand-f35eb742"
    ],
    "recentProblemKinds": [
      "pine_preflight_fail",
      "pine_preflight_fail",
      "local_backtest_fail",
      "local_backtest_fail",
      "pine_preflight_fail"
    ],
    "recentRepairResults": [
      {
        "repairKind": "pine_source_repair",
        "result": "success",
        "repairedCandidateId": "cand-3f27c596",
        "summary": "Applied deterministic time-boxed preflight repair after blocking sparse event-source issues."
      },
      {
        "repairKind": "pine_source_repair",
        "result": "success",
        "repairedCandidateId": "cand-7d7ec144",
        "summary": "Applied deterministic time-boxed preflight repair after blocking sparse event-source issues."
      },
      {
        "repairKind": "pine_source_repair",
        "result": "success",
        "repairedCandidateId": "cand-faad06fe",
        "summary": "Applied deterministic time-boxed preflight repair after blocking sparse event-source issues."
      },
      {
        "repairKind": "risk_logic_repair",
        "result": "success",
        "repairedCandidateId": "cand-dbed99a3",
        "summary": "Requested risk_logic_repair after local_backtest_fail."
      },
      {
        "repairKind": "pine_source_repair",
        "result": "success",
        "repairedCandidateId": "cand-a5ddec79",
        "summary": "Applied deterministic time-boxed preflight repair after blocking sparse event-source issues."
      }
    ],
    "scoreFeedbackObserved": true,
    "stage6Readiness": {
      "generatedAt": "2026-04-30T05:22:53.680Z",
      "evaluated": true,
      "passed": true,
      "mode": "deterministic",
      "countRequested": 10,
      "countCompleted": 10,
      "countFailed": 0,
      "activeChampionCandidateId": "cand-a64e2088",
      "freshBootstrapPassed": true,
      "multiIterationPassed": true,
      "rootIsolationPassed": true,
      "repairTraceabilityPassed": true,
      "calibrationQueuePassed": true,
      "scoreFeedbackPassed": true,
      "feedbackClosureRequired": false,
      "calibrationMode": "queue_only",
      "ledgerValidationPassed": true,
      "indexVerificationPassed": true,
      "rootIsolationStatus": {
        "status": "passed",
        "customStateRoot": "C:\\Users\\hanji\\AppData\\Local\\Temp\\af-stage6-state-YAZZ8Y",
        "defaultWorkspaceStateRoot": "C:\\Users\\hanji\\AppData\\Local\\Temp\\af-stage6-workspace-Nnkt1H\\state\\pi-autoresearch",
        "customContextExists": true,
        "defaultWorkspaceStateHasArtifacts": false
      },
      "repairTraceabilityStatus": {
        "status": "passed",
        "successfulRepairCount": 10,
        "successfulRepairsWithoutCandidateCount": 0
      },
      "feedbackClosureStatus": {
        "status": "passed",
        "required": false,
        "promptFeedbackObserved": true,
        "scoreBreakdownFeedbackObserved": false,
        "divergenceCount": 0,
        "confidenceUpdateCount": 0
      },
      "evidence": {
        "tempWorkspaceRoot": null,
        "tempStateRoot": null,
        "localEvaluationCount": 19,
        "headEventCount": 2,
        "archiveEventCount": 11,
        "calibrationEventCount": 2,
        "mutationBriefCount": 18,
        "problemEventCount": 18,
        "repairAttemptCount": 10,
        "deadlineBreachCount": 0
      },
      "warnings": []
    },
    "lastStage6GatePassed": true,
    "rootIsolationStatus": {
      "status": "passed",
      "customStateRoot": "C:\\Users\\hanji\\AppData\\Local\\Temp\\af-stage6-state-YAZZ8Y",
      "defaultWorkspaceStateRoot": "C:\\Users\\hanji\\AppData\\Local\\Temp\\af-stage6-workspace-Nnkt1H\\state\\pi-autoresearch",
      "customContextExists": true,
      "defaultWorkspaceStateHasArtifacts": false
    },
    "repairTraceabilityStatus": {
      "status": "passed",
      "successfulRepairCount": 10,
      "successfulRepairsWithoutCandidateCount": 0
    },
    "feedbackClosureStatus": {
      "status": "passed",
      "required": false,
      "promptFeedbackObserved": true,
      "scoreBreakdownFeedbackObserved": false,
      "divergenceCount": 0,
      "confidenceUpdateCount": 0
    },
    "nextPlannedAction": "local_compatibility_repair",
    "loopMode": "local-first",
    "defaultOperationalView": "v3_autonomous_local_first",
    "projectRoot": "C:\\Users\\hanji\\Desktop\\AF",
    "workspaceRoot": "C:\\Users\\hanji\\Desktop\\AF",
    "stateRoot": "C:\\Users\\hanji\\Desktop\\AF\\state\\pi-autoresearch",
    "traceRoot": "C:\\Users\\hanji\\Desktop\\AF\\state\\pi-autoresearch\\traces",
    "artifactRoot": "C:\\Users\\hanji\\Desktop\\AF\\state\\pi-autoresearch\\artifacts",
    "evidenceRoot": "C:\\Users\\hanji\\Desktop\\AF\\state\\pi-autoresearch\\evidence",
    "runtimeRoot": "C:\\Users\\hanji\\Desktop\\AF\\state\\pi-autoresearch\\runtime",
    "tvVerificationCount": 28,
    "tvHealth": "unavailable",
    "calibrationAutoProcess": false,
    "calibrationMode": "queue_only",
    "lastTvSurfaceFailure": {
      "candidateId": "cand-c6235b65",
      "decision": "tv_surface_failure",
      "iteration": 279,
      "tvCalibrationStatus": "surface_failure",
      "recordedAt": "2026-04-29T18:46:19.526Z"
    },
    "humanOverride": false
  },
  "tracePath": "C:\\Users\\hanji\\Desktop\\AF\\state\\pi-autoresearch\\traces\\run-autonomous-loop-2026-05-01T01-02-53-791Z-trace-5f577f2d.jsonl"
}
[2026-05-01T10:05:11.1843900+09:00] iteration 13: run-autonomous-loop exit=0
[2026-05-01T10:05:11.1853913+09:00] iteration 13: validate-ledger start
??injected env (11) from .env // tip: ??auth for agents [www.vestauth.com]
[ledger.validation] validate-ledger | Ledger validation completed | 2026-05-01T01:05:14.781Z
{
  "ok": true,
  "errorCount": 0,
  "warningCount": 6,
  "issues": [
    {
      "severity": "warning",
      "scope": "experiment-record-meta",
      "recordId": "cand-f918d6d8",
      "message": "recordHash does not match the serialized experiment record."
    },
    {
      "severity": "warning",
      "scope": "experiment-record-meta",
      "recordId": "cand-3f99a396",
      "message": "recordHash does not match the serialized experiment record."
    },
    {
      "severity": "warning",
      "scope": "experiment-record-meta",
      "recordId": "cand-93a71a19",
      "message": "recordHash does not match the serialized experiment record."
    },
    {
      "severity": "warning",
      "scope": "experiment-record-meta",
      "recordId": "cand-560e2d3b",
      "message": "recordHash does not match the serialized experiment record."
    },
    {
      "severity": "warning",
      "scope": "experiment-record-meta",
      "recordId": "cand-24b4021d",
      "message": "recordHash does not match the serialized experiment record."
    },
    {
      "severity": "warning",
      "scope": "candidate-dedup",
      "recordId": "bfee8f4eb7eabba2047b8b2270beef764a3942811cda8134d75c15c171c0c26a",
      "message": "Duplicate candidate source hash detected across ids: cand-2a5e6ffe, cand-51397d04, cand-9cbc4c5f, cand-a93778fa, cand-bbb67c15, cand-fdc1ae65"
    }
  ],
  "summary": {
    "experiments": 602,
    "candidates": 552,
    "taskBatches": 131
  },
  "stateRoot": "C:\\Users\\hanji\\Desktop\\AF\\state\\pi-autoresearch",
  "tracePath": "C:\\Users\\hanji\\Desktop\\AF\\state\\pi-autoresearch\\traces\\validate-ledger-2026-05-01T01-05-11-418Z-trace-c2ed9db7.jsonl"
}
[2026-05-01T10:05:14.8441750+09:00] iteration 13: validate-ledger exit=0
[2026-05-01T10:05:14.8441750+09:00] iteration 13: rebuild-indexes --verify start
??injected env (11) from .env // tip: ??suppress logs { quiet: true }
[?몃뜳???ъ깮???쒖옉] ?몃뜳???ъ깮??| ?뚯깮 ?몃뜳?ㅻ? ?ъ깮?깊빀?덈떎. state: C:\Users\hanji\Desktop\AF\state\pi-autoresearch | 2026-05-01T01:05:16.985Z
[?몃뜳???ъ깮???꾨즺] ?몃뜳???ъ깮??| ?뚯깮 ?몃뜳???ъ깮?깆쓣 留덉낀?듬땲?? state: C:\Users\hanji\Desktop\AF\state\pi-autoresearch | 2026-05-01T01:05:28.172Z
{
  "rebuilt": true,
  "stateRoot": "C:\\Users\\hanji\\Desktop\\AF\\state\\pi-autoresearch",
  "autonomousState": {
    "generatedAt": "2026-05-01T01:05:20.857Z",
    "activeChampionCandidateId": "cand-42ed2fa4",
    "activeChampionScore": 0.7879,
    "activeChampionDecision": "local_candidate_eligible",
    "championOrigin": "autonomous",
    "researchMaturity": "steady_state",
    "selectedBy": "auto_policy",
    "selectionPolicyVersion": "autonomous-local-first/v3-p0",
    "objectivePolicyVersion": "objective.qqq-120m/v1",
    "headEventCount": 2,
    "archiveEventCount": 293,
    "calibrationEventCount": 307,
    "calibrationCandidateCount": 279,
    "divergenceCount": 27,
    "localConfidenceUpdateCount": 27,
    "problemEventCount": 201,
    "repairAttemptCount": 101,
    "localEvaluationCount": 382,
    "localEligibleCount": 217,
    "bootstrapCompatibleCount": 0,
    "bootstrapEligibleCount": 0,
    "bootstrapStatus": "not_started",
    "bootstrapSource": null,
    "bootstrapReason": null,
    "localRejectedCount": 160,
    "topBlockingReason": "low_trade_count",
    "pendingCalibrationCandidateCount": 251,
    "pendingCalibrationCandidateIds": [
      "cand-0e6a0180",
      "cand-9f33e80b",
      "cand-772d8a1e",
      "cand-f28d2e01",
      "cand-9a5dbcc7",
      "cand-b01be933",
      "cand-0a692f84",
      "cand-4f8faae3",
      "cand-35a74bba",
      "cand-c6b25611",
      "cand-ccdae17b",
      "cand-b8102dcd",
      "cand-8a1fe27b",
      "cand-ebbdd6a9",
      "cand-80dfaaa1",
      "cand-03f30a70",
      "cand-2f290563",
      "cand-e76cded5",
      "cand-710d8bc6",
      "cand-dd7e63cf",
      "cand-949bf032",
      "cand-b14595e0",
      "cand-90dc4ec3",
      "cand-f1103886",
      "cand-77224b87",
      "cand-55f47b32",
      "cand-cb18c54a",
      "cand-8a1a7cf2",
      "cand-db12aa7d",
      "cand-eb3175fc",
      "cand-ce89005b",
      "cand-b333865d",
      "cand-14f5f8ff",
      "cand-87a7fa06",
      "cand-609d9f19",
      "cand-09a0ae17",
      "cand-fbb3fb78",
      "cand-7bff0c1a",
      "cand-6e976c42",
      "cand-eaf67b92",
      "cand-ea5075a8",
      "cand-c0d6f969",
      "cand-946579c0",
      "cand-1638111b",
      "cand-840b49c0",
      "cand-a1b63e8c",
      "cand-d3fa966c",
      "cand-af6ef21e",
      "cand-c5832df6",
      "cand-57321a8c",
      "cand-3004b0f8",
      "cand-00644032",
      "cand-6272ab0f",
      "cand-7b341ad0",
      "cand-5c90b0de",
      "cand-350b7e7b",
      "cand-05218055",
      "cand-6ebbd52a",
      "cand-9edd626e",
      "cand-5d685d8a",
      "cand-addb3d5a",
      "cand-1a03e904",
      "cand-935b6a7d",
      "cand-11e460d8",
      "cand-58484f09",
      "cand-c3549cdc",
      "cand-e000c048",
      "cand-5927e5ca",
      "cand-7ae4d6eb",
      "cand-bd3c959f",
      "cand-ad98c7fd",
      "cand-a3456179",
      "cand-fa19c7db",
      "cand-8211114e",
      "cand-737e8acc",
      "cand-9ae5abb8",
      "cand-f68c494c",
      "cand-0cb06744",
      "cand-c4540c5e",
      "cand-887ba798",
      "cand-334ff9ed",
      "cand-1e7bb092",
      "cand-940106ac",
      "cand-b1575fba",
      "cand-1c1cb560",
      "cand-2ba5ca56",
      "cand-4e158d7d",
      "cand-ee1867a5",
      "cand-ccf655ee",
      "cand-2f2f67f1",
      "cand-dd0d4883",
      "cand-9e390b78",
      "cand-2b509e63",
      "cand-a42bb737",
      "cand-ba65a405",
      "cand-95b5fcb4",
      "cand-c1decc14",
      "cand-fad40100",
      "cand-3d99c3c3",
      "cand-ed6ed300",
      "cand-36473405",
      "cand-32556840",
      "cand-056beb3f",
      "cand-fef34f1d",
      "cand-4e58abee",
      "cand-6c095f1d",
      "cand-72fdbd0a",
      "cand-1a73f98c",
      "cand-60e5fb9a",
      "cand-fbd6e1cd",
      "cand-6fa9e64c",
      "cand-b3ce6dfd",
      "cand-d7b18242",
      "cand-cddf1147",
      "cand-a2b17756",
      "cand-4106d658",
      "cand-bf2319b1",
      "cand-1be3a1ed",
      "cand-ec8276d1",
      "cand-66da2fad",
      "cand-10487d69",
      "cand-a0b082a6",
      "cand-e1c37158",
      "cand-3924bc09",
      "cand-c5a37a36",
      "cand-9f921b3b",
      "cand-976660f2",
      "cand-1fd659d1",
      "cand-1ebe3284",
      "cand-a05583cb",
      "cand-68e1f6c0",
      "cand-939bafa7",
      "cand-5dfb966e",
      "cand-ec9d7a77",
      "cand-c9bd8a69",
      "cand-cad467d1",
      "cand-30ca4ecf",
      "cand-274a3d78",
      "cand-8f6a1544",
      "cand-be21675f",
      "cand-17c07e8f",
      "cand-60166f81",
      "cand-8f82de94",
      "cand-42460886",
      "cand-9295e93d",
      "cand-5a54f71c",
      "cand-a12eacdf",
      "cand-5b236726",
      "cand-dbfe05b6",
      "cand-eb4f9103",
      "cand-294a8337",
      "cand-54d331f7",
      "cand-303f93be",
      "cand-64ceccd8",
      "cand-82301049",
      "cand-cb926322",
      "cand-9740ccd3",
      "cand-45f69d7a",
      "cand-8195e18c",
      "cand-9ad02865",
      "cand-b0561318",
      "cand-77645d5d",
      "cand-3913b48a",
      "cand-d8c529f0",
      "cand-3e0617a5",
      "cand-796b47d8",
      "cand-da5bc8a6",
      "cand-6385aa99",
      "cand-ce0fb6b8",
      "cand-f53efe87",
      "cand-541078ba",
      "cand-102cde43",
      "cand-99a518c8",
      "cand-45eae1ed",
      "cand-5fa9bbca",
      "cand-58a6bc67",
      "cand-e2e95d0b",
      "cand-e7d44996",
      "cand-4fd1f661",
      "cand-f8a32482",
      "cand-65221fbc",
      "cand-0dcbc429",
      "cand-7237f414",
      "cand-13ab4eb7",
      "cand-03a62626",
      "cand-74403bc5",
      "cand-08afa655",
      "cand-8fc0ffa2",
      "cand-6b8a91fa",
      "cand-6b160ae4",
      "cand-e4ab8440",
      "cand-292c094d",
      "cand-bf066e31",
      "cand-bf45bffc",
      "cand-33777180",
      "cand-67548c32",
      "cand-af1ed124",
      "cand-fd3f325b",
      "cand-e8320fab",
      "cand-51877b36",
      "cand-f80d7394",
      "cand-d2b04e0c",
      "cand-d865401d",
      "cand-c2337d4e",
      "cand-bd0f8191",
      "cand-2e68882f",
      "cand-94bc57ed",
      "cand-93a15ca5",
      "cand-197cf126",
      "cand-4e21422c",
      "cand-cc3ed2d8",
      "cand-ad84fefa",
      "cand-e3e4e13a",
      "cand-6d2901b8",
      "cand-c7985187",
      "cand-a3fa7fcf",
      "cand-2181b4f2",
      "cand-e803ef34",
      "cand-cc7eb308",
      "cand-8c710851",
      "cand-8045892e",
      "cand-17273829",
      "cand-e3d89e08",
      "cand-118d9dbb",
      "cand-1a318968",
      "cand-5665b571",
      "cand-80f55e73",
      "cand-74341bb6",
      "cand-6a470e0a",
      "cand-bac89ce5",
      "cand-9a0a92b6",
      "cand-91ef422b",
      "cand-63b039ec",
      "cand-5f4ecea5",
      "cand-eb5c0c9f",
      "cand-f7398180",
      "cand-b8e26ed1",
      "cand-97e78627",
      "cand-8cfb97d5",
      "cand-2c409867",
      "cand-990db2d3",
      "cand-d3505cb8",
      "cand-c99b76d2",
      "cand-49bf1eca",
      "cand-a32fd47a",
      "cand-60aab7fe",
      "cand-3f27c596",
      "cand-7d7ec144",
      "cand-dbed99a3",
      "cand-a5ddec79",
      "cand-f35eb742"
    ],
    "recentProblemKinds": [
      "pine_preflight_fail",
      "pine_preflight_fail",
      "local_backtest_fail",
      "local_backtest_fail",
      "pine_preflight_fail"
    ],
    "recentRepairResults": [
      {
        "repairKind": "pine_source_repair",
        "result": "success",
        "repairedCandidateId": "cand-3f27c596",
        "summary": "Applied deterministic time-boxed preflight repair after blocking sparse event-source issues."
      },
      {
        "repairKind": "pine_source_repair",
        "result": "success",
        "repairedCandidateId": "cand-7d7ec144",
        "summary": "Applied deterministic time-boxed preflight repair after blocking sparse event-source issues."
      },
      {
        "repairKind": "pine_source_repair",
        "result": "success",
        "repairedCandidateId": "cand-faad06fe",
        "summary": "Applied deterministic time-boxed preflight repair after blocking sparse event-source issues."
      },
      {
        "repairKind": "risk_logic_repair",
        "result": "success",
        "repairedCandidateId": "cand-dbed99a3",
        "summary": "Requested risk_logic_repair after local_backtest_fail."
      },
      {
        "repairKind": "pine_source_repair",
        "result": "success",
        "repairedCandidateId": "cand-a5ddec79",
        "summary": "Applied deterministic time-boxed preflight repair after blocking sparse event-source issues."
      }
    ],
    "scoreFeedbackObserved": true,
    "stage6Readiness": {
      "generatedAt": "2026-04-30T05:22:53.680Z",
      "evaluated": true,
      "passed": true,
      "mode": "deterministic",
      "countRequested": 10,
      "countCompleted": 10,
      "countFailed": 0,
      "activeChampionCandidateId": "cand-a64e2088",
      "freshBootstrapPassed": true,
      "multiIterationPassed": true,
      "rootIsolationPassed": true,
      "repairTraceabilityPassed": true,
      "calibrationQueuePassed": true,
      "scoreFeedbackPassed": true,
      "feedbackClosureRequired": false,
      "calibrationMode": "queue_only",
      "ledgerValidationPassed": true,
      "indexVerificationPassed": true,
      "rootIsolationStatus": {
        "status": "passed",
        "customStateRoot": "C:\\Users\\hanji\\AppData\\Local\\Temp\\af-stage6-state-YAZZ8Y",
        "defaultWorkspaceStateRoot": "C:\\Users\\hanji\\AppData\\Local\\Temp\\af-stage6-workspace-Nnkt1H\\state\\pi-autoresearch",
        "customContextExists": true,
        "defaultWorkspaceStateHasArtifacts": false
      },
      "repairTraceabilityStatus": {
        "status": "passed",
        "successfulRepairCount": 10,
        "successfulRepairsWithoutCandidateCount": 0
      },
      "feedbackClosureStatus": {
        "status": "passed",
        "required": false,
        "promptFeedbackObserved": true,
        "scoreBreakdownFeedbackObserved": false,
        "divergenceCount": 0,
        "confidenceUpdateCount": 0
      },
      "evidence": {
        "tempWorkspaceRoot": null,
        "tempStateRoot": null,
        "localEvaluationCount": 19,
        "headEventCount": 2,
        "archiveEventCount": 11,
        "calibrationEventCount": 2,
        "mutationBriefCount": 18,
        "problemEventCount": 18,
        "repairAttemptCount": 10,
        "deadlineBreachCount": 0
      },
      "warnings": []
    },
    "lastStage6GatePassed": true,
    "rootIsolationStatus": {
      "status": "passed",
      "customStateRoot": "C:\\Users\\hanji\\AppData\\Local\\Temp\\af-stage6-state-YAZZ8Y",
      "defaultWorkspaceStateRoot": "C:\\Users\\hanji\\AppData\\Local\\Temp\\af-stage6-workspace-Nnkt1H\\state\\pi-autoresearch",
      "customContextExists": true,
      "defaultWorkspaceStateHasArtifacts": false
    },
    "repairTraceabilityStatus": {
      "status": "passed",
      "successfulRepairCount": 10,
      "successfulRepairsWithoutCandidateCount": 0
    },
    "feedbackClosureStatus": {
      "status": "passed",
      "required": false,
      "promptFeedbackObserved": true,
      "scoreBreakdownFeedbackObserved": false,
      "divergenceCount": 0,
      "confidenceUpdateCount": 0
    },
    "nextPlannedAction": "local_compatibility_repair",
    "loopMode": "local-first",
    "defaultOperationalView": "v3_autonomous_local_first",
    "projectRoot": "C:\\Users\\hanji\\Desktop\\AF",
    "workspaceRoot": "C:\\Users\\hanji\\Desktop\\AF",
    "stateRoot": "C:\\Users\\hanji\\Desktop\\AF\\state\\pi-autoresearch",
    "traceRoot": "C:\\Users\\hanji\\Desktop\\AF\\state\\pi-autoresearch\\traces",
    "artifactRoot": "C:\\Users\\hanji\\Desktop\\AF\\state\\pi-autoresearch\\artifacts",
    "evidenceRoot": "C:\\Users\\hanji\\Desktop\\AF\\state\\pi-autoresearch\\evidence",
    "runtimeRoot": "C:\\Users\\hanji\\Desktop\\AF\\state\\pi-autoresearch\\runtime",
    "tvVerificationCount": 28,
    "tvHealth": "unavailable",
    "calibrationAutoProcess": false,
    "calibrationMode": "queue_only",
    "lastTvSurfaceFailure": {
      "candidateId": "cand-c6235b65",
      "decision": "tv_surface_failure",
      "iteration": 279,
      "tvCalibrationStatus": "surface_failure",
      "recordedAt": "2026-04-29T18:46:19.526Z"
    },
    "humanOverride": false
  },
  "verification": {
    "ok": true,
    "issues": []
  },
  "tracePath": "C:\\Users\\hanji\\Desktop\\AF\\state\\pi-autoresearch\\traces\\rebuild-indexes-2026-05-01T01-05-15-070Z-trace-c55d5c99.jsonl"
}
[2026-05-01T10:05:28.3864036+09:00] iteration 13: rebuild-indexes --verify exit=0
[2026-05-01T10:05:38.3883277+09:00] stop file detected; exiting
[2026-05-01T10:05:38.3923465+09:00] autonomous forever loop stopped
