[2026-05-01T10:25:21.6356950+09:00] autonomous forever loop started; pid=4368; project=C:\Users\hanji\Desktop\AF
[2026-05-01T10:25:21.6376980+09:00] stop file: C:\Users\hanji\Desktop\AF\state\pi-autoresearch\runtime\STOP_AUTONOMOUS_LOOP
[2026-05-01T10:25:21.6632179+09:00] iteration 1: run-autonomous-loop start
??injected env (11) from .env // tip: ??suppress logs { quiet: true }
[autonomous.loop.start] run-autonomous-loop | Starting autonomous local-first loop | 2026-05-01T01:25:21.889Z
[iteration.started] run-autonomous-loop | Starting autonomous iteration | 2026-05-01T01:25:21.890Z
[phase.started] run-autonomous-loop | Initializing autonomous workspace | 2026-05-01T01:25:21.900Z
[phase.completed] run-autonomous-loop | Initializing autonomous workspace | 2026-05-01T01:25:23.720Z
[phase.started] run-autonomous-loop | Generating autonomous mutation candidate | 2026-05-01T01:25:25.042Z
[autonomous.mutation.request] run-autonomous-loop | Sending autonomous mutation request | 2026-05-01T01:25:25.044Z
[phase.completed] run-autonomous-loop | Generating autonomous mutation candidate | 2026-05-01T01:27:24.816Z
[phase.started] run-autonomous-loop | Evaluating autonomous candidate locally | 2026-05-01T01:27:24.817Z
[autonomous.market_context_ready] run-autonomous-loop | Local-first market context is ready | 2026-05-01T01:27:24.824Z
[autonomous.local_evaluation] run-autonomous-loop | Local autonomous evaluation completed | 2026-05-01T01:27:24.891Z
[phase.completed] run-autonomous-loop | Evaluating autonomous candidate locally | 2026-05-01T01:27:24.913Z
[phase.started] run-autonomous-loop | Updating autonomous archive views | 2026-05-01T01:27:24.913Z
[phase.completed] run-autonomous-loop | Updating autonomous archive views | 2026-05-01T01:27:24.919Z
[phase.started] run-autonomous-loop | Queueing candidate for TradingView calibration | 2026-05-01T01:27:24.919Z
[phase.completed] run-autonomous-loop | Queueing candidate for TradingView calibration | 2026-05-01T01:27:24.922Z
[phase.started] run-autonomous-loop | Selecting active autonomous champion | 2026-05-01T01:27:25.929Z
[phase.completed] run-autonomous-loop | Selecting active autonomous champion | 2026-05-01T01:27:26.494Z
[phase.started] run-autonomous-loop | Rebuilding derived autonomous views | 2026-05-01T01:27:26.494Z
[phase.completed] run-autonomous-loop | Rebuilding derived autonomous views | 2026-05-01T01:27:28.486Z
[iteration.completed] run-autonomous-loop | Autonomous iteration completed | 2026-05-01T01:27:28.486Z
{
  "countRequested": 1,
  "countCompleted": 1,
  "countFailed": 0,
  "results": [
    {
      "runId": "autonomous-1777598721899",
      "iteration": 606,
      "candidateId": "cand-5e145275",
      "localDecision": "local_candidate_eligible",
      "activeChampionChanged": false,
      "activeChampionCandidateId": "cand-42ed2fa4"
    }
  ],
  "deadlineBreaches": [],
  "autonomousState": {
    "generatedAt": "2026-05-01T01:27:29.991Z",
    "activeChampionCandidateId": "cand-42ed2fa4",
    "activeChampionScore": 0.7879,
    "activeChampionDecision": "local_candidate_eligible",
    "championOrigin": "autonomous",
    "researchMaturity": "steady_state",
    "selectedBy": "auto_policy",
    "selectionPolicyVersion": "autonomous-local-first/v3-p0",
    "objectivePolicyVersion": "objective.qqq-120m/v1",
    "headEventCount": 2,
    "archiveEventCount": 297,
    "calibrationEventCount": 310,
    "calibrationCandidateCount": 282,
    "divergenceCount": 27,
    "localConfidenceUpdateCount": 27,
    "problemEventCount": 203,
    "repairAttemptCount": 102,
    "localEvaluationCount": 386,
    "localEligibleCount": 219,
    "bootstrapCompatibleCount": 0,
    "bootstrapEligibleCount": 0,
    "bootstrapStatus": "not_started",
    "bootstrapSource": null,
    "bootstrapReason": null,
    "localRejectedCount": 162,
    "topBlockingReason": "low_trade_count",
    "pendingCalibrationCandidateCount": 254,
    "pendingCalibrationCandidateIds": [
      "cand-0e6a0180",
      "cand-9f33e80b",
      "cand-772d8a1e",
      "cand-f28d2e01",
      "cand-9a5dbcc7",
      "cand-b01be933",
      "cand-0a692f84",
      "cand-4f8faae3",
      "cand-35a74bba",
      "cand-c6b25611",
      "cand-ccdae17b",
      "cand-b8102dcd",
      "cand-8a1fe27b",
      "cand-ebbdd6a9",
      "cand-80dfaaa1",
      "cand-03f30a70",
      "cand-2f290563",
      "cand-e76cded5",
      "cand-710d8bc6",
      "cand-dd7e63cf",
      "cand-949bf032",
      "cand-b14595e0",
      "cand-90dc4ec3",
      "cand-f1103886",
      "cand-77224b87",
      "cand-55f47b32",
      "cand-cb18c54a",
      "cand-8a1a7cf2",
      "cand-db12aa7d",
      "cand-eb3175fc",
      "cand-ce89005b",
      "cand-b333865d",
      "cand-14f5f8ff",
      "cand-87a7fa06",
      "cand-609d9f19",
      "cand-09a0ae17",
      "cand-fbb3fb78",
      "cand-7bff0c1a",
      "cand-6e976c42",
      "cand-eaf67b92",
      "cand-ea5075a8",
      "cand-c0d6f969",
      "cand-946579c0",
      "cand-1638111b",
      "cand-840b49c0",
      "cand-a1b63e8c",
      "cand-d3fa966c",
      "cand-af6ef21e",
      "cand-c5832df6",
      "cand-57321a8c",
      "cand-3004b0f8",
      "cand-00644032",
      "cand-6272ab0f",
      "cand-7b341ad0",
      "cand-5c90b0de",
      "cand-350b7e7b",
      "cand-05218055",
      "cand-6ebbd52a",
      "cand-9edd626e",
      "cand-5d685d8a",
      "cand-addb3d5a",
      "cand-1a03e904",
      "cand-935b6a7d",
      "cand-11e460d8",
      "cand-58484f09",
      "cand-c3549cdc",
      "cand-e000c048",
      "cand-5927e5ca",
      "cand-7ae4d6eb",
      "cand-bd3c959f",
      "cand-ad98c7fd",
      "cand-a3456179",
      "cand-fa19c7db",
      "cand-8211114e",
      "cand-737e8acc",
      "cand-9ae5abb8",
      "cand-f68c494c",
      "cand-0cb06744",
      "cand-c4540c5e",
      "cand-887ba798",
      "cand-334ff9ed",
      "cand-1e7bb092",
      "cand-940106ac",
      "cand-b1575fba",
      "cand-1c1cb560",
      "cand-2ba5ca56",
      "cand-4e158d7d",
      "cand-ee1867a5",
      "cand-ccf655ee",
      "cand-2f2f67f1",
      "cand-dd0d4883",
      "cand-9e390b78",
      "cand-2b509e63",
      "cand-a42bb737",
      "cand-ba65a405",
      "cand-95b5fcb4",
      "cand-c1decc14",
      "cand-fad40100",
      "cand-3d99c3c3",
      "cand-ed6ed300",
      "cand-36473405",
      "cand-32556840",
      "cand-056beb3f",
      "cand-fef34f1d",
      "cand-4e58abee",
      "cand-6c095f1d",
      "cand-72fdbd0a",
      "cand-1a73f98c",
      "cand-60e5fb9a",
      "cand-fbd6e1cd",
      "cand-6fa9e64c",
      "cand-b3ce6dfd",
      "cand-d7b18242",
      "cand-cddf1147",
      "cand-a2b17756",
      "cand-4106d658",
      "cand-bf2319b1",
      "cand-1be3a1ed",
      "cand-ec8276d1",
      "cand-66da2fad",
      "cand-10487d69",
      "cand-a0b082a6",
      "cand-e1c37158",
      "cand-3924bc09",
      "cand-c5a37a36",
      "cand-9f921b3b",
      "cand-976660f2",
      "cand-1fd659d1",
      "cand-1ebe3284",
      "cand-a05583cb",
      "cand-68e1f6c0",
      "cand-939bafa7",
      "cand-5dfb966e",
      "cand-ec9d7a77",
      "cand-c9bd8a69",
      "cand-cad467d1",
      "cand-30ca4ecf",
      "cand-274a3d78",
      "cand-8f6a1544",
      "cand-be21675f",
      "cand-17c07e8f",
      "cand-60166f81",
      "cand-8f82de94",
      "cand-42460886",
      "cand-9295e93d",
      "cand-5a54f71c",
      "cand-a12eacdf",
      "cand-5b236726",
      "cand-dbfe05b6",
      "cand-eb4f9103",
      "cand-294a8337",
      "cand-54d331f7",
      "cand-303f93be",
      "cand-64ceccd8",
      "cand-82301049",
      "cand-cb926322",
      "cand-9740ccd3",
      "cand-45f69d7a",
      "cand-8195e18c",
      "cand-9ad02865",
      "cand-b0561318",
      "cand-77645d5d",
      "cand-3913b48a",
      "cand-d8c529f0",
      "cand-3e0617a5",
      "cand-796b47d8",
      "cand-da5bc8a6",
      "cand-6385aa99",
      "cand-ce0fb6b8",
      "cand-f53efe87",
      "cand-541078ba",
      "cand-102cde43",
      "cand-99a518c8",
      "cand-45eae1ed",
      "cand-5fa9bbca",
      "cand-58a6bc67",
      "cand-e2e95d0b",
      "cand-e7d44996",
      "cand-4fd1f661",
      "cand-f8a32482",
      "cand-65221fbc",
      "cand-0dcbc429",
      "cand-7237f414",
      "cand-13ab4eb7",
      "cand-03a62626",
      "cand-74403bc5",
      "cand-08afa655",
      "cand-8fc0ffa2",
      "cand-6b8a91fa",
      "cand-6b160ae4",
      "cand-e4ab8440",
      "cand-292c094d",
      "cand-bf066e31",
      "cand-bf45bffc",
      "cand-33777180",
      "cand-67548c32",
      "cand-af1ed124",
      "cand-fd3f325b",
      "cand-e8320fab",
      "cand-51877b36",
      "cand-f80d7394",
      "cand-d2b04e0c",
      "cand-d865401d",
      "cand-c2337d4e",
      "cand-bd0f8191",
      "cand-2e68882f",
      "cand-94bc57ed",
      "cand-93a15ca5",
      "cand-197cf126",
      "cand-4e21422c",
      "cand-cc3ed2d8",
      "cand-ad84fefa",
      "cand-e3e4e13a",
      "cand-6d2901b8",
      "cand-c7985187",
      "cand-a3fa7fcf",
      "cand-2181b4f2",
      "cand-e803ef34",
      "cand-cc7eb308",
      "cand-8c710851",
      "cand-8045892e",
      "cand-17273829",
      "cand-e3d89e08",
      "cand-118d9dbb",
      "cand-1a318968",
      "cand-5665b571",
      "cand-80f55e73",
      "cand-74341bb6",
      "cand-6a470e0a",
      "cand-bac89ce5",
      "cand-9a0a92b6",
      "cand-91ef422b",
      "cand-63b039ec",
      "cand-5f4ecea5",
      "cand-eb5c0c9f",
      "cand-f7398180",
      "cand-b8e26ed1",
      "cand-97e78627",
      "cand-8cfb97d5",
      "cand-2c409867",
      "cand-990db2d3",
      "cand-d3505cb8",
      "cand-c99b76d2",
      "cand-49bf1eca",
      "cand-a32fd47a",
      "cand-60aab7fe",
      "cand-3f27c596",
      "cand-7d7ec144",
      "cand-dbed99a3",
      "cand-a5ddec79",
      "cand-f35eb742",
      "cand-df9c33cc",
      "cand-3bde95a6",
      "cand-5e145275"
    ],
    "recentProblemKinds": [
      "local_backtest_fail",
      "local_backtest_fail",
      "pine_preflight_fail",
      "local_backtest_fail",
      "local_backtest_fail"
    ],
    "recentRepairResults": [
      {
        "repairKind": "pine_source_repair",
        "result": "success",
        "repairedCandidateId": "cand-7d7ec144",
        "summary": "Applied deterministic time-boxed preflight repair after blocking sparse event-source issues."
      },
      {
        "repairKind": "pine_source_repair",
        "result": "success",
        "repairedCandidateId": "cand-faad06fe",
        "summary": "Applied deterministic time-boxed preflight repair after blocking sparse event-source issues."
      },
      {
        "repairKind": "risk_logic_repair",
        "result": "success",
        "repairedCandidateId": "cand-dbed99a3",
        "summary": "Requested risk_logic_repair after local_backtest_fail."
      },
      {
        "repairKind": "pine_source_repair",
        "result": "success",
        "repairedCandidateId": "cand-a5ddec79",
        "summary": "Applied deterministic time-boxed preflight repair after blocking sparse event-source issues."
      },
      {
        "repairKind": "entry_frequency_repair",
        "result": "success",
        "repairedCandidateId": "cand-df9c33cc",
        "summary": "Requested entry_frequency_repair after local_backtest_fail."
      }
    ],
    "scoreFeedbackObserved": true,
    "stage6Readiness": {
      "generatedAt": "2026-04-30T05:22:53.680Z",
      "evaluated": true,
      "passed": true,
      "mode": "deterministic",
      "countRequested": 10,
      "countCompleted": 10,
      "countFailed": 0,
      "activeChampionCandidateId": "cand-a64e2088",
      "freshBootstrapPassed": true,
      "multiIterationPassed": true,
      "rootIsolationPassed": true,
      "repairTraceabilityPassed": true,
      "calibrationQueuePassed": true,
      "scoreFeedbackPassed": true,
      "feedbackClosureRequired": false,
      "calibrationMode": "queue_only",
      "ledgerValidationPassed": true,
      "indexVerificationPassed": true,
      "rootIsolationStatus": {
        "status": "passed",
        "customStateRoot": "C:\\Users\\hanji\\AppData\\Local\\Temp\\af-stage6-state-YAZZ8Y",
        "defaultWorkspaceStateRoot": "C:\\Users\\hanji\\AppData\\Local\\Temp\\af-stage6-workspace-Nnkt1H\\state\\pi-autoresearch",
        "customContextExists": true,
        "defaultWorkspaceStateHasArtifacts": false
      },
      "repairTraceabilityStatus": {
        "status": "passed",
        "successfulRepairCount": 10,
        "successfulRepairsWithoutCandidateCount": 0
      },
      "feedbackClosureStatus": {
        "status": "passed",
        "required": false,
        "promptFeedbackObserved": true,
        "scoreBreakdownFeedbackObserved": false,
        "divergenceCount": 0,
        "confidenceUpdateCount": 0
      },
      "evidence": {
        "tempWorkspaceRoot": null,
        "tempStateRoot": null,
        "localEvaluationCount": 19,
        "headEventCount": 2,
        "archiveEventCount": 11,
        "calibrationEventCount": 2,
        "mutationBriefCount": 18,
        "problemEventCount": 18,
        "repairAttemptCount": 10,
        "deadlineBreachCount": 0
      },
      "warnings": []
    },
    "lastStage6GatePassed": true,
    "rootIsolationStatus": {
      "status": "passed",
      "customStateRoot": "C:\\Users\\hanji\\AppData\\Local\\Temp\\af-stage6-state-YAZZ8Y",
      "defaultWorkspaceStateRoot": "C:\\Users\\hanji\\AppData\\Local\\Temp\\af-stage6-workspace-Nnkt1H\\state\\pi-autoresearch",
      "customContextExists": true,
      "defaultWorkspaceStateHasArtifacts": false
    },
    "repairTraceabilityStatus": {
      "status": "passed",
      "successfulRepairCount": 10,
      "successfulRepairsWithoutCandidateCount": 0
    },
    "feedbackClosureStatus": {
      "status": "passed",
      "required": false,
      "promptFeedbackObserved": true,
      "scoreBreakdownFeedbackObserved": false,
      "divergenceCount": 0,
      "confidenceUpdateCount": 0
    },
    "nextPlannedAction": "local_compatibility_repair",
    "loopMode": "local-first",
    "defaultOperationalView": "v3_autonomous_local_first",
    "projectRoot": "C:\\Users\\hanji\\Desktop\\AF",
    "workspaceRoot": "C:\\Users\\hanji\\Desktop\\AF",
    "stateRoot": "C:\\Users\\hanji\\Desktop\\AF\\state\\pi-autoresearch",
    "traceRoot": "C:\\Users\\hanji\\Desktop\\AF\\state\\pi-autoresearch\\traces",
    "artifactRoot": "C:\\Users\\hanji\\Desktop\\AF\\state\\pi-autoresearch\\artifacts",
    "evidenceRoot": "C:\\Users\\hanji\\Desktop\\AF\\state\\pi-autoresearch\\evidence",
    "runtimeRoot": "C:\\Users\\hanji\\Desktop\\AF\\state\\pi-autoresearch\\runtime",
    "tvVerificationCount": 28,
    "tvHealth": "unavailable",
    "calibrationAutoProcess": false,
    "calibrationMode": "queue_only",
    "lastTvSurfaceFailure": {
      "candidateId": "cand-c6235b65",
      "decision": "tv_surface_failure",
      "iteration": 279,
      "tvCalibrationStatus": "surface_failure",
      "recordedAt": "2026-04-29T18:46:19.526Z"
    },
    "humanOverride": false
  },
  "tracePath": "C:\\Users\\hanji\\Desktop\\AF\\state\\pi-autoresearch\\traces\\run-autonomous-loop-2026-05-01T01-25-21-888Z-trace-cc6b5772.jsonl"
}
[2026-05-01T10:27:30.7070403+09:00] iteration 1: run-autonomous-loop exit=0
[2026-05-01T10:27:30.7090404+09:00] iteration 1: validate-ledger start
??injected env (11) from .env // tip: ??suppress logs { quiet: true }
[ledger.validation] validate-ledger | Ledger validation completed | 2026-05-01T01:27:34.247Z
{
  "ok": true,
  "errorCount": 0,
  "warningCount": 6,
  "issues": [
    {
      "severity": "warning",
      "scope": "experiment-record-meta",
      "recordId": "cand-f918d6d8",
      "message": "recordHash does not match the serialized experiment record."
    },
    {
      "severity": "warning",
      "scope": "experiment-record-meta",
      "recordId": "cand-3f99a396",
      "message": "recordHash does not match the serialized experiment record."
    },
    {
      "severity": "warning",
      "scope": "experiment-record-meta",
      "recordId": "cand-93a71a19",
      "message": "recordHash does not match the serialized experiment record."
    },
    {
      "severity": "warning",
      "scope": "experiment-record-meta",
      "recordId": "cand-560e2d3b",
      "message": "recordHash does not match the serialized experiment record."
    },
    {
      "severity": "warning",
      "scope": "experiment-record-meta",
      "recordId": "cand-24b4021d",
      "message": "recordHash does not match the serialized experiment record."
    },
    {
      "severity": "warning",
      "scope": "candidate-dedup",
      "recordId": "bfee8f4eb7eabba2047b8b2270beef764a3942811cda8134d75c15c171c0c26a",
      "message": "Duplicate candidate source hash detected across ids: cand-2a5e6ffe, cand-51397d04, cand-9cbc4c5f, cand-a93778fa, cand-bbb67c15, cand-fdc1ae65"
    }
  ],
  "summary": {
    "experiments": 606,
    "candidates": 556,
    "taskBatches": 131
  },
  "stateRoot": "C:\\Users\\hanji\\Desktop\\AF\\state\\pi-autoresearch",
  "tracePath": "C:\\Users\\hanji\\Desktop\\AF\\state\\pi-autoresearch\\traces\\validate-ledger-2026-05-01T01-27-30-937Z-trace-532b5cd5.jsonl"
}
[2026-05-01T10:27:34.3225331+09:00] iteration 1: validate-ledger exit=0
[2026-05-01T10:27:34.3235331+09:00] iteration 1: rebuild-indexes --verify start
??injected env (11) from .env // tip: ??auth for agents [www.vestauth.com]
[?몃뜳???ъ깮???쒖옉] ?몃뜳???ъ깮??| ?뚯깮 ?몃뜳?ㅻ? ?ъ깮?깊빀?덈떎. state: C:\Users\hanji\Desktop\AF\state\pi-autoresearch | 2026-05-01T01:27:36.386Z
[?몃뜳???ъ깮???꾨즺] ?몃뜳???ъ깮??| ?뚯깮 ?몃뜳???ъ깮?깆쓣 留덉낀?듬땲?? state: C:\Users\hanji\Desktop\AF\state\pi-autoresearch | 2026-05-01T01:27:46.632Z
{
  "rebuilt": true,
  "stateRoot": "C:\\Users\\hanji\\Desktop\\AF\\state\\pi-autoresearch",
  "autonomousState": {
    "generatedAt": "2026-05-01T01:27:39.955Z",
    "activeChampionCandidateId": "cand-42ed2fa4",
    "activeChampionScore": 0.7879,
    "activeChampionDecision": "local_candidate_eligible",
    "championOrigin": "autonomous",
    "researchMaturity": "steady_state",
    "selectedBy": "auto_policy",
    "selectionPolicyVersion": "autonomous-local-first/v3-p0",
    "objectivePolicyVersion": "objective.qqq-120m/v1",
    "headEventCount": 2,
    "archiveEventCount": 297,
    "calibrationEventCount": 310,
    "calibrationCandidateCount": 282,
    "divergenceCount": 27,
    "localConfidenceUpdateCount": 27,
    "problemEventCount": 203,
    "repairAttemptCount": 102,
    "localEvaluationCount": 386,
    "localEligibleCount": 219,
    "bootstrapCompatibleCount": 0,
    "bootstrapEligibleCount": 0,
    "bootstrapStatus": "not_started",
    "bootstrapSource": null,
    "bootstrapReason": null,
    "localRejectedCount": 162,
    "topBlockingReason": "low_trade_count",
    "pendingCalibrationCandidateCount": 254,
    "pendingCalibrationCandidateIds": [
      "cand-0e6a0180",
      "cand-9f33e80b",
      "cand-772d8a1e",
      "cand-f28d2e01",
      "cand-9a5dbcc7",
      "cand-b01be933",
      "cand-0a692f84",
      "cand-4f8faae3",
      "cand-35a74bba",
      "cand-c6b25611",
      "cand-ccdae17b",
      "cand-b8102dcd",
      "cand-8a1fe27b",
      "cand-ebbdd6a9",
      "cand-80dfaaa1",
      "cand-03f30a70",
      "cand-2f290563",
      "cand-e76cded5",
      "cand-710d8bc6",
      "cand-dd7e63cf",
      "cand-949bf032",
      "cand-b14595e0",
      "cand-90dc4ec3",
      "cand-f1103886",
      "cand-77224b87",
      "cand-55f47b32",
      "cand-cb18c54a",
      "cand-8a1a7cf2",
      "cand-db12aa7d",
      "cand-eb3175fc",
      "cand-ce89005b",
      "cand-b333865d",
      "cand-14f5f8ff",
      "cand-87a7fa06",
      "cand-609d9f19",
      "cand-09a0ae17",
      "cand-fbb3fb78",
      "cand-7bff0c1a",
      "cand-6e976c42",
      "cand-eaf67b92",
      "cand-ea5075a8",
      "cand-c0d6f969",
      "cand-946579c0",
      "cand-1638111b",
      "cand-840b49c0",
      "cand-a1b63e8c",
      "cand-d3fa966c",
      "cand-af6ef21e",
      "cand-c5832df6",
      "cand-57321a8c",
      "cand-3004b0f8",
      "cand-00644032",
      "cand-6272ab0f",
      "cand-7b341ad0",
      "cand-5c90b0de",
      "cand-350b7e7b",
      "cand-05218055",
      "cand-6ebbd52a",
      "cand-9edd626e",
      "cand-5d685d8a",
      "cand-addb3d5a",
      "cand-1a03e904",
      "cand-935b6a7d",
      "cand-11e460d8",
      "cand-58484f09",
      "cand-c3549cdc",
      "cand-e000c048",
      "cand-5927e5ca",
      "cand-7ae4d6eb",
      "cand-bd3c959f",
      "cand-ad98c7fd",
      "cand-a3456179",
      "cand-fa19c7db",
      "cand-8211114e",
      "cand-737e8acc",
      "cand-9ae5abb8",
      "cand-f68c494c",
      "cand-0cb06744",
      "cand-c4540c5e",
      "cand-887ba798",
      "cand-334ff9ed",
      "cand-1e7bb092",
      "cand-940106ac",
      "cand-b1575fba",
      "cand-1c1cb560",
      "cand-2ba5ca56",
      "cand-4e158d7d",
      "cand-ee1867a5",
      "cand-ccf655ee",
      "cand-2f2f67f1",
      "cand-dd0d4883",
      "cand-9e390b78",
      "cand-2b509e63",
      "cand-a42bb737",
      "cand-ba65a405",
      "cand-95b5fcb4",
      "cand-c1decc14",
      "cand-fad40100",
      "cand-3d99c3c3",
      "cand-ed6ed300",
      "cand-36473405",
      "cand-32556840",
      "cand-056beb3f",
      "cand-fef34f1d",
      "cand-4e58abee",
      "cand-6c095f1d",
      "cand-72fdbd0a",
      "cand-1a73f98c",
      "cand-60e5fb9a",
      "cand-fbd6e1cd",
      "cand-6fa9e64c",
      "cand-b3ce6dfd",
      "cand-d7b18242",
      "cand-cddf1147",
      "cand-a2b17756",
      "cand-4106d658",
      "cand-bf2319b1",
      "cand-1be3a1ed",
      "cand-ec8276d1",
      "cand-66da2fad",
      "cand-10487d69",
      "cand-a0b082a6",
      "cand-e1c37158",
      "cand-3924bc09",
      "cand-c5a37a36",
      "cand-9f921b3b",
      "cand-976660f2",
      "cand-1fd659d1",
      "cand-1ebe3284",
      "cand-a05583cb",
      "cand-68e1f6c0",
      "cand-939bafa7",
      "cand-5dfb966e",
      "cand-ec9d7a77",
      "cand-c9bd8a69",
      "cand-cad467d1",
      "cand-30ca4ecf",
      "cand-274a3d78",
      "cand-8f6a1544",
      "cand-be21675f",
      "cand-17c07e8f",
      "cand-60166f81",
      "cand-8f82de94",
      "cand-42460886",
      "cand-9295e93d",
      "cand-5a54f71c",
      "cand-a12eacdf",
      "cand-5b236726",
      "cand-dbfe05b6",
      "cand-eb4f9103",
      "cand-294a8337",
      "cand-54d331f7",
      "cand-303f93be",
      "cand-64ceccd8",
      "cand-82301049",
      "cand-cb926322",
      "cand-9740ccd3",
      "cand-45f69d7a",
      "cand-8195e18c",
      "cand-9ad02865",
      "cand-b0561318",
      "cand-77645d5d",
      "cand-3913b48a",
      "cand-d8c529f0",
      "cand-3e0617a5",
      "cand-796b47d8",
      "cand-da5bc8a6",
      "cand-6385aa99",
      "cand-ce0fb6b8",
      "cand-f53efe87",
      "cand-541078ba",
      "cand-102cde43",
      "cand-99a518c8",
      "cand-45eae1ed",
      "cand-5fa9bbca",
      "cand-58a6bc67",
      "cand-e2e95d0b",
      "cand-e7d44996",
      "cand-4fd1f661",
      "cand-f8a32482",
      "cand-65221fbc",
      "cand-0dcbc429",
      "cand-7237f414",
      "cand-13ab4eb7",
      "cand-03a62626",
      "cand-74403bc5",
      "cand-08afa655",
      "cand-8fc0ffa2",
      "cand-6b8a91fa",
      "cand-6b160ae4",
      "cand-e4ab8440",
      "cand-292c094d",
      "cand-bf066e31",
      "cand-bf45bffc",
      "cand-33777180",
      "cand-67548c32",
      "cand-af1ed124",
      "cand-fd3f325b",
      "cand-e8320fab",
      "cand-51877b36",
      "cand-f80d7394",
      "cand-d2b04e0c",
      "cand-d865401d",
      "cand-c2337d4e",
      "cand-bd0f8191",
      "cand-2e68882f",
      "cand-94bc57ed",
      "cand-93a15ca5",
      "cand-197cf126",
      "cand-4e21422c",
      "cand-cc3ed2d8",
      "cand-ad84fefa",
      "cand-e3e4e13a",
      "cand-6d2901b8",
      "cand-c7985187",
      "cand-a3fa7fcf",
      "cand-2181b4f2",
      "cand-e803ef34",
      "cand-cc7eb308",
      "cand-8c710851",
      "cand-8045892e",
      "cand-17273829",
      "cand-e3d89e08",
      "cand-118d9dbb",
      "cand-1a318968",
      "cand-5665b571",
      "cand-80f55e73",
      "cand-74341bb6",
      "cand-6a470e0a",
      "cand-bac89ce5",
      "cand-9a0a92b6",
      "cand-91ef422b",
      "cand-63b039ec",
      "cand-5f4ecea5",
      "cand-eb5c0c9f",
      "cand-f7398180",
      "cand-b8e26ed1",
      "cand-97e78627",
      "cand-8cfb97d5",
      "cand-2c409867",
      "cand-990db2d3",
      "cand-d3505cb8",
      "cand-c99b76d2",
      "cand-49bf1eca",
      "cand-a32fd47a",
      "cand-60aab7fe",
      "cand-3f27c596",
      "cand-7d7ec144",
      "cand-dbed99a3",
      "cand-a5ddec79",
      "cand-f35eb742",
      "cand-df9c33cc",
      "cand-3bde95a6",
      "cand-5e145275"
    ],
    "recentProblemKinds": [
      "local_backtest_fail",
      "local_backtest_fail",
      "pine_preflight_fail",
      "local_backtest_fail",
      "local_backtest_fail"
    ],
    "recentRepairResults": [
      {
        "repairKind": "pine_source_repair",
        "result": "success",
        "repairedCandidateId": "cand-7d7ec144",
        "summary": "Applied deterministic time-boxed preflight repair after blocking sparse event-source issues."
      },
      {
        "repairKind": "pine_source_repair",
        "result": "success",
        "repairedCandidateId": "cand-faad06fe",
        "summary": "Applied deterministic time-boxed preflight repair after blocking sparse event-source issues."
      },
      {
        "repairKind": "risk_logic_repair",
        "result": "success",
        "repairedCandidateId": "cand-dbed99a3",
        "summary": "Requested risk_logic_repair after local_backtest_fail."
      },
      {
        "repairKind": "pine_source_repair",
        "result": "success",
        "repairedCandidateId": "cand-a5ddec79",
        "summary": "Applied deterministic time-boxed preflight repair after blocking sparse event-source issues."
      },
      {
        "repairKind": "entry_frequency_repair",
        "result": "success",
        "repairedCandidateId": "cand-df9c33cc",
        "summary": "Requested entry_frequency_repair after local_backtest_fail."
      }
    ],
    "scoreFeedbackObserved": true,
    "stage6Readiness": {
      "generatedAt": "2026-04-30T05:22:53.680Z",
      "evaluated": true,
      "passed": true,
      "mode": "deterministic",
      "countRequested": 10,
      "countCompleted": 10,
      "countFailed": 0,
      "activeChampionCandidateId": "cand-a64e2088",
      "freshBootstrapPassed": true,
      "multiIterationPassed": true,
      "rootIsolationPassed": true,
      "repairTraceabilityPassed": true,
      "calibrationQueuePassed": true,
      "scoreFeedbackPassed": true,
      "feedbackClosureRequired": false,
      "calibrationMode": "queue_only",
      "ledgerValidationPassed": true,
      "indexVerificationPassed": true,
      "rootIsolationStatus": {
        "status": "passed",
        "customStateRoot": "C:\\Users\\hanji\\AppData\\Local\\Temp\\af-stage6-state-YAZZ8Y",
        "defaultWorkspaceStateRoot": "C:\\Users\\hanji\\AppData\\Local\\Temp\\af-stage6-workspace-Nnkt1H\\state\\pi-autoresearch",
        "customContextExists": true,
        "defaultWorkspaceStateHasArtifacts": false
      },
      "repairTraceabilityStatus": {
        "status": "passed",
        "successfulRepairCount": 10,
        "successfulRepairsWithoutCandidateCount": 0
      },
      "feedbackClosureStatus": {
        "status": "passed",
        "required": false,
        "promptFeedbackObserved": true,
        "scoreBreakdownFeedbackObserved": false,
        "divergenceCount": 0,
        "confidenceUpdateCount": 0
      },
      "evidence": {
        "tempWorkspaceRoot": null,
        "tempStateRoot": null,
        "localEvaluationCount": 19,
        "headEventCount": 2,
        "archiveEventCount": 11,
        "calibrationEventCount": 2,
        "mutationBriefCount": 18,
        "problemEventCount": 18,
        "repairAttemptCount": 10,
        "deadlineBreachCount": 0
      },
      "warnings": []
    },
    "lastStage6GatePassed": true,
    "rootIsolationStatus": {
      "status": "passed",
      "customStateRoot": "C:\\Users\\hanji\\AppData\\Local\\Temp\\af-stage6-state-YAZZ8Y",
      "defaultWorkspaceStateRoot": "C:\\Users\\hanji\\AppData\\Local\\Temp\\af-stage6-workspace-Nnkt1H\\state\\pi-autoresearch",
      "customContextExists": true,
      "defaultWorkspaceStateHasArtifacts": false
    },
    "repairTraceabilityStatus": {
      "status": "passed",
      "successfulRepairCount": 10,
      "successfulRepairsWithoutCandidateCount": 0
    },
    "feedbackClosureStatus": {
      "status": "passed",
      "required": false,
      "promptFeedbackObserved": true,
      "scoreBreakdownFeedbackObserved": false,
      "divergenceCount": 0,
      "confidenceUpdateCount": 0
    },
    "nextPlannedAction": "local_compatibility_repair",
    "loopMode": "local-first",
    "defaultOperationalView": "v3_autonomous_local_first",
    "projectRoot": "C:\\Users\\hanji\\Desktop\\AF",
    "workspaceRoot": "C:\\Users\\hanji\\Desktop\\AF",
    "stateRoot": "C:\\Users\\hanji\\Desktop\\AF\\state\\pi-autoresearch",
    "traceRoot": "C:\\Users\\hanji\\Desktop\\AF\\state\\pi-autoresearch\\traces",
    "artifactRoot": "C:\\Users\\hanji\\Desktop\\AF\\state\\pi-autoresearch\\artifacts",
    "evidenceRoot": "C:\\Users\\hanji\\Desktop\\AF\\state\\pi-autoresearch\\evidence",
    "runtimeRoot": "C:\\Users\\hanji\\Desktop\\AF\\state\\pi-autoresearch\\runtime",
    "tvVerificationCount": 28,
    "tvHealth": "unavailable",
    "calibrationAutoProcess": false,
    "calibrationMode": "queue_only",
    "lastTvSurfaceFailure": {
      "candidateId": "cand-c6235b65",
      "decision": "tv_surface_failure",
      "iteration": 279,
      "tvCalibrationStatus": "surface_failure",
      "recordedAt": "2026-04-29T18:46:19.526Z"
    },
    "humanOverride": false
  },
  "verification": {
    "ok": true,
    "issues": []
  },
  "tracePath": "C:\\Users\\hanji\\Desktop\\AF\\state\\pi-autoresearch\\traces\\rebuild-indexes-2026-05-01T01-27-34-541Z-trace-917a348b.jsonl"
}
[2026-05-01T10:27:46.8055911+09:00] iteration 1: rebuild-indexes --verify exit=0
[2026-05-01T10:27:56.8164784+09:00] iteration 2: run-autonomous-loop start
??injected env (11) from .env // tip: ??enable debugging { debug: true }
[autonomous.loop.start] run-autonomous-loop | Starting autonomous local-first loop | 2026-05-01T01:27:57.062Z
[iteration.started] run-autonomous-loop | Starting autonomous iteration | 2026-05-01T01:27:57.063Z
[phase.started] run-autonomous-loop | Initializing autonomous workspace | 2026-05-01T01:27:57.074Z
[phase.completed] run-autonomous-loop | Initializing autonomous workspace | 2026-05-01T01:27:58.958Z
[phase.started] run-autonomous-loop | Generating autonomous mutation candidate | 2026-05-01T01:28:00.264Z
[autonomous.mutation.request] run-autonomous-loop | Sending autonomous mutation request | 2026-05-01T01:28:00.265Z
[phase.completed] run-autonomous-loop | Generating autonomous mutation candidate | 2026-05-01T01:30:05.020Z
[phase.started] run-autonomous-loop | Evaluating autonomous candidate locally | 2026-05-01T01:30:05.020Z
[autonomous.market_context_ready] run-autonomous-loop | Local-first market context is ready | 2026-05-01T01:30:05.028Z
[autonomous.local_evaluation] run-autonomous-loop | Local autonomous evaluation completed | 2026-05-01T01:30:05.105Z
[phase.completed] run-autonomous-loop | Evaluating autonomous candidate locally | 2026-05-01T01:30:05.131Z
[phase.started] run-autonomous-loop | Updating autonomous archive views | 2026-05-01T01:30:05.131Z
[phase.completed] run-autonomous-loop | Updating autonomous archive views | 2026-05-01T01:30:05.135Z
[phase.started] run-autonomous-loop | Queueing candidate for TradingView calibration | 2026-05-01T01:30:05.135Z
[phase.completed] run-autonomous-loop | Queueing candidate for TradingView calibration | 2026-05-01T01:30:05.139Z
[phase.started] run-autonomous-loop | Selecting active autonomous champion | 2026-05-01T01:30:06.183Z
[phase.completed] run-autonomous-loop | Selecting active autonomous champion | 2026-05-01T01:30:06.840Z
[phase.started] run-autonomous-loop | Rebuilding derived autonomous views | 2026-05-01T01:30:06.840Z
[phase.completed] run-autonomous-loop | Rebuilding derived autonomous views | 2026-05-01T01:30:08.971Z
[iteration.completed] run-autonomous-loop | Autonomous iteration completed | 2026-05-01T01:30:08.971Z
{
  "countRequested": 1,
  "countCompleted": 1,
  "countFailed": 0,
  "results": [
    {
      "runId": "autonomous-1777598877072",
      "iteration": 607,
      "candidateId": "cand-93924d92",
      "localDecision": "local_candidate_eligible",
      "activeChampionChanged": false,
      "activeChampionCandidateId": "cand-42ed2fa4"
    }
  ],
  "deadlineBreaches": [],
  "autonomousState": {
    "generatedAt": "2026-05-01T01:30:10.595Z",
    "activeChampionCandidateId": "cand-42ed2fa4",
    "activeChampionScore": 0.7879,
    "activeChampionDecision": "local_candidate_eligible",
    "championOrigin": "autonomous",
    "researchMaturity": "steady_state",
    "selectedBy": "auto_policy",
    "selectionPolicyVersion": "autonomous-local-first/v3-p0",
    "objectivePolicyVersion": "objective.qqq-120m/v1",
    "headEventCount": 2,
    "archiveEventCount": 298,
    "calibrationEventCount": 311,
    "calibrationCandidateCount": 283,
    "divergenceCount": 27,
    "localConfidenceUpdateCount": 27,
    "problemEventCount": 203,
    "repairAttemptCount": 102,
    "localEvaluationCount": 387,
    "localEligibleCount": 220,
    "bootstrapCompatibleCount": 0,
    "bootstrapEligibleCount": 0,
    "bootstrapStatus": "not_started",
    "bootstrapSource": null,
    "bootstrapReason": null,
    "localRejectedCount": 162,
    "topBlockingReason": "low_trade_count",
    "pendingCalibrationCandidateCount": 255,
    "pendingCalibrationCandidateIds": [
      "cand-0e6a0180",
      "cand-9f33e80b",
      "cand-772d8a1e",
      "cand-f28d2e01",
      "cand-9a5dbcc7",
      "cand-b01be933",
      "cand-0a692f84",
      "cand-4f8faae3",
      "cand-35a74bba",
      "cand-c6b25611",
      "cand-ccdae17b",
      "cand-b8102dcd",
      "cand-8a1fe27b",
      "cand-ebbdd6a9",
      "cand-80dfaaa1",
      "cand-03f30a70",
      "cand-2f290563",
      "cand-e76cded5",
      "cand-710d8bc6",
      "cand-dd7e63cf",
      "cand-949bf032",
      "cand-b14595e0",
      "cand-90dc4ec3",
      "cand-f1103886",
      "cand-77224b87",
      "cand-55f47b32",
      "cand-cb18c54a",
      "cand-8a1a7cf2",
      "cand-db12aa7d",
      "cand-eb3175fc",
      "cand-ce89005b",
      "cand-b333865d",
      "cand-14f5f8ff",
      "cand-87a7fa06",
      "cand-609d9f19",
      "cand-09a0ae17",
      "cand-fbb3fb78",
      "cand-7bff0c1a",
      "cand-6e976c42",
      "cand-eaf67b92",
      "cand-ea5075a8",
      "cand-c0d6f969",
      "cand-946579c0",
      "cand-1638111b",
      "cand-840b49c0",
      "cand-a1b63e8c",
      "cand-d3fa966c",
      "cand-af6ef21e",
      "cand-c5832df6",
      "cand-57321a8c",
      "cand-3004b0f8",
      "cand-00644032",
      "cand-6272ab0f",
      "cand-7b341ad0",
      "cand-5c90b0de",
      "cand-350b7e7b",
      "cand-05218055",
      "cand-6ebbd52a",
      "cand-9edd626e",
      "cand-5d685d8a",
      "cand-addb3d5a",
      "cand-1a03e904",
      "cand-935b6a7d",
      "cand-11e460d8",
      "cand-58484f09",
      "cand-c3549cdc",
      "cand-e000c048",
      "cand-5927e5ca",
      "cand-7ae4d6eb",
      "cand-bd3c959f",
      "cand-ad98c7fd",
      "cand-a3456179",
      "cand-fa19c7db",
      "cand-8211114e",
      "cand-737e8acc",
      "cand-9ae5abb8",
      "cand-f68c494c",
      "cand-0cb06744",
      "cand-c4540c5e",
      "cand-887ba798",
      "cand-334ff9ed",
      "cand-1e7bb092",
      "cand-940106ac",
      "cand-b1575fba",
      "cand-1c1cb560",
      "cand-2ba5ca56",
      "cand-4e158d7d",
      "cand-ee1867a5",
      "cand-ccf655ee",
      "cand-2f2f67f1",
      "cand-dd0d4883",
      "cand-9e390b78",
      "cand-2b509e63",
      "cand-a42bb737",
      "cand-ba65a405",
      "cand-95b5fcb4",
      "cand-c1decc14",
      "cand-fad40100",
      "cand-3d99c3c3",
      "cand-ed6ed300",
      "cand-36473405",
      "cand-32556840",
      "cand-056beb3f",
      "cand-fef34f1d",
      "cand-4e58abee",
      "cand-6c095f1d",
      "cand-72fdbd0a",
      "cand-1a73f98c",
      "cand-60e5fb9a",
      "cand-fbd6e1cd",
      "cand-6fa9e64c",
      "cand-b3ce6dfd",
      "cand-d7b18242",
      "cand-cddf1147",
      "cand-a2b17756",
      "cand-4106d658",
      "cand-bf2319b1",
      "cand-1be3a1ed",
      "cand-ec8276d1",
      "cand-66da2fad",
      "cand-10487d69",
      "cand-a0b082a6",
      "cand-e1c37158",
      "cand-3924bc09",
      "cand-c5a37a36",
      "cand-9f921b3b",
      "cand-976660f2",
      "cand-1fd659d1",
      "cand-1ebe3284",
      "cand-a05583cb",
      "cand-68e1f6c0",
      "cand-939bafa7",
      "cand-5dfb966e",
      "cand-ec9d7a77",
      "cand-c9bd8a69",
      "cand-cad467d1",
      "cand-30ca4ecf",
      "cand-274a3d78",
      "cand-8f6a1544",
      "cand-be21675f",
      "cand-17c07e8f",
      "cand-60166f81",
      "cand-8f82de94",
      "cand-42460886",
      "cand-9295e93d",
      "cand-5a54f71c",
      "cand-a12eacdf",
      "cand-5b236726",
      "cand-dbfe05b6",
      "cand-eb4f9103",
      "cand-294a8337",
      "cand-54d331f7",
      "cand-303f93be",
      "cand-64ceccd8",
      "cand-82301049",
      "cand-cb926322",
      "cand-9740ccd3",
      "cand-45f69d7a",
      "cand-8195e18c",
      "cand-9ad02865",
      "cand-b0561318",
      "cand-77645d5d",
      "cand-3913b48a",
      "cand-d8c529f0",
      "cand-3e0617a5",
      "cand-796b47d8",
      "cand-da5bc8a6",
      "cand-6385aa99",
      "cand-ce0fb6b8",
      "cand-f53efe87",
      "cand-541078ba",
      "cand-102cde43",
      "cand-99a518c8",
      "cand-45eae1ed",
      "cand-5fa9bbca",
      "cand-58a6bc67",
      "cand-e2e95d0b",
      "cand-e7d44996",
      "cand-4fd1f661",
      "cand-f8a32482",
      "cand-65221fbc",
      "cand-0dcbc429",
      "cand-7237f414",
      "cand-13ab4eb7",
      "cand-03a62626",
      "cand-74403bc5",
      "cand-08afa655",
      "cand-8fc0ffa2",
      "cand-6b8a91fa",
      "cand-6b160ae4",
      "cand-e4ab8440",
      "cand-292c094d",
      "cand-bf066e31",
      "cand-bf45bffc",
      "cand-33777180",
      "cand-67548c32",
      "cand-af1ed124",
      "cand-fd3f325b",
      "cand-e8320fab",
      "cand-51877b36",
      "cand-f80d7394",
      "cand-d2b04e0c",
      "cand-d865401d",
      "cand-c2337d4e",
      "cand-bd0f8191",
      "cand-2e68882f",
      "cand-94bc57ed",
      "cand-93a15ca5",
      "cand-197cf126",
      "cand-4e21422c",
      "cand-cc3ed2d8",
      "cand-ad84fefa",
      "cand-e3e4e13a",
      "cand-6d2901b8",
      "cand-c7985187",
      "cand-a3fa7fcf",
      "cand-2181b4f2",
      "cand-e803ef34",
      "cand-cc7eb308",
      "cand-8c710851",
      "cand-8045892e",
      "cand-17273829",
      "cand-e3d89e08",
      "cand-118d9dbb",
      "cand-1a318968",
      "cand-5665b571",
      "cand-80f55e73",
      "cand-74341bb6",
      "cand-6a470e0a",
      "cand-bac89ce5",
      "cand-9a0a92b6",
      "cand-91ef422b",
      "cand-63b039ec",
      "cand-5f4ecea5",
      "cand-eb5c0c9f",
      "cand-f7398180",
      "cand-b8e26ed1",
      "cand-97e78627",
      "cand-8cfb97d5",
      "cand-2c409867",
      "cand-990db2d3",
      "cand-d3505cb8",
      "cand-c99b76d2",
      "cand-49bf1eca",
      "cand-a32fd47a",
      "cand-60aab7fe",
      "cand-3f27c596",
      "cand-7d7ec144",
      "cand-dbed99a3",
      "cand-a5ddec79",
      "cand-f35eb742",
      "cand-df9c33cc",
      "cand-3bde95a6",
      "cand-5e145275",
      "cand-93924d92"
    ],
    "recentProblemKinds": [
      "local_backtest_fail",
      "local_backtest_fail",
      "pine_preflight_fail",
      "local_backtest_fail",
      "local_backtest_fail"
    ],
    "recentRepairResults": [
      {
        "repairKind": "pine_source_repair",
        "result": "success",
        "repairedCandidateId": "cand-7d7ec144",
        "summary": "Applied deterministic time-boxed preflight repair after blocking sparse event-source issues."
      },
      {
        "repairKind": "pine_source_repair",
        "result": "success",
        "repairedCandidateId": "cand-faad06fe",
        "summary": "Applied deterministic time-boxed preflight repair after blocking sparse event-source issues."
      },
      {
        "repairKind": "risk_logic_repair",
        "result": "success",
        "repairedCandidateId": "cand-dbed99a3",
        "summary": "Requested risk_logic_repair after local_backtest_fail."
      },
      {
        "repairKind": "pine_source_repair",
        "result": "success",
        "repairedCandidateId": "cand-a5ddec79",
        "summary": "Applied deterministic time-boxed preflight repair after blocking sparse event-source issues."
      },
      {
        "repairKind": "entry_frequency_repair",
        "result": "success",
        "repairedCandidateId": "cand-df9c33cc",
        "summary": "Requested entry_frequency_repair after local_backtest_fail."
      }
    ],
    "scoreFeedbackObserved": true,
    "stage6Readiness": {
      "generatedAt": "2026-04-30T05:22:53.680Z",
      "evaluated": true,
      "passed": true,
      "mode": "deterministic",
      "countRequested": 10,
      "countCompleted": 10,
      "countFailed": 0,
      "activeChampionCandidateId": "cand-a64e2088",
      "freshBootstrapPassed": true,
      "multiIterationPassed": true,
      "rootIsolationPassed": true,
      "repairTraceabilityPassed": true,
      "calibrationQueuePassed": true,
      "scoreFeedbackPassed": true,
      "feedbackClosureRequired": false,
      "calibrationMode": "queue_only",
      "ledgerValidationPassed": true,
      "indexVerificationPassed": true,
      "rootIsolationStatus": {
        "status": "passed",
        "customStateRoot": "C:\\Users\\hanji\\AppData\\Local\\Temp\\af-stage6-state-YAZZ8Y",
        "defaultWorkspaceStateRoot": "C:\\Users\\hanji\\AppData\\Local\\Temp\\af-stage6-workspace-Nnkt1H\\state\\pi-autoresearch",
        "customContextExists": true,
        "defaultWorkspaceStateHasArtifacts": false
      },
      "repairTraceabilityStatus": {
        "status": "passed",
        "successfulRepairCount": 10,
        "successfulRepairsWithoutCandidateCount": 0
      },
      "feedbackClosureStatus": {
        "status": "passed",
        "required": false,
        "promptFeedbackObserved": true,
        "scoreBreakdownFeedbackObserved": false,
        "divergenceCount": 0,
        "confidenceUpdateCount": 0
      },
      "evidence": {
        "tempWorkspaceRoot": null,
        "tempStateRoot": null,
        "localEvaluationCount": 19,
        "headEventCount": 2,
        "archiveEventCount": 11,
        "calibrationEventCount": 2,
        "mutationBriefCount": 18,
        "problemEventCount": 18,
        "repairAttemptCount": 10,
        "deadlineBreachCount": 0
      },
      "warnings": []
    },
    "lastStage6GatePassed": true,
    "rootIsolationStatus": {
      "status": "passed",
      "customStateRoot": "C:\\Users\\hanji\\AppData\\Local\\Temp\\af-stage6-state-YAZZ8Y",
      "defaultWorkspaceStateRoot": "C:\\Users\\hanji\\AppData\\Local\\Temp\\af-stage6-workspace-Nnkt1H\\state\\pi-autoresearch",
      "customContextExists": true,
      "defaultWorkspaceStateHasArtifacts": false
    },
    "repairTraceabilityStatus": {
      "status": "passed",
      "successfulRepairCount": 10,
      "successfulRepairsWithoutCandidateCount": 0
    },
    "feedbackClosureStatus": {
      "status": "passed",
      "required": false,
      "promptFeedbackObserved": true,
      "scoreBreakdownFeedbackObserved": false,
      "divergenceCount": 0,
      "confidenceUpdateCount": 0
    },
    "nextPlannedAction": "local_compatibility_repair",
    "loopMode": "local-first",
    "defaultOperationalView": "v3_autonomous_local_first",
    "projectRoot": "C:\\Users\\hanji\\Desktop\\AF",
    "workspaceRoot": "C:\\Users\\hanji\\Desktop\\AF",
    "stateRoot": "C:\\Users\\hanji\\Desktop\\AF\\state\\pi-autoresearch",
    "traceRoot": "C:\\Users\\hanji\\Desktop\\AF\\state\\pi-autoresearch\\traces",
    "artifactRoot": "C:\\Users\\hanji\\Desktop\\AF\\state\\pi-autoresearch\\artifacts",
    "evidenceRoot": "C:\\Users\\hanji\\Desktop\\AF\\state\\pi-autoresearch\\evidence",
    "runtimeRoot": "C:\\Users\\hanji\\Desktop\\AF\\state\\pi-autoresearch\\runtime",
    "tvVerificationCount": 28,
    "tvHealth": "unavailable",
    "calibrationAutoProcess": false,
    "calibrationMode": "queue_only",
    "lastTvSurfaceFailure": {
      "candidateId": "cand-c6235b65",
      "decision": "tv_surface_failure",
      "iteration": 279,
      "tvCalibrationStatus": "surface_failure",
      "recordedAt": "2026-04-29T18:46:19.526Z"
    },
    "humanOverride": false
  },
  "tracePath": "C:\\Users\\hanji\\Desktop\\AF\\state\\pi-autoresearch\\traces\\run-autonomous-loop-2026-05-01T01-27-57-061Z-trace-7f1bcfbc.jsonl"
}
[2026-05-01T10:30:11.3915965+09:00] iteration 2: run-autonomous-loop exit=0
[2026-05-01T10:30:11.3925986+09:00] iteration 2: validate-ledger start
??injected env (11) from .env // tip: ??multiple files { path: ['.env.local', '.env'] }
[ledger.validation] validate-ledger | Ledger validation completed | 2026-05-01T01:30:15.135Z
{
  "ok": true,
  "errorCount": 0,
  "warningCount": 6,
  "issues": [
    {
      "severity": "warning",
      "scope": "experiment-record-meta",
      "recordId": "cand-f918d6d8",
      "message": "recordHash does not match the serialized experiment record."
    },
    {
      "severity": "warning",
      "scope": "experiment-record-meta",
      "recordId": "cand-3f99a396",
      "message": "recordHash does not match the serialized experiment record."
    },
    {
      "severity": "warning",
      "scope": "experiment-record-meta",
      "recordId": "cand-93a71a19",
      "message": "recordHash does not match the serialized experiment record."
    },
    {
      "severity": "warning",
      "scope": "experiment-record-meta",
      "recordId": "cand-560e2d3b",
      "message": "recordHash does not match the serialized experiment record."
    },
    {
      "severity": "warning",
      "scope": "experiment-record-meta",
      "recordId": "cand-24b4021d",
      "message": "recordHash does not match the serialized experiment record."
    },
    {
      "severity": "warning",
      "scope": "candidate-dedup",
      "recordId": "bfee8f4eb7eabba2047b8b2270beef764a3942811cda8134d75c15c171c0c26a",
      "message": "Duplicate candidate source hash detected across ids: cand-2a5e6ffe, cand-51397d04, cand-9cbc4c5f, cand-a93778fa, cand-bbb67c15, cand-fdc1ae65"
    }
  ],
  "summary": {
    "experiments": 607,
    "candidates": 557,
    "taskBatches": 131
  },
  "stateRoot": "C:\\Users\\hanji\\Desktop\\AF\\state\\pi-autoresearch",
  "tracePath": "C:\\Users\\hanji\\Desktop\\AF\\state\\pi-autoresearch\\traces\\validate-ledger-2026-05-01T01-30-11-634Z-trace-d9ce75c3.jsonl"
}
[2026-05-01T10:30:15.2002329+09:00] iteration 2: validate-ledger exit=0
[2026-05-01T10:30:15.2012387+09:00] iteration 2: rebuild-indexes --verify start
??injected env (11) from .env // tip: ??encrypted .env [www.dotenvx.com]
[?몃뜳???ъ깮???쒖옉] ?몃뜳???ъ깮??| ?뚯깮 ?몃뜳?ㅻ? ?ъ깮?깊빀?덈떎. state: C:\Users\hanji\Desktop\AF\state\pi-autoresearch | 2026-05-01T01:30:17.397Z
[?몃뜳???ъ깮???꾨즺] ?몃뜳???ъ깮??| ?뚯깮 ?몃뜳???ъ깮?깆쓣 留덉낀?듬땲?? state: C:\Users\hanji\Desktop\AF\state\pi-autoresearch | 2026-05-01T01:30:28.058Z
{
  "rebuilt": true,
  "stateRoot": "C:\\Users\\hanji\\Desktop\\AF\\state\\pi-autoresearch",
  "autonomousState": {
    "generatedAt": "2026-05-01T01:30:21.101Z",
    "activeChampionCandidateId": "cand-42ed2fa4",
    "activeChampionScore": 0.7879,
    "activeChampionDecision": "local_candidate_eligible",
    "championOrigin": "autonomous",
    "researchMaturity": "steady_state",
    "selectedBy": "auto_policy",
    "selectionPolicyVersion": "autonomous-local-first/v3-p0",
    "objectivePolicyVersion": "objective.qqq-120m/v1",
    "headEventCount": 2,
    "archiveEventCount": 298,
    "calibrationEventCount": 311,
    "calibrationCandidateCount": 283,
    "divergenceCount": 27,
    "localConfidenceUpdateCount": 27,
    "problemEventCount": 203,
    "repairAttemptCount": 102,
    "localEvaluationCount": 387,
    "localEligibleCount": 220,
    "bootstrapCompatibleCount": 0,
    "bootstrapEligibleCount": 0,
    "bootstrapStatus": "not_started",
    "bootstrapSource": null,
    "bootstrapReason": null,
    "localRejectedCount": 162,
    "topBlockingReason": "low_trade_count",
    "pendingCalibrationCandidateCount": 255,
    "pendingCalibrationCandidateIds": [
      "cand-0e6a0180",
      "cand-9f33e80b",
      "cand-772d8a1e",
      "cand-f28d2e01",
      "cand-9a5dbcc7",
      "cand-b01be933",
      "cand-0a692f84",
      "cand-4f8faae3",
      "cand-35a74bba",
      "cand-c6b25611",
      "cand-ccdae17b",
      "cand-b8102dcd",
      "cand-8a1fe27b",
      "cand-ebbdd6a9",
      "cand-80dfaaa1",
      "cand-03f30a70",
      "cand-2f290563",
      "cand-e76cded5",
      "cand-710d8bc6",
      "cand-dd7e63cf",
      "cand-949bf032",
      "cand-b14595e0",
      "cand-90dc4ec3",
      "cand-f1103886",
      "cand-77224b87",
      "cand-55f47b32",
      "cand-cb18c54a",
      "cand-8a1a7cf2",
      "cand-db12aa7d",
      "cand-eb3175fc",
      "cand-ce89005b",
      "cand-b333865d",
      "cand-14f5f8ff",
      "cand-87a7fa06",
      "cand-609d9f19",
      "cand-09a0ae17",
      "cand-fbb3fb78",
      "cand-7bff0c1a",
      "cand-6e976c42",
      "cand-eaf67b92",
      "cand-ea5075a8",
      "cand-c0d6f969",
      "cand-946579c0",
      "cand-1638111b",
      "cand-840b49c0",
      "cand-a1b63e8c",
      "cand-d3fa966c",
      "cand-af6ef21e",
      "cand-c5832df6",
      "cand-57321a8c",
      "cand-3004b0f8",
      "cand-00644032",
      "cand-6272ab0f",
      "cand-7b341ad0",
      "cand-5c90b0de",
      "cand-350b7e7b",
      "cand-05218055",
      "cand-6ebbd52a",
      "cand-9edd626e",
      "cand-5d685d8a",
      "cand-addb3d5a",
      "cand-1a03e904",
      "cand-935b6a7d",
      "cand-11e460d8",
      "cand-58484f09",
      "cand-c3549cdc",
      "cand-e000c048",
      "cand-5927e5ca",
      "cand-7ae4d6eb",
      "cand-bd3c959f",
      "cand-ad98c7fd",
      "cand-a3456179",
      "cand-fa19c7db",
      "cand-8211114e",
      "cand-737e8acc",
      "cand-9ae5abb8",
      "cand-f68c494c",
      "cand-0cb06744",
      "cand-c4540c5e",
      "cand-887ba798",
      "cand-334ff9ed",
      "cand-1e7bb092",
      "cand-940106ac",
      "cand-b1575fba",
      "cand-1c1cb560",
      "cand-2ba5ca56",
      "cand-4e158d7d",
      "cand-ee1867a5",
      "cand-ccf655ee",
      "cand-2f2f67f1",
      "cand-dd0d4883",
      "cand-9e390b78",
      "cand-2b509e63",
      "cand-a42bb737",
      "cand-ba65a405",
      "cand-95b5fcb4",
      "cand-c1decc14",
      "cand-fad40100",
      "cand-3d99c3c3",
      "cand-ed6ed300",
      "cand-36473405",
      "cand-32556840",
      "cand-056beb3f",
      "cand-fef34f1d",
      "cand-4e58abee",
      "cand-6c095f1d",
      "cand-72fdbd0a",
      "cand-1a73f98c",
      "cand-60e5fb9a",
      "cand-fbd6e1cd",
      "cand-6fa9e64c",
      "cand-b3ce6dfd",
      "cand-d7b18242",
      "cand-cddf1147",
      "cand-a2b17756",
      "cand-4106d658",
      "cand-bf2319b1",
      "cand-1be3a1ed",
      "cand-ec8276d1",
      "cand-66da2fad",
      "cand-10487d69",
      "cand-a0b082a6",
      "cand-e1c37158",
      "cand-3924bc09",
      "cand-c5a37a36",
      "cand-9f921b3b",
      "cand-976660f2",
      "cand-1fd659d1",
      "cand-1ebe3284",
      "cand-a05583cb",
      "cand-68e1f6c0",
      "cand-939bafa7",
      "cand-5dfb966e",
      "cand-ec9d7a77",
      "cand-c9bd8a69",
      "cand-cad467d1",
      "cand-30ca4ecf",
      "cand-274a3d78",
      "cand-8f6a1544",
      "cand-be21675f",
      "cand-17c07e8f",
      "cand-60166f81",
      "cand-8f82de94",
      "cand-42460886",
      "cand-9295e93d",
      "cand-5a54f71c",
      "cand-a12eacdf",
      "cand-5b236726",
      "cand-dbfe05b6",
      "cand-eb4f9103",
      "cand-294a8337",
      "cand-54d331f7",
      "cand-303f93be",
      "cand-64ceccd8",
      "cand-82301049",
      "cand-cb926322",
      "cand-9740ccd3",
      "cand-45f69d7a",
      "cand-8195e18c",
      "cand-9ad02865",
      "cand-b0561318",
      "cand-77645d5d",
      "cand-3913b48a",
      "cand-d8c529f0",
      "cand-3e0617a5",
      "cand-796b47d8",
      "cand-da5bc8a6",
      "cand-6385aa99",
      "cand-ce0fb6b8",
      "cand-f53efe87",
      "cand-541078ba",
      "cand-102cde43",
      "cand-99a518c8",
      "cand-45eae1ed",
      "cand-5fa9bbca",
      "cand-58a6bc67",
      "cand-e2e95d0b",
      "cand-e7d44996",
      "cand-4fd1f661",
      "cand-f8a32482",
      "cand-65221fbc",
      "cand-0dcbc429",
      "cand-7237f414",
      "cand-13ab4eb7",
      "cand-03a62626",
      "cand-74403bc5",
      "cand-08afa655",
      "cand-8fc0ffa2",
      "cand-6b8a91fa",
      "cand-6b160ae4",
      "cand-e4ab8440",
      "cand-292c094d",
      "cand-bf066e31",
      "cand-bf45bffc",
      "cand-33777180",
      "cand-67548c32",
      "cand-af1ed124",
      "cand-fd3f325b",
      "cand-e8320fab",
      "cand-51877b36",
      "cand-f80d7394",
      "cand-d2b04e0c",
      "cand-d865401d",
      "cand-c2337d4e",
      "cand-bd0f8191",
      "cand-2e68882f",
      "cand-94bc57ed",
      "cand-93a15ca5",
      "cand-197cf126",
      "cand-4e21422c",
      "cand-cc3ed2d8",
      "cand-ad84fefa",
      "cand-e3e4e13a",
      "cand-6d2901b8",
      "cand-c7985187",
      "cand-a3fa7fcf",
      "cand-2181b4f2",
      "cand-e803ef34",
      "cand-cc7eb308",
      "cand-8c710851",
      "cand-8045892e",
      "cand-17273829",
      "cand-e3d89e08",
      "cand-118d9dbb",
      "cand-1a318968",
      "cand-5665b571",
      "cand-80f55e73",
      "cand-74341bb6",
      "cand-6a470e0a",
      "cand-bac89ce5",
      "cand-9a0a92b6",
      "cand-91ef422b",
      "cand-63b039ec",
      "cand-5f4ecea5",
      "cand-eb5c0c9f",
      "cand-f7398180",
      "cand-b8e26ed1",
      "cand-97e78627",
      "cand-8cfb97d5",
      "cand-2c409867",
      "cand-990db2d3",
      "cand-d3505cb8",
      "cand-c99b76d2",
      "cand-49bf1eca",
      "cand-a32fd47a",
      "cand-60aab7fe",
      "cand-3f27c596",
      "cand-7d7ec144",
      "cand-dbed99a3",
      "cand-a5ddec79",
      "cand-f35eb742",
      "cand-df9c33cc",
      "cand-3bde95a6",
      "cand-5e145275",
      "cand-93924d92"
    ],
    "recentProblemKinds": [
      "local_backtest_fail",
      "local_backtest_fail",
      "pine_preflight_fail",
      "local_backtest_fail",
      "local_backtest_fail"
    ],
    "recentRepairResults": [
      {
        "repairKind": "pine_source_repair",
        "result": "success",
        "repairedCandidateId": "cand-7d7ec144",
        "summary": "Applied deterministic time-boxed preflight repair after blocking sparse event-source issues."
      },
      {
        "repairKind": "pine_source_repair",
        "result": "success",
        "repairedCandidateId": "cand-faad06fe",
        "summary": "Applied deterministic time-boxed preflight repair after blocking sparse event-source issues."
      },
      {
        "repairKind": "risk_logic_repair",
        "result": "success",
        "repairedCandidateId": "cand-dbed99a3",
        "summary": "Requested risk_logic_repair after local_backtest_fail."
      },
      {
        "repairKind": "pine_source_repair",
        "result": "success",
        "repairedCandidateId": "cand-a5ddec79",
        "summary": "Applied deterministic time-boxed preflight repair after blocking sparse event-source issues."
      },
      {
        "repairKind": "entry_frequency_repair",
        "result": "success",
        "repairedCandidateId": "cand-df9c33cc",
        "summary": "Requested entry_frequency_repair after local_backtest_fail."
      }
    ],
    "scoreFeedbackObserved": true,
    "stage6Readiness": {
      "generatedAt": "2026-04-30T05:22:53.680Z",
      "evaluated": true,
      "passed": true,
      "mode": "deterministic",
      "countRequested": 10,
      "countCompleted": 10,
      "countFailed": 0,
      "activeChampionCandidateId": "cand-a64e2088",
      "freshBootstrapPassed": true,
      "multiIterationPassed": true,
      "rootIsolationPassed": true,
      "repairTraceabilityPassed": true,
      "calibrationQueuePassed": true,
      "scoreFeedbackPassed": true,
      "feedbackClosureRequired": false,
      "calibrationMode": "queue_only",
      "ledgerValidationPassed": true,
      "indexVerificationPassed": true,
      "rootIsolationStatus": {
        "status": "passed",
        "customStateRoot": "C:\\Users\\hanji\\AppData\\Local\\Temp\\af-stage6-state-YAZZ8Y",
        "defaultWorkspaceStateRoot": "C:\\Users\\hanji\\AppData\\Local\\Temp\\af-stage6-workspace-Nnkt1H\\state\\pi-autoresearch",
        "customContextExists": true,
        "defaultWorkspaceStateHasArtifacts": false
      },
      "repairTraceabilityStatus": {
        "status": "passed",
        "successfulRepairCount": 10,
        "successfulRepairsWithoutCandidateCount": 0
      },
      "feedbackClosureStatus": {
        "status": "passed",
        "required": false,
        "promptFeedbackObserved": true,
        "scoreBreakdownFeedbackObserved": false,
        "divergenceCount": 0,
        "confidenceUpdateCount": 0
      },
      "evidence": {
        "tempWorkspaceRoot": null,
        "tempStateRoot": null,
        "localEvaluationCount": 19,
        "headEventCount": 2,
        "archiveEventCount": 11,
        "calibrationEventCount": 2,
        "mutationBriefCount": 18,
        "problemEventCount": 18,
        "repairAttemptCount": 10,
        "deadlineBreachCount": 0
      },
      "warnings": []
    },
    "lastStage6GatePassed": true,
    "rootIsolationStatus": {
      "status": "passed",
      "customStateRoot": "C:\\Users\\hanji\\AppData\\Local\\Temp\\af-stage6-state-YAZZ8Y",
      "defaultWorkspaceStateRoot": "C:\\Users\\hanji\\AppData\\Local\\Temp\\af-stage6-workspace-Nnkt1H\\state\\pi-autoresearch",
      "customContextExists": true,
      "defaultWorkspaceStateHasArtifacts": false
    },
    "repairTraceabilityStatus": {
      "status": "passed",
      "successfulRepairCount": 10,
      "successfulRepairsWithoutCandidateCount": 0
    },
    "feedbackClosureStatus": {
      "status": "passed",
      "required": false,
      "promptFeedbackObserved": true,
      "scoreBreakdownFeedbackObserved": false,
      "divergenceCount": 0,
      "confidenceUpdateCount": 0
    },
    "nextPlannedAction": "local_compatibility_repair",
    "loopMode": "local-first",
    "defaultOperationalView": "v3_autonomous_local_first",
    "projectRoot": "C:\\Users\\hanji\\Desktop\\AF",
    "workspaceRoot": "C:\\Users\\hanji\\Desktop\\AF",
    "stateRoot": "C:\\Users\\hanji\\Desktop\\AF\\state\\pi-autoresearch",
    "traceRoot": "C:\\Users\\hanji\\Desktop\\AF\\state\\pi-autoresearch\\traces",
    "artifactRoot": "C:\\Users\\hanji\\Desktop\\AF\\state\\pi-autoresearch\\artifacts",
    "evidenceRoot": "C:\\Users\\hanji\\Desktop\\AF\\state\\pi-autoresearch\\evidence",
    "runtimeRoot": "C:\\Users\\hanji\\Desktop\\AF\\state\\pi-autoresearch\\runtime",
    "tvVerificationCount": 28,
    "tvHealth": "unavailable",
    "calibrationAutoProcess": false,
    "calibrationMode": "queue_only",
    "lastTvSurfaceFailure": {
      "candidateId": "cand-c6235b65",
      "decision": "tv_surface_failure",
      "iteration": 279,
      "tvCalibrationStatus": "surface_failure",
      "recordedAt": "2026-04-29T18:46:19.526Z"
    },
    "humanOverride": false
  },
  "verification": {
    "ok": true,
    "issues": []
  },
  "tracePath": "C:\\Users\\hanji\\Desktop\\AF\\state\\pi-autoresearch\\traces\\rebuild-indexes-2026-05-01T01-30-15-462Z-trace-58437193.jsonl"
}
[2026-05-01T10:30:28.2386776+09:00] iteration 2: rebuild-indexes --verify exit=0
[2026-05-01T10:30:38.2458986+09:00] iteration 3: run-autonomous-loop start
??injected env (11) from .env // tip: ??auth for agents [www.vestauth.com]
[autonomous.loop.start] run-autonomous-loop | Starting autonomous local-first loop | 2026-05-01T01:30:38.501Z
[iteration.started] run-autonomous-loop | Starting autonomous iteration | 2026-05-01T01:30:38.503Z
[phase.started] run-autonomous-loop | Initializing autonomous workspace | 2026-05-01T01:30:38.513Z
[phase.completed] run-autonomous-loop | Initializing autonomous workspace | 2026-05-01T01:30:40.460Z
[phase.started] run-autonomous-loop | Generating autonomous mutation candidate | 2026-05-01T01:30:41.795Z
[autonomous.mutation.request] run-autonomous-loop | Sending autonomous mutation request | 2026-05-01T01:30:41.796Z
[phase.completed] run-autonomous-loop | Generating autonomous mutation candidate | 2026-05-01T01:32:55.398Z
[phase.started] run-autonomous-loop | Evaluating autonomous candidate locally | 2026-05-01T01:32:55.398Z
[autonomous.market_context_ready] run-autonomous-loop | Local-first market context is ready | 2026-05-01T01:32:55.406Z
[autonomous.local_evaluation] run-autonomous-loop | Local autonomous evaluation completed | 2026-05-01T01:32:55.481Z
[phase.completed] run-autonomous-loop | Evaluating autonomous candidate locally | 2026-05-01T01:32:55.508Z
[phase.started] run-autonomous-loop | Updating autonomous archive views | 2026-05-01T01:32:55.510Z
[phase.completed] run-autonomous-loop | Updating autonomous archive views | 2026-05-01T01:32:55.514Z
[phase.started] run-autonomous-loop | Queueing candidate for TradingView calibration | 2026-05-01T01:32:55.514Z
[phase.completed] run-autonomous-loop | Queueing candidate for TradingView calibration | 2026-05-01T01:32:55.517Z
[phase.started] run-autonomous-loop | Selecting active autonomous champion | 2026-05-01T01:32:56.541Z
[phase.completed] run-autonomous-loop | Selecting active autonomous champion | 2026-05-01T01:32:57.129Z
[phase.started] run-autonomous-loop | Rebuilding derived autonomous views | 2026-05-01T01:32:57.130Z
[phase.completed] run-autonomous-loop | Rebuilding derived autonomous views | 2026-05-01T01:32:59.093Z
[iteration.completed] run-autonomous-loop | Autonomous iteration completed | 2026-05-01T01:32:59.094Z
{
  "countRequested": 1,
  "countCompleted": 1,
  "countFailed": 0,
  "results": [
    {
      "runId": "autonomous-1777599038512",
      "iteration": 608,
      "candidateId": "cand-de4d3ae4",
      "localDecision": "local_candidate_eligible",
      "activeChampionChanged": false,
      "activeChampionCandidateId": "cand-42ed2fa4"
    }
  ],
  "deadlineBreaches": [],
  "autonomousState": {
    "generatedAt": "2026-05-01T01:33:00.606Z",
    "activeChampionCandidateId": "cand-42ed2fa4",
    "activeChampionScore": 0.7879,
    "activeChampionDecision": "local_candidate_eligible",
    "championOrigin": "autonomous",
    "researchMaturity": "steady_state",
    "selectedBy": "auto_policy",
    "selectionPolicyVersion": "autonomous-local-first/v3-p0",
    "objectivePolicyVersion": "objective.qqq-120m/v1",
    "headEventCount": 2,
    "archiveEventCount": 299,
    "calibrationEventCount": 312,
    "calibrationCandidateCount": 284,
    "divergenceCount": 27,
    "localConfidenceUpdateCount": 27,
    "problemEventCount": 203,
    "repairAttemptCount": 102,
    "localEvaluationCount": 388,
    "localEligibleCount": 221,
    "bootstrapCompatibleCount": 0,
    "bootstrapEligibleCount": 0,
    "bootstrapStatus": "not_started",
    "bootstrapSource": null,
    "bootstrapReason": null,
    "localRejectedCount": 162,
    "topBlockingReason": "low_trade_count",
    "pendingCalibrationCandidateCount": 256,
    "pendingCalibrationCandidateIds": [
      "cand-0e6a0180",
      "cand-9f33e80b",
      "cand-772d8a1e",
      "cand-f28d2e01",
      "cand-9a5dbcc7",
      "cand-b01be933",
      "cand-0a692f84",
      "cand-4f8faae3",
      "cand-35a74bba",
      "cand-c6b25611",
      "cand-ccdae17b",
      "cand-b8102dcd",
      "cand-8a1fe27b",
      "cand-ebbdd6a9",
      "cand-80dfaaa1",
      "cand-03f30a70",
      "cand-2f290563",
      "cand-e76cded5",
      "cand-710d8bc6",
      "cand-dd7e63cf",
      "cand-949bf032",
      "cand-b14595e0",
      "cand-90dc4ec3",
      "cand-f1103886",
      "cand-77224b87",
      "cand-55f47b32",
      "cand-cb18c54a",
      "cand-8a1a7cf2",
      "cand-db12aa7d",
      "cand-eb3175fc",
      "cand-ce89005b",
      "cand-b333865d",
      "cand-14f5f8ff",
      "cand-87a7fa06",
      "cand-609d9f19",
      "cand-09a0ae17",
      "cand-fbb3fb78",
      "cand-7bff0c1a",
      "cand-6e976c42",
      "cand-eaf67b92",
      "cand-ea5075a8",
      "cand-c0d6f969",
      "cand-946579c0",
      "cand-1638111b",
      "cand-840b49c0",
      "cand-a1b63e8c",
      "cand-d3fa966c",
      "cand-af6ef21e",
      "cand-c5832df6",
      "cand-57321a8c",
      "cand-3004b0f8",
      "cand-00644032",
      "cand-6272ab0f",
      "cand-7b341ad0",
      "cand-5c90b0de",
      "cand-350b7e7b",
      "cand-05218055",
      "cand-6ebbd52a",
      "cand-9edd626e",
      "cand-5d685d8a",
      "cand-addb3d5a",
      "cand-1a03e904",
      "cand-935b6a7d",
      "cand-11e460d8",
      "cand-58484f09",
      "cand-c3549cdc",
      "cand-e000c048",
      "cand-5927e5ca",
      "cand-7ae4d6eb",
      "cand-bd3c959f",
      "cand-ad98c7fd",
      "cand-a3456179",
      "cand-fa19c7db",
      "cand-8211114e",
      "cand-737e8acc",
      "cand-9ae5abb8",
      "cand-f68c494c",
      "cand-0cb06744",
      "cand-c4540c5e",
      "cand-887ba798",
      "cand-334ff9ed",
      "cand-1e7bb092",
      "cand-940106ac",
      "cand-b1575fba",
      "cand-1c1cb560",
      "cand-2ba5ca56",
      "cand-4e158d7d",
      "cand-ee1867a5",
      "cand-ccf655ee",
      "cand-2f2f67f1",
      "cand-dd0d4883",
      "cand-9e390b78",
      "cand-2b509e63",
      "cand-a42bb737",
      "cand-ba65a405",
      "cand-95b5fcb4",
      "cand-c1decc14",
      "cand-fad40100",
      "cand-3d99c3c3",
      "cand-ed6ed300",
      "cand-36473405",
      "cand-32556840",
      "cand-056beb3f",
      "cand-fef34f1d",
      "cand-4e58abee",
      "cand-6c095f1d",
      "cand-72fdbd0a",
      "cand-1a73f98c",
      "cand-60e5fb9a",
      "cand-fbd6e1cd",
      "cand-6fa9e64c",
      "cand-b3ce6dfd",
      "cand-d7b18242",
      "cand-cddf1147",
      "cand-a2b17756",
      "cand-4106d658",
      "cand-bf2319b1",
      "cand-1be3a1ed",
      "cand-ec8276d1",
      "cand-66da2fad",
      "cand-10487d69",
      "cand-a0b082a6",
      "cand-e1c37158",
      "cand-3924bc09",
      "cand-c5a37a36",
      "cand-9f921b3b",
      "cand-976660f2",
      "cand-1fd659d1",
      "cand-1ebe3284",
      "cand-a05583cb",
      "cand-68e1f6c0",
      "cand-939bafa7",
      "cand-5dfb966e",
      "cand-ec9d7a77",
      "cand-c9bd8a69",
      "cand-cad467d1",
      "cand-30ca4ecf",
      "cand-274a3d78",
      "cand-8f6a1544",
      "cand-be21675f",
      "cand-17c07e8f",
      "cand-60166f81",
      "cand-8f82de94",
      "cand-42460886",
      "cand-9295e93d",
      "cand-5a54f71c",
      "cand-a12eacdf",
      "cand-5b236726",
      "cand-dbfe05b6",
      "cand-eb4f9103",
      "cand-294a8337",
      "cand-54d331f7",
      "cand-303f93be",
      "cand-64ceccd8",
      "cand-82301049",
      "cand-cb926322",
      "cand-9740ccd3",
      "cand-45f69d7a",
      "cand-8195e18c",
      "cand-9ad02865",
      "cand-b0561318",
      "cand-77645d5d",
      "cand-3913b48a",
      "cand-d8c529f0",
      "cand-3e0617a5",
      "cand-796b47d8",
      "cand-da5bc8a6",
      "cand-6385aa99",
      "cand-ce0fb6b8",
      "cand-f53efe87",
      "cand-541078ba",
      "cand-102cde43",
      "cand-99a518c8",
      "cand-45eae1ed",
      "cand-5fa9bbca",
      "cand-58a6bc67",
      "cand-e2e95d0b",
      "cand-e7d44996",
      "cand-4fd1f661",
      "cand-f8a32482",
      "cand-65221fbc",
      "cand-0dcbc429",
      "cand-7237f414",
      "cand-13ab4eb7",
      "cand-03a62626",
      "cand-74403bc5",
      "cand-08afa655",
      "cand-8fc0ffa2",
      "cand-6b8a91fa",
      "cand-6b160ae4",
      "cand-e4ab8440",
      "cand-292c094d",
      "cand-bf066e31",
      "cand-bf45bffc",
      "cand-33777180",
      "cand-67548c32",
      "cand-af1ed124",
      "cand-fd3f325b",
      "cand-e8320fab",
      "cand-51877b36",
      "cand-f80d7394",
      "cand-d2b04e0c",
      "cand-d865401d",
      "cand-c2337d4e",
      "cand-bd0f8191",
      "cand-2e68882f",
      "cand-94bc57ed",
      "cand-93a15ca5",
      "cand-197cf126",
      "cand-4e21422c",
      "cand-cc3ed2d8",
      "cand-ad84fefa",
      "cand-e3e4e13a",
      "cand-6d2901b8",
      "cand-c7985187",
      "cand-a3fa7fcf",
      "cand-2181b4f2",
      "cand-e803ef34",
      "cand-cc7eb308",
      "cand-8c710851",
      "cand-8045892e",
      "cand-17273829",
      "cand-e3d89e08",
      "cand-118d9dbb",
      "cand-1a318968",
      "cand-5665b571",
      "cand-80f55e73",
      "cand-74341bb6",
      "cand-6a470e0a",
      "cand-bac89ce5",
      "cand-9a0a92b6",
      "cand-91ef422b",
      "cand-63b039ec",
      "cand-5f4ecea5",
      "cand-eb5c0c9f",
      "cand-f7398180",
      "cand-b8e26ed1",
      "cand-97e78627",
      "cand-8cfb97d5",
      "cand-2c409867",
      "cand-990db2d3",
      "cand-d3505cb8",
      "cand-c99b76d2",
      "cand-49bf1eca",
      "cand-a32fd47a",
      "cand-60aab7fe",
      "cand-3f27c596",
      "cand-7d7ec144",
      "cand-dbed99a3",
      "cand-a5ddec79",
      "cand-f35eb742",
      "cand-df9c33cc",
      "cand-3bde95a6",
      "cand-5e145275",
      "cand-93924d92",
      "cand-de4d3ae4"
    ],
    "recentProblemKinds": [
      "local_backtest_fail",
      "local_backtest_fail",
      "pine_preflight_fail",
      "local_backtest_fail",
      "local_backtest_fail"
    ],
    "recentRepairResults": [
      {
        "repairKind": "pine_source_repair",
        "result": "success",
        "repairedCandidateId": "cand-7d7ec144",
        "summary": "Applied deterministic time-boxed preflight repair after blocking sparse event-source issues."
      },
      {
        "repairKind": "pine_source_repair",
        "result": "success",
        "repairedCandidateId": "cand-faad06fe",
        "summary": "Applied deterministic time-boxed preflight repair after blocking sparse event-source issues."
      },
      {
        "repairKind": "risk_logic_repair",
        "result": "success",
        "repairedCandidateId": "cand-dbed99a3",
        "summary": "Requested risk_logic_repair after local_backtest_fail."
      },
      {
        "repairKind": "pine_source_repair",
        "result": "success",
        "repairedCandidateId": "cand-a5ddec79",
        "summary": "Applied deterministic time-boxed preflight repair after blocking sparse event-source issues."
      },
      {
        "repairKind": "entry_frequency_repair",
        "result": "success",
        "repairedCandidateId": "cand-df9c33cc",
        "summary": "Requested entry_frequency_repair after local_backtest_fail."
      }
    ],
    "scoreFeedbackObserved": true,
    "stage6Readiness": {
      "generatedAt": "2026-04-30T05:22:53.680Z",
      "evaluated": true,
      "passed": true,
      "mode": "deterministic",
      "countRequested": 10,
      "countCompleted": 10,
      "countFailed": 0,
      "activeChampionCandidateId": "cand-a64e2088",
      "freshBootstrapPassed": true,
      "multiIterationPassed": true,
      "rootIsolationPassed": true,
      "repairTraceabilityPassed": true,
      "calibrationQueuePassed": true,
      "scoreFeedbackPassed": true,
      "feedbackClosureRequired": false,
      "calibrationMode": "queue_only",
      "ledgerValidationPassed": true,
      "indexVerificationPassed": true,
      "rootIsolationStatus": {
        "status": "passed",
        "customStateRoot": "C:\\Users\\hanji\\AppData\\Local\\Temp\\af-stage6-state-YAZZ8Y",
        "defaultWorkspaceStateRoot": "C:\\Users\\hanji\\AppData\\Local\\Temp\\af-stage6-workspace-Nnkt1H\\state\\pi-autoresearch",
        "customContextExists": true,
        "defaultWorkspaceStateHasArtifacts": false
      },
      "repairTraceabilityStatus": {
        "status": "passed",
        "successfulRepairCount": 10,
        "successfulRepairsWithoutCandidateCount": 0
      },
      "feedbackClosureStatus": {
        "status": "passed",
        "required": false,
        "promptFeedbackObserved": true,
        "scoreBreakdownFeedbackObserved": false,
        "divergenceCount": 0,
        "confidenceUpdateCount": 0
      },
      "evidence": {
        "tempWorkspaceRoot": null,
        "tempStateRoot": null,
        "localEvaluationCount": 19,
        "headEventCount": 2,
        "archiveEventCount": 11,
        "calibrationEventCount": 2,
        "mutationBriefCount": 18,
        "problemEventCount": 18,
        "repairAttemptCount": 10,
        "deadlineBreachCount": 0
      },
      "warnings": []
    },
    "lastStage6GatePassed": true,
    "rootIsolationStatus": {
      "status": "passed",
      "customStateRoot": "C:\\Users\\hanji\\AppData\\Local\\Temp\\af-stage6-state-YAZZ8Y",
      "defaultWorkspaceStateRoot": "C:\\Users\\hanji\\AppData\\Local\\Temp\\af-stage6-workspace-Nnkt1H\\state\\pi-autoresearch",
      "customContextExists": true,
      "defaultWorkspaceStateHasArtifacts": false
    },
    "repairTraceabilityStatus": {
      "status": "passed",
      "successfulRepairCount": 10,
      "successfulRepairsWithoutCandidateCount": 0
    },
    "feedbackClosureStatus": {
      "status": "passed",
      "required": false,
      "promptFeedbackObserved": true,
      "scoreBreakdownFeedbackObserved": false,
      "divergenceCount": 0,
      "confidenceUpdateCount": 0
    },
    "nextPlannedAction": "local_compatibility_repair",
    "loopMode": "local-first",
    "defaultOperationalView": "v3_autonomous_local_first",
    "projectRoot": "C:\\Users\\hanji\\Desktop\\AF",
    "workspaceRoot": "C:\\Users\\hanji\\Desktop\\AF",
    "stateRoot": "C:\\Users\\hanji\\Desktop\\AF\\state\\pi-autoresearch",
    "traceRoot": "C:\\Users\\hanji\\Desktop\\AF\\state\\pi-autoresearch\\traces",
    "artifactRoot": "C:\\Users\\hanji\\Desktop\\AF\\state\\pi-autoresearch\\artifacts",
    "evidenceRoot": "C:\\Users\\hanji\\Desktop\\AF\\state\\pi-autoresearch\\evidence",
    "runtimeRoot": "C:\\Users\\hanji\\Desktop\\AF\\state\\pi-autoresearch\\runtime",
    "tvVerificationCount": 28,
    "tvHealth": "unavailable",
    "calibrationAutoProcess": false,
    "calibrationMode": "queue_only",
    "lastTvSurfaceFailure": {
      "candidateId": "cand-c6235b65",
      "decision": "tv_surface_failure",
      "iteration": 279,
      "tvCalibrationStatus": "surface_failure",
      "recordedAt": "2026-04-29T18:46:19.526Z"
    },
    "humanOverride": false
  },
  "tracePath": "C:\\Users\\hanji\\Desktop\\AF\\state\\pi-autoresearch\\traces\\run-autonomous-loop-2026-05-01T01-30-38-501Z-trace-eb31de37.jsonl"
}
[2026-05-01T10:33:01.3174160+09:00] iteration 3: run-autonomous-loop exit=0
[2026-05-01T10:33:01.3180658+09:00] iteration 3: validate-ledger start
??injected env (11) from .env // tip: ??encrypted .env [www.dotenvx.com]
[ledger.validation] validate-ledger | Ledger validation completed | 2026-05-01T01:33:04.967Z
{
  "ok": true,
  "errorCount": 0,
  "warningCount": 6,
  "issues": [
    {
      "severity": "warning",
      "scope": "experiment-record-meta",
      "recordId": "cand-f918d6d8",
      "message": "recordHash does not match the serialized experiment record."
    },
    {
      "severity": "warning",
      "scope": "experiment-record-meta",
      "recordId": "cand-3f99a396",
      "message": "recordHash does not match the serialized experiment record."
    },
    {
      "severity": "warning",
      "scope": "experiment-record-meta",
      "recordId": "cand-93a71a19",
      "message": "recordHash does not match the serialized experiment record."
    },
    {
      "severity": "warning",
      "scope": "experiment-record-meta",
      "recordId": "cand-560e2d3b",
      "message": "recordHash does not match the serialized experiment record."
    },
    {
      "severity": "warning",
      "scope": "experiment-record-meta",
      "recordId": "cand-24b4021d",
      "message": "recordHash does not match the serialized experiment record."
    },
    {
      "severity": "warning",
      "scope": "candidate-dedup",
      "recordId": "bfee8f4eb7eabba2047b8b2270beef764a3942811cda8134d75c15c171c0c26a",
      "message": "Duplicate candidate source hash detected across ids: cand-2a5e6ffe, cand-51397d04, cand-9cbc4c5f, cand-a93778fa, cand-bbb67c15, cand-fdc1ae65"
    }
  ],
  "summary": {
    "experiments": 608,
    "candidates": 558,
    "taskBatches": 131
  },
  "stateRoot": "C:\\Users\\hanji\\Desktop\\AF\\state\\pi-autoresearch",
  "tracePath": "C:\\Users\\hanji\\Desktop\\AF\\state\\pi-autoresearch\\traces\\validate-ledger-2026-05-01T01-33-01-563Z-trace-48b86e10.jsonl"
}
[2026-05-01T10:33:05.0293915+09:00] iteration 3: validate-ledger exit=0
[2026-05-01T10:33:05.0301971+09:00] iteration 3: rebuild-indexes --verify start
??injected env (11) from .env // tip: ??multiple files { path: ['.env.local', '.env'] }
[?몃뜳???ъ깮???쒖옉] ?몃뜳???ъ깮??| ?뚯깮 ?몃뜳?ㅻ? ?ъ깮?깊빀?덈떎. state: C:\Users\hanji\Desktop\AF\state\pi-autoresearch | 2026-05-01T01:33:07.137Z
[?몃뜳???ъ깮???꾨즺] ?몃뜳???ъ깮??| ?뚯깮 ?몃뜳???ъ깮?깆쓣 留덉낀?듬땲?? state: C:\Users\hanji\Desktop\AF\state\pi-autoresearch | 2026-05-01T01:33:17.309Z
{
  "rebuilt": true,
  "stateRoot": "C:\\Users\\hanji\\Desktop\\AF\\state\\pi-autoresearch",
  "autonomousState": {
    "generatedAt": "2026-05-01T01:33:10.616Z",
    "activeChampionCandidateId": "cand-42ed2fa4",
    "activeChampionScore": 0.7879,
    "activeChampionDecision": "local_candidate_eligible",
    "championOrigin": "autonomous",
    "researchMaturity": "steady_state",
    "selectedBy": "auto_policy",
    "selectionPolicyVersion": "autonomous-local-first/v3-p0",
    "objectivePolicyVersion": "objective.qqq-120m/v1",
    "headEventCount": 2,
    "archiveEventCount": 299,
    "calibrationEventCount": 312,
    "calibrationCandidateCount": 284,
    "divergenceCount": 27,
    "localConfidenceUpdateCount": 27,
    "problemEventCount": 203,
    "repairAttemptCount": 102,
    "localEvaluationCount": 388,
    "localEligibleCount": 221,
    "bootstrapCompatibleCount": 0,
    "bootstrapEligibleCount": 0,
    "bootstrapStatus": "not_started",
    "bootstrapSource": null,
    "bootstrapReason": null,
    "localRejectedCount": 162,
    "topBlockingReason": "low_trade_count",
    "pendingCalibrationCandidateCount": 256,
    "pendingCalibrationCandidateIds": [
      "cand-0e6a0180",
      "cand-9f33e80b",
      "cand-772d8a1e",
      "cand-f28d2e01",
      "cand-9a5dbcc7",
      "cand-b01be933",
      "cand-0a692f84",
      "cand-4f8faae3",
      "cand-35a74bba",
      "cand-c6b25611",
      "cand-ccdae17b",
      "cand-b8102dcd",
      "cand-8a1fe27b",
      "cand-ebbdd6a9",
      "cand-80dfaaa1",
      "cand-03f30a70",
      "cand-2f290563",
      "cand-e76cded5",
      "cand-710d8bc6",
      "cand-dd7e63cf",
      "cand-949bf032",
      "cand-b14595e0",
      "cand-90dc4ec3",
      "cand-f1103886",
      "cand-77224b87",
      "cand-55f47b32",
      "cand-cb18c54a",
      "cand-8a1a7cf2",
      "cand-db12aa7d",
      "cand-eb3175fc",
      "cand-ce89005b",
      "cand-b333865d",
      "cand-14f5f8ff",
      "cand-87a7fa06",
      "cand-609d9f19",
      "cand-09a0ae17",
      "cand-fbb3fb78",
      "cand-7bff0c1a",
      "cand-6e976c42",
      "cand-eaf67b92",
      "cand-ea5075a8",
      "cand-c0d6f969",
      "cand-946579c0",
      "cand-1638111b",
      "cand-840b49c0",
      "cand-a1b63e8c",
      "cand-d3fa966c",
      "cand-af6ef21e",
      "cand-c5832df6",
      "cand-57321a8c",
      "cand-3004b0f8",
      "cand-00644032",
      "cand-6272ab0f",
      "cand-7b341ad0",
      "cand-5c90b0de",
      "cand-350b7e7b",
      "cand-05218055",
      "cand-6ebbd52a",
      "cand-9edd626e",
      "cand-5d685d8a",
      "cand-addb3d5a",
      "cand-1a03e904",
      "cand-935b6a7d",
      "cand-11e460d8",
      "cand-58484f09",
      "cand-c3549cdc",
      "cand-e000c048",
      "cand-5927e5ca",
      "cand-7ae4d6eb",
      "cand-bd3c959f",
      "cand-ad98c7fd",
      "cand-a3456179",
      "cand-fa19c7db",
      "cand-8211114e",
      "cand-737e8acc",
      "cand-9ae5abb8",
      "cand-f68c494c",
      "cand-0cb06744",
      "cand-c4540c5e",
      "cand-887ba798",
      "cand-334ff9ed",
      "cand-1e7bb092",
      "cand-940106ac",
      "cand-b1575fba",
      "cand-1c1cb560",
      "cand-2ba5ca56",
      "cand-4e158d7d",
      "cand-ee1867a5",
      "cand-ccf655ee",
      "cand-2f2f67f1",
      "cand-dd0d4883",
      "cand-9e390b78",
      "cand-2b509e63",
      "cand-a42bb737",
      "cand-ba65a405",
      "cand-95b5fcb4",
      "cand-c1decc14",
      "cand-fad40100",
      "cand-3d99c3c3",
      "cand-ed6ed300",
      "cand-36473405",
      "cand-32556840",
      "cand-056beb3f",
      "cand-fef34f1d",
      "cand-4e58abee",
      "cand-6c095f1d",
      "cand-72fdbd0a",
      "cand-1a73f98c",
      "cand-60e5fb9a",
      "cand-fbd6e1cd",
      "cand-6fa9e64c",
      "cand-b3ce6dfd",
      "cand-d7b18242",
      "cand-cddf1147",
      "cand-a2b17756",
      "cand-4106d658",
      "cand-bf2319b1",
      "cand-1be3a1ed",
      "cand-ec8276d1",
      "cand-66da2fad",
      "cand-10487d69",
      "cand-a0b082a6",
      "cand-e1c37158",
      "cand-3924bc09",
      "cand-c5a37a36",
      "cand-9f921b3b",
      "cand-976660f2",
      "cand-1fd659d1",
      "cand-1ebe3284",
      "cand-a05583cb",
      "cand-68e1f6c0",
      "cand-939bafa7",
      "cand-5dfb966e",
      "cand-ec9d7a77",
      "cand-c9bd8a69",
      "cand-cad467d1",
      "cand-30ca4ecf",
      "cand-274a3d78",
      "cand-8f6a1544",
      "cand-be21675f",
      "cand-17c07e8f",
      "cand-60166f81",
      "cand-8f82de94",
      "cand-42460886",
      "cand-9295e93d",
      "cand-5a54f71c",
      "cand-a12eacdf",
      "cand-5b236726",
      "cand-dbfe05b6",
      "cand-eb4f9103",
      "cand-294a8337",
      "cand-54d331f7",
      "cand-303f93be",
      "cand-64ceccd8",
      "cand-82301049",
      "cand-cb926322",
      "cand-9740ccd3",
      "cand-45f69d7a",
      "cand-8195e18c",
      "cand-9ad02865",
      "cand-b0561318",
      "cand-77645d5d",
      "cand-3913b48a",
      "cand-d8c529f0",
      "cand-3e0617a5",
      "cand-796b47d8",
      "cand-da5bc8a6",
      "cand-6385aa99",
      "cand-ce0fb6b8",
      "cand-f53efe87",
      "cand-541078ba",
      "cand-102cde43",
      "cand-99a518c8",
      "cand-45eae1ed",
      "cand-5fa9bbca",
      "cand-58a6bc67",
      "cand-e2e95d0b",
      "cand-e7d44996",
      "cand-4fd1f661",
      "cand-f8a32482",
      "cand-65221fbc",
      "cand-0dcbc429",
      "cand-7237f414",
      "cand-13ab4eb7",
      "cand-03a62626",
      "cand-74403bc5",
      "cand-08afa655",
      "cand-8fc0ffa2",
      "cand-6b8a91fa",
      "cand-6b160ae4",
      "cand-e4ab8440",
      "cand-292c094d",
      "cand-bf066e31",
      "cand-bf45bffc",
      "cand-33777180",
      "cand-67548c32",
      "cand-af1ed124",
      "cand-fd3f325b",
      "cand-e8320fab",
      "cand-51877b36",
      "cand-f80d7394",
      "cand-d2b04e0c",
      "cand-d865401d",
      "cand-c2337d4e",
      "cand-bd0f8191",
      "cand-2e68882f",
      "cand-94bc57ed",
      "cand-93a15ca5",
      "cand-197cf126",
      "cand-4e21422c",
      "cand-cc3ed2d8",
      "cand-ad84fefa",
      "cand-e3e4e13a",
      "cand-6d2901b8",
      "cand-c7985187",
      "cand-a3fa7fcf",
      "cand-2181b4f2",
      "cand-e803ef34",
      "cand-cc7eb308",
      "cand-8c710851",
      "cand-8045892e",
      "cand-17273829",
      "cand-e3d89e08",
      "cand-118d9dbb",
      "cand-1a318968",
      "cand-5665b571",
      "cand-80f55e73",
      "cand-74341bb6",
      "cand-6a470e0a",
      "cand-bac89ce5",
      "cand-9a0a92b6",
      "cand-91ef422b",
      "cand-63b039ec",
      "cand-5f4ecea5",
      "cand-eb5c0c9f",
      "cand-f7398180",
      "cand-b8e26ed1",
      "cand-97e78627",
      "cand-8cfb97d5",
      "cand-2c409867",
      "cand-990db2d3",
      "cand-d3505cb8",
      "cand-c99b76d2",
      "cand-49bf1eca",
      "cand-a32fd47a",
      "cand-60aab7fe",
      "cand-3f27c596",
      "cand-7d7ec144",
      "cand-dbed99a3",
      "cand-a5ddec79",
      "cand-f35eb742",
      "cand-df9c33cc",
      "cand-3bde95a6",
      "cand-5e145275",
      "cand-93924d92",
      "cand-de4d3ae4"
    ],
    "recentProblemKinds": [
      "local_backtest_fail",
      "local_backtest_fail",
      "pine_preflight_fail",
      "local_backtest_fail",
      "local_backtest_fail"
    ],
    "recentRepairResults": [
      {
        "repairKind": "pine_source_repair",
        "result": "success",
        "repairedCandidateId": "cand-7d7ec144",
        "summary": "Applied deterministic time-boxed preflight repair after blocking sparse event-source issues."
      },
      {
        "repairKind": "pine_source_repair",
        "result": "success",
        "repairedCandidateId": "cand-faad06fe",
        "summary": "Applied deterministic time-boxed preflight repair after blocking sparse event-source issues."
      },
      {
        "repairKind": "risk_logic_repair",
        "result": "success",
        "repairedCandidateId": "cand-dbed99a3",
        "summary": "Requested risk_logic_repair after local_backtest_fail."
      },
      {
        "repairKind": "pine_source_repair",
        "result": "success",
        "repairedCandidateId": "cand-a5ddec79",
        "summary": "Applied deterministic time-boxed preflight repair after blocking sparse event-source issues."
      },
      {
        "repairKind": "entry_frequency_repair",
        "result": "success",
        "repairedCandidateId": "cand-df9c33cc",
        "summary": "Requested entry_frequency_repair after local_backtest_fail."
      }
    ],
    "scoreFeedbackObserved": true,
    "stage6Readiness": {
      "generatedAt": "2026-04-30T05:22:53.680Z",
      "evaluated": true,
      "passed": true,
      "mode": "deterministic",
      "countRequested": 10,
      "countCompleted": 10,
      "countFailed": 0,
      "activeChampionCandidateId": "cand-a64e2088",
      "freshBootstrapPassed": true,
      "multiIterationPassed": true,
      "rootIsolationPassed": true,
      "repairTraceabilityPassed": true,
      "calibrationQueuePassed": true,
      "scoreFeedbackPassed": true,
      "feedbackClosureRequired": false,
      "calibrationMode": "queue_only",
      "ledgerValidationPassed": true,
      "indexVerificationPassed": true,
      "rootIsolationStatus": {
        "status": "passed",
        "customStateRoot": "C:\\Users\\hanji\\AppData\\Local\\Temp\\af-stage6-state-YAZZ8Y",
        "defaultWorkspaceStateRoot": "C:\\Users\\hanji\\AppData\\Local\\Temp\\af-stage6-workspace-Nnkt1H\\state\\pi-autoresearch",
        "customContextExists": true,
        "defaultWorkspaceStateHasArtifacts": false
      },
      "repairTraceabilityStatus": {
        "status": "passed",
        "successfulRepairCount": 10,
        "successfulRepairsWithoutCandidateCount": 0
      },
      "feedbackClosureStatus": {
        "status": "passed",
        "required": false,
        "promptFeedbackObserved": true,
        "scoreBreakdownFeedbackObserved": false,
        "divergenceCount": 0,
        "confidenceUpdateCount": 0
      },
      "evidence": {
        "tempWorkspaceRoot": null,
        "tempStateRoot": null,
        "localEvaluationCount": 19,
        "headEventCount": 2,
        "archiveEventCount": 11,
        "calibrationEventCount": 2,
        "mutationBriefCount": 18,
        "problemEventCount": 18,
        "repairAttemptCount": 10,
        "deadlineBreachCount": 0
      },
      "warnings": []
    },
    "lastStage6GatePassed": true,
    "rootIsolationStatus": {
      "status": "passed",
      "customStateRoot": "C:\\Users\\hanji\\AppData\\Local\\Temp\\af-stage6-state-YAZZ8Y",
      "defaultWorkspaceStateRoot": "C:\\Users\\hanji\\AppData\\Local\\Temp\\af-stage6-workspace-Nnkt1H\\state\\pi-autoresearch",
      "customContextExists": true,
      "defaultWorkspaceStateHasArtifacts": false
    },
    "repairTraceabilityStatus": {
      "status": "passed",
      "successfulRepairCount": 10,
      "successfulRepairsWithoutCandidateCount": 0
    },
    "feedbackClosureStatus": {
      "status": "passed",
      "required": false,
      "promptFeedbackObserved": true,
      "scoreBreakdownFeedbackObserved": false,
      "divergenceCount": 0,
      "confidenceUpdateCount": 0
    },
    "nextPlannedAction": "local_compatibility_repair",
    "loopMode": "local-first",
    "defaultOperationalView": "v3_autonomous_local_first",
    "projectRoot": "C:\\Users\\hanji\\Desktop\\AF",
    "workspaceRoot": "C:\\Users\\hanji\\Desktop\\AF",
    "stateRoot": "C:\\Users\\hanji\\Desktop\\AF\\state\\pi-autoresearch",
    "traceRoot": "C:\\Users\\hanji\\Desktop\\AF\\state\\pi-autoresearch\\traces",
    "artifactRoot": "C:\\Users\\hanji\\Desktop\\AF\\state\\pi-autoresearch\\artifacts",
    "evidenceRoot": "C:\\Users\\hanji\\Desktop\\AF\\state\\pi-autoresearch\\evidence",
    "runtimeRoot": "C:\\Users\\hanji\\Desktop\\AF\\state\\pi-autoresearch\\runtime",
    "tvVerificationCount": 28,
    "tvHealth": "unavailable",
    "calibrationAutoProcess": false,
    "calibrationMode": "queue_only",
    "lastTvSurfaceFailure": {
      "candidateId": "cand-c6235b65",
      "decision": "tv_surface_failure",
      "iteration": 279,
      "tvCalibrationStatus": "surface_failure",
      "recordedAt": "2026-04-29T18:46:19.526Z"
    },
    "humanOverride": false
  },
  "verification": {
    "ok": true,
    "issues": []
  },
  "tracePath": "C:\\Users\\hanji\\Desktop\\AF\\state\\pi-autoresearch\\traces\\rebuild-indexes-2026-05-01T01-33-05-258Z-trace-d7340506.jsonl"
}
[2026-05-01T10:33:17.4850114+09:00] iteration 3: rebuild-indexes --verify exit=0
[2026-05-01T10:33:27.4964741+09:00] iteration 4: run-autonomous-loop start
??injected env (11) from .env // tip: ??override existing { override: true }
[autonomous.loop.start] run-autonomous-loop | Starting autonomous local-first loop | 2026-05-01T01:33:27.751Z
[iteration.started] run-autonomous-loop | Starting autonomous iteration | 2026-05-01T01:33:27.753Z
[phase.started] run-autonomous-loop | Initializing autonomous workspace | 2026-05-01T01:33:27.764Z
[phase.completed] run-autonomous-loop | Initializing autonomous workspace | 2026-05-01T01:33:29.643Z
[phase.started] run-autonomous-loop | Generating autonomous mutation candidate | 2026-05-01T01:33:30.951Z
[autonomous.mutation.request] run-autonomous-loop | Sending autonomous mutation request | 2026-05-01T01:33:30.952Z
[phase.completed] run-autonomous-loop | Generating autonomous mutation candidate | 2026-05-01T01:35:34.622Z
[phase.started] run-autonomous-loop | Evaluating autonomous candidate locally | 2026-05-01T01:35:34.622Z
[autonomous.market_context_ready] run-autonomous-loop | Local-first market context is ready | 2026-05-01T01:35:34.629Z
[autonomous.local_evaluation] run-autonomous-loop | Local autonomous evaluation completed | 2026-05-01T01:35:34.707Z
[phase.completed] run-autonomous-loop | Evaluating autonomous candidate locally | 2026-05-01T01:35:34.736Z
[phase.started] run-autonomous-loop | Updating autonomous archive views | 2026-05-01T01:35:34.738Z
[phase.completed] run-autonomous-loop | Updating autonomous archive views | 2026-05-01T01:35:34.741Z
[phase.started] run-autonomous-loop | Queueing candidate for TradingView calibration | 2026-05-01T01:35:34.742Z
[phase.completed] run-autonomous-loop | Queueing candidate for TradingView calibration | 2026-05-01T01:35:34.745Z
[phase.started] run-autonomous-loop | Selecting active autonomous champion | 2026-05-01T01:35:35.781Z
[phase.completed] run-autonomous-loop | Selecting active autonomous champion | 2026-05-01T01:35:36.395Z
[phase.started] run-autonomous-loop | Rebuilding derived autonomous views | 2026-05-01T01:35:36.396Z
[phase.completed] run-autonomous-loop | Rebuilding derived autonomous views | 2026-05-01T01:35:38.415Z
[iteration.completed] run-autonomous-loop | Autonomous iteration completed | 2026-05-01T01:35:38.416Z
{
  "countRequested": 1,
  "countCompleted": 1,
  "countFailed": 0,
  "results": [
    {
      "runId": "autonomous-1777599207762",
      "iteration": 609,
      "candidateId": "cand-6f7e7135",
      "localDecision": "local_candidate_eligible",
      "activeChampionChanged": false,
      "activeChampionCandidateId": "cand-42ed2fa4"
    }
  ],
  "deadlineBreaches": [],
  "autonomousState": {
    "generatedAt": "2026-05-01T01:35:39.955Z",
    "activeChampionCandidateId": "cand-42ed2fa4",
    "activeChampionScore": 0.7879,
    "activeChampionDecision": "local_candidate_eligible",
    "championOrigin": "autonomous",
    "researchMaturity": "steady_state",
    "selectedBy": "auto_policy",
    "selectionPolicyVersion": "autonomous-local-first/v3-p0",
    "objectivePolicyVersion": "objective.qqq-120m/v1",
    "headEventCount": 2,
    "archiveEventCount": 300,
    "calibrationEventCount": 313,
    "calibrationCandidateCount": 285,
    "divergenceCount": 27,
    "localConfidenceUpdateCount": 27,
    "problemEventCount": 203,
    "repairAttemptCount": 102,
    "localEvaluationCount": 389,
    "localEligibleCount": 222,
    "bootstrapCompatibleCount": 0,
    "bootstrapEligibleCount": 0,
    "bootstrapStatus": "not_started",
    "bootstrapSource": null,
    "bootstrapReason": null,
    "localRejectedCount": 162,
    "topBlockingReason": "low_trade_count",
    "pendingCalibrationCandidateCount": 257,
    "pendingCalibrationCandidateIds": [
      "cand-0e6a0180",
      "cand-9f33e80b",
      "cand-772d8a1e",
      "cand-f28d2e01",
      "cand-9a5dbcc7",
      "cand-b01be933",
      "cand-0a692f84",
      "cand-4f8faae3",
      "cand-35a74bba",
      "cand-c6b25611",
      "cand-ccdae17b",
      "cand-b8102dcd",
      "cand-8a1fe27b",
      "cand-ebbdd6a9",
      "cand-80dfaaa1",
      "cand-03f30a70",
      "cand-2f290563",
      "cand-e76cded5",
      "cand-710d8bc6",
      "cand-dd7e63cf",
      "cand-949bf032",
      "cand-b14595e0",
      "cand-90dc4ec3",
      "cand-f1103886",
      "cand-77224b87",
      "cand-55f47b32",
      "cand-cb18c54a",
      "cand-8a1a7cf2",
      "cand-db12aa7d",
      "cand-eb3175fc",
      "cand-ce89005b",
      "cand-b333865d",
      "cand-14f5f8ff",
      "cand-87a7fa06",
      "cand-609d9f19",
      "cand-09a0ae17",
      "cand-fbb3fb78",
      "cand-7bff0c1a",
      "cand-6e976c42",
      "cand-eaf67b92",
      "cand-ea5075a8",
      "cand-c0d6f969",
      "cand-946579c0",
      "cand-1638111b",
      "cand-840b49c0",
      "cand-a1b63e8c",
      "cand-d3fa966c",
      "cand-af6ef21e",
      "cand-c5832df6",
      "cand-57321a8c",
      "cand-3004b0f8",
      "cand-00644032",
      "cand-6272ab0f",
      "cand-7b341ad0",
      "cand-5c90b0de",
      "cand-350b7e7b",
      "cand-05218055",
      "cand-6ebbd52a",
      "cand-9edd626e",
      "cand-5d685d8a",
      "cand-addb3d5a",
      "cand-1a03e904",
      "cand-935b6a7d",
      "cand-11e460d8",
      "cand-58484f09",
      "cand-c3549cdc",
      "cand-e000c048",
      "cand-5927e5ca",
      "cand-7ae4d6eb",
      "cand-bd3c959f",
      "cand-ad98c7fd",
      "cand-a3456179",
      "cand-fa19c7db",
      "cand-8211114e",
      "cand-737e8acc",
      "cand-9ae5abb8",
      "cand-f68c494c",
      "cand-0cb06744",
      "cand-c4540c5e",
      "cand-887ba798",
      "cand-334ff9ed",
      "cand-1e7bb092",
      "cand-940106ac",
      "cand-b1575fba",
      "cand-1c1cb560",
      "cand-2ba5ca56",
      "cand-4e158d7d",
      "cand-ee1867a5",
      "cand-ccf655ee",
      "cand-2f2f67f1",
      "cand-dd0d4883",
      "cand-9e390b78",
      "cand-2b509e63",
      "cand-a42bb737",
      "cand-ba65a405",
      "cand-95b5fcb4",
      "cand-c1decc14",
      "cand-fad40100",
      "cand-3d99c3c3",
      "cand-ed6ed300",
      "cand-36473405",
      "cand-32556840",
      "cand-056beb3f",
      "cand-fef34f1d",
      "cand-4e58abee",
      "cand-6c095f1d",
      "cand-72fdbd0a",
      "cand-1a73f98c",
      "cand-60e5fb9a",
      "cand-fbd6e1cd",
      "cand-6fa9e64c",
      "cand-b3ce6dfd",
      "cand-d7b18242",
      "cand-cddf1147",
      "cand-a2b17756",
      "cand-4106d658",
      "cand-bf2319b1",
      "cand-1be3a1ed",
      "cand-ec8276d1",
      "cand-66da2fad",
      "cand-10487d69",
      "cand-a0b082a6",
      "cand-e1c37158",
      "cand-3924bc09",
      "cand-c5a37a36",
      "cand-9f921b3b",
      "cand-976660f2",
      "cand-1fd659d1",
      "cand-1ebe3284",
      "cand-a05583cb",
      "cand-68e1f6c0",
      "cand-939bafa7",
      "cand-5dfb966e",
      "cand-ec9d7a77",
      "cand-c9bd8a69",
      "cand-cad467d1",
      "cand-30ca4ecf",
      "cand-274a3d78",
      "cand-8f6a1544",
      "cand-be21675f",
      "cand-17c07e8f",
      "cand-60166f81",
      "cand-8f82de94",
      "cand-42460886",
      "cand-9295e93d",
      "cand-5a54f71c",
      "cand-a12eacdf",
      "cand-5b236726",
      "cand-dbfe05b6",
      "cand-eb4f9103",
      "cand-294a8337",
      "cand-54d331f7",
      "cand-303f93be",
      "cand-64ceccd8",
      "cand-82301049",
      "cand-cb926322",
      "cand-9740ccd3",
      "cand-45f69d7a",
      "cand-8195e18c",
      "cand-9ad02865",
      "cand-b0561318",
      "cand-77645d5d",
      "cand-3913b48a",
      "cand-d8c529f0",
      "cand-3e0617a5",
      "cand-796b47d8",
      "cand-da5bc8a6",
      "cand-6385aa99",
      "cand-ce0fb6b8",
      "cand-f53efe87",
      "cand-541078ba",
      "cand-102cde43",
      "cand-99a518c8",
      "cand-45eae1ed",
      "cand-5fa9bbca",
      "cand-58a6bc67",
      "cand-e2e95d0b",
      "cand-e7d44996",
      "cand-4fd1f661",
      "cand-f8a32482",
      "cand-65221fbc",
      "cand-0dcbc429",
      "cand-7237f414",
      "cand-13ab4eb7",
      "cand-03a62626",
      "cand-74403bc5",
      "cand-08afa655",
      "cand-8fc0ffa2",
      "cand-6b8a91fa",
      "cand-6b160ae4",
      "cand-e4ab8440",
      "cand-292c094d",
      "cand-bf066e31",
      "cand-bf45bffc",
      "cand-33777180",
      "cand-67548c32",
      "cand-af1ed124",
      "cand-fd3f325b",
      "cand-e8320fab",
      "cand-51877b36",
      "cand-f80d7394",
      "cand-d2b04e0c",
      "cand-d865401d",
      "cand-c2337d4e",
      "cand-bd0f8191",
      "cand-2e68882f",
      "cand-94bc57ed",
      "cand-93a15ca5",
      "cand-197cf126",
      "cand-4e21422c",
      "cand-cc3ed2d8",
      "cand-ad84fefa",
      "cand-e3e4e13a",
      "cand-6d2901b8",
      "cand-c7985187",
      "cand-a3fa7fcf",
      "cand-2181b4f2",
      "cand-e803ef34",
      "cand-cc7eb308",
      "cand-8c710851",
      "cand-8045892e",
      "cand-17273829",
      "cand-e3d89e08",
      "cand-118d9dbb",
      "cand-1a318968",
      "cand-5665b571",
      "cand-80f55e73",
      "cand-74341bb6",
      "cand-6a470e0a",
      "cand-bac89ce5",
      "cand-9a0a92b6",
      "cand-91ef422b",
      "cand-63b039ec",
      "cand-5f4ecea5",
      "cand-eb5c0c9f",
      "cand-f7398180",
      "cand-b8e26ed1",
      "cand-97e78627",
      "cand-8cfb97d5",
      "cand-2c409867",
      "cand-990db2d3",
      "cand-d3505cb8",
      "cand-c99b76d2",
      "cand-49bf1eca",
      "cand-a32fd47a",
      "cand-60aab7fe",
      "cand-3f27c596",
      "cand-7d7ec144",
      "cand-dbed99a3",
      "cand-a5ddec79",
      "cand-f35eb742",
      "cand-df9c33cc",
      "cand-3bde95a6",
      "cand-5e145275",
      "cand-93924d92",
      "cand-de4d3ae4",
      "cand-6f7e7135"
    ],
    "recentProblemKinds": [
      "local_backtest_fail",
      "local_backtest_fail",
      "pine_preflight_fail",
      "local_backtest_fail",
      "local_backtest_fail"
    ],
    "recentRepairResults": [
      {
        "repairKind": "pine_source_repair",
        "result": "success",
        "repairedCandidateId": "cand-7d7ec144",
        "summary": "Applied deterministic time-boxed preflight repair after blocking sparse event-source issues."
      },
      {
        "repairKind": "pine_source_repair",
        "result": "success",
        "repairedCandidateId": "cand-faad06fe",
        "summary": "Applied deterministic time-boxed preflight repair after blocking sparse event-source issues."
      },
      {
        "repairKind": "risk_logic_repair",
        "result": "success",
        "repairedCandidateId": "cand-dbed99a3",
        "summary": "Requested risk_logic_repair after local_backtest_fail."
      },
      {
        "repairKind": "pine_source_repair",
        "result": "success",
        "repairedCandidateId": "cand-a5ddec79",
        "summary": "Applied deterministic time-boxed preflight repair after blocking sparse event-source issues."
      },
      {
        "repairKind": "entry_frequency_repair",
        "result": "success",
        "repairedCandidateId": "cand-df9c33cc",
        "summary": "Requested entry_frequency_repair after local_backtest_fail."
      }
    ],
    "scoreFeedbackObserved": true,
    "stage6Readiness": {
      "generatedAt": "2026-04-30T05:22:53.680Z",
      "evaluated": true,
      "passed": true,
      "mode": "deterministic",
      "countRequested": 10,
      "countCompleted": 10,
      "countFailed": 0,
      "activeChampionCandidateId": "cand-a64e2088",
      "freshBootstrapPassed": true,
      "multiIterationPassed": true,
      "rootIsolationPassed": true,
      "repairTraceabilityPassed": true,
      "calibrationQueuePassed": true,
      "scoreFeedbackPassed": true,
      "feedbackClosureRequired": false,
      "calibrationMode": "queue_only",
      "ledgerValidationPassed": true,
      "indexVerificationPassed": true,
      "rootIsolationStatus": {
        "status": "passed",
        "customStateRoot": "C:\\Users\\hanji\\AppData\\Local\\Temp\\af-stage6-state-YAZZ8Y",
        "defaultWorkspaceStateRoot": "C:\\Users\\hanji\\AppData\\Local\\Temp\\af-stage6-workspace-Nnkt1H\\state\\pi-autoresearch",
        "customContextExists": true,
        "defaultWorkspaceStateHasArtifacts": false
      },
      "repairTraceabilityStatus": {
        "status": "passed",
        "successfulRepairCount": 10,
        "successfulRepairsWithoutCandidateCount": 0
      },
      "feedbackClosureStatus": {
        "status": "passed",
        "required": false,
        "promptFeedbackObserved": true,
        "scoreBreakdownFeedbackObserved": false,
        "divergenceCount": 0,
        "confidenceUpdateCount": 0
      },
      "evidence": {
        "tempWorkspaceRoot": null,
        "tempStateRoot": null,
        "localEvaluationCount": 19,
        "headEventCount": 2,
        "archiveEventCount": 11,
        "calibrationEventCount": 2,
        "mutationBriefCount": 18,
        "problemEventCount": 18,
        "repairAttemptCount": 10,
        "deadlineBreachCount": 0
      },
      "warnings": []
    },
    "lastStage6GatePassed": true,
    "rootIsolationStatus": {
      "status": "passed",
      "customStateRoot": "C:\\Users\\hanji\\AppData\\Local\\Temp\\af-stage6-state-YAZZ8Y",
      "defaultWorkspaceStateRoot": "C:\\Users\\hanji\\AppData\\Local\\Temp\\af-stage6-workspace-Nnkt1H\\state\\pi-autoresearch",
      "customContextExists": true,
      "defaultWorkspaceStateHasArtifacts": false
    },
    "repairTraceabilityStatus": {
      "status": "passed",
      "successfulRepairCount": 10,
      "successfulRepairsWithoutCandidateCount": 0
    },
    "feedbackClosureStatus": {
      "status": "passed",
      "required": false,
      "promptFeedbackObserved": true,
      "scoreBreakdownFeedbackObserved": false,
      "divergenceCount": 0,
      "confidenceUpdateCount": 0
    },
    "nextPlannedAction": "local_compatibility_repair",
    "loopMode": "local-first",
    "defaultOperationalView": "v3_autonomous_local_first",
    "projectRoot": "C:\\Users\\hanji\\Desktop\\AF",
    "workspaceRoot": "C:\\Users\\hanji\\Desktop\\AF",
    "stateRoot": "C:\\Users\\hanji\\Desktop\\AF\\state\\pi-autoresearch",
    "traceRoot": "C:\\Users\\hanji\\Desktop\\AF\\state\\pi-autoresearch\\traces",
    "artifactRoot": "C:\\Users\\hanji\\Desktop\\AF\\state\\pi-autoresearch\\artifacts",
    "evidenceRoot": "C:\\Users\\hanji\\Desktop\\AF\\state\\pi-autoresearch\\evidence",
    "runtimeRoot": "C:\\Users\\hanji\\Desktop\\AF\\state\\pi-autoresearch\\runtime",
    "tvVerificationCount": 28,
    "tvHealth": "unavailable",
    "calibrationAutoProcess": false,
    "calibrationMode": "queue_only",
    "lastTvSurfaceFailure": {
      "candidateId": "cand-c6235b65",
      "decision": "tv_surface_failure",
      "iteration": 279,
      "tvCalibrationStatus": "surface_failure",
      "recordedAt": "2026-04-29T18:46:19.526Z"
    },
    "humanOverride": false
  },
  "tracePath": "C:\\Users\\hanji\\Desktop\\AF\\state\\pi-autoresearch\\traces\\run-autonomous-loop-2026-05-01T01-33-27-750Z-trace-cec12c29.jsonl"
}
[2026-05-01T10:35:40.6767434+09:00] iteration 4: run-autonomous-loop exit=0
[2026-05-01T10:35:40.6782471+09:00] iteration 4: validate-ledger start
??injected env (11) from .env // tip: ??override existing { override: true }
[ledger.validation] validate-ledger | Ledger validation completed | 2026-05-01T01:35:44.404Z
{
  "ok": true,
  "errorCount": 0,
  "warningCount": 6,
  "issues": [
    {
      "severity": "warning",
      "scope": "experiment-record-meta",
      "recordId": "cand-f918d6d8",
      "message": "recordHash does not match the serialized experiment record."
    },
    {
      "severity": "warning",
      "scope": "experiment-record-meta",
      "recordId": "cand-3f99a396",
      "message": "recordHash does not match the serialized experiment record."
    },
    {
      "severity": "warning",
      "scope": "experiment-record-meta",
      "recordId": "cand-93a71a19",
      "message": "recordHash does not match the serialized experiment record."
    },
    {
      "severity": "warning",
      "scope": "experiment-record-meta",
      "recordId": "cand-560e2d3b",
      "message": "recordHash does not match the serialized experiment record."
    },
    {
      "severity": "warning",
      "scope": "experiment-record-meta",
      "recordId": "cand-24b4021d",
      "message": "recordHash does not match the serialized experiment record."
    },
    {
      "severity": "warning",
      "scope": "candidate-dedup",
      "recordId": "bfee8f4eb7eabba2047b8b2270beef764a3942811cda8134d75c15c171c0c26a",
      "message": "Duplicate candidate source hash detected across ids: cand-2a5e6ffe, cand-51397d04, cand-9cbc4c5f, cand-a93778fa, cand-bbb67c15, cand-fdc1ae65"
    }
  ],
  "summary": {
    "experiments": 609,
    "candidates": 559,
    "taskBatches": 131
  },
  "stateRoot": "C:\\Users\\hanji\\Desktop\\AF\\state\\pi-autoresearch",
  "tracePath": "C:\\Users\\hanji\\Desktop\\AF\\state\\pi-autoresearch\\traces\\validate-ledger-2026-05-01T01-35-40-909Z-trace-04dc55f7.jsonl"
}
[2026-05-01T10:35:44.4676681+09:00] iteration 4: validate-ledger exit=0
[2026-05-01T10:35:44.4676681+09:00] iteration 4: rebuild-indexes --verify start
??injected env (11) from .env // tip: ??suppress logs { quiet: true }
[?몃뜳???ъ깮???쒖옉] ?몃뜳???ъ깮??| ?뚯깮 ?몃뜳?ㅻ? ?ъ깮?깊빀?덈떎. state: C:\Users\hanji\Desktop\AF\state\pi-autoresearch | 2026-05-01T01:35:46.651Z
[?몃뜳???ъ깮???꾨즺] ?몃뜳???ъ깮??| ?뚯깮 ?몃뜳???ъ깮?깆쓣 留덉낀?듬땲?? state: C:\Users\hanji\Desktop\AF\state\pi-autoresearch | 2026-05-01T01:35:56.997Z
{
  "rebuilt": true,
  "stateRoot": "C:\\Users\\hanji\\Desktop\\AF\\state\\pi-autoresearch",
  "autonomousState": {
    "generatedAt": "2026-05-01T01:35:50.257Z",
    "activeChampionCandidateId": "cand-42ed2fa4",
    "activeChampionScore": 0.7879,
    "activeChampionDecision": "local_candidate_eligible",
    "championOrigin": "autonomous",
    "researchMaturity": "steady_state",
    "selectedBy": "auto_policy",
    "selectionPolicyVersion": "autonomous-local-first/v3-p0",
    "objectivePolicyVersion": "objective.qqq-120m/v1",
    "headEventCount": 2,
    "archiveEventCount": 300,
    "calibrationEventCount": 313,
    "calibrationCandidateCount": 285,
    "divergenceCount": 27,
    "localConfidenceUpdateCount": 27,
    "problemEventCount": 203,
    "repairAttemptCount": 102,
    "localEvaluationCount": 389,
    "localEligibleCount": 222,
    "bootstrapCompatibleCount": 0,
    "bootstrapEligibleCount": 0,
    "bootstrapStatus": "not_started",
    "bootstrapSource": null,
    "bootstrapReason": null,
    "localRejectedCount": 162,
    "topBlockingReason": "low_trade_count",
    "pendingCalibrationCandidateCount": 257,
    "pendingCalibrationCandidateIds": [
      "cand-0e6a0180",
      "cand-9f33e80b",
      "cand-772d8a1e",
      "cand-f28d2e01",
      "cand-9a5dbcc7",
      "cand-b01be933",
      "cand-0a692f84",
      "cand-4f8faae3",
      "cand-35a74bba",
      "cand-c6b25611",
      "cand-ccdae17b",
      "cand-b8102dcd",
      "cand-8a1fe27b",
      "cand-ebbdd6a9",
      "cand-80dfaaa1",
      "cand-03f30a70",
      "cand-2f290563",
      "cand-e76cded5",
      "cand-710d8bc6",
      "cand-dd7e63cf",
      "cand-949bf032",
      "cand-b14595e0",
      "cand-90dc4ec3",
      "cand-f1103886",
      "cand-77224b87",
      "cand-55f47b32",
      "cand-cb18c54a",
      "cand-8a1a7cf2",
      "cand-db12aa7d",
      "cand-eb3175fc",
      "cand-ce89005b",
      "cand-b333865d",
      "cand-14f5f8ff",
      "cand-87a7fa06",
      "cand-609d9f19",
      "cand-09a0ae17",
      "cand-fbb3fb78",
      "cand-7bff0c1a",
      "cand-6e976c42",
      "cand-eaf67b92",
      "cand-ea5075a8",
      "cand-c0d6f969",
      "cand-946579c0",
      "cand-1638111b",
      "cand-840b49c0",
      "cand-a1b63e8c",
      "cand-d3fa966c",
      "cand-af6ef21e",
      "cand-c5832df6",
      "cand-57321a8c",
      "cand-3004b0f8",
      "cand-00644032",
      "cand-6272ab0f",
      "cand-7b341ad0",
      "cand-5c90b0de",
      "cand-350b7e7b",
      "cand-05218055",
      "cand-6ebbd52a",
      "cand-9edd626e",
      "cand-5d685d8a",
      "cand-addb3d5a",
      "cand-1a03e904",
      "cand-935b6a7d",
      "cand-11e460d8",
      "cand-58484f09",
      "cand-c3549cdc",
      "cand-e000c048",
      "cand-5927e5ca",
      "cand-7ae4d6eb",
      "cand-bd3c959f",
      "cand-ad98c7fd",
      "cand-a3456179",
      "cand-fa19c7db",
      "cand-8211114e",
      "cand-737e8acc",
      "cand-9ae5abb8",
      "cand-f68c494c",
      "cand-0cb06744",
      "cand-c4540c5e",
      "cand-887ba798",
      "cand-334ff9ed",
      "cand-1e7bb092",
      "cand-940106ac",
      "cand-b1575fba",
      "cand-1c1cb560",
      "cand-2ba5ca56",
      "cand-4e158d7d",
      "cand-ee1867a5",
      "cand-ccf655ee",
      "cand-2f2f67f1",
      "cand-dd0d4883",
      "cand-9e390b78",
      "cand-2b509e63",
      "cand-a42bb737",
      "cand-ba65a405",
      "cand-95b5fcb4",
      "cand-c1decc14",
      "cand-fad40100",
      "cand-3d99c3c3",
      "cand-ed6ed300",
      "cand-36473405",
      "cand-32556840",
      "cand-056beb3f",
      "cand-fef34f1d",
      "cand-4e58abee",
      "cand-6c095f1d",
      "cand-72fdbd0a",
      "cand-1a73f98c",
      "cand-60e5fb9a",
      "cand-fbd6e1cd",
      "cand-6fa9e64c",
      "cand-b3ce6dfd",
      "cand-d7b18242",
      "cand-cddf1147",
      "cand-a2b17756",
      "cand-4106d658",
      "cand-bf2319b1",
      "cand-1be3a1ed",
      "cand-ec8276d1",
      "cand-66da2fad",
      "cand-10487d69",
      "cand-a0b082a6",
      "cand-e1c37158",
      "cand-3924bc09",
      "cand-c5a37a36",
      "cand-9f921b3b",
      "cand-976660f2",
      "cand-1fd659d1",
      "cand-1ebe3284",
      "cand-a05583cb",
      "cand-68e1f6c0",
      "cand-939bafa7",
      "cand-5dfb966e",
      "cand-ec9d7a77",
      "cand-c9bd8a69",
      "cand-cad467d1",
      "cand-30ca4ecf",
      "cand-274a3d78",
      "cand-8f6a1544",
      "cand-be21675f",
      "cand-17c07e8f",
      "cand-60166f81",
      "cand-8f82de94",
      "cand-42460886",
      "cand-9295e93d",
      "cand-5a54f71c",
      "cand-a12eacdf",
      "cand-5b236726",
      "cand-dbfe05b6",
      "cand-eb4f9103",
      "cand-294a8337",
      "cand-54d331f7",
      "cand-303f93be",
      "cand-64ceccd8",
      "cand-82301049",
      "cand-cb926322",
      "cand-9740ccd3",
      "cand-45f69d7a",
      "cand-8195e18c",
      "cand-9ad02865",
      "cand-b0561318",
      "cand-77645d5d",
      "cand-3913b48a",
      "cand-d8c529f0",
      "cand-3e0617a5",
      "cand-796b47d8",
      "cand-da5bc8a6",
      "cand-6385aa99",
      "cand-ce0fb6b8",
      "cand-f53efe87",
      "cand-541078ba",
      "cand-102cde43",
      "cand-99a518c8",
      "cand-45eae1ed",
      "cand-5fa9bbca",
      "cand-58a6bc67",
      "cand-e2e95d0b",
      "cand-e7d44996",
      "cand-4fd1f661",
      "cand-f8a32482",
      "cand-65221fbc",
      "cand-0dcbc429",
      "cand-7237f414",
      "cand-13ab4eb7",
      "cand-03a62626",
      "cand-74403bc5",
      "cand-08afa655",
      "cand-8fc0ffa2",
      "cand-6b8a91fa",
      "cand-6b160ae4",
      "cand-e4ab8440",
      "cand-292c094d",
      "cand-bf066e31",
      "cand-bf45bffc",
      "cand-33777180",
      "cand-67548c32",
      "cand-af1ed124",
      "cand-fd3f325b",
      "cand-e8320fab",
      "cand-51877b36",
      "cand-f80d7394",
      "cand-d2b04e0c",
      "cand-d865401d",
      "cand-c2337d4e",
      "cand-bd0f8191",
      "cand-2e68882f",
      "cand-94bc57ed",
      "cand-93a15ca5",
      "cand-197cf126",
      "cand-4e21422c",
      "cand-cc3ed2d8",
      "cand-ad84fefa",
      "cand-e3e4e13a",
      "cand-6d2901b8",
      "cand-c7985187",
      "cand-a3fa7fcf",
      "cand-2181b4f2",
      "cand-e803ef34",
      "cand-cc7eb308",
      "cand-8c710851",
      "cand-8045892e",
      "cand-17273829",
      "cand-e3d89e08",
      "cand-118d9dbb",
      "cand-1a318968",
      "cand-5665b571",
      "cand-80f55e73",
      "cand-74341bb6",
      "cand-6a470e0a",
      "cand-bac89ce5",
      "cand-9a0a92b6",
      "cand-91ef422b",
      "cand-63b039ec",
      "cand-5f4ecea5",
      "cand-eb5c0c9f",
      "cand-f7398180",
      "cand-b8e26ed1",
      "cand-97e78627",
      "cand-8cfb97d5",
      "cand-2c409867",
      "cand-990db2d3",
      "cand-d3505cb8",
      "cand-c99b76d2",
      "cand-49bf1eca",
      "cand-a32fd47a",
      "cand-60aab7fe",
      "cand-3f27c596",
      "cand-7d7ec144",
      "cand-dbed99a3",
      "cand-a5ddec79",
      "cand-f35eb742",
      "cand-df9c33cc",
      "cand-3bde95a6",
      "cand-5e145275",
      "cand-93924d92",
      "cand-de4d3ae4",
      "cand-6f7e7135"
    ],
    "recentProblemKinds": [
      "local_backtest_fail",
      "local_backtest_fail",
      "pine_preflight_fail",
      "local_backtest_fail",
      "local_backtest_fail"
    ],
    "recentRepairResults": [
      {
        "repairKind": "pine_source_repair",
        "result": "success",
        "repairedCandidateId": "cand-7d7ec144",
        "summary": "Applied deterministic time-boxed preflight repair after blocking sparse event-source issues."
      },
      {
        "repairKind": "pine_source_repair",
        "result": "success",
        "repairedCandidateId": "cand-faad06fe",
        "summary": "Applied deterministic time-boxed preflight repair after blocking sparse event-source issues."
      },
      {
        "repairKind": "risk_logic_repair",
        "result": "success",
        "repairedCandidateId": "cand-dbed99a3",
        "summary": "Requested risk_logic_repair after local_backtest_fail."
      },
      {
        "repairKind": "pine_source_repair",
        "result": "success",
        "repairedCandidateId": "cand-a5ddec79",
        "summary": "Applied deterministic time-boxed preflight repair after blocking sparse event-source issues."
      },
      {
        "repairKind": "entry_frequency_repair",
        "result": "success",
        "repairedCandidateId": "cand-df9c33cc",
        "summary": "Requested entry_frequency_repair after local_backtest_fail."
      }
    ],
    "scoreFeedbackObserved": true,
    "stage6Readiness": {
      "generatedAt": "2026-04-30T05:22:53.680Z",
      "evaluated": true,
      "passed": true,
      "mode": "deterministic",
      "countRequested": 10,
      "countCompleted": 10,
      "countFailed": 0,
      "activeChampionCandidateId": "cand-a64e2088",
      "freshBootstrapPassed": true,
      "multiIterationPassed": true,
      "rootIsolationPassed": true,
      "repairTraceabilityPassed": true,
      "calibrationQueuePassed": true,
      "scoreFeedbackPassed": true,
      "feedbackClosureRequired": false,
      "calibrationMode": "queue_only",
      "ledgerValidationPassed": true,
      "indexVerificationPassed": true,
      "rootIsolationStatus": {
        "status": "passed",
        "customStateRoot": "C:\\Users\\hanji\\AppData\\Local\\Temp\\af-stage6-state-YAZZ8Y",
        "defaultWorkspaceStateRoot": "C:\\Users\\hanji\\AppData\\Local\\Temp\\af-stage6-workspace-Nnkt1H\\state\\pi-autoresearch",
        "customContextExists": true,
        "defaultWorkspaceStateHasArtifacts": false
      },
      "repairTraceabilityStatus": {
        "status": "passed",
        "successfulRepairCount": 10,
        "successfulRepairsWithoutCandidateCount": 0
      },
      "feedbackClosureStatus": {
        "status": "passed",
        "required": false,
        "promptFeedbackObserved": true,
        "scoreBreakdownFeedbackObserved": false,
        "divergenceCount": 0,
        "confidenceUpdateCount": 0
      },
      "evidence": {
        "tempWorkspaceRoot": null,
        "tempStateRoot": null,
        "localEvaluationCount": 19,
        "headEventCount": 2,
        "archiveEventCount": 11,
        "calibrationEventCount": 2,
        "mutationBriefCount": 18,
        "problemEventCount": 18,
        "repairAttemptCount": 10,
        "deadlineBreachCount": 0
      },
      "warnings": []
    },
    "lastStage6GatePassed": true,
    "rootIsolationStatus": {
      "status": "passed",
      "customStateRoot": "C:\\Users\\hanji\\AppData\\Local\\Temp\\af-stage6-state-YAZZ8Y",
      "defaultWorkspaceStateRoot": "C:\\Users\\hanji\\AppData\\Local\\Temp\\af-stage6-workspace-Nnkt1H\\state\\pi-autoresearch",
      "customContextExists": true,
      "defaultWorkspaceStateHasArtifacts": false
    },
    "repairTraceabilityStatus": {
      "status": "passed",
      "successfulRepairCount": 10,
      "successfulRepairsWithoutCandidateCount": 0
    },
    "feedbackClosureStatus": {
      "status": "passed",
      "required": false,
      "promptFeedbackObserved": true,
      "scoreBreakdownFeedbackObserved": false,
      "divergenceCount": 0,
      "confidenceUpdateCount": 0
    },
    "nextPlannedAction": "local_compatibility_repair",
    "loopMode": "local-first",
    "defaultOperationalView": "v3_autonomous_local_first",
    "projectRoot": "C:\\Users\\hanji\\Desktop\\AF",
    "workspaceRoot": "C:\\Users\\hanji\\Desktop\\AF",
    "stateRoot": "C:\\Users\\hanji\\Desktop\\AF\\state\\pi-autoresearch",
    "traceRoot": "C:\\Users\\hanji\\Desktop\\AF\\state\\pi-autoresearch\\traces",
    "artifactRoot": "C:\\Users\\hanji\\Desktop\\AF\\state\\pi-autoresearch\\artifacts",
    "evidenceRoot": "C:\\Users\\hanji\\Desktop\\AF\\state\\pi-autoresearch\\evidence",
    "runtimeRoot": "C:\\Users\\hanji\\Desktop\\AF\\state\\pi-autoresearch\\runtime",
    "tvVerificationCount": 28,
    "tvHealth": "unavailable",
    "calibrationAutoProcess": false,
    "calibrationMode": "queue_only",
    "lastTvSurfaceFailure": {
      "candidateId": "cand-c6235b65",
      "decision": "tv_surface_failure",
      "iteration": 279,
      "tvCalibrationStatus": "surface_failure",
      "recordedAt": "2026-04-29T18:46:19.526Z"
    },
    "humanOverride": false
  },
  "verification": {
    "ok": true,
    "issues": []
  },
  "tracePath": "C:\\Users\\hanji\\Desktop\\AF\\state\\pi-autoresearch\\traces\\rebuild-indexes-2026-05-01T01-35-44-701Z-trace-4e9fcc6e.jsonl"
}
[2026-05-01T10:35:57.1760266+09:00] iteration 4: rebuild-indexes --verify exit=0
[2026-05-01T10:36:07.1828069+09:00] iteration 5: run-autonomous-loop start
??injected env (11) from .env // tip: ??override existing { override: true }
[autonomous.loop.start] run-autonomous-loop | Starting autonomous local-first loop | 2026-05-01T01:36:07.440Z
[iteration.started] run-autonomous-loop | Starting autonomous iteration | 2026-05-01T01:36:07.442Z
[phase.started] run-autonomous-loop | Initializing autonomous workspace | 2026-05-01T01:36:07.452Z
[phase.completed] run-autonomous-loop | Initializing autonomous workspace | 2026-05-01T01:36:09.363Z
[phase.started] run-autonomous-loop | Generating autonomous mutation candidate | 2026-05-01T01:36:10.691Z
[autonomous.mutation.request] run-autonomous-loop | Sending autonomous mutation request | 2026-05-01T01:36:10.692Z
[phase.completed] run-autonomous-loop | Generating autonomous mutation candidate | 2026-05-01T01:38:19.790Z
[phase.started] run-autonomous-loop | Evaluating autonomous candidate locally | 2026-05-01T01:38:19.790Z
[autonomous.market_context_ready] run-autonomous-loop | Local-first market context is ready | 2026-05-01T01:38:19.798Z
[autonomous.local_evaluation] run-autonomous-loop | Local autonomous evaluation completed | 2026-05-01T01:38:19.871Z
[phase.completed] run-autonomous-loop | Evaluating autonomous candidate locally | 2026-05-01T01:38:19.892Z
[phase.started] run-autonomous-loop | Updating autonomous archive views | 2026-05-01T01:38:19.893Z
[phase.completed] run-autonomous-loop | Updating autonomous archive views | 2026-05-01T01:38:19.897Z
[phase.started] run-autonomous-loop | Queueing candidate for TradingView calibration | 2026-05-01T01:38:19.897Z
[phase.completed] run-autonomous-loop | Queueing candidate for TradingView calibration | 2026-05-01T01:38:19.900Z
[phase.started] run-autonomous-loop | Selecting active autonomous champion | 2026-05-01T01:38:20.955Z
[phase.completed] run-autonomous-loop | Selecting active autonomous champion | 2026-05-01T01:38:21.563Z
[phase.started] run-autonomous-loop | Rebuilding derived autonomous views | 2026-05-01T01:38:21.564Z
[phase.completed] run-autonomous-loop | Rebuilding derived autonomous views | 2026-05-01T01:38:23.582Z
[iteration.completed] run-autonomous-loop | Autonomous iteration completed | 2026-05-01T01:38:23.582Z
{
  "countRequested": 1,
  "countCompleted": 1,
  "countFailed": 0,
  "results": [
    {
      "runId": "autonomous-1777599367451",
      "iteration": 610,
      "candidateId": "cand-8c77c5e2",
      "localDecision": "local_candidate_eligible",
      "activeChampionChanged": false,
      "activeChampionCandidateId": "cand-42ed2fa4"
    }
  ],
  "deadlineBreaches": [],
  "autonomousState": {
    "generatedAt": "2026-05-01T01:38:25.145Z",
    "activeChampionCandidateId": "cand-42ed2fa4",
    "activeChampionScore": 0.7879,
    "activeChampionDecision": "local_candidate_eligible",
    "championOrigin": "autonomous",
    "researchMaturity": "steady_state",
    "selectedBy": "auto_policy",
    "selectionPolicyVersion": "autonomous-local-first/v3-p0",
    "objectivePolicyVersion": "objective.qqq-120m/v1",
    "headEventCount": 2,
    "archiveEventCount": 301,
    "calibrationEventCount": 314,
    "calibrationCandidateCount": 286,
    "divergenceCount": 27,
    "localConfidenceUpdateCount": 27,
    "problemEventCount": 203,
    "repairAttemptCount": 102,
    "localEvaluationCount": 390,
    "localEligibleCount": 223,
    "bootstrapCompatibleCount": 0,
    "bootstrapEligibleCount": 0,
    "bootstrapStatus": "not_started",
    "bootstrapSource": null,
    "bootstrapReason": null,
    "localRejectedCount": 162,
    "topBlockingReason": "low_trade_count",
    "pendingCalibrationCandidateCount": 258,
    "pendingCalibrationCandidateIds": [
      "cand-0e6a0180",
      "cand-9f33e80b",
      "cand-772d8a1e",
      "cand-f28d2e01",
      "cand-9a5dbcc7",
      "cand-b01be933",
      "cand-0a692f84",
      "cand-4f8faae3",
      "cand-35a74bba",
      "cand-c6b25611",
      "cand-ccdae17b",
      "cand-b8102dcd",
      "cand-8a1fe27b",
      "cand-ebbdd6a9",
      "cand-80dfaaa1",
      "cand-03f30a70",
      "cand-2f290563",
      "cand-e76cded5",
      "cand-710d8bc6",
      "cand-dd7e63cf",
      "cand-949bf032",
      "cand-b14595e0",
      "cand-90dc4ec3",
      "cand-f1103886",
      "cand-77224b87",
      "cand-55f47b32",
      "cand-cb18c54a",
      "cand-8a1a7cf2",
      "cand-db12aa7d",
      "cand-eb3175fc",
      "cand-ce89005b",
      "cand-b333865d",
      "cand-14f5f8ff",
      "cand-87a7fa06",
      "cand-609d9f19",
      "cand-09a0ae17",
      "cand-fbb3fb78",
      "cand-7bff0c1a",
      "cand-6e976c42",
      "cand-eaf67b92",
      "cand-ea5075a8",
      "cand-c0d6f969",
      "cand-946579c0",
      "cand-1638111b",
      "cand-840b49c0",
      "cand-a1b63e8c",
      "cand-d3fa966c",
      "cand-af6ef21e",
      "cand-c5832df6",
      "cand-57321a8c",
      "cand-3004b0f8",
      "cand-00644032",
      "cand-6272ab0f",
      "cand-7b341ad0",
      "cand-5c90b0de",
      "cand-350b7e7b",
      "cand-05218055",
      "cand-6ebbd52a",
      "cand-9edd626e",
      "cand-5d685d8a",
      "cand-addb3d5a",
      "cand-1a03e904",
      "cand-935b6a7d",
      "cand-11e460d8",
      "cand-58484f09",
      "cand-c3549cdc",
      "cand-e000c048",
      "cand-5927e5ca",
      "cand-7ae4d6eb",
      "cand-bd3c959f",
      "cand-ad98c7fd",
      "cand-a3456179",
      "cand-fa19c7db",
      "cand-8211114e",
      "cand-737e8acc",
      "cand-9ae5abb8",
      "cand-f68c494c",
      "cand-0cb06744",
      "cand-c4540c5e",
      "cand-887ba798",
      "cand-334ff9ed",
      "cand-1e7bb092",
      "cand-940106ac",
      "cand-b1575fba",
      "cand-1c1cb560",
      "cand-2ba5ca56",
      "cand-4e158d7d",
      "cand-ee1867a5",
      "cand-ccf655ee",
      "cand-2f2f67f1",
      "cand-dd0d4883",
      "cand-9e390b78",
      "cand-2b509e63",
      "cand-a42bb737",
      "cand-ba65a405",
      "cand-95b5fcb4",
      "cand-c1decc14",
      "cand-fad40100",
      "cand-3d99c3c3",
      "cand-ed6ed300",
      "cand-36473405",
      "cand-32556840",
      "cand-056beb3f",
      "cand-fef34f1d",
      "cand-4e58abee",
      "cand-6c095f1d",
      "cand-72fdbd0a",
      "cand-1a73f98c",
      "cand-60e5fb9a",
      "cand-fbd6e1cd",
      "cand-6fa9e64c",
      "cand-b3ce6dfd",
      "cand-d7b18242",
      "cand-cddf1147",
      "cand-a2b17756",
      "cand-4106d658",
      "cand-bf2319b1",
      "cand-1be3a1ed",
      "cand-ec8276d1",
      "cand-66da2fad",
      "cand-10487d69",
      "cand-a0b082a6",
      "cand-e1c37158",
      "cand-3924bc09",
      "cand-c5a37a36",
      "cand-9f921b3b",
      "cand-976660f2",
      "cand-1fd659d1",
      "cand-1ebe3284",
      "cand-a05583cb",
      "cand-68e1f6c0",
      "cand-939bafa7",
      "cand-5dfb966e",
      "cand-ec9d7a77",
      "cand-c9bd8a69",
      "cand-cad467d1",
      "cand-30ca4ecf",
      "cand-274a3d78",
      "cand-8f6a1544",
      "cand-be21675f",
      "cand-17c07e8f",
      "cand-60166f81",
      "cand-8f82de94",
      "cand-42460886",
      "cand-9295e93d",
      "cand-5a54f71c",
      "cand-a12eacdf",
      "cand-5b236726",
      "cand-dbfe05b6",
      "cand-eb4f9103",
      "cand-294a8337",
      "cand-54d331f7",
      "cand-303f93be",
      "cand-64ceccd8",
      "cand-82301049",
      "cand-cb926322",
      "cand-9740ccd3",
      "cand-45f69d7a",
      "cand-8195e18c",
      "cand-9ad02865",
      "cand-b0561318",
      "cand-77645d5d",
      "cand-3913b48a",
      "cand-d8c529f0",
      "cand-3e0617a5",
      "cand-796b47d8",
      "cand-da5bc8a6",
      "cand-6385aa99",
      "cand-ce0fb6b8",
      "cand-f53efe87",
      "cand-541078ba",
      "cand-102cde43",
      "cand-99a518c8",
      "cand-45eae1ed",
      "cand-5fa9bbca",
      "cand-58a6bc67",
      "cand-e2e95d0b",
      "cand-e7d44996",
      "cand-4fd1f661",
      "cand-f8a32482",
      "cand-65221fbc",
      "cand-0dcbc429",
      "cand-7237f414",
      "cand-13ab4eb7",
      "cand-03a62626",
      "cand-74403bc5",
      "cand-08afa655",
      "cand-8fc0ffa2",
      "cand-6b8a91fa",
      "cand-6b160ae4",
      "cand-e4ab8440",
      "cand-292c094d",
      "cand-bf066e31",
      "cand-bf45bffc",
      "cand-33777180",
      "cand-67548c32",
      "cand-af1ed124",
      "cand-fd3f325b",
      "cand-e8320fab",
      "cand-51877b36",
      "cand-f80d7394",
      "cand-d2b04e0c",
      "cand-d865401d",
      "cand-c2337d4e",
      "cand-bd0f8191",
      "cand-2e68882f",
      "cand-94bc57ed",
      "cand-93a15ca5",
      "cand-197cf126",
      "cand-4e21422c",
      "cand-cc3ed2d8",
      "cand-ad84fefa",
      "cand-e3e4e13a",
      "cand-6d2901b8",
      "cand-c7985187",
      "cand-a3fa7fcf",
      "cand-2181b4f2",
      "cand-e803ef34",
      "cand-cc7eb308",
      "cand-8c710851",
      "cand-8045892e",
      "cand-17273829",
      "cand-e3d89e08",
      "cand-118d9dbb",
      "cand-1a318968",
      "cand-5665b571",
      "cand-80f55e73",
      "cand-74341bb6",
      "cand-6a470e0a",
      "cand-bac89ce5",
      "cand-9a0a92b6",
      "cand-91ef422b",
      "cand-63b039ec",
      "cand-5f4ecea5",
      "cand-eb5c0c9f",
      "cand-f7398180",
      "cand-b8e26ed1",
      "cand-97e78627",
      "cand-8cfb97d5",
      "cand-2c409867",
      "cand-990db2d3",
      "cand-d3505cb8",
      "cand-c99b76d2",
      "cand-49bf1eca",
      "cand-a32fd47a",
      "cand-60aab7fe",
      "cand-3f27c596",
      "cand-7d7ec144",
      "cand-dbed99a3",
      "cand-a5ddec79",
      "cand-f35eb742",
      "cand-df9c33cc",
      "cand-3bde95a6",
      "cand-5e145275",
      "cand-93924d92",
      "cand-de4d3ae4",
      "cand-6f7e7135",
      "cand-8c77c5e2"
    ],
    "recentProblemKinds": [
      "local_backtest_fail",
      "local_backtest_fail",
      "pine_preflight_fail",
      "local_backtest_fail",
      "local_backtest_fail"
    ],
    "recentRepairResults": [
      {
        "repairKind": "pine_source_repair",
        "result": "success",
        "repairedCandidateId": "cand-7d7ec144",
        "summary": "Applied deterministic time-boxed preflight repair after blocking sparse event-source issues."
      },
      {
        "repairKind": "pine_source_repair",
        "result": "success",
        "repairedCandidateId": "cand-faad06fe",
        "summary": "Applied deterministic time-boxed preflight repair after blocking sparse event-source issues."
      },
      {
        "repairKind": "risk_logic_repair",
        "result": "success",
        "repairedCandidateId": "cand-dbed99a3",
        "summary": "Requested risk_logic_repair after local_backtest_fail."
      },
      {
        "repairKind": "pine_source_repair",
        "result": "success",
        "repairedCandidateId": "cand-a5ddec79",
        "summary": "Applied deterministic time-boxed preflight repair after blocking sparse event-source issues."
      },
      {
        "repairKind": "entry_frequency_repair",
        "result": "success",
        "repairedCandidateId": "cand-df9c33cc",
        "summary": "Requested entry_frequency_repair after local_backtest_fail."
      }
    ],
    "scoreFeedbackObserved": true,
    "stage6Readiness": {
      "generatedAt": "2026-04-30T05:22:53.680Z",
      "evaluated": true,
      "passed": true,
      "mode": "deterministic",
      "countRequested": 10,
      "countCompleted": 10,
      "countFailed": 0,
      "activeChampionCandidateId": "cand-a64e2088",
      "freshBootstrapPassed": true,
      "multiIterationPassed": true,
      "rootIsolationPassed": true,
      "repairTraceabilityPassed": true,
      "calibrationQueuePassed": true,
      "scoreFeedbackPassed": true,
      "feedbackClosureRequired": false,
      "calibrationMode": "queue_only",
      "ledgerValidationPassed": true,
      "indexVerificationPassed": true,
      "rootIsolationStatus": {
        "status": "passed",
        "customStateRoot": "C:\\Users\\hanji\\AppData\\Local\\Temp\\af-stage6-state-YAZZ8Y",
        "defaultWorkspaceStateRoot": "C:\\Users\\hanji\\AppData\\Local\\Temp\\af-stage6-workspace-Nnkt1H\\state\\pi-autoresearch",
        "customContextExists": true,
        "defaultWorkspaceStateHasArtifacts": false
      },
      "repairTraceabilityStatus": {
        "status": "passed",
        "successfulRepairCount": 10,
        "successfulRepairsWithoutCandidateCount": 0
      },
      "feedbackClosureStatus": {
        "status": "passed",
        "required": false,
        "promptFeedbackObserved": true,
        "scoreBreakdownFeedbackObserved": false,
        "divergenceCount": 0,
        "confidenceUpdateCount": 0
      },
      "evidence": {
        "tempWorkspaceRoot": null,
        "tempStateRoot": null,
        "localEvaluationCount": 19,
        "headEventCount": 2,
        "archiveEventCount": 11,
        "calibrationEventCount": 2,
        "mutationBriefCount": 18,
        "problemEventCount": 18,
        "repairAttemptCount": 10,
        "deadlineBreachCount": 0
      },
      "warnings": []
    },
    "lastStage6GatePassed": true,
    "rootIsolationStatus": {
      "status": "passed",
      "customStateRoot": "C:\\Users\\hanji\\AppData\\Local\\Temp\\af-stage6-state-YAZZ8Y",
      "defaultWorkspaceStateRoot": "C:\\Users\\hanji\\AppData\\Local\\Temp\\af-stage6-workspace-Nnkt1H\\state\\pi-autoresearch",
      "customContextExists": true,
      "defaultWorkspaceStateHasArtifacts": false
    },
    "repairTraceabilityStatus": {
      "status": "passed",
      "successfulRepairCount": 10,
      "successfulRepairsWithoutCandidateCount": 0
    },
    "feedbackClosureStatus": {
      "status": "passed",
      "required": false,
      "promptFeedbackObserved": true,
      "scoreBreakdownFeedbackObserved": false,
      "divergenceCount": 0,
      "confidenceUpdateCount": 0
    },
    "nextPlannedAction": "local_compatibility_repair",
    "loopMode": "local-first",
    "defaultOperationalView": "v3_autonomous_local_first",
    "projectRoot": "C:\\Users\\hanji\\Desktop\\AF",
    "workspaceRoot": "C:\\Users\\hanji\\Desktop\\AF",
    "stateRoot": "C:\\Users\\hanji\\Desktop\\AF\\state\\pi-autoresearch",
    "traceRoot": "C:\\Users\\hanji\\Desktop\\AF\\state\\pi-autoresearch\\traces",
    "artifactRoot": "C:\\Users\\hanji\\Desktop\\AF\\state\\pi-autoresearch\\artifacts",
    "evidenceRoot": "C:\\Users\\hanji\\Desktop\\AF\\state\\pi-autoresearch\\evidence",
    "runtimeRoot": "C:\\Users\\hanji\\Desktop\\AF\\state\\pi-autoresearch\\runtime",
    "tvVerificationCount": 28,
    "tvHealth": "unavailable",
    "calibrationAutoProcess": false,
    "calibrationMode": "queue_only",
    "lastTvSurfaceFailure": {
      "candidateId": "cand-c6235b65",
      "decision": "tv_surface_failure",
      "iteration": 279,
      "tvCalibrationStatus": "surface_failure",
      "recordedAt": "2026-04-29T18:46:19.526Z"
    },
    "humanOverride": false
  },
  "tracePath": "C:\\Users\\hanji\\Desktop\\AF\\state\\pi-autoresearch\\traces\\run-autonomous-loop-2026-05-01T01-36-07-440Z-trace-34b51369.jsonl"
}
[2026-05-01T10:38:25.8691511+09:00] iteration 5: run-autonomous-loop exit=0
[2026-05-01T10:38:25.8701521+09:00] iteration 5: validate-ledger start
??injected env (11) from .env // tip: ??override existing { override: true }
[ledger.validation] validate-ledger | Ledger validation completed | 2026-05-01T01:38:29.655Z
{
  "ok": true,
  "errorCount": 0,
  "warningCount": 6,
  "issues": [
    {
      "severity": "warning",
      "scope": "experiment-record-meta",
      "recordId": "cand-f918d6d8",
      "message": "recordHash does not match the serialized experiment record."
    },
    {
      "severity": "warning",
      "scope": "experiment-record-meta",
      "recordId": "cand-3f99a396",
      "message": "recordHash does not match the serialized experiment record."
    },
    {
      "severity": "warning",
      "scope": "experiment-record-meta",
      "recordId": "cand-93a71a19",
      "message": "recordHash does not match the serialized experiment record."
    },
    {
      "severity": "warning",
      "scope": "experiment-record-meta",
      "recordId": "cand-560e2d3b",
      "message": "recordHash does not match the serialized experiment record."
    },
    {
      "severity": "warning",
      "scope": "experiment-record-meta",
      "recordId": "cand-24b4021d",
      "message": "recordHash does not match the serialized experiment record."
    },
    {
      "severity": "warning",
      "scope": "candidate-dedup",
      "recordId": "bfee8f4eb7eabba2047b8b2270beef764a3942811cda8134d75c15c171c0c26a",
      "message": "Duplicate candidate source hash detected across ids: cand-2a5e6ffe, cand-51397d04, cand-9cbc4c5f, cand-a93778fa, cand-bbb67c15, cand-fdc1ae65"
    }
  ],
  "summary": {
    "experiments": 610,
    "candidates": 560,
    "taskBatches": 131
  },
  "stateRoot": "C:\\Users\\hanji\\Desktop\\AF\\state\\pi-autoresearch",
  "tracePath": "C:\\Users\\hanji\\Desktop\\AF\\state\\pi-autoresearch\\traces\\validate-ledger-2026-05-01T01-38-26-118Z-trace-4921c426.jsonl"
}
[2026-05-01T10:38:29.7177452+09:00] iteration 5: validate-ledger exit=0
[2026-05-01T10:38:29.7192504+09:00] iteration 5: rebuild-indexes --verify start
??injected env (11) from .env // tip: ??encrypted .env [www.dotenvx.com]
[?몃뜳???ъ깮???쒖옉] ?몃뜳???ъ깮??| ?뚯깮 ?몃뜳?ㅻ? ?ъ깮?깊빀?덈떎. state: C:\Users\hanji\Desktop\AF\state\pi-autoresearch | 2026-05-01T01:38:31.898Z
[?몃뜳???ъ깮???꾨즺] ?몃뜳???ъ깮??| ?뚯깮 ?몃뜳???ъ깮?깆쓣 留덉낀?듬땲?? state: C:\Users\hanji\Desktop\AF\state\pi-autoresearch | 2026-05-01T01:38:42.403Z
{
  "rebuilt": true,
  "stateRoot": "C:\\Users\\hanji\\Desktop\\AF\\state\\pi-autoresearch",
  "autonomousState": {
    "generatedAt": "2026-05-01T01:38:35.661Z",
    "activeChampionCandidateId": "cand-42ed2fa4",
    "activeChampionScore": 0.7879,
    "activeChampionDecision": "local_candidate_eligible",
    "championOrigin": "autonomous",
    "researchMaturity": "steady_state",
    "selectedBy": "auto_policy",
    "selectionPolicyVersion": "autonomous-local-first/v3-p0",
    "objectivePolicyVersion": "objective.qqq-120m/v1",
    "headEventCount": 2,
    "archiveEventCount": 301,
    "calibrationEventCount": 314,
    "calibrationCandidateCount": 286,
    "divergenceCount": 27,
    "localConfidenceUpdateCount": 27,
    "problemEventCount": 203,
    "repairAttemptCount": 102,
    "localEvaluationCount": 390,
    "localEligibleCount": 223,
    "bootstrapCompatibleCount": 0,
    "bootstrapEligibleCount": 0,
    "bootstrapStatus": "not_started",
    "bootstrapSource": null,
    "bootstrapReason": null,
    "localRejectedCount": 162,
    "topBlockingReason": "low_trade_count",
    "pendingCalibrationCandidateCount": 258,
    "pendingCalibrationCandidateIds": [
      "cand-0e6a0180",
      "cand-9f33e80b",
      "cand-772d8a1e",
      "cand-f28d2e01",
      "cand-9a5dbcc7",
      "cand-b01be933",
      "cand-0a692f84",
      "cand-4f8faae3",
      "cand-35a74bba",
      "cand-c6b25611",
      "cand-ccdae17b",
      "cand-b8102dcd",
      "cand-8a1fe27b",
      "cand-ebbdd6a9",
      "cand-80dfaaa1",
      "cand-03f30a70",
      "cand-2f290563",
      "cand-e76cded5",
      "cand-710d8bc6",
      "cand-dd7e63cf",
      "cand-949bf032",
      "cand-b14595e0",
      "cand-90dc4ec3",
      "cand-f1103886",
      "cand-77224b87",
      "cand-55f47b32",
      "cand-cb18c54a",
      "cand-8a1a7cf2",
      "cand-db12aa7d",
      "cand-eb3175fc",
      "cand-ce89005b",
      "cand-b333865d",
      "cand-14f5f8ff",
      "cand-87a7fa06",
      "cand-609d9f19",
      "cand-09a0ae17",
      "cand-fbb3fb78",
      "cand-7bff0c1a",
      "cand-6e976c42",
      "cand-eaf67b92",
      "cand-ea5075a8",
      "cand-c0d6f969",
      "cand-946579c0",
      "cand-1638111b",
      "cand-840b49c0",
      "cand-a1b63e8c",
      "cand-d3fa966c",
      "cand-af6ef21e",
      "cand-c5832df6",
      "cand-57321a8c",
      "cand-3004b0f8",
      "cand-00644032",
      "cand-6272ab0f",
      "cand-7b341ad0",
      "cand-5c90b0de",
      "cand-350b7e7b",
      "cand-05218055",
      "cand-6ebbd52a",
      "cand-9edd626e",
      "cand-5d685d8a",
      "cand-addb3d5a",
      "cand-1a03e904",
      "cand-935b6a7d",
      "cand-11e460d8",
      "cand-58484f09",
      "cand-c3549cdc",
      "cand-e000c048",
      "cand-5927e5ca",
      "cand-7ae4d6eb",
      "cand-bd3c959f",
      "cand-ad98c7fd",
      "cand-a3456179",
      "cand-fa19c7db",
      "cand-8211114e",
      "cand-737e8acc",
      "cand-9ae5abb8",
      "cand-f68c494c",
      "cand-0cb06744",
      "cand-c4540c5e",
      "cand-887ba798",
      "cand-334ff9ed",
      "cand-1e7bb092",
      "cand-940106ac",
      "cand-b1575fba",
      "cand-1c1cb560",
      "cand-2ba5ca56",
      "cand-4e158d7d",
      "cand-ee1867a5",
      "cand-ccf655ee",
      "cand-2f2f67f1",
      "cand-dd0d4883",
      "cand-9e390b78",
      "cand-2b509e63",
      "cand-a42bb737",
      "cand-ba65a405",
      "cand-95b5fcb4",
      "cand-c1decc14",
      "cand-fad40100",
      "cand-3d99c3c3",
      "cand-ed6ed300",
      "cand-36473405",
      "cand-32556840",
      "cand-056beb3f",
      "cand-fef34f1d",
      "cand-4e58abee",
      "cand-6c095f1d",
      "cand-72fdbd0a",
      "cand-1a73f98c",
      "cand-60e5fb9a",
      "cand-fbd6e1cd",
      "cand-6fa9e64c",
      "cand-b3ce6dfd",
      "cand-d7b18242",
      "cand-cddf1147",
      "cand-a2b17756",
      "cand-4106d658",
      "cand-bf2319b1",
      "cand-1be3a1ed",
      "cand-ec8276d1",
      "cand-66da2fad",
      "cand-10487d69",
      "cand-a0b082a6",
      "cand-e1c37158",
      "cand-3924bc09",
      "cand-c5a37a36",
      "cand-9f921b3b",
      "cand-976660f2",
      "cand-1fd659d1",
      "cand-1ebe3284",
      "cand-a05583cb",
      "cand-68e1f6c0",
      "cand-939bafa7",
      "cand-5dfb966e",
      "cand-ec9d7a77",
      "cand-c9bd8a69",
      "cand-cad467d1",
      "cand-30ca4ecf",
      "cand-274a3d78",
      "cand-8f6a1544",
      "cand-be21675f",
      "cand-17c07e8f",
      "cand-60166f81",
      "cand-8f82de94",
      "cand-42460886",
      "cand-9295e93d",
      "cand-5a54f71c",
      "cand-a12eacdf",
      "cand-5b236726",
      "cand-dbfe05b6",
      "cand-eb4f9103",
      "cand-294a8337",
      "cand-54d331f7",
      "cand-303f93be",
      "cand-64ceccd8",
      "cand-82301049",
      "cand-cb926322",
      "cand-9740ccd3",
      "cand-45f69d7a",
      "cand-8195e18c",
      "cand-9ad02865",
      "cand-b0561318",
      "cand-77645d5d",
      "cand-3913b48a",
      "cand-d8c529f0",
      "cand-3e0617a5",
      "cand-796b47d8",
      "cand-da5bc8a6",
      "cand-6385aa99",
      "cand-ce0fb6b8",
      "cand-f53efe87",
      "cand-541078ba",
      "cand-102cde43",
      "cand-99a518c8",
      "cand-45eae1ed",
      "cand-5fa9bbca",
      "cand-58a6bc67",
      "cand-e2e95d0b",
      "cand-e7d44996",
      "cand-4fd1f661",
      "cand-f8a32482",
      "cand-65221fbc",
      "cand-0dcbc429",
      "cand-7237f414",
      "cand-13ab4eb7",
      "cand-03a62626",
      "cand-74403bc5",
      "cand-08afa655",
      "cand-8fc0ffa2",
      "cand-6b8a91fa",
      "cand-6b160ae4",
      "cand-e4ab8440",
      "cand-292c094d",
      "cand-bf066e31",
      "cand-bf45bffc",
      "cand-33777180",
      "cand-67548c32",
      "cand-af1ed124",
      "cand-fd3f325b",
      "cand-e8320fab",
      "cand-51877b36",
      "cand-f80d7394",
      "cand-d2b04e0c",
      "cand-d865401d",
      "cand-c2337d4e",
      "cand-bd0f8191",
      "cand-2e68882f",
      "cand-94bc57ed",
      "cand-93a15ca5",
      "cand-197cf126",
      "cand-4e21422c",
      "cand-cc3ed2d8",
      "cand-ad84fefa",
      "cand-e3e4e13a",
      "cand-6d2901b8",
      "cand-c7985187",
      "cand-a3fa7fcf",
      "cand-2181b4f2",
      "cand-e803ef34",
      "cand-cc7eb308",
      "cand-8c710851",
      "cand-8045892e",
      "cand-17273829",
      "cand-e3d89e08",
      "cand-118d9dbb",
      "cand-1a318968",
      "cand-5665b571",
      "cand-80f55e73",
      "cand-74341bb6",
      "cand-6a470e0a",
      "cand-bac89ce5",
      "cand-9a0a92b6",
      "cand-91ef422b",
      "cand-63b039ec",
      "cand-5f4ecea5",
      "cand-eb5c0c9f",
      "cand-f7398180",
      "cand-b8e26ed1",
      "cand-97e78627",
      "cand-8cfb97d5",
      "cand-2c409867",
      "cand-990db2d3",
      "cand-d3505cb8",
      "cand-c99b76d2",
      "cand-49bf1eca",
      "cand-a32fd47a",
      "cand-60aab7fe",
      "cand-3f27c596",
      "cand-7d7ec144",
      "cand-dbed99a3",
      "cand-a5ddec79",
      "cand-f35eb742",
      "cand-df9c33cc",
      "cand-3bde95a6",
      "cand-5e145275",
      "cand-93924d92",
      "cand-de4d3ae4",
      "cand-6f7e7135",
      "cand-8c77c5e2"
    ],
    "recentProblemKinds": [
      "local_backtest_fail",
      "local_backtest_fail",
      "pine_preflight_fail",
      "local_backtest_fail",
      "local_backtest_fail"
    ],
    "recentRepairResults": [
      {
        "repairKind": "pine_source_repair",
        "result": "success",
        "repairedCandidateId": "cand-7d7ec144",
        "summary": "Applied deterministic time-boxed preflight repair after blocking sparse event-source issues."
      },
      {
        "repairKind": "pine_source_repair",
        "result": "success",
        "repairedCandidateId": "cand-faad06fe",
        "summary": "Applied deterministic time-boxed preflight repair after blocking sparse event-source issues."
      },
      {
        "repairKind": "risk_logic_repair",
        "result": "success",
        "repairedCandidateId": "cand-dbed99a3",
        "summary": "Requested risk_logic_repair after local_backtest_fail."
      },
      {
        "repairKind": "pine_source_repair",
        "result": "success",
        "repairedCandidateId": "cand-a5ddec79",
        "summary": "Applied deterministic time-boxed preflight repair after blocking sparse event-source issues."
      },
      {
        "repairKind": "entry_frequency_repair",
        "result": "success",
        "repairedCandidateId": "cand-df9c33cc",
        "summary": "Requested entry_frequency_repair after local_backtest_fail."
      }
    ],
    "scoreFeedbackObserved": true,
    "stage6Readiness": {
      "generatedAt": "2026-04-30T05:22:53.680Z",
      "evaluated": true,
      "passed": true,
      "mode": "deterministic",
      "countRequested": 10,
      "countCompleted": 10,
      "countFailed": 0,
      "activeChampionCandidateId": "cand-a64e2088",
      "freshBootstrapPassed": true,
      "multiIterationPassed": true,
      "rootIsolationPassed": true,
      "repairTraceabilityPassed": true,
      "calibrationQueuePassed": true,
      "scoreFeedbackPassed": true,
      "feedbackClosureRequired": false,
      "calibrationMode": "queue_only",
      "ledgerValidationPassed": true,
      "indexVerificationPassed": true,
      "rootIsolationStatus": {
        "status": "passed",
        "customStateRoot": "C:\\Users\\hanji\\AppData\\Local\\Temp\\af-stage6-state-YAZZ8Y",
        "defaultWorkspaceStateRoot": "C:\\Users\\hanji\\AppData\\Local\\Temp\\af-stage6-workspace-Nnkt1H\\state\\pi-autoresearch",
        "customContextExists": true,
        "defaultWorkspaceStateHasArtifacts": false
      },
      "repairTraceabilityStatus": {
        "status": "passed",
        "successfulRepairCount": 10,
        "successfulRepairsWithoutCandidateCount": 0
      },
      "feedbackClosureStatus": {
        "status": "passed",
        "required": false,
        "promptFeedbackObserved": true,
        "scoreBreakdownFeedbackObserved": false,
        "divergenceCount": 0,
        "confidenceUpdateCount": 0
      },
      "evidence": {
        "tempWorkspaceRoot": null,
        "tempStateRoot": null,
        "localEvaluationCount": 19,
        "headEventCount": 2,
        "archiveEventCount": 11,
        "calibrationEventCount": 2,
        "mutationBriefCount": 18,
        "problemEventCount": 18,
        "repairAttemptCount": 10,
        "deadlineBreachCount": 0
      },
      "warnings": []
    },
    "lastStage6GatePassed": true,
    "rootIsolationStatus": {
      "status": "passed",
      "customStateRoot": "C:\\Users\\hanji\\AppData\\Local\\Temp\\af-stage6-state-YAZZ8Y",
      "defaultWorkspaceStateRoot": "C:\\Users\\hanji\\AppData\\Local\\Temp\\af-stage6-workspace-Nnkt1H\\state\\pi-autoresearch",
      "customContextExists": true,
      "defaultWorkspaceStateHasArtifacts": false
    },
    "repairTraceabilityStatus": {
      "status": "passed",
      "successfulRepairCount": 10,
      "successfulRepairsWithoutCandidateCount": 0
    },
    "feedbackClosureStatus": {
      "status": "passed",
      "required": false,
      "promptFeedbackObserved": true,
      "scoreBreakdownFeedbackObserved": false,
      "divergenceCount": 0,
      "confidenceUpdateCount": 0
    },
    "nextPlannedAction": "local_compatibility_repair",
    "loopMode": "local-first",
    "defaultOperationalView": "v3_autonomous_local_first",
    "projectRoot": "C:\\Users\\hanji\\Desktop\\AF",
    "workspaceRoot": "C:\\Users\\hanji\\Desktop\\AF",
    "stateRoot": "C:\\Users\\hanji\\Desktop\\AF\\state\\pi-autoresearch",
    "traceRoot": "C:\\Users\\hanji\\Desktop\\AF\\state\\pi-autoresearch\\traces",
    "artifactRoot": "C:\\Users\\hanji\\Desktop\\AF\\state\\pi-autoresearch\\artifacts",
    "evidenceRoot": "C:\\Users\\hanji\\Desktop\\AF\\state\\pi-autoresearch\\evidence",
    "runtimeRoot": "C:\\Users\\hanji\\Desktop\\AF\\state\\pi-autoresearch\\runtime",
    "tvVerificationCount": 28,
    "tvHealth": "unavailable",
    "calibrationAutoProcess": false,
    "calibrationMode": "queue_only",
    "lastTvSurfaceFailure": {
      "candidateId": "cand-c6235b65",
      "decision": "tv_surface_failure",
      "iteration": 279,
      "tvCalibrationStatus": "surface_failure",
      "recordedAt": "2026-04-29T18:46:19.526Z"
    },
    "humanOverride": false
  },
  "verification": {
    "ok": true,
    "issues": []
  },
  "tracePath": "C:\\Users\\hanji\\Desktop\\AF\\state\\pi-autoresearch\\traces\\rebuild-indexes-2026-05-01T01-38-29-950Z-trace-5dcffcf4.jsonl"
}
[2026-05-01T10:38:42.5895181+09:00] iteration 5: rebuild-indexes --verify exit=0
[2026-05-01T10:38:52.6055852+09:00] iteration 6: run-autonomous-loop start
??injected env (11) from .env // tip: ??override existing { override: true }
[autonomous.loop.start] run-autonomous-loop | Starting autonomous local-first loop | 2026-05-01T01:38:52.856Z
[iteration.started] run-autonomous-loop | Starting autonomous iteration | 2026-05-01T01:38:52.857Z
[phase.started] run-autonomous-loop | Initializing autonomous workspace | 2026-05-01T01:38:52.868Z
[phase.completed] run-autonomous-loop | Initializing autonomous workspace | 2026-05-01T01:38:54.800Z
[phase.started] run-autonomous-loop | Generating autonomous mutation candidate | 2026-05-01T01:38:56.171Z
[autonomous.mutation.request] run-autonomous-loop | Sending autonomous mutation request | 2026-05-01T01:38:56.172Z
[phase.completed] run-autonomous-loop | Generating autonomous mutation candidate | 2026-05-01T01:40:54.872Z
[phase.started] run-autonomous-loop | Evaluating autonomous candidate locally | 2026-05-01T01:40:54.873Z
[autonomous.market_context_ready] run-autonomous-loop | Local-first market context is ready | 2026-05-01T01:40:54.879Z
[autonomous.local_evaluation] run-autonomous-loop | Local autonomous evaluation completed | 2026-05-01T01:40:54.953Z
[phase.completed] run-autonomous-loop | Evaluating autonomous candidate locally | 2026-05-01T01:40:54.979Z
[phase.started] run-autonomous-loop | Updating autonomous archive views | 2026-05-01T01:40:54.980Z
[phase.completed] run-autonomous-loop | Updating autonomous archive views | 2026-05-01T01:40:54.983Z
[phase.started] run-autonomous-loop | Queueing candidate for TradingView calibration | 2026-05-01T01:40:54.983Z
[phase.completed] run-autonomous-loop | Queueing candidate for TradingView calibration | 2026-05-01T01:40:54.987Z
[phase.started] run-autonomous-loop | Selecting active autonomous champion | 2026-05-01T01:40:56.076Z
[phase.completed] run-autonomous-loop | Selecting active autonomous champion | 2026-05-01T01:40:56.713Z
[phase.started] run-autonomous-loop | Rebuilding derived autonomous views | 2026-05-01T01:40:56.714Z
[phase.completed] run-autonomous-loop | Rebuilding derived autonomous views | 2026-05-01T01:40:58.857Z
[iteration.completed] run-autonomous-loop | Autonomous iteration completed | 2026-05-01T01:40:58.857Z
{
  "countRequested": 1,
  "countCompleted": 1,
  "countFailed": 0,
  "results": [
    {
      "runId": "autonomous-1777599532866",
      "iteration": 611,
      "candidateId": "cand-ed7049a5",
      "localDecision": "local_candidate_eligible",
      "activeChampionChanged": false,
      "activeChampionCandidateId": "cand-42ed2fa4"
    }
  ],
  "deadlineBreaches": [],
  "autonomousState": {
    "generatedAt": "2026-05-01T01:41:00.466Z",
    "activeChampionCandidateId": "cand-42ed2fa4",
    "activeChampionScore": 0.7879,
    "activeChampionDecision": "local_candidate_eligible",
    "championOrigin": "autonomous",
    "researchMaturity": "steady_state",
    "selectedBy": "auto_policy",
    "selectionPolicyVersion": "autonomous-local-first/v3-p0",
    "objectivePolicyVersion": "objective.qqq-120m/v1",
    "headEventCount": 2,
    "archiveEventCount": 302,
    "calibrationEventCount": 315,
    "calibrationCandidateCount": 287,
    "divergenceCount": 27,
    "localConfidenceUpdateCount": 27,
    "problemEventCount": 203,
    "repairAttemptCount": 102,
    "localEvaluationCount": 391,
    "localEligibleCount": 224,
    "bootstrapCompatibleCount": 0,
    "bootstrapEligibleCount": 0,
    "bootstrapStatus": "not_started",
    "bootstrapSource": null,
    "bootstrapReason": null,
    "localRejectedCount": 162,
    "topBlockingReason": "low_trade_count",
    "pendingCalibrationCandidateCount": 259,
    "pendingCalibrationCandidateIds": [
      "cand-0e6a0180",
      "cand-9f33e80b",
      "cand-772d8a1e",
      "cand-f28d2e01",
      "cand-9a5dbcc7",
      "cand-b01be933",
      "cand-0a692f84",
      "cand-4f8faae3",
      "cand-35a74bba",
      "cand-c6b25611",
      "cand-ccdae17b",
      "cand-b8102dcd",
      "cand-8a1fe27b",
      "cand-ebbdd6a9",
      "cand-80dfaaa1",
      "cand-03f30a70",
      "cand-2f290563",
      "cand-e76cded5",
      "cand-710d8bc6",
      "cand-dd7e63cf",
      "cand-949bf032",
      "cand-b14595e0",
      "cand-90dc4ec3",
      "cand-f1103886",
      "cand-77224b87",
      "cand-55f47b32",
      "cand-cb18c54a",
      "cand-8a1a7cf2",
      "cand-db12aa7d",
      "cand-eb3175fc",
      "cand-ce89005b",
      "cand-b333865d",
      "cand-14f5f8ff",
      "cand-87a7fa06",
      "cand-609d9f19",
      "cand-09a0ae17",
      "cand-fbb3fb78",
      "cand-7bff0c1a",
      "cand-6e976c42",
      "cand-eaf67b92",
      "cand-ea5075a8",
      "cand-c0d6f969",
      "cand-946579c0",
      "cand-1638111b",
      "cand-840b49c0",
      "cand-a1b63e8c",
      "cand-d3fa966c",
      "cand-af6ef21e",
      "cand-c5832df6",
      "cand-57321a8c",
      "cand-3004b0f8",
      "cand-00644032",
      "cand-6272ab0f",
      "cand-7b341ad0",
      "cand-5c90b0de",
      "cand-350b7e7b",
      "cand-05218055",
      "cand-6ebbd52a",
      "cand-9edd626e",
      "cand-5d685d8a",
      "cand-addb3d5a",
      "cand-1a03e904",
      "cand-935b6a7d",
      "cand-11e460d8",
      "cand-58484f09",
      "cand-c3549cdc",
      "cand-e000c048",
      "cand-5927e5ca",
      "cand-7ae4d6eb",
      "cand-bd3c959f",
      "cand-ad98c7fd",
      "cand-a3456179",
      "cand-fa19c7db",
      "cand-8211114e",
      "cand-737e8acc",
      "cand-9ae5abb8",
      "cand-f68c494c",
      "cand-0cb06744",
      "cand-c4540c5e",
      "cand-887ba798",
      "cand-334ff9ed",
      "cand-1e7bb092",
      "cand-940106ac",
      "cand-b1575fba",
      "cand-1c1cb560",
      "cand-2ba5ca56",
      "cand-4e158d7d",
      "cand-ee1867a5",
      "cand-ccf655ee",
      "cand-2f2f67f1",
      "cand-dd0d4883",
      "cand-9e390b78",
      "cand-2b509e63",
      "cand-a42bb737",
      "cand-ba65a405",
      "cand-95b5fcb4",
      "cand-c1decc14",
      "cand-fad40100",
      "cand-3d99c3c3",
      "cand-ed6ed300",
      "cand-36473405",
      "cand-32556840",
      "cand-056beb3f",
      "cand-fef34f1d",
      "cand-4e58abee",
      "cand-6c095f1d",
      "cand-72fdbd0a",
      "cand-1a73f98c",
      "cand-60e5fb9a",
      "cand-fbd6e1cd",
      "cand-6fa9e64c",
      "cand-b3ce6dfd",
      "cand-d7b18242",
      "cand-cddf1147",
      "cand-a2b17756",
      "cand-4106d658",
      "cand-bf2319b1",
      "cand-1be3a1ed",
      "cand-ec8276d1",
      "cand-66da2fad",
      "cand-10487d69",
      "cand-a0b082a6",
      "cand-e1c37158",
      "cand-3924bc09",
      "cand-c5a37a36",
      "cand-9f921b3b",
      "cand-976660f2",
      "cand-1fd659d1",
      "cand-1ebe3284",
      "cand-a05583cb",
      "cand-68e1f6c0",
      "cand-939bafa7",
      "cand-5dfb966e",
      "cand-ec9d7a77",
      "cand-c9bd8a69",
      "cand-cad467d1",
      "cand-30ca4ecf",
      "cand-274a3d78",
      "cand-8f6a1544",
      "cand-be21675f",
      "cand-17c07e8f",
      "cand-60166f81",
      "cand-8f82de94",
      "cand-42460886",
      "cand-9295e93d",
      "cand-5a54f71c",
      "cand-a12eacdf",
      "cand-5b236726",
      "cand-dbfe05b6",
      "cand-eb4f9103",
      "cand-294a8337",
      "cand-54d331f7",
      "cand-303f93be",
      "cand-64ceccd8",
      "cand-82301049",
      "cand-cb926322",
      "cand-9740ccd3",
      "cand-45f69d7a",
      "cand-8195e18c",
      "cand-9ad02865",
      "cand-b0561318",
      "cand-77645d5d",
      "cand-3913b48a",
      "cand-d8c529f0",
      "cand-3e0617a5",
      "cand-796b47d8",
      "cand-da5bc8a6",
      "cand-6385aa99",
      "cand-ce0fb6b8",
      "cand-f53efe87",
      "cand-541078ba",
      "cand-102cde43",
      "cand-99a518c8",
      "cand-45eae1ed",
      "cand-5fa9bbca",
      "cand-58a6bc67",
      "cand-e2e95d0b",
      "cand-e7d44996",
      "cand-4fd1f661",
      "cand-f8a32482",
      "cand-65221fbc",
      "cand-0dcbc429",
      "cand-7237f414",
      "cand-13ab4eb7",
      "cand-03a62626",
      "cand-74403bc5",
      "cand-08afa655",
      "cand-8fc0ffa2",
      "cand-6b8a91fa",
      "cand-6b160ae4",
      "cand-e4ab8440",
      "cand-292c094d",
      "cand-bf066e31",
      "cand-bf45bffc",
      "cand-33777180",
      "cand-67548c32",
      "cand-af1ed124",
      "cand-fd3f325b",
      "cand-e8320fab",
      "cand-51877b36",
      "cand-f80d7394",
      "cand-d2b04e0c",
      "cand-d865401d",
      "cand-c2337d4e",
      "cand-bd0f8191",
      "cand-2e68882f",
      "cand-94bc57ed",
      "cand-93a15ca5",
      "cand-197cf126",
      "cand-4e21422c",
      "cand-cc3ed2d8",
      "cand-ad84fefa",
      "cand-e3e4e13a",
      "cand-6d2901b8",
      "cand-c7985187",
      "cand-a3fa7fcf",
      "cand-2181b4f2",
      "cand-e803ef34",
      "cand-cc7eb308",
      "cand-8c710851",
      "cand-8045892e",
      "cand-17273829",
      "cand-e3d89e08",
      "cand-118d9dbb",
      "cand-1a318968",
      "cand-5665b571",
      "cand-80f55e73",
      "cand-74341bb6",
      "cand-6a470e0a",
      "cand-bac89ce5",
      "cand-9a0a92b6",
      "cand-91ef422b",
      "cand-63b039ec",
      "cand-5f4ecea5",
      "cand-eb5c0c9f",
      "cand-f7398180",
      "cand-b8e26ed1",
      "cand-97e78627",
      "cand-8cfb97d5",
      "cand-2c409867",
      "cand-990db2d3",
      "cand-d3505cb8",
      "cand-c99b76d2",
      "cand-49bf1eca",
      "cand-a32fd47a",
      "cand-60aab7fe",
      "cand-3f27c596",
      "cand-7d7ec144",
      "cand-dbed99a3",
      "cand-a5ddec79",
      "cand-f35eb742",
      "cand-df9c33cc",
      "cand-3bde95a6",
      "cand-5e145275",
      "cand-93924d92",
      "cand-de4d3ae4",
      "cand-6f7e7135",
      "cand-8c77c5e2",
      "cand-ed7049a5"
    ],
    "recentProblemKinds": [
      "local_backtest_fail",
      "local_backtest_fail",
      "pine_preflight_fail",
      "local_backtest_fail",
      "local_backtest_fail"
    ],
    "recentRepairResults": [
      {
        "repairKind": "pine_source_repair",
        "result": "success",
        "repairedCandidateId": "cand-7d7ec144",
        "summary": "Applied deterministic time-boxed preflight repair after blocking sparse event-source issues."
      },
      {
        "repairKind": "pine_source_repair",
        "result": "success",
        "repairedCandidateId": "cand-faad06fe",
        "summary": "Applied deterministic time-boxed preflight repair after blocking sparse event-source issues."
      },
      {
        "repairKind": "risk_logic_repair",
        "result": "success",
        "repairedCandidateId": "cand-dbed99a3",
        "summary": "Requested risk_logic_repair after local_backtest_fail."
      },
      {
        "repairKind": "pine_source_repair",
        "result": "success",
        "repairedCandidateId": "cand-a5ddec79",
        "summary": "Applied deterministic time-boxed preflight repair after blocking sparse event-source issues."
      },
      {
        "repairKind": "entry_frequency_repair",
        "result": "success",
        "repairedCandidateId": "cand-df9c33cc",
        "summary": "Requested entry_frequency_repair after local_backtest_fail."
      }
    ],
    "scoreFeedbackObserved": true,
    "stage6Readiness": {
      "generatedAt": "2026-04-30T05:22:53.680Z",
      "evaluated": true,
      "passed": true,
      "mode": "deterministic",
      "countRequested": 10,
      "countCompleted": 10,
      "countFailed": 0,
      "activeChampionCandidateId": "cand-a64e2088",
      "freshBootstrapPassed": true,
      "multiIterationPassed": true,
      "rootIsolationPassed": true,
      "repairTraceabilityPassed": true,
      "calibrationQueuePassed": true,
      "scoreFeedbackPassed": true,
      "feedbackClosureRequired": false,
      "calibrationMode": "queue_only",
      "ledgerValidationPassed": true,
      "indexVerificationPassed": true,
      "rootIsolationStatus": {
        "status": "passed",
        "customStateRoot": "C:\\Users\\hanji\\AppData\\Local\\Temp\\af-stage6-state-YAZZ8Y",
        "defaultWorkspaceStateRoot": "C:\\Users\\hanji\\AppData\\Local\\Temp\\af-stage6-workspace-Nnkt1H\\state\\pi-autoresearch",
        "customContextExists": true,
        "defaultWorkspaceStateHasArtifacts": false
      },
      "repairTraceabilityStatus": {
        "status": "passed",
        "successfulRepairCount": 10,
        "successfulRepairsWithoutCandidateCount": 0
      },
      "feedbackClosureStatus": {
        "status": "passed",
        "required": false,
        "promptFeedbackObserved": true,
        "scoreBreakdownFeedbackObserved": false,
        "divergenceCount": 0,
        "confidenceUpdateCount": 0
      },
      "evidence": {
        "tempWorkspaceRoot": null,
        "tempStateRoot": null,
        "localEvaluationCount": 19,
        "headEventCount": 2,
        "archiveEventCount": 11,
        "calibrationEventCount": 2,
        "mutationBriefCount": 18,
        "problemEventCount": 18,
        "repairAttemptCount": 10,
        "deadlineBreachCount": 0
      },
      "warnings": []
    },
    "lastStage6GatePassed": true,
    "rootIsolationStatus": {
      "status": "passed",
      "customStateRoot": "C:\\Users\\hanji\\AppData\\Local\\Temp\\af-stage6-state-YAZZ8Y",
      "defaultWorkspaceStateRoot": "C:\\Users\\hanji\\AppData\\Local\\Temp\\af-stage6-workspace-Nnkt1H\\state\\pi-autoresearch",
      "customContextExists": true,
      "defaultWorkspaceStateHasArtifacts": false
    },
    "repairTraceabilityStatus": {
      "status": "passed",
      "successfulRepairCount": 10,
      "successfulRepairsWithoutCandidateCount": 0
    },
    "feedbackClosureStatus": {
      "status": "passed",
      "required": false,
      "promptFeedbackObserved": true,
      "scoreBreakdownFeedbackObserved": false,
      "divergenceCount": 0,
      "confidenceUpdateCount": 0
    },
    "nextPlannedAction": "local_compatibility_repair",
    "loopMode": "local-first",
    "defaultOperationalView": "v3_autonomous_local_first",
    "projectRoot": "C:\\Users\\hanji\\Desktop\\AF",
    "workspaceRoot": "C:\\Users\\hanji\\Desktop\\AF",
    "stateRoot": "C:\\Users\\hanji\\Desktop\\AF\\state\\pi-autoresearch",
    "traceRoot": "C:\\Users\\hanji\\Desktop\\AF\\state\\pi-autoresearch\\traces",
    "artifactRoot": "C:\\Users\\hanji\\Desktop\\AF\\state\\pi-autoresearch\\artifacts",
    "evidenceRoot": "C:\\Users\\hanji\\Desktop\\AF\\state\\pi-autoresearch\\evidence",
    "runtimeRoot": "C:\\Users\\hanji\\Desktop\\AF\\state\\pi-autoresearch\\runtime",
    "tvVerificationCount": 28,
    "tvHealth": "unavailable",
    "calibrationAutoProcess": false,
    "calibrationMode": "queue_only",
    "lastTvSurfaceFailure": {
      "candidateId": "cand-c6235b65",
      "decision": "tv_surface_failure",
      "iteration": 279,
      "tvCalibrationStatus": "surface_failure",
      "recordedAt": "2026-04-29T18:46:19.526Z"
    },
    "humanOverride": false
  },
  "tracePath": "C:\\Users\\hanji\\Desktop\\AF\\state\\pi-autoresearch\\traces\\run-autonomous-loop-2026-05-01T01-38-52-855Z-trace-d493c5dd.jsonl"
}
[2026-05-01T10:41:01.2481229+09:00] iteration 6: run-autonomous-loop exit=0
[2026-05-01T10:41:01.2491282+09:00] iteration 6: validate-ledger start
??injected env (11) from .env // tip: ??secrets for agents [www.dotenvx.com]
[ledger.validation] validate-ledger | Ledger validation completed | 2026-05-01T01:41:05.118Z
{
  "ok": true,
  "errorCount": 0,
  "warningCount": 6,
  "issues": [
    {
      "severity": "warning",
      "scope": "experiment-record-meta",
      "recordId": "cand-f918d6d8",
      "message": "recordHash does not match the serialized experiment record."
    },
    {
      "severity": "warning",
      "scope": "experiment-record-meta",
      "recordId": "cand-3f99a396",
      "message": "recordHash does not match the serialized experiment record."
    },
    {
      "severity": "warning",
      "scope": "experiment-record-meta",
      "recordId": "cand-93a71a19",
      "message": "recordHash does not match the serialized experiment record."
    },
    {
      "severity": "warning",
      "scope": "experiment-record-meta",
      "recordId": "cand-560e2d3b",
      "message": "recordHash does not match the serialized experiment record."
    },
    {
      "severity": "warning",
      "scope": "experiment-record-meta",
      "recordId": "cand-24b4021d",
      "message": "recordHash does not match the serialized experiment record."
    },
    {
      "severity": "warning",
      "scope": "candidate-dedup",
      "recordId": "bfee8f4eb7eabba2047b8b2270beef764a3942811cda8134d75c15c171c0c26a",
      "message": "Duplicate candidate source hash detected across ids: cand-2a5e6ffe, cand-51397d04, cand-9cbc4c5f, cand-a93778fa, cand-bbb67c15, cand-fdc1ae65"
    }
  ],
  "summary": {
    "experiments": 611,
    "candidates": 561,
    "taskBatches": 131
  },
  "stateRoot": "C:\\Users\\hanji\\Desktop\\AF\\state\\pi-autoresearch",
  "tracePath": "C:\\Users\\hanji\\Desktop\\AF\\state\\pi-autoresearch\\traces\\validate-ledger-2026-05-01T01-41-01-500Z-trace-d094110a.jsonl"
}
[2026-05-01T10:41:05.1841182+09:00] iteration 6: validate-ledger exit=0
[2026-05-01T10:41:05.1846217+09:00] iteration 6: rebuild-indexes --verify start
??injected env (11) from .env // tip: ??override existing { override: true }
[?몃뜳???ъ깮???쒖옉] ?몃뜳???ъ깮??| ?뚯깮 ?몃뜳?ㅻ? ?ъ깮?깊빀?덈떎. state: C:\Users\hanji\Desktop\AF\state\pi-autoresearch | 2026-05-01T01:41:07.447Z
[?몃뜳???ъ깮???꾨즺] ?몃뜳???ъ깮??| ?뚯깮 ?몃뜳???ъ깮?깆쓣 留덉낀?듬땲?? state: C:\Users\hanji\Desktop\AF\state\pi-autoresearch | 2026-05-01T01:41:18.279Z
{
  "rebuilt": true,
  "stateRoot": "C:\\Users\\hanji\\Desktop\\AF\\state\\pi-autoresearch",
  "autonomousState": {
    "generatedAt": "2026-05-01T01:41:11.294Z",
    "activeChampionCandidateId": "cand-42ed2fa4",
    "activeChampionScore": 0.7879,
    "activeChampionDecision": "local_candidate_eligible",
    "championOrigin": "autonomous",
    "researchMaturity": "steady_state",
    "selectedBy": "auto_policy",
    "selectionPolicyVersion": "autonomous-local-first/v3-p0",
    "objectivePolicyVersion": "objective.qqq-120m/v1",
    "headEventCount": 2,
    "archiveEventCount": 302,
    "calibrationEventCount": 315,
    "calibrationCandidateCount": 287,
    "divergenceCount": 27,
    "localConfidenceUpdateCount": 27,
    "problemEventCount": 203,
    "repairAttemptCount": 102,
    "localEvaluationCount": 391,
    "localEligibleCount": 224,
    "bootstrapCompatibleCount": 0,
    "bootstrapEligibleCount": 0,
    "bootstrapStatus": "not_started",
    "bootstrapSource": null,
    "bootstrapReason": null,
    "localRejectedCount": 162,
    "topBlockingReason": "low_trade_count",
    "pendingCalibrationCandidateCount": 259,
    "pendingCalibrationCandidateIds": [
      "cand-0e6a0180",
      "cand-9f33e80b",
      "cand-772d8a1e",
      "cand-f28d2e01",
      "cand-9a5dbcc7",
      "cand-b01be933",
      "cand-0a692f84",
      "cand-4f8faae3",
      "cand-35a74bba",
      "cand-c6b25611",
      "cand-ccdae17b",
      "cand-b8102dcd",
      "cand-8a1fe27b",
      "cand-ebbdd6a9",
      "cand-80dfaaa1",
      "cand-03f30a70",
      "cand-2f290563",
      "cand-e76cded5",
      "cand-710d8bc6",
      "cand-dd7e63cf",
      "cand-949bf032",
      "cand-b14595e0",
      "cand-90dc4ec3",
      "cand-f1103886",
      "cand-77224b87",
      "cand-55f47b32",
      "cand-cb18c54a",
      "cand-8a1a7cf2",
      "cand-db12aa7d",
      "cand-eb3175fc",
      "cand-ce89005b",
      "cand-b333865d",
      "cand-14f5f8ff",
      "cand-87a7fa06",
      "cand-609d9f19",
      "cand-09a0ae17",
      "cand-fbb3fb78",
      "cand-7bff0c1a",
      "cand-6e976c42",
      "cand-eaf67b92",
      "cand-ea5075a8",
      "cand-c0d6f969",
      "cand-946579c0",
      "cand-1638111b",
      "cand-840b49c0",
      "cand-a1b63e8c",
      "cand-d3fa966c",
      "cand-af6ef21e",
      "cand-c5832df6",
      "cand-57321a8c",
      "cand-3004b0f8",
      "cand-00644032",
      "cand-6272ab0f",
      "cand-7b341ad0",
      "cand-5c90b0de",
      "cand-350b7e7b",
      "cand-05218055",
      "cand-6ebbd52a",
      "cand-9edd626e",
      "cand-5d685d8a",
      "cand-addb3d5a",
      "cand-1a03e904",
      "cand-935b6a7d",
      "cand-11e460d8",
      "cand-58484f09",
      "cand-c3549cdc",
      "cand-e000c048",
      "cand-5927e5ca",
      "cand-7ae4d6eb",
      "cand-bd3c959f",
      "cand-ad98c7fd",
      "cand-a3456179",
      "cand-fa19c7db",
      "cand-8211114e",
      "cand-737e8acc",
      "cand-9ae5abb8",
      "cand-f68c494c",
      "cand-0cb06744",
      "cand-c4540c5e",
      "cand-887ba798",
      "cand-334ff9ed",
      "cand-1e7bb092",
      "cand-940106ac",
      "cand-b1575fba",
      "cand-1c1cb560",
      "cand-2ba5ca56",
      "cand-4e158d7d",
      "cand-ee1867a5",
      "cand-ccf655ee",
      "cand-2f2f67f1",
      "cand-dd0d4883",
      "cand-9e390b78",
      "cand-2b509e63",
      "cand-a42bb737",
      "cand-ba65a405",
      "cand-95b5fcb4",
      "cand-c1decc14",
      "cand-fad40100",
      "cand-3d99c3c3",
      "cand-ed6ed300",
      "cand-36473405",
      "cand-32556840",
      "cand-056beb3f",
      "cand-fef34f1d",
      "cand-4e58abee",
      "cand-6c095f1d",
      "cand-72fdbd0a",
      "cand-1a73f98c",
      "cand-60e5fb9a",
      "cand-fbd6e1cd",
      "cand-6fa9e64c",
      "cand-b3ce6dfd",
      "cand-d7b18242",
      "cand-cddf1147",
      "cand-a2b17756",
      "cand-4106d658",
      "cand-bf2319b1",
      "cand-1be3a1ed",
      "cand-ec8276d1",
      "cand-66da2fad",
      "cand-10487d69",
      "cand-a0b082a6",
      "cand-e1c37158",
      "cand-3924bc09",
      "cand-c5a37a36",
      "cand-9f921b3b",
      "cand-976660f2",
      "cand-1fd659d1",
      "cand-1ebe3284",
      "cand-a05583cb",
      "cand-68e1f6c0",
      "cand-939bafa7",
      "cand-5dfb966e",
      "cand-ec9d7a77",
      "cand-c9bd8a69",
      "cand-cad467d1",
      "cand-30ca4ecf",
      "cand-274a3d78",
      "cand-8f6a1544",
      "cand-be21675f",
      "cand-17c07e8f",
      "cand-60166f81",
      "cand-8f82de94",
      "cand-42460886",
      "cand-9295e93d",
      "cand-5a54f71c",
      "cand-a12eacdf",
      "cand-5b236726",
      "cand-dbfe05b6",
      "cand-eb4f9103",
      "cand-294a8337",
      "cand-54d331f7",
      "cand-303f93be",
      "cand-64ceccd8",
      "cand-82301049",
      "cand-cb926322",
      "cand-9740ccd3",
      "cand-45f69d7a",
      "cand-8195e18c",
      "cand-9ad02865",
      "cand-b0561318",
      "cand-77645d5d",
      "cand-3913b48a",
      "cand-d8c529f0",
      "cand-3e0617a5",
      "cand-796b47d8",
      "cand-da5bc8a6",
      "cand-6385aa99",
      "cand-ce0fb6b8",
      "cand-f53efe87",
      "cand-541078ba",
      "cand-102cde43",
      "cand-99a518c8",
      "cand-45eae1ed",
      "cand-5fa9bbca",
      "cand-58a6bc67",
      "cand-e2e95d0b",
      "cand-e7d44996",
      "cand-4fd1f661",
      "cand-f8a32482",
      "cand-65221fbc",
      "cand-0dcbc429",
      "cand-7237f414",
      "cand-13ab4eb7",
      "cand-03a62626",
      "cand-74403bc5",
      "cand-08afa655",
      "cand-8fc0ffa2",
      "cand-6b8a91fa",
      "cand-6b160ae4",
      "cand-e4ab8440",
      "cand-292c094d",
      "cand-bf066e31",
      "cand-bf45bffc",
      "cand-33777180",
      "cand-67548c32",
      "cand-af1ed124",
      "cand-fd3f325b",
      "cand-e8320fab",
      "cand-51877b36",
      "cand-f80d7394",
      "cand-d2b04e0c",
      "cand-d865401d",
      "cand-c2337d4e",
      "cand-bd0f8191",
      "cand-2e68882f",
      "cand-94bc57ed",
      "cand-93a15ca5",
      "cand-197cf126",
      "cand-4e21422c",
      "cand-cc3ed2d8",
      "cand-ad84fefa",
      "cand-e3e4e13a",
      "cand-6d2901b8",
      "cand-c7985187",
      "cand-a3fa7fcf",
      "cand-2181b4f2",
      "cand-e803ef34",
      "cand-cc7eb308",
      "cand-8c710851",
      "cand-8045892e",
      "cand-17273829",
      "cand-e3d89e08",
      "cand-118d9dbb",
      "cand-1a318968",
      "cand-5665b571",
      "cand-80f55e73",
      "cand-74341bb6",
      "cand-6a470e0a",
      "cand-bac89ce5",
      "cand-9a0a92b6",
      "cand-91ef422b",
      "cand-63b039ec",
      "cand-5f4ecea5",
      "cand-eb5c0c9f",
      "cand-f7398180",
      "cand-b8e26ed1",
      "cand-97e78627",
      "cand-8cfb97d5",
      "cand-2c409867",
      "cand-990db2d3",
      "cand-d3505cb8",
      "cand-c99b76d2",
      "cand-49bf1eca",
      "cand-a32fd47a",
      "cand-60aab7fe",
      "cand-3f27c596",
      "cand-7d7ec144",
      "cand-dbed99a3",
      "cand-a5ddec79",
      "cand-f35eb742",
      "cand-df9c33cc",
      "cand-3bde95a6",
      "cand-5e145275",
      "cand-93924d92",
      "cand-de4d3ae4",
      "cand-6f7e7135",
      "cand-8c77c5e2",
      "cand-ed7049a5"
    ],
    "recentProblemKinds": [
      "local_backtest_fail",
      "local_backtest_fail",
      "pine_preflight_fail",
      "local_backtest_fail",
      "local_backtest_fail"
    ],
    "recentRepairResults": [
      {
        "repairKind": "pine_source_repair",
        "result": "success",
        "repairedCandidateId": "cand-7d7ec144",
        "summary": "Applied deterministic time-boxed preflight repair after blocking sparse event-source issues."
      },
      {
        "repairKind": "pine_source_repair",
        "result": "success",
        "repairedCandidateId": "cand-faad06fe",
        "summary": "Applied deterministic time-boxed preflight repair after blocking sparse event-source issues."
      },
      {
        "repairKind": "risk_logic_repair",
        "result": "success",
        "repairedCandidateId": "cand-dbed99a3",
        "summary": "Requested risk_logic_repair after local_backtest_fail."
      },
      {
        "repairKind": "pine_source_repair",
        "result": "success",
        "repairedCandidateId": "cand-a5ddec79",
        "summary": "Applied deterministic time-boxed preflight repair after blocking sparse event-source issues."
      },
      {
        "repairKind": "entry_frequency_repair",
        "result": "success",
        "repairedCandidateId": "cand-df9c33cc",
        "summary": "Requested entry_frequency_repair after local_backtest_fail."
      }
    ],
    "scoreFeedbackObserved": true,
    "stage6Readiness": {
      "generatedAt": "2026-04-30T05:22:53.680Z",
      "evaluated": true,
      "passed": true,
      "mode": "deterministic",
      "countRequested": 10,
      "countCompleted": 10,
      "countFailed": 0,
      "activeChampionCandidateId": "cand-a64e2088",
      "freshBootstrapPassed": true,
      "multiIterationPassed": true,
      "rootIsolationPassed": true,
      "repairTraceabilityPassed": true,
      "calibrationQueuePassed": true,
      "scoreFeedbackPassed": true,
      "feedbackClosureRequired": false,
      "calibrationMode": "queue_only",
      "ledgerValidationPassed": true,
      "indexVerificationPassed": true,
      "rootIsolationStatus": {
        "status": "passed",
        "customStateRoot": "C:\\Users\\hanji\\AppData\\Local\\Temp\\af-stage6-state-YAZZ8Y",
        "defaultWorkspaceStateRoot": "C:\\Users\\hanji\\AppData\\Local\\Temp\\af-stage6-workspace-Nnkt1H\\state\\pi-autoresearch",
        "customContextExists": true,
        "defaultWorkspaceStateHasArtifacts": false
      },
      "repairTraceabilityStatus": {
        "status": "passed",
        "successfulRepairCount": 10,
        "successfulRepairsWithoutCandidateCount": 0
      },
      "feedbackClosureStatus": {
        "status": "passed",
        "required": false,
        "promptFeedbackObserved": true,
        "scoreBreakdownFeedbackObserved": false,
        "divergenceCount": 0,
        "confidenceUpdateCount": 0
      },
      "evidence": {
        "tempWorkspaceRoot": null,
        "tempStateRoot": null,
        "localEvaluationCount": 19,
        "headEventCount": 2,
        "archiveEventCount": 11,
        "calibrationEventCount": 2,
        "mutationBriefCount": 18,
        "problemEventCount": 18,
        "repairAttemptCount": 10,
        "deadlineBreachCount": 0
      },
      "warnings": []
    },
    "lastStage6GatePassed": true,
    "rootIsolationStatus": {
      "status": "passed",
      "customStateRoot": "C:\\Users\\hanji\\AppData\\Local\\Temp\\af-stage6-state-YAZZ8Y",
      "defaultWorkspaceStateRoot": "C:\\Users\\hanji\\AppData\\Local\\Temp\\af-stage6-workspace-Nnkt1H\\state\\pi-autoresearch",
      "customContextExists": true,
      "defaultWorkspaceStateHasArtifacts": false
    },
    "repairTraceabilityStatus": {
      "status": "passed",
      "successfulRepairCount": 10,
      "successfulRepairsWithoutCandidateCount": 0
    },
    "feedbackClosureStatus": {
      "status": "passed",
      "required": false,
      "promptFeedbackObserved": true,
      "scoreBreakdownFeedbackObserved": false,
      "divergenceCount": 0,
      "confidenceUpdateCount": 0
    },
    "nextPlannedAction": "local_compatibility_repair",
    "loopMode": "local-first",
    "defaultOperationalView": "v3_autonomous_local_first",
    "projectRoot": "C:\\Users\\hanji\\Desktop\\AF",
    "workspaceRoot": "C:\\Users\\hanji\\Desktop\\AF",
    "stateRoot": "C:\\Users\\hanji\\Desktop\\AF\\state\\pi-autoresearch",
    "traceRoot": "C:\\Users\\hanji\\Desktop\\AF\\state\\pi-autoresearch\\traces",
    "artifactRoot": "C:\\Users\\hanji\\Desktop\\AF\\state\\pi-autoresearch\\artifacts",
    "evidenceRoot": "C:\\Users\\hanji\\Desktop\\AF\\state\\pi-autoresearch\\evidence",
    "runtimeRoot": "C:\\Users\\hanji\\Desktop\\AF\\state\\pi-autoresearch\\runtime",
    "tvVerificationCount": 28,
    "tvHealth": "unavailable",
    "calibrationAutoProcess": false,
    "calibrationMode": "queue_only",
    "lastTvSurfaceFailure": {
      "candidateId": "cand-c6235b65",
      "decision": "tv_surface_failure",
      "iteration": 279,
      "tvCalibrationStatus": "surface_failure",
      "recordedAt": "2026-04-29T18:46:19.526Z"
    },
    "humanOverride": false
  },
  "verification": {
    "ok": true,
    "issues": []
  },
  "tracePath": "C:\\Users\\hanji\\Desktop\\AF\\state\\pi-autoresearch\\traces\\rebuild-indexes-2026-05-01T01-41-05-427Z-trace-cfe9bcfd.jsonl"
}
[2026-05-01T10:41:18.4656748+09:00] iteration 6: rebuild-indexes --verify exit=0
[2026-05-01T10:41:28.4807864+09:00] iteration 7: run-autonomous-loop start
??injected env (11) from .env // tip: ??custom filepath { path: '/custom/path/.env' }
[autonomous.loop.start] run-autonomous-loop | Starting autonomous local-first loop | 2026-05-01T01:41:28.719Z
[iteration.started] run-autonomous-loop | Starting autonomous iteration | 2026-05-01T01:41:28.721Z
[phase.started] run-autonomous-loop | Initializing autonomous workspace | 2026-05-01T01:41:28.724Z
[phase.completed] run-autonomous-loop | Initializing autonomous workspace | 2026-05-01T01:41:30.740Z
[phase.started] run-autonomous-loop | Generating autonomous mutation candidate | 2026-05-01T01:41:32.115Z
[autonomous.mutation.request] run-autonomous-loop | Sending autonomous mutation request | 2026-05-01T01:41:32.116Z
[phase.completed] run-autonomous-loop | Generating autonomous mutation candidate | 2026-05-01T01:43:50.763Z
[phase.started] run-autonomous-loop | Evaluating autonomous candidate locally | 2026-05-01T01:43:50.764Z
[autonomous.market_context_ready] run-autonomous-loop | Local-first market context is ready | 2026-05-01T01:43:50.771Z
[autonomous.local_evaluation] run-autonomous-loop | Local autonomous evaluation completed | 2026-05-01T01:43:50.848Z
[phase.completed] run-autonomous-loop | Evaluating autonomous candidate locally | 2026-05-01T01:43:50.884Z
[phase.started] run-autonomous-loop | Repairing autonomous candidate after local failure | 2026-05-01T01:43:50.884Z
[phase.completed] run-autonomous-loop | Repairing autonomous candidate after local failure | 2026-05-01T01:45:54.290Z
[phase.started] run-autonomous-loop | Evaluating repaired autonomous candidate locally | 2026-05-01T01:45:55.382Z
[autonomous.market_context_ready] run-autonomous-loop | Local-first market context is ready | 2026-05-01T01:45:55.387Z
[autonomous.local_evaluation] run-autonomous-loop | Local autonomous evaluation completed | 2026-05-01T01:45:55.440Z
[phase.completed] run-autonomous-loop | Evaluating repaired autonomous candidate locally | 2026-05-01T01:45:55.474Z
[phase.started] run-autonomous-loop | Updating autonomous archive views | 2026-05-01T01:45:55.475Z
[phase.completed] run-autonomous-loop | Updating autonomous archive views | 2026-05-01T01:45:55.478Z
[phase.started] run-autonomous-loop | Queueing candidate for TradingView calibration | 2026-05-01T01:45:55.478Z
[phase.completed] run-autonomous-loop | Queueing candidate for TradingView calibration | 2026-05-01T01:45:55.481Z
[phase.started] run-autonomous-loop | Selecting active autonomous champion | 2026-05-01T01:45:56.505Z
[phase.completed] run-autonomous-loop | Selecting active autonomous champion | 2026-05-01T01:45:57.382Z
[phase.started] run-autonomous-loop | Rebuilding derived autonomous views | 2026-05-01T01:45:57.386Z
[phase.completed] run-autonomous-loop | Rebuilding derived autonomous views | 2026-05-01T01:45:59.788Z
[iteration.completed] run-autonomous-loop | Autonomous iteration completed | 2026-05-01T01:45:59.788Z
{
  "countRequested": 1,
  "countCompleted": 1,
  "countFailed": 0,
  "results": [
    {
      "runId": "autonomous-1777599688722",
      "iteration": 612,
      "candidateId": "cand-cc2ebf60",
      "localDecision": "local_candidate_rejected",
      "activeChampionChanged": false,
      "activeChampionCandidateId": "cand-42ed2fa4"
    }
  ],
  "deadlineBreaches": [],
  "autonomousState": {
    "generatedAt": "2026-05-01T01:46:01.678Z",
    "activeChampionCandidateId": "cand-42ed2fa4",
    "activeChampionScore": 0.7879,
    "activeChampionDecision": "local_candidate_eligible",
    "championOrigin": "autonomous",
    "researchMaturity": "steady_state",
    "selectedBy": "auto_policy",
    "selectionPolicyVersion": "autonomous-local-first/v3-p0",
    "objectivePolicyVersion": "objective.qqq-120m/v1",
    "headEventCount": 2,
    "archiveEventCount": 303,
    "calibrationEventCount": 316,
    "calibrationCandidateCount": 288,
    "divergenceCount": 27,
    "localConfidenceUpdateCount": 27,
    "problemEventCount": 205,
    "repairAttemptCount": 103,
    "localEvaluationCount": 393,
    "localEligibleCount": 224,
    "bootstrapCompatibleCount": 0,
    "bootstrapEligibleCount": 0,
    "bootstrapStatus": "not_started",
    "bootstrapSource": null,
    "bootstrapReason": null,
    "localRejectedCount": 164,
    "topBlockingReason": "low_trade_count",
    "pendingCalibrationCandidateCount": 260,
    "pendingCalibrationCandidateIds": [
      "cand-0e6a0180",
      "cand-9f33e80b",
      "cand-772d8a1e",
      "cand-f28d2e01",
      "cand-9a5dbcc7",
      "cand-b01be933",
      "cand-0a692f84",
      "cand-4f8faae3",
      "cand-35a74bba",
      "cand-c6b25611",
      "cand-ccdae17b",
      "cand-b8102dcd",
      "cand-8a1fe27b",
      "cand-ebbdd6a9",
      "cand-80dfaaa1",
      "cand-03f30a70",
      "cand-2f290563",
      "cand-e76cded5",
      "cand-710d8bc6",
      "cand-dd7e63cf",
      "cand-949bf032",
      "cand-b14595e0",
      "cand-90dc4ec3",
      "cand-f1103886",
      "cand-77224b87",
      "cand-55f47b32",
      "cand-cb18c54a",
      "cand-8a1a7cf2",
      "cand-db12aa7d",
      "cand-eb3175fc",
      "cand-ce89005b",
      "cand-b333865d",
      "cand-14f5f8ff",
      "cand-87a7fa06",
      "cand-609d9f19",
      "cand-09a0ae17",
      "cand-fbb3fb78",
      "cand-7bff0c1a",
      "cand-6e976c42",
      "cand-eaf67b92",
      "cand-ea5075a8",
      "cand-c0d6f969",
      "cand-946579c0",
      "cand-1638111b",
      "cand-840b49c0",
      "cand-a1b63e8c",
      "cand-d3fa966c",
      "cand-af6ef21e",
      "cand-c5832df6",
      "cand-57321a8c",
      "cand-3004b0f8",
      "cand-00644032",
      "cand-6272ab0f",
      "cand-7b341ad0",
      "cand-5c90b0de",
      "cand-350b7e7b",
      "cand-05218055",
      "cand-6ebbd52a",
      "cand-9edd626e",
      "cand-5d685d8a",
      "cand-addb3d5a",
      "cand-1a03e904",
      "cand-935b6a7d",
      "cand-11e460d8",
      "cand-58484f09",
      "cand-c3549cdc",
      "cand-e000c048",
      "cand-5927e5ca",
      "cand-7ae4d6eb",
      "cand-bd3c959f",
      "cand-ad98c7fd",
      "cand-a3456179",
      "cand-fa19c7db",
      "cand-8211114e",
      "cand-737e8acc",
      "cand-9ae5abb8",
      "cand-f68c494c",
      "cand-0cb06744",
      "cand-c4540c5e",
      "cand-887ba798",
      "cand-334ff9ed",
      "cand-1e7bb092",
      "cand-940106ac",
      "cand-b1575fba",
      "cand-1c1cb560",
      "cand-2ba5ca56",
      "cand-4e158d7d",
      "cand-ee1867a5",
      "cand-ccf655ee",
      "cand-2f2f67f1",
      "cand-dd0d4883",
      "cand-9e390b78",
      "cand-2b509e63",
      "cand-a42bb737",
      "cand-ba65a405",
      "cand-95b5fcb4",
      "cand-c1decc14",
      "cand-fad40100",
      "cand-3d99c3c3",
      "cand-ed6ed300",
      "cand-36473405",
      "cand-32556840",
      "cand-056beb3f",
      "cand-fef34f1d",
      "cand-4e58abee",
      "cand-6c095f1d",
      "cand-72fdbd0a",
      "cand-1a73f98c",
      "cand-60e5fb9a",
      "cand-fbd6e1cd",
      "cand-6fa9e64c",
      "cand-b3ce6dfd",
      "cand-d7b18242",
      "cand-cddf1147",
      "cand-a2b17756",
      "cand-4106d658",
      "cand-bf2319b1",
      "cand-1be3a1ed",
      "cand-ec8276d1",
      "cand-66da2fad",
      "cand-10487d69",
      "cand-a0b082a6",
      "cand-e1c37158",
      "cand-3924bc09",
      "cand-c5a37a36",
      "cand-9f921b3b",
      "cand-976660f2",
      "cand-1fd659d1",
      "cand-1ebe3284",
      "cand-a05583cb",
      "cand-68e1f6c0",
      "cand-939bafa7",
      "cand-5dfb966e",
      "cand-ec9d7a77",
      "cand-c9bd8a69",
      "cand-cad467d1",
      "cand-30ca4ecf",
      "cand-274a3d78",
      "cand-8f6a1544",
      "cand-be21675f",
      "cand-17c07e8f",
      "cand-60166f81",
      "cand-8f82de94",
      "cand-42460886",
      "cand-9295e93d",
      "cand-5a54f71c",
      "cand-a12eacdf",
      "cand-5b236726",
      "cand-dbfe05b6",
      "cand-eb4f9103",
      "cand-294a8337",
      "cand-54d331f7",
      "cand-303f93be",
      "cand-64ceccd8",
      "cand-82301049",
      "cand-cb926322",
      "cand-9740ccd3",
      "cand-45f69d7a",
      "cand-8195e18c",
      "cand-9ad02865",
      "cand-b0561318",
      "cand-77645d5d",
      "cand-3913b48a",
      "cand-d8c529f0",
      "cand-3e0617a5",
      "cand-796b47d8",
      "cand-da5bc8a6",
      "cand-6385aa99",
      "cand-ce0fb6b8",
      "cand-f53efe87",
      "cand-541078ba",
      "cand-102cde43",
      "cand-99a518c8",
      "cand-45eae1ed",
      "cand-5fa9bbca",
      "cand-58a6bc67",
      "cand-e2e95d0b",
      "cand-e7d44996",
      "cand-4fd1f661",
      "cand-f8a32482",
      "cand-65221fbc",
      "cand-0dcbc429",
      "cand-7237f414",
      "cand-13ab4eb7",
      "cand-03a62626",
      "cand-74403bc5",
      "cand-08afa655",
      "cand-8fc0ffa2",
      "cand-6b8a91fa",
      "cand-6b160ae4",
      "cand-e4ab8440",
      "cand-292c094d",
      "cand-bf066e31",
      "cand-bf45bffc",
      "cand-33777180",
      "cand-67548c32",
      "cand-af1ed124",
      "cand-fd3f325b",
      "cand-e8320fab",
      "cand-51877b36",
      "cand-f80d7394",
      "cand-d2b04e0c",
      "cand-d865401d",
      "cand-c2337d4e",
      "cand-bd0f8191",
      "cand-2e68882f",
      "cand-94bc57ed",
      "cand-93a15ca5",
      "cand-197cf126",
      "cand-4e21422c",
      "cand-cc3ed2d8",
      "cand-ad84fefa",
      "cand-e3e4e13a",
      "cand-6d2901b8",
      "cand-c7985187",
      "cand-a3fa7fcf",
      "cand-2181b4f2",
      "cand-e803ef34",
      "cand-cc7eb308",
      "cand-8c710851",
      "cand-8045892e",
      "cand-17273829",
      "cand-e3d89e08",
      "cand-118d9dbb",
      "cand-1a318968",
      "cand-5665b571",
      "cand-80f55e73",
      "cand-74341bb6",
      "cand-6a470e0a",
      "cand-bac89ce5",
      "cand-9a0a92b6",
      "cand-91ef422b",
      "cand-63b039ec",
      "cand-5f4ecea5",
      "cand-eb5c0c9f",
      "cand-f7398180",
      "cand-b8e26ed1",
      "cand-97e78627",
      "cand-8cfb97d5",
      "cand-2c409867",
      "cand-990db2d3",
      "cand-d3505cb8",
      "cand-c99b76d2",
      "cand-49bf1eca",
      "cand-a32fd47a",
      "cand-60aab7fe",
      "cand-3f27c596",
      "cand-7d7ec144",
      "cand-dbed99a3",
      "cand-a5ddec79",
      "cand-f35eb742",
      "cand-df9c33cc",
      "cand-3bde95a6",
      "cand-5e145275",
      "cand-93924d92",
      "cand-de4d3ae4",
      "cand-6f7e7135",
      "cand-8c77c5e2",
      "cand-ed7049a5",
      "cand-cc2ebf60"
    ],
    "recentProblemKinds": [
      "pine_preflight_fail",
      "local_backtest_fail",
      "local_backtest_fail",
      "local_backtest_fail",
      "local_backtest_fail"
    ],
    "recentRepairResults": [
      {
        "repairKind": "pine_source_repair",
        "result": "success",
        "repairedCandidateId": "cand-faad06fe",
        "summary": "Applied deterministic time-boxed preflight repair after blocking sparse event-source issues."
      },
      {
        "repairKind": "risk_logic_repair",
        "result": "success",
        "repairedCandidateId": "cand-dbed99a3",
        "summary": "Requested risk_logic_repair after local_backtest_fail."
      },
      {
        "repairKind": "pine_source_repair",
        "result": "success",
        "repairedCandidateId": "cand-a5ddec79",
        "summary": "Applied deterministic time-boxed preflight repair after blocking sparse event-source issues."
      },
      {
        "repairKind": "entry_frequency_repair",
        "result": "success",
        "repairedCandidateId": "cand-df9c33cc",
        "summary": "Requested entry_frequency_repair after local_backtest_fail."
      },
      {
        "repairKind": "risk_logic_repair",
        "result": "success",
        "repairedCandidateId": "cand-cc2ebf60",
        "summary": "Requested risk_logic_repair after local_backtest_fail."
      }
    ],
    "scoreFeedbackObserved": true,
    "stage6Readiness": {
      "generatedAt": "2026-04-30T05:22:53.680Z",
      "evaluated": true,
      "passed": true,
      "mode": "deterministic",
      "countRequested": 10,
      "countCompleted": 10,
      "countFailed": 0,
      "activeChampionCandidateId": "cand-a64e2088",
      "freshBootstrapPassed": true,
      "multiIterationPassed": true,
      "rootIsolationPassed": true,
      "repairTraceabilityPassed": true,
      "calibrationQueuePassed": true,
      "scoreFeedbackPassed": true,
      "feedbackClosureRequired": false,
      "calibrationMode": "queue_only",
      "ledgerValidationPassed": true,
      "indexVerificationPassed": true,
      "rootIsolationStatus": {
        "status": "passed",
        "customStateRoot": "C:\\Users\\hanji\\AppData\\Local\\Temp\\af-stage6-state-YAZZ8Y",
        "defaultWorkspaceStateRoot": "C:\\Users\\hanji\\AppData\\Local\\Temp\\af-stage6-workspace-Nnkt1H\\state\\pi-autoresearch",
        "customContextExists": true,
        "defaultWorkspaceStateHasArtifacts": false
      },
      "repairTraceabilityStatus": {
        "status": "passed",
        "successfulRepairCount": 10,
        "successfulRepairsWithoutCandidateCount": 0
      },
      "feedbackClosureStatus": {
        "status": "passed",
        "required": false,
        "promptFeedbackObserved": true,
        "scoreBreakdownFeedbackObserved": false,
        "divergenceCount": 0,
        "confidenceUpdateCount": 0
      },
      "evidence": {
        "tempWorkspaceRoot": null,
        "tempStateRoot": null,
        "localEvaluationCount": 19,
        "headEventCount": 2,
        "archiveEventCount": 11,
        "calibrationEventCount": 2,
        "mutationBriefCount": 18,
        "problemEventCount": 18,
        "repairAttemptCount": 10,
        "deadlineBreachCount": 0
      },
      "warnings": []
    },
    "lastStage6GatePassed": true,
    "rootIsolationStatus": {
      "status": "passed",
      "customStateRoot": "C:\\Users\\hanji\\AppData\\Local\\Temp\\af-stage6-state-YAZZ8Y",
      "defaultWorkspaceStateRoot": "C:\\Users\\hanji\\AppData\\Local\\Temp\\af-stage6-workspace-Nnkt1H\\state\\pi-autoresearch",
      "customContextExists": true,
      "defaultWorkspaceStateHasArtifacts": false
    },
    "repairTraceabilityStatus": {
      "status": "passed",
      "successfulRepairCount": 10,
      "successfulRepairsWithoutCandidateCount": 0
    },
    "feedbackClosureStatus": {
      "status": "passed",
      "required": false,
      "promptFeedbackObserved": true,
      "scoreBreakdownFeedbackObserved": false,
      "divergenceCount": 0,
      "confidenceUpdateCount": 0
    },
    "nextPlannedAction": "local_compatibility_repair",
    "loopMode": "local-first",
    "defaultOperationalView": "v3_autonomous_local_first",
    "projectRoot": "C:\\Users\\hanji\\Desktop\\AF",
    "workspaceRoot": "C:\\Users\\hanji\\Desktop\\AF",
    "stateRoot": "C:\\Users\\hanji\\Desktop\\AF\\state\\pi-autoresearch",
    "traceRoot": "C:\\Users\\hanji\\Desktop\\AF\\state\\pi-autoresearch\\traces",
    "artifactRoot": "C:\\Users\\hanji\\Desktop\\AF\\state\\pi-autoresearch\\artifacts",
    "evidenceRoot": "C:\\Users\\hanji\\Desktop\\AF\\state\\pi-autoresearch\\evidence",
    "runtimeRoot": "C:\\Users\\hanji\\Desktop\\AF\\state\\pi-autoresearch\\runtime",
    "tvVerificationCount": 28,
    "tvHealth": "unavailable",
    "calibrationAutoProcess": false,
    "calibrationMode": "queue_only",
    "lastTvSurfaceFailure": {
      "candidateId": "cand-c6235b65",
      "decision": "tv_surface_failure",
      "iteration": 279,
      "tvCalibrationStatus": "surface_failure",
      "recordedAt": "2026-04-29T18:46:19.526Z"
    },
    "humanOverride": false
  },
  "tracePath": "C:\\Users\\hanji\\Desktop\\AF\\state\\pi-autoresearch\\traces\\run-autonomous-loop-2026-05-01T01-41-28-719Z-trace-5e2bf420.jsonl"
}
[2026-05-01T10:46:02.4766306+09:00] iteration 7: run-autonomous-loop exit=0
[2026-05-01T10:46:02.4766306+09:00] iteration 7: validate-ledger start
??injected env (11) from .env // tip: ??encrypted .env [www.dotenvx.com]
[ledger.validation] validate-ledger | Ledger validation completed | 2026-05-01T01:46:06.377Z
{
  "ok": true,
  "errorCount": 0,
  "warningCount": 6,
  "issues": [
    {
      "severity": "warning",
      "scope": "experiment-record-meta",
      "recordId": "cand-f918d6d8",
      "message": "recordHash does not match the serialized experiment record."
    },
    {
      "severity": "warning",
      "scope": "experiment-record-meta",
      "recordId": "cand-3f99a396",
      "message": "recordHash does not match the serialized experiment record."
    },
    {
      "severity": "warning",
      "scope": "experiment-record-meta",
      "recordId": "cand-93a71a19",
      "message": "recordHash does not match the serialized experiment record."
    },
    {
      "severity": "warning",
      "scope": "experiment-record-meta",
      "recordId": "cand-560e2d3b",
      "message": "recordHash does not match the serialized experiment record."
    },
    {
      "severity": "warning",
      "scope": "experiment-record-meta",
      "recordId": "cand-24b4021d",
      "message": "recordHash does not match the serialized experiment record."
    },
    {
      "severity": "warning",
      "scope": "candidate-dedup",
      "recordId": "bfee8f4eb7eabba2047b8b2270beef764a3942811cda8134d75c15c171c0c26a",
      "message": "Duplicate candidate source hash detected across ids: cand-2a5e6ffe, cand-51397d04, cand-9cbc4c5f, cand-a93778fa, cand-bbb67c15, cand-fdc1ae65"
    }
  ],
  "summary": {
    "experiments": 613,
    "candidates": 563,
    "taskBatches": 131
  },
  "stateRoot": "C:\\Users\\hanji\\Desktop\\AF\\state\\pi-autoresearch",
  "tracePath": "C:\\Users\\hanji\\Desktop\\AF\\state\\pi-autoresearch\\traces\\validate-ledger-2026-05-01T01-46-02-704Z-trace-07608ebd.jsonl"
}
[2026-05-01T10:46:06.4435173+09:00] iteration 7: validate-ledger exit=0
[2026-05-01T10:46:06.4445176+09:00] iteration 7: rebuild-indexes --verify start
??injected env (11) from .env // tip: ??enable debugging { debug: true }
[?몃뜳???ъ깮???쒖옉] ?몃뜳???ъ깮??| ?뚯깮 ?몃뜳?ㅻ? ?ъ깮?깊빀?덈떎. state: C:\Users\hanji\Desktop\AF\state\pi-autoresearch | 2026-05-01T01:46:08.783Z
[?몃뜳???ъ깮???꾨즺] ?몃뜳???ъ깮??| ?뚯깮 ?몃뜳???ъ깮?깆쓣 留덉낀?듬땲?? state: C:\Users\hanji\Desktop\AF\state\pi-autoresearch | 2026-05-01T01:46:19.787Z
{
  "rebuilt": true,
  "stateRoot": "C:\\Users\\hanji\\Desktop\\AF\\state\\pi-autoresearch",
  "autonomousState": {
    "generatedAt": "2026-05-01T01:46:12.649Z",
    "activeChampionCandidateId": "cand-42ed2fa4",
    "activeChampionScore": 0.7879,
    "activeChampionDecision": "local_candidate_eligible",
    "championOrigin": "autonomous",
    "researchMaturity": "steady_state",
    "selectedBy": "auto_policy",
    "selectionPolicyVersion": "autonomous-local-first/v3-p0",
    "objectivePolicyVersion": "objective.qqq-120m/v1",
    "headEventCount": 2,
    "archiveEventCount": 303,
    "calibrationEventCount": 316,
    "calibrationCandidateCount": 288,
    "divergenceCount": 27,
    "localConfidenceUpdateCount": 27,
    "problemEventCount": 205,
    "repairAttemptCount": 103,
    "localEvaluationCount": 393,
    "localEligibleCount": 224,
    "bootstrapCompatibleCount": 0,
    "bootstrapEligibleCount": 0,
    "bootstrapStatus": "not_started",
    "bootstrapSource": null,
    "bootstrapReason": null,
    "localRejectedCount": 164,
    "topBlockingReason": "low_trade_count",
    "pendingCalibrationCandidateCount": 260,
    "pendingCalibrationCandidateIds": [
      "cand-0e6a0180",
      "cand-9f33e80b",
      "cand-772d8a1e",
      "cand-f28d2e01",
      "cand-9a5dbcc7",
      "cand-b01be933",
      "cand-0a692f84",
      "cand-4f8faae3",
      "cand-35a74bba",
      "cand-c6b25611",
      "cand-ccdae17b",
      "cand-b8102dcd",
      "cand-8a1fe27b",
      "cand-ebbdd6a9",
      "cand-80dfaaa1",
      "cand-03f30a70",
      "cand-2f290563",
      "cand-e76cded5",
      "cand-710d8bc6",
      "cand-dd7e63cf",
      "cand-949bf032",
      "cand-b14595e0",
      "cand-90dc4ec3",
      "cand-f1103886",
      "cand-77224b87",
      "cand-55f47b32",
      "cand-cb18c54a",
      "cand-8a1a7cf2",
      "cand-db12aa7d",
      "cand-eb3175fc",
      "cand-ce89005b",
      "cand-b333865d",
      "cand-14f5f8ff",
      "cand-87a7fa06",
      "cand-609d9f19",
      "cand-09a0ae17",
      "cand-fbb3fb78",
      "cand-7bff0c1a",
      "cand-6e976c42",
      "cand-eaf67b92",
      "cand-ea5075a8",
      "cand-c0d6f969",
      "cand-946579c0",
      "cand-1638111b",
      "cand-840b49c0",
      "cand-a1b63e8c",
      "cand-d3fa966c",
      "cand-af6ef21e",
      "cand-c5832df6",
      "cand-57321a8c",
      "cand-3004b0f8",
      "cand-00644032",
      "cand-6272ab0f",
      "cand-7b341ad0",
      "cand-5c90b0de",
      "cand-350b7e7b",
      "cand-05218055",
      "cand-6ebbd52a",
      "cand-9edd626e",
      "cand-5d685d8a",
      "cand-addb3d5a",
      "cand-1a03e904",
      "cand-935b6a7d",
      "cand-11e460d8",
      "cand-58484f09",
      "cand-c3549cdc",
      "cand-e000c048",
      "cand-5927e5ca",
      "cand-7ae4d6eb",
      "cand-bd3c959f",
      "cand-ad98c7fd",
      "cand-a3456179",
      "cand-fa19c7db",
      "cand-8211114e",
      "cand-737e8acc",
      "cand-9ae5abb8",
      "cand-f68c494c",
      "cand-0cb06744",
      "cand-c4540c5e",
      "cand-887ba798",
      "cand-334ff9ed",
      "cand-1e7bb092",
      "cand-940106ac",
      "cand-b1575fba",
      "cand-1c1cb560",
      "cand-2ba5ca56",
      "cand-4e158d7d",
      "cand-ee1867a5",
      "cand-ccf655ee",
      "cand-2f2f67f1",
      "cand-dd0d4883",
      "cand-9e390b78",
      "cand-2b509e63",
      "cand-a42bb737",
      "cand-ba65a405",
      "cand-95b5fcb4",
      "cand-c1decc14",
      "cand-fad40100",
      "cand-3d99c3c3",
      "cand-ed6ed300",
      "cand-36473405",
      "cand-32556840",
      "cand-056beb3f",
      "cand-fef34f1d",
      "cand-4e58abee",
      "cand-6c095f1d",
      "cand-72fdbd0a",
      "cand-1a73f98c",
      "cand-60e5fb9a",
      "cand-fbd6e1cd",
      "cand-6fa9e64c",
      "cand-b3ce6dfd",
      "cand-d7b18242",
      "cand-cddf1147",
      "cand-a2b17756",
      "cand-4106d658",
      "cand-bf2319b1",
      "cand-1be3a1ed",
      "cand-ec8276d1",
      "cand-66da2fad",
      "cand-10487d69",
      "cand-a0b082a6",
      "cand-e1c37158",
      "cand-3924bc09",
      "cand-c5a37a36",
      "cand-9f921b3b",
      "cand-976660f2",
      "cand-1fd659d1",
      "cand-1ebe3284",
      "cand-a05583cb",
      "cand-68e1f6c0",
      "cand-939bafa7",
      "cand-5dfb966e",
      "cand-ec9d7a77",
      "cand-c9bd8a69",
      "cand-cad467d1",
      "cand-30ca4ecf",
      "cand-274a3d78",
      "cand-8f6a1544",
      "cand-be21675f",
      "cand-17c07e8f",
      "cand-60166f81",
      "cand-8f82de94",
      "cand-42460886",
      "cand-9295e93d",
      "cand-5a54f71c",
      "cand-a12eacdf",
      "cand-5b236726",
      "cand-dbfe05b6",
      "cand-eb4f9103",
      "cand-294a8337",
      "cand-54d331f7",
      "cand-303f93be",
      "cand-64ceccd8",
      "cand-82301049",
      "cand-cb926322",
      "cand-9740ccd3",
      "cand-45f69d7a",
      "cand-8195e18c",
      "cand-9ad02865",
      "cand-b0561318",
      "cand-77645d5d",
      "cand-3913b48a",
      "cand-d8c529f0",
      "cand-3e0617a5",
      "cand-796b47d8",
      "cand-da5bc8a6",
      "cand-6385aa99",
      "cand-ce0fb6b8",
      "cand-f53efe87",
      "cand-541078ba",
      "cand-102cde43",
      "cand-99a518c8",
      "cand-45eae1ed",
      "cand-5fa9bbca",
      "cand-58a6bc67",
      "cand-e2e95d0b",
      "cand-e7d44996",
      "cand-4fd1f661",
      "cand-f8a32482",
      "cand-65221fbc",
      "cand-0dcbc429",
      "cand-7237f414",
      "cand-13ab4eb7",
      "cand-03a62626",
      "cand-74403bc5",
      "cand-08afa655",
      "cand-8fc0ffa2",
      "cand-6b8a91fa",
      "cand-6b160ae4",
      "cand-e4ab8440",
      "cand-292c094d",
      "cand-bf066e31",
      "cand-bf45bffc",
      "cand-33777180",
      "cand-67548c32",
      "cand-af1ed124",
      "cand-fd3f325b",
      "cand-e8320fab",
      "cand-51877b36",
      "cand-f80d7394",
      "cand-d2b04e0c",
      "cand-d865401d",
      "cand-c2337d4e",
      "cand-bd0f8191",
      "cand-2e68882f",
      "cand-94bc57ed",
      "cand-93a15ca5",
      "cand-197cf126",
      "cand-4e21422c",
      "cand-cc3ed2d8",
      "cand-ad84fefa",
      "cand-e3e4e13a",
      "cand-6d2901b8",
      "cand-c7985187",
      "cand-a3fa7fcf",
      "cand-2181b4f2",
      "cand-e803ef34",
      "cand-cc7eb308",
      "cand-8c710851",
      "cand-8045892e",
      "cand-17273829",
      "cand-e3d89e08",
      "cand-118d9dbb",
      "cand-1a318968",
      "cand-5665b571",
      "cand-80f55e73",
      "cand-74341bb6",
      "cand-6a470e0a",
      "cand-bac89ce5",
      "cand-9a0a92b6",
      "cand-91ef422b",
      "cand-63b039ec",
      "cand-5f4ecea5",
      "cand-eb5c0c9f",
      "cand-f7398180",
      "cand-b8e26ed1",
      "cand-97e78627",
      "cand-8cfb97d5",
      "cand-2c409867",
      "cand-990db2d3",
      "cand-d3505cb8",
      "cand-c99b76d2",
      "cand-49bf1eca",
      "cand-a32fd47a",
      "cand-60aab7fe",
      "cand-3f27c596",
      "cand-7d7ec144",
      "cand-dbed99a3",
      "cand-a5ddec79",
      "cand-f35eb742",
      "cand-df9c33cc",
      "cand-3bde95a6",
      "cand-5e145275",
      "cand-93924d92",
      "cand-de4d3ae4",
      "cand-6f7e7135",
      "cand-8c77c5e2",
      "cand-ed7049a5",
      "cand-cc2ebf60"
    ],
    "recentProblemKinds": [
      "pine_preflight_fail",
      "local_backtest_fail",
      "local_backtest_fail",
      "local_backtest_fail",
      "local_backtest_fail"
    ],
    "recentRepairResults": [
      {
        "repairKind": "pine_source_repair",
        "result": "success",
        "repairedCandidateId": "cand-faad06fe",
        "summary": "Applied deterministic time-boxed preflight repair after blocking sparse event-source issues."
      },
      {
        "repairKind": "risk_logic_repair",
        "result": "success",
        "repairedCandidateId": "cand-dbed99a3",
        "summary": "Requested risk_logic_repair after local_backtest_fail."
      },
      {
        "repairKind": "pine_source_repair",
        "result": "success",
        "repairedCandidateId": "cand-a5ddec79",
        "summary": "Applied deterministic time-boxed preflight repair after blocking sparse event-source issues."
      },
      {
        "repairKind": "entry_frequency_repair",
        "result": "success",
        "repairedCandidateId": "cand-df9c33cc",
        "summary": "Requested entry_frequency_repair after local_backtest_fail."
      },
      {
        "repairKind": "risk_logic_repair",
        "result": "success",
        "repairedCandidateId": "cand-cc2ebf60",
        "summary": "Requested risk_logic_repair after local_backtest_fail."
      }
    ],
    "scoreFeedbackObserved": true,
    "stage6Readiness": {
      "generatedAt": "2026-04-30T05:22:53.680Z",
      "evaluated": true,
      "passed": true,
      "mode": "deterministic",
      "countRequested": 10,
      "countCompleted": 10,
      "countFailed": 0,
      "activeChampionCandidateId": "cand-a64e2088",
      "freshBootstrapPassed": true,
      "multiIterationPassed": true,
      "rootIsolationPassed": true,
      "repairTraceabilityPassed": true,
      "calibrationQueuePassed": true,
      "scoreFeedbackPassed": true,
      "feedbackClosureRequired": false,
      "calibrationMode": "queue_only",
      "ledgerValidationPassed": true,
      "indexVerificationPassed": true,
      "rootIsolationStatus": {
        "status": "passed",
        "customStateRoot": "C:\\Users\\hanji\\AppData\\Local\\Temp\\af-stage6-state-YAZZ8Y",
        "defaultWorkspaceStateRoot": "C:\\Users\\hanji\\AppData\\Local\\Temp\\af-stage6-workspace-Nnkt1H\\state\\pi-autoresearch",
        "customContextExists": true,
        "defaultWorkspaceStateHasArtifacts": false
      },
      "repairTraceabilityStatus": {
        "status": "passed",
        "successfulRepairCount": 10,
        "successfulRepairsWithoutCandidateCount": 0
      },
      "feedbackClosureStatus": {
        "status": "passed",
        "required": false,
        "promptFeedbackObserved": true,
        "scoreBreakdownFeedbackObserved": false,
        "divergenceCount": 0,
        "confidenceUpdateCount": 0
      },
      "evidence": {
        "tempWorkspaceRoot": null,
        "tempStateRoot": null,
        "localEvaluationCount": 19,
        "headEventCount": 2,
        "archiveEventCount": 11,
        "calibrationEventCount": 2,
        "mutationBriefCount": 18,
        "problemEventCount": 18,
        "repairAttemptCount": 10,
        "deadlineBreachCount": 0
      },
      "warnings": []
    },
    "lastStage6GatePassed": true,
    "rootIsolationStatus": {
      "status": "passed",
      "customStateRoot": "C:\\Users\\hanji\\AppData\\Local\\Temp\\af-stage6-state-YAZZ8Y",
      "defaultWorkspaceStateRoot": "C:\\Users\\hanji\\AppData\\Local\\Temp\\af-stage6-workspace-Nnkt1H\\state\\pi-autoresearch",
      "customContextExists": true,
      "defaultWorkspaceStateHasArtifacts": false
    },
    "repairTraceabilityStatus": {
      "status": "passed",
      "successfulRepairCount": 10,
      "successfulRepairsWithoutCandidateCount": 0
    },
    "feedbackClosureStatus": {
      "status": "passed",
      "required": false,
      "promptFeedbackObserved": true,
      "scoreBreakdownFeedbackObserved": false,
      "divergenceCount": 0,
      "confidenceUpdateCount": 0
    },
    "nextPlannedAction": "local_compatibility_repair",
    "loopMode": "local-first",
    "defaultOperationalView": "v3_autonomous_local_first",
    "projectRoot": "C:\\Users\\hanji\\Desktop\\AF",
    "workspaceRoot": "C:\\Users\\hanji\\Desktop\\AF",
    "stateRoot": "C:\\Users\\hanji\\Desktop\\AF\\state\\pi-autoresearch",
    "traceRoot": "C:\\Users\\hanji\\Desktop\\AF\\state\\pi-autoresearch\\traces",
    "artifactRoot": "C:\\Users\\hanji\\Desktop\\AF\\state\\pi-autoresearch\\artifacts",
    "evidenceRoot": "C:\\Users\\hanji\\Desktop\\AF\\state\\pi-autoresearch\\evidence",
    "runtimeRoot": "C:\\Users\\hanji\\Desktop\\AF\\state\\pi-autoresearch\\runtime",
    "tvVerificationCount": 28,
    "tvHealth": "unavailable",
    "calibrationAutoProcess": false,
    "calibrationMode": "queue_only",
    "lastTvSurfaceFailure": {
      "candidateId": "cand-c6235b65",
      "decision": "tv_surface_failure",
      "iteration": 279,
      "tvCalibrationStatus": "surface_failure",
      "recordedAt": "2026-04-29T18:46:19.526Z"
    },
    "humanOverride": false
  },
  "verification": {
    "ok": true,
    "issues": []
  },
  "tracePath": "C:\\Users\\hanji\\Desktop\\AF\\state\\pi-autoresearch\\traces\\rebuild-indexes-2026-05-01T01-46-06-720Z-trace-69a4680a.jsonl"
}
[2026-05-01T10:46:19.9724901+09:00] iteration 7: rebuild-indexes --verify exit=0
[2026-05-01T10:46:29.9822923+09:00] iteration 8: run-autonomous-loop start
??injected env (11) from .env // tip: ??multiple files { path: ['.env.local', '.env'] }
[autonomous.loop.start] run-autonomous-loop | Starting autonomous local-first loop | 2026-05-01T01:46:30.226Z
[iteration.started] run-autonomous-loop | Starting autonomous iteration | 2026-05-01T01:46:30.228Z
[phase.started] run-autonomous-loop | Initializing autonomous workspace | 2026-05-01T01:46:30.231Z
[phase.completed] run-autonomous-loop | Initializing autonomous workspace | 2026-05-01T01:46:32.298Z
[phase.started] run-autonomous-loop | Generating autonomous mutation candidate | 2026-05-01T01:46:33.676Z
[autonomous.mutation.request] run-autonomous-loop | Sending autonomous mutation request | 2026-05-01T01:46:33.677Z
[phase.completed] run-autonomous-loop | Generating autonomous mutation candidate | 2026-05-01T01:48:36.811Z
[phase.started] run-autonomous-loop | Evaluating autonomous candidate locally | 2026-05-01T01:48:36.812Z
[autonomous.market_context_ready] run-autonomous-loop | Local-first market context is ready | 2026-05-01T01:48:36.819Z
[autonomous.local_evaluation] run-autonomous-loop | Local autonomous evaluation completed | 2026-05-01T01:48:36.894Z
[phase.completed] run-autonomous-loop | Evaluating autonomous candidate locally | 2026-05-01T01:48:36.919Z
[phase.started] run-autonomous-loop | Updating autonomous archive views | 2026-05-01T01:48:36.921Z
[phase.completed] run-autonomous-loop | Updating autonomous archive views | 2026-05-01T01:48:36.925Z
[phase.started] run-autonomous-loop | Queueing candidate for TradingView calibration | 2026-05-01T01:48:36.925Z
[phase.completed] run-autonomous-loop | Queueing candidate for TradingView calibration | 2026-05-01T01:48:36.928Z
[phase.started] run-autonomous-loop | Selecting active autonomous champion | 2026-05-01T01:48:37.993Z
[phase.completed] run-autonomous-loop | Selecting active autonomous champion | 2026-05-01T01:48:38.631Z
[phase.started] run-autonomous-loop | Rebuilding derived autonomous views | 2026-05-01T01:48:38.634Z
[phase.completed] run-autonomous-loop | Rebuilding derived autonomous views | 2026-05-01T01:48:40.671Z
[iteration.completed] run-autonomous-loop | Autonomous iteration completed | 2026-05-01T01:48:40.671Z
{
  "countRequested": 1,
  "countCompleted": 1,
  "countFailed": 0,
  "results": [
    {
      "runId": "autonomous-1777599990230",
      "iteration": 614,
      "candidateId": "cand-880d9c3b",
      "localDecision": "local_candidate_eligible",
      "activeChampionChanged": false,
      "activeChampionCandidateId": "cand-42ed2fa4"
    }
  ],
  "deadlineBreaches": [],
  "autonomousState": {
    "generatedAt": "2026-05-01T01:48:42.245Z",
    "activeChampionCandidateId": "cand-42ed2fa4",
    "activeChampionScore": 0.7879,
    "activeChampionDecision": "local_candidate_eligible",
    "championOrigin": "autonomous",
    "researchMaturity": "steady_state",
    "selectedBy": "auto_policy",
    "selectionPolicyVersion": "autonomous-local-first/v3-p0",
    "objectivePolicyVersion": "objective.qqq-120m/v1",
    "headEventCount": 2,
    "archiveEventCount": 304,
    "calibrationEventCount": 317,
    "calibrationCandidateCount": 289,
    "divergenceCount": 27,
    "localConfidenceUpdateCount": 27,
    "problemEventCount": 205,
    "repairAttemptCount": 103,
    "localEvaluationCount": 394,
    "localEligibleCount": 225,
    "bootstrapCompatibleCount": 0,
    "bootstrapEligibleCount": 0,
    "bootstrapStatus": "not_started",
    "bootstrapSource": null,
    "bootstrapReason": null,
    "localRejectedCount": 164,
    "topBlockingReason": "low_trade_count",
    "pendingCalibrationCandidateCount": 261,
    "pendingCalibrationCandidateIds": [
      "cand-0e6a0180",
      "cand-9f33e80b",
      "cand-772d8a1e",
      "cand-f28d2e01",
      "cand-9a5dbcc7",
      "cand-b01be933",
      "cand-0a692f84",
      "cand-4f8faae3",
      "cand-35a74bba",
      "cand-c6b25611",
      "cand-ccdae17b",
      "cand-b8102dcd",
      "cand-8a1fe27b",
      "cand-ebbdd6a9",
      "cand-80dfaaa1",
      "cand-03f30a70",
      "cand-2f290563",
      "cand-e76cded5",
      "cand-710d8bc6",
      "cand-dd7e63cf",
      "cand-949bf032",
      "cand-b14595e0",
      "cand-90dc4ec3",
      "cand-f1103886",
      "cand-77224b87",
      "cand-55f47b32",
      "cand-cb18c54a",
      "cand-8a1a7cf2",
      "cand-db12aa7d",
      "cand-eb3175fc",
      "cand-ce89005b",
      "cand-b333865d",
      "cand-14f5f8ff",
      "cand-87a7fa06",
      "cand-609d9f19",
      "cand-09a0ae17",
      "cand-fbb3fb78",
      "cand-7bff0c1a",
      "cand-6e976c42",
      "cand-eaf67b92",
      "cand-ea5075a8",
      "cand-c0d6f969",
      "cand-946579c0",
      "cand-1638111b",
      "cand-840b49c0",
      "cand-a1b63e8c",
      "cand-d3fa966c",
      "cand-af6ef21e",
      "cand-c5832df6",
      "cand-57321a8c",
      "cand-3004b0f8",
      "cand-00644032",
      "cand-6272ab0f",
      "cand-7b341ad0",
      "cand-5c90b0de",
      "cand-350b7e7b",
      "cand-05218055",
      "cand-6ebbd52a",
      "cand-9edd626e",
      "cand-5d685d8a",
      "cand-addb3d5a",
      "cand-1a03e904",
      "cand-935b6a7d",
      "cand-11e460d8",
      "cand-58484f09",
      "cand-c3549cdc",
      "cand-e000c048",
      "cand-5927e5ca",
      "cand-7ae4d6eb",
      "cand-bd3c959f",
      "cand-ad98c7fd",
      "cand-a3456179",
      "cand-fa19c7db",
      "cand-8211114e",
      "cand-737e8acc",
      "cand-9ae5abb8",
      "cand-f68c494c",
      "cand-0cb06744",
      "cand-c4540c5e",
      "cand-887ba798",
      "cand-334ff9ed",
      "cand-1e7bb092",
      "cand-940106ac",
      "cand-b1575fba",
      "cand-1c1cb560",
      "cand-2ba5ca56",
      "cand-4e158d7d",
      "cand-ee1867a5",
      "cand-ccf655ee",
      "cand-2f2f67f1",
      "cand-dd0d4883",
      "cand-9e390b78",
      "cand-2b509e63",
      "cand-a42bb737",
      "cand-ba65a405",
      "cand-95b5fcb4",
      "cand-c1decc14",
      "cand-fad40100",
      "cand-3d99c3c3",
      "cand-ed6ed300",
      "cand-36473405",
      "cand-32556840",
      "cand-056beb3f",
      "cand-fef34f1d",
      "cand-4e58abee",
      "cand-6c095f1d",
      "cand-72fdbd0a",
      "cand-1a73f98c",
      "cand-60e5fb9a",
      "cand-fbd6e1cd",
      "cand-6fa9e64c",
      "cand-b3ce6dfd",
      "cand-d7b18242",
      "cand-cddf1147",
      "cand-a2b17756",
      "cand-4106d658",
      "cand-bf2319b1",
      "cand-1be3a1ed",
      "cand-ec8276d1",
      "cand-66da2fad",
      "cand-10487d69",
      "cand-a0b082a6",
      "cand-e1c37158",
      "cand-3924bc09",
      "cand-c5a37a36",
      "cand-9f921b3b",
      "cand-976660f2",
      "cand-1fd659d1",
      "cand-1ebe3284",
      "cand-a05583cb",
      "cand-68e1f6c0",
      "cand-939bafa7",
      "cand-5dfb966e",
      "cand-ec9d7a77",
      "cand-c9bd8a69",
      "cand-cad467d1",
      "cand-30ca4ecf",
      "cand-274a3d78",
      "cand-8f6a1544",
      "cand-be21675f",
      "cand-17c07e8f",
      "cand-60166f81",
      "cand-8f82de94",
      "cand-42460886",
      "cand-9295e93d",
      "cand-5a54f71c",
      "cand-a12eacdf",
      "cand-5b236726",
      "cand-dbfe05b6",
      "cand-eb4f9103",
      "cand-294a8337",
      "cand-54d331f7",
      "cand-303f93be",
      "cand-64ceccd8",
      "cand-82301049",
      "cand-cb926322",
      "cand-9740ccd3",
      "cand-45f69d7a",
      "cand-8195e18c",
      "cand-9ad02865",
      "cand-b0561318",
      "cand-77645d5d",
      "cand-3913b48a",
      "cand-d8c529f0",
      "cand-3e0617a5",
      "cand-796b47d8",
      "cand-da5bc8a6",
      "cand-6385aa99",
      "cand-ce0fb6b8",
      "cand-f53efe87",
      "cand-541078ba",
      "cand-102cde43",
      "cand-99a518c8",
      "cand-45eae1ed",
      "cand-5fa9bbca",
      "cand-58a6bc67",
      "cand-e2e95d0b",
      "cand-e7d44996",
      "cand-4fd1f661",
      "cand-f8a32482",
      "cand-65221fbc",
      "cand-0dcbc429",
      "cand-7237f414",
      "cand-13ab4eb7",
      "cand-03a62626",
      "cand-74403bc5",
      "cand-08afa655",
      "cand-8fc0ffa2",
      "cand-6b8a91fa",
      "cand-6b160ae4",
      "cand-e4ab8440",
      "cand-292c094d",
      "cand-bf066e31",
      "cand-bf45bffc",
      "cand-33777180",
      "cand-67548c32",
      "cand-af1ed124",
      "cand-fd3f325b",
      "cand-e8320fab",
      "cand-51877b36",
      "cand-f80d7394",
      "cand-d2b04e0c",
      "cand-d865401d",
      "cand-c2337d4e",
      "cand-bd0f8191",
      "cand-2e68882f",
      "cand-94bc57ed",
      "cand-93a15ca5",
      "cand-197cf126",
      "cand-4e21422c",
      "cand-cc3ed2d8",
      "cand-ad84fefa",
      "cand-e3e4e13a",
      "cand-6d2901b8",
      "cand-c7985187",
      "cand-a3fa7fcf",
      "cand-2181b4f2",
      "cand-e803ef34",
      "cand-cc7eb308",
      "cand-8c710851",
      "cand-8045892e",
      "cand-17273829",
      "cand-e3d89e08",
      "cand-118d9dbb",
      "cand-1a318968",
      "cand-5665b571",
      "cand-80f55e73",
      "cand-74341bb6",
      "cand-6a470e0a",
      "cand-bac89ce5",
      "cand-9a0a92b6",
      "cand-91ef422b",
      "cand-63b039ec",
      "cand-5f4ecea5",
      "cand-eb5c0c9f",
      "cand-f7398180",
      "cand-b8e26ed1",
      "cand-97e78627",
      "cand-8cfb97d5",
      "cand-2c409867",
      "cand-990db2d3",
      "cand-d3505cb8",
      "cand-c99b76d2",
      "cand-49bf1eca",
      "cand-a32fd47a",
      "cand-60aab7fe",
      "cand-3f27c596",
      "cand-7d7ec144",
      "cand-dbed99a3",
      "cand-a5ddec79",
      "cand-f35eb742",
      "cand-df9c33cc",
      "cand-3bde95a6",
      "cand-5e145275",
      "cand-93924d92",
      "cand-de4d3ae4",
      "cand-6f7e7135",
      "cand-8c77c5e2",
      "cand-ed7049a5",
      "cand-cc2ebf60",
      "cand-880d9c3b"
    ],
    "recentProblemKinds": [
      "pine_preflight_fail",
      "local_backtest_fail",
      "local_backtest_fail",
      "local_backtest_fail",
      "local_backtest_fail"
    ],
    "recentRepairResults": [
      {
        "repairKind": "pine_source_repair",
        "result": "success",
        "repairedCandidateId": "cand-faad06fe",
        "summary": "Applied deterministic time-boxed preflight repair after blocking sparse event-source issues."
      },
      {
        "repairKind": "risk_logic_repair",
        "result": "success",
        "repairedCandidateId": "cand-dbed99a3",
        "summary": "Requested risk_logic_repair after local_backtest_fail."
      },
      {
        "repairKind": "pine_source_repair",
        "result": "success",
        "repairedCandidateId": "cand-a5ddec79",
        "summary": "Applied deterministic time-boxed preflight repair after blocking sparse event-source issues."
      },
      {
        "repairKind": "entry_frequency_repair",
        "result": "success",
        "repairedCandidateId": "cand-df9c33cc",
        "summary": "Requested entry_frequency_repair after local_backtest_fail."
      },
      {
        "repairKind": "risk_logic_repair",
        "result": "success",
        "repairedCandidateId": "cand-cc2ebf60",
        "summary": "Requested risk_logic_repair after local_backtest_fail."
      }
    ],
    "scoreFeedbackObserved": true,
    "stage6Readiness": {
      "generatedAt": "2026-04-30T05:22:53.680Z",
      "evaluated": true,
      "passed": true,
      "mode": "deterministic",
      "countRequested": 10,
      "countCompleted": 10,
      "countFailed": 0,
      "activeChampionCandidateId": "cand-a64e2088",
      "freshBootstrapPassed": true,
      "multiIterationPassed": true,
      "rootIsolationPassed": true,
      "repairTraceabilityPassed": true,
      "calibrationQueuePassed": true,
      "scoreFeedbackPassed": true,
      "feedbackClosureRequired": false,
      "calibrationMode": "queue_only",
      "ledgerValidationPassed": true,
      "indexVerificationPassed": true,
      "rootIsolationStatus": {
        "status": "passed",
        "customStateRoot": "C:\\Users\\hanji\\AppData\\Local\\Temp\\af-stage6-state-YAZZ8Y",
        "defaultWorkspaceStateRoot": "C:\\Users\\hanji\\AppData\\Local\\Temp\\af-stage6-workspace-Nnkt1H\\state\\pi-autoresearch",
        "customContextExists": true,
        "defaultWorkspaceStateHasArtifacts": false
      },
      "repairTraceabilityStatus": {
        "status": "passed",
        "successfulRepairCount": 10,
        "successfulRepairsWithoutCandidateCount": 0
      },
      "feedbackClosureStatus": {
        "status": "passed",
        "required": false,
        "promptFeedbackObserved": true,
        "scoreBreakdownFeedbackObserved": false,
        "divergenceCount": 0,
        "confidenceUpdateCount": 0
      },
      "evidence": {
        "tempWorkspaceRoot": null,
        "tempStateRoot": null,
        "localEvaluationCount": 19,
        "headEventCount": 2,
        "archiveEventCount": 11,
        "calibrationEventCount": 2,
        "mutationBriefCount": 18,
        "problemEventCount": 18,
        "repairAttemptCount": 10,
        "deadlineBreachCount": 0
      },
      "warnings": []
    },
    "lastStage6GatePassed": true,
    "rootIsolationStatus": {
      "status": "passed",
      "customStateRoot": "C:\\Users\\hanji\\AppData\\Local\\Temp\\af-stage6-state-YAZZ8Y",
      "defaultWorkspaceStateRoot": "C:\\Users\\hanji\\AppData\\Local\\Temp\\af-stage6-workspace-Nnkt1H\\state\\pi-autoresearch",
      "customContextExists": true,
      "defaultWorkspaceStateHasArtifacts": false
    },
    "repairTraceabilityStatus": {
      "status": "passed",
      "successfulRepairCount": 10,
      "successfulRepairsWithoutCandidateCount": 0
    },
    "feedbackClosureStatus": {
      "status": "passed",
      "required": false,
      "promptFeedbackObserved": true,
      "scoreBreakdownFeedbackObserved": false,
      "divergenceCount": 0,
      "confidenceUpdateCount": 0
    },
    "nextPlannedAction": "local_compatibility_repair",
    "loopMode": "local-first",
    "defaultOperationalView": "v3_autonomous_local_first",
    "projectRoot": "C:\\Users\\hanji\\Desktop\\AF",
    "workspaceRoot": "C:\\Users\\hanji\\Desktop\\AF",
    "stateRoot": "C:\\Users\\hanji\\Desktop\\AF\\state\\pi-autoresearch",
    "traceRoot": "C:\\Users\\hanji\\Desktop\\AF\\state\\pi-autoresearch\\traces",
    "artifactRoot": "C:\\Users\\hanji\\Desktop\\AF\\state\\pi-autoresearch\\artifacts",
    "evidenceRoot": "C:\\Users\\hanji\\Desktop\\AF\\state\\pi-autoresearch\\evidence",
    "runtimeRoot": "C:\\Users\\hanji\\Desktop\\AF\\state\\pi-autoresearch\\runtime",
    "tvVerificationCount": 28,
    "tvHealth": "unavailable",
    "calibrationAutoProcess": false,
    "calibrationMode": "queue_only",
    "lastTvSurfaceFailure": {
      "candidateId": "cand-c6235b65",
      "decision": "tv_surface_failure",
      "iteration": 279,
      "tvCalibrationStatus": "surface_failure",
      "recordedAt": "2026-04-29T18:46:19.526Z"
    },
    "humanOverride": false
  },
  "tracePath": "C:\\Users\\hanji\\Desktop\\AF\\state\\pi-autoresearch\\traces\\run-autonomous-loop-2026-05-01T01-46-30-226Z-trace-bf448a63.jsonl"
}
[2026-05-01T10:48:43.0110788+09:00] iteration 8: run-autonomous-loop exit=0
[2026-05-01T10:48:43.0125835+09:00] iteration 8: validate-ledger start
??injected env (11) from .env // tip: ??multiple files { path: ['.env.local', '.env'] }
[ledger.validation] validate-ledger | Ledger validation completed | 2026-05-01T01:48:46.880Z
{
  "ok": true,
  "errorCount": 0,
  "warningCount": 6,
  "issues": [
    {
      "severity": "warning",
      "scope": "experiment-record-meta",
      "recordId": "cand-f918d6d8",
      "message": "recordHash does not match the serialized experiment record."
    },
    {
      "severity": "warning",
      "scope": "experiment-record-meta",
      "recordId": "cand-3f99a396",
      "message": "recordHash does not match the serialized experiment record."
    },
    {
      "severity": "warning",
      "scope": "experiment-record-meta",
      "recordId": "cand-93a71a19",
      "message": "recordHash does not match the serialized experiment record."
    },
    {
      "severity": "warning",
      "scope": "experiment-record-meta",
      "recordId": "cand-560e2d3b",
      "message": "recordHash does not match the serialized experiment record."
    },
    {
      "severity": "warning",
      "scope": "experiment-record-meta",
      "recordId": "cand-24b4021d",
      "message": "recordHash does not match the serialized experiment record."
    },
    {
      "severity": "warning",
      "scope": "candidate-dedup",
      "recordId": "bfee8f4eb7eabba2047b8b2270beef764a3942811cda8134d75c15c171c0c26a",
      "message": "Duplicate candidate source hash detected across ids: cand-2a5e6ffe, cand-51397d04, cand-9cbc4c5f, cand-a93778fa, cand-bbb67c15, cand-fdc1ae65"
    }
  ],
  "summary": {
    "experiments": 614,
    "candidates": 564,
    "taskBatches": 131
  },
  "stateRoot": "C:\\Users\\hanji\\Desktop\\AF\\state\\pi-autoresearch",
  "tracePath": "C:\\Users\\hanji\\Desktop\\AF\\state\\pi-autoresearch\\traces\\validate-ledger-2026-05-01T01-48-43-268Z-trace-27bd2229.jsonl"
}
[2026-05-01T10:48:46.9444050+09:00] iteration 8: validate-ledger exit=0
[2026-05-01T10:48:46.9449086+09:00] iteration 8: rebuild-indexes --verify start
??injected env (11) from .env // tip: ??encrypted .env [www.dotenvx.com]
[?몃뜳???ъ깮???쒖옉] ?몃뜳???ъ깮??| ?뚯깮 ?몃뜳?ㅻ? ?ъ깮?깊빀?덈떎. state: C:\Users\hanji\Desktop\AF\state\pi-autoresearch | 2026-05-01T01:48:49.205Z
[?몃뜳???ъ깮???꾨즺] ?몃뜳???ъ깮??| ?뚯깮 ?몃뜳???ъ깮?깆쓣 留덉낀?듬땲?? state: C:\Users\hanji\Desktop\AF\state\pi-autoresearch | 2026-05-01T01:48:59.873Z
{
  "rebuilt": true,
  "stateRoot": "C:\\Users\\hanji\\Desktop\\AF\\state\\pi-autoresearch",
  "autonomousState": {
    "generatedAt": "2026-05-01T01:48:52.861Z",
    "activeChampionCandidateId": "cand-42ed2fa4",
    "activeChampionScore": 0.7879,
    "activeChampionDecision": "local_candidate_eligible",
    "championOrigin": "autonomous",
    "researchMaturity": "steady_state",
    "selectedBy": "auto_policy",
    "selectionPolicyVersion": "autonomous-local-first/v3-p0",
    "objectivePolicyVersion": "objective.qqq-120m/v1",
    "headEventCount": 2,
    "archiveEventCount": 304,
    "calibrationEventCount": 317,
    "calibrationCandidateCount": 289,
    "divergenceCount": 27,
    "localConfidenceUpdateCount": 27,
    "problemEventCount": 205,
    "repairAttemptCount": 103,
    "localEvaluationCount": 394,
    "localEligibleCount": 225,
    "bootstrapCompatibleCount": 0,
    "bootstrapEligibleCount": 0,
    "bootstrapStatus": "not_started",
    "bootstrapSource": null,
    "bootstrapReason": null,
    "localRejectedCount": 164,
    "topBlockingReason": "low_trade_count",
    "pendingCalibrationCandidateCount": 261,
    "pendingCalibrationCandidateIds": [
      "cand-0e6a0180",
      "cand-9f33e80b",
      "cand-772d8a1e",
      "cand-f28d2e01",
      "cand-9a5dbcc7",
      "cand-b01be933",
      "cand-0a692f84",
      "cand-4f8faae3",
      "cand-35a74bba",
      "cand-c6b25611",
      "cand-ccdae17b",
      "cand-b8102dcd",
      "cand-8a1fe27b",
      "cand-ebbdd6a9",
      "cand-80dfaaa1",
      "cand-03f30a70",
      "cand-2f290563",
      "cand-e76cded5",
      "cand-710d8bc6",
      "cand-dd7e63cf",
      "cand-949bf032",
      "cand-b14595e0",
      "cand-90dc4ec3",
      "cand-f1103886",
      "cand-77224b87",
      "cand-55f47b32",
      "cand-cb18c54a",
      "cand-8a1a7cf2",
      "cand-db12aa7d",
      "cand-eb3175fc",
      "cand-ce89005b",
      "cand-b333865d",
      "cand-14f5f8ff",
      "cand-87a7fa06",
      "cand-609d9f19",
      "cand-09a0ae17",
      "cand-fbb3fb78",
      "cand-7bff0c1a",
      "cand-6e976c42",
      "cand-eaf67b92",
      "cand-ea5075a8",
      "cand-c0d6f969",
      "cand-946579c0",
      "cand-1638111b",
      "cand-840b49c0",
      "cand-a1b63e8c",
      "cand-d3fa966c",
      "cand-af6ef21e",
      "cand-c5832df6",
      "cand-57321a8c",
      "cand-3004b0f8",
      "cand-00644032",
      "cand-6272ab0f",
      "cand-7b341ad0",
      "cand-5c90b0de",
      "cand-350b7e7b",
      "cand-05218055",
      "cand-6ebbd52a",
      "cand-9edd626e",
      "cand-5d685d8a",
      "cand-addb3d5a",
      "cand-1a03e904",
      "cand-935b6a7d",
      "cand-11e460d8",
      "cand-58484f09",
      "cand-c3549cdc",
      "cand-e000c048",
      "cand-5927e5ca",
      "cand-7ae4d6eb",
      "cand-bd3c959f",
      "cand-ad98c7fd",
      "cand-a3456179",
      "cand-fa19c7db",
      "cand-8211114e",
      "cand-737e8acc",
      "cand-9ae5abb8",
      "cand-f68c494c",
      "cand-0cb06744",
      "cand-c4540c5e",
      "cand-887ba798",
      "cand-334ff9ed",
      "cand-1e7bb092",
      "cand-940106ac",
      "cand-b1575fba",
      "cand-1c1cb560",
      "cand-2ba5ca56",
      "cand-4e158d7d",
      "cand-ee1867a5",
      "cand-ccf655ee",
      "cand-2f2f67f1",
      "cand-dd0d4883",
      "cand-9e390b78",
      "cand-2b509e63",
      "cand-a42bb737",
      "cand-ba65a405",
      "cand-95b5fcb4",
      "cand-c1decc14",
      "cand-fad40100",
      "cand-3d99c3c3",
      "cand-ed6ed300",
      "cand-36473405",
      "cand-32556840",
      "cand-056beb3f",
      "cand-fef34f1d",
      "cand-4e58abee",
      "cand-6c095f1d",
      "cand-72fdbd0a",
      "cand-1a73f98c",
      "cand-60e5fb9a",
      "cand-fbd6e1cd",
      "cand-6fa9e64c",
      "cand-b3ce6dfd",
      "cand-d7b18242",
      "cand-cddf1147",
      "cand-a2b17756",
      "cand-4106d658",
      "cand-bf2319b1",
      "cand-1be3a1ed",
      "cand-ec8276d1",
      "cand-66da2fad",
      "cand-10487d69",
      "cand-a0b082a6",
      "cand-e1c37158",
      "cand-3924bc09",
      "cand-c5a37a36",
      "cand-9f921b3b",
      "cand-976660f2",
      "cand-1fd659d1",
      "cand-1ebe3284",
      "cand-a05583cb",
      "cand-68e1f6c0",
      "cand-939bafa7",
      "cand-5dfb966e",
      "cand-ec9d7a77",
      "cand-c9bd8a69",
      "cand-cad467d1",
      "cand-30ca4ecf",
      "cand-274a3d78",
      "cand-8f6a1544",
      "cand-be21675f",
      "cand-17c07e8f",
      "cand-60166f81",
      "cand-8f82de94",
      "cand-42460886",
      "cand-9295e93d",
      "cand-5a54f71c",
      "cand-a12eacdf",
      "cand-5b236726",
      "cand-dbfe05b6",
      "cand-eb4f9103",
      "cand-294a8337",
      "cand-54d331f7",
      "cand-303f93be",
      "cand-64ceccd8",
      "cand-82301049",
      "cand-cb926322",
      "cand-9740ccd3",
      "cand-45f69d7a",
      "cand-8195e18c",
      "cand-9ad02865",
      "cand-b0561318",
      "cand-77645d5d",
      "cand-3913b48a",
      "cand-d8c529f0",
      "cand-3e0617a5",
      "cand-796b47d8",
      "cand-da5bc8a6",
      "cand-6385aa99",
      "cand-ce0fb6b8",
      "cand-f53efe87",
      "cand-541078ba",
      "cand-102cde43",
      "cand-99a518c8",
      "cand-45eae1ed",
      "cand-5fa9bbca",
      "cand-58a6bc67",
      "cand-e2e95d0b",
      "cand-e7d44996",
      "cand-4fd1f661",
      "cand-f8a32482",
      "cand-65221fbc",
      "cand-0dcbc429",
      "cand-7237f414",
      "cand-13ab4eb7",
      "cand-03a62626",
      "cand-74403bc5",
      "cand-08afa655",
      "cand-8fc0ffa2",
      "cand-6b8a91fa",
      "cand-6b160ae4",
      "cand-e4ab8440",
      "cand-292c094d",
      "cand-bf066e31",
      "cand-bf45bffc",
      "cand-33777180",
      "cand-67548c32",
      "cand-af1ed124",
      "cand-fd3f325b",
      "cand-e8320fab",
      "cand-51877b36",
      "cand-f80d7394",
      "cand-d2b04e0c",
      "cand-d865401d",
      "cand-c2337d4e",
      "cand-bd0f8191",
      "cand-2e68882f",
      "cand-94bc57ed",
      "cand-93a15ca5",
      "cand-197cf126",
      "cand-4e21422c",
      "cand-cc3ed2d8",
      "cand-ad84fefa",
      "cand-e3e4e13a",
      "cand-6d2901b8",
      "cand-c7985187",
      "cand-a3fa7fcf",
      "cand-2181b4f2",
      "cand-e803ef34",
      "cand-cc7eb308",
      "cand-8c710851",
      "cand-8045892e",
      "cand-17273829",
      "cand-e3d89e08",
      "cand-118d9dbb",
      "cand-1a318968",
      "cand-5665b571",
      "cand-80f55e73",
      "cand-74341bb6",
      "cand-6a470e0a",
      "cand-bac89ce5",
      "cand-9a0a92b6",
      "cand-91ef422b",
      "cand-63b039ec",
      "cand-5f4ecea5",
      "cand-eb5c0c9f",
      "cand-f7398180",
      "cand-b8e26ed1",
      "cand-97e78627",
      "cand-8cfb97d5",
      "cand-2c409867",
      "cand-990db2d3",
      "cand-d3505cb8",
      "cand-c99b76d2",
      "cand-49bf1eca",
      "cand-a32fd47a",
      "cand-60aab7fe",
      "cand-3f27c596",
      "cand-7d7ec144",
      "cand-dbed99a3",
      "cand-a5ddec79",
      "cand-f35eb742",
      "cand-df9c33cc",
      "cand-3bde95a6",
      "cand-5e145275",
      "cand-93924d92",
      "cand-de4d3ae4",
      "cand-6f7e7135",
      "cand-8c77c5e2",
      "cand-ed7049a5",
      "cand-cc2ebf60",
      "cand-880d9c3b"
    ],
    "recentProblemKinds": [
      "pine_preflight_fail",
      "local_backtest_fail",
      "local_backtest_fail",
      "local_backtest_fail",
      "local_backtest_fail"
    ],
    "recentRepairResults": [
      {
        "repairKind": "pine_source_repair",
        "result": "success",
        "repairedCandidateId": "cand-faad06fe",
        "summary": "Applied deterministic time-boxed preflight repair after blocking sparse event-source issues."
      },
      {
        "repairKind": "risk_logic_repair",
        "result": "success",
        "repairedCandidateId": "cand-dbed99a3",
        "summary": "Requested risk_logic_repair after local_backtest_fail."
      },
      {
        "repairKind": "pine_source_repair",
        "result": "success",
        "repairedCandidateId": "cand-a5ddec79",
        "summary": "Applied deterministic time-boxed preflight repair after blocking sparse event-source issues."
      },
      {
        "repairKind": "entry_frequency_repair",
        "result": "success",
        "repairedCandidateId": "cand-df9c33cc",
        "summary": "Requested entry_frequency_repair after local_backtest_fail."
      },
      {
        "repairKind": "risk_logic_repair",
        "result": "success",
        "repairedCandidateId": "cand-cc2ebf60",
        "summary": "Requested risk_logic_repair after local_backtest_fail."
      }
    ],
    "scoreFeedbackObserved": true,
    "stage6Readiness": {
      "generatedAt": "2026-04-30T05:22:53.680Z",
      "evaluated": true,
      "passed": true,
      "mode": "deterministic",
      "countRequested": 10,
      "countCompleted": 10,
      "countFailed": 0,
      "activeChampionCandidateId": "cand-a64e2088",
      "freshBootstrapPassed": true,
      "multiIterationPassed": true,
      "rootIsolationPassed": true,
      "repairTraceabilityPassed": true,
      "calibrationQueuePassed": true,
      "scoreFeedbackPassed": true,
      "feedbackClosureRequired": false,
      "calibrationMode": "queue_only",
      "ledgerValidationPassed": true,
      "indexVerificationPassed": true,
      "rootIsolationStatus": {
        "status": "passed",
        "customStateRoot": "C:\\Users\\hanji\\AppData\\Local\\Temp\\af-stage6-state-YAZZ8Y",
        "defaultWorkspaceStateRoot": "C:\\Users\\hanji\\AppData\\Local\\Temp\\af-stage6-workspace-Nnkt1H\\state\\pi-autoresearch",
        "customContextExists": true,
        "defaultWorkspaceStateHasArtifacts": false
      },
      "repairTraceabilityStatus": {
        "status": "passed",
        "successfulRepairCount": 10,
        "successfulRepairsWithoutCandidateCount": 0
      },
      "feedbackClosureStatus": {
        "status": "passed",
        "required": false,
        "promptFeedbackObserved": true,
        "scoreBreakdownFeedbackObserved": false,
        "divergenceCount": 0,
        "confidenceUpdateCount": 0
      },
      "evidence": {
        "tempWorkspaceRoot": null,
        "tempStateRoot": null,
        "localEvaluationCount": 19,
        "headEventCount": 2,
        "archiveEventCount": 11,
        "calibrationEventCount": 2,
        "mutationBriefCount": 18,
        "problemEventCount": 18,
        "repairAttemptCount": 10,
        "deadlineBreachCount": 0
      },
      "warnings": []
    },
    "lastStage6GatePassed": true,
    "rootIsolationStatus": {
      "status": "passed",
      "customStateRoot": "C:\\Users\\hanji\\AppData\\Local\\Temp\\af-stage6-state-YAZZ8Y",
      "defaultWorkspaceStateRoot": "C:\\Users\\hanji\\AppData\\Local\\Temp\\af-stage6-workspace-Nnkt1H\\state\\pi-autoresearch",
      "customContextExists": true,
      "defaultWorkspaceStateHasArtifacts": false
    },
    "repairTraceabilityStatus": {
      "status": "passed",
      "successfulRepairCount": 10,
      "successfulRepairsWithoutCandidateCount": 0
    },
    "feedbackClosureStatus": {
      "status": "passed",
      "required": false,
      "promptFeedbackObserved": true,
      "scoreBreakdownFeedbackObserved": false,
      "divergenceCount": 0,
      "confidenceUpdateCount": 0
    },
    "nextPlannedAction": "local_compatibility_repair",
    "loopMode": "local-first",
    "defaultOperationalView": "v3_autonomous_local_first",
    "projectRoot": "C:\\Users\\hanji\\Desktop\\AF",
    "workspaceRoot": "C:\\Users\\hanji\\Desktop\\AF",
    "stateRoot": "C:\\Users\\hanji\\Desktop\\AF\\state\\pi-autoresearch",
    "traceRoot": "C:\\Users\\hanji\\Desktop\\AF\\state\\pi-autoresearch\\traces",
    "artifactRoot": "C:\\Users\\hanji\\Desktop\\AF\\state\\pi-autoresearch\\artifacts",
    "evidenceRoot": "C:\\Users\\hanji\\Desktop\\AF\\state\\pi-autoresearch\\evidence",
    "runtimeRoot": "C:\\Users\\hanji\\Desktop\\AF\\state\\pi-autoresearch\\runtime",
    "tvVerificationCount": 28,
    "tvHealth": "unavailable",
    "calibrationAutoProcess": false,
    "calibrationMode": "queue_only",
    "lastTvSurfaceFailure": {
      "candidateId": "cand-c6235b65",
      "decision": "tv_surface_failure",
      "iteration": 279,
      "tvCalibrationStatus": "surface_failure",
      "recordedAt": "2026-04-29T18:46:19.526Z"
    },
    "humanOverride": false
  },
  "verification": {
    "ok": true,
    "issues": []
  },
  "tracePath": "C:\\Users\\hanji\\Desktop\\AF\\state\\pi-autoresearch\\traces\\rebuild-indexes-2026-05-01T01-48-47-183Z-trace-9381209d.jsonl"
}
[2026-05-01T10:49:00.0683046+09:00] iteration 8: rebuild-indexes --verify exit=0
[2026-05-01T10:49:10.0803916+09:00] iteration 9: run-autonomous-loop start
??injected env (11) from .env // tip: ??auth for agents [www.vestauth.com]
[autonomous.loop.start] run-autonomous-loop | Starting autonomous local-first loop | 2026-05-01T01:49:10.342Z
[iteration.started] run-autonomous-loop | Starting autonomous iteration | 2026-05-01T01:49:10.343Z
[phase.started] run-autonomous-loop | Initializing autonomous workspace | 2026-05-01T01:49:10.353Z
[phase.completed] run-autonomous-loop | Initializing autonomous workspace | 2026-05-01T01:49:12.374Z
[phase.started] run-autonomous-loop | Generating autonomous mutation candidate | 2026-05-01T01:49:13.755Z
[autonomous.mutation.request] run-autonomous-loop | Sending autonomous mutation request | 2026-05-01T01:49:13.756Z
[phase.completed] run-autonomous-loop | Generating autonomous mutation candidate | 2026-05-01T01:51:24.954Z
[phase.started] run-autonomous-loop | Evaluating autonomous candidate locally | 2026-05-01T01:51:24.955Z
[autonomous.market_context_ready] run-autonomous-loop | Local-first market context is ready | 2026-05-01T01:51:24.962Z
[autonomous.local_evaluation] run-autonomous-loop | Local autonomous evaluation completed | 2026-05-01T01:51:25.034Z
[phase.completed] run-autonomous-loop | Evaluating autonomous candidate locally | 2026-05-01T01:51:25.063Z
[phase.started] run-autonomous-loop | Repairing autonomous candidate after local failure | 2026-05-01T01:51:25.064Z
[phase.completed] run-autonomous-loop | Repairing autonomous candidate after local failure | 2026-05-01T01:53:31.891Z
[phase.started] run-autonomous-loop | Evaluating repaired autonomous candidate locally | 2026-05-01T01:53:33.681Z
[autonomous.market_context_ready] run-autonomous-loop | Local-first market context is ready | 2026-05-01T01:53:33.716Z
[autonomous.local_evaluation] run-autonomous-loop | Local autonomous evaluation completed | 2026-05-01T01:53:33.999Z
[phase.completed] run-autonomous-loop | Evaluating repaired autonomous candidate locally | 2026-05-01T01:53:34.126Z
[phase.started] run-autonomous-loop | Updating autonomous archive views | 2026-05-01T01:53:34.127Z
[phase.completed] run-autonomous-loop | Updating autonomous archive views | 2026-05-01T01:53:34.131Z
[phase.started] run-autonomous-loop | Queueing candidate for TradingView calibration | 2026-05-01T01:53:34.132Z
[phase.completed] run-autonomous-loop | Queueing candidate for TradingView calibration | 2026-05-01T01:53:34.141Z
[phase.started] run-autonomous-loop | Selecting active autonomous champion | 2026-05-01T01:53:35.910Z
[phase.completed] run-autonomous-loop | Selecting active autonomous champion | 2026-05-01T01:53:37.561Z
[phase.started] run-autonomous-loop | Rebuilding derived autonomous views | 2026-05-01T01:53:37.563Z
[phase.completed] run-autonomous-loop | Rebuilding derived autonomous views | 2026-05-01T01:53:41.923Z
[iteration.completed] run-autonomous-loop | Autonomous iteration completed | 2026-05-01T01:53:41.924Z
{
  "countRequested": 1,
  "countCompleted": 1,
  "countFailed": 0,
  "results": [
    {
      "runId": "autonomous-1777600150352",
      "iteration": 615,
      "candidateId": "cand-43144528",
      "localDecision": "local_candidate_rejected",
      "activeChampionChanged": false,
      "activeChampionCandidateId": "cand-42ed2fa4"
    }
  ],
  "deadlineBreaches": [],
  "autonomousState": {
    "generatedAt": "2026-05-01T01:53:43.918Z",
    "activeChampionCandidateId": "cand-42ed2fa4",
    "activeChampionScore": 0.7879,
    "activeChampionDecision": "local_candidate_eligible",
    "championOrigin": "autonomous",
    "researchMaturity": "steady_state",
    "selectedBy": "auto_policy",
    "selectionPolicyVersion": "autonomous-local-first/v3-p0",
    "objectivePolicyVersion": "objective.qqq-120m/v1",
    "headEventCount": 2,
    "archiveEventCount": 305,
    "calibrationEventCount": 318,
    "calibrationCandidateCount": 290,
    "divergenceCount": 27,
    "localConfidenceUpdateCount": 27,
    "problemEventCount": 207,
    "repairAttemptCount": 104,
    "localEvaluationCount": 396,
    "localEligibleCount": 225,
    "bootstrapCompatibleCount": 0,
    "bootstrapEligibleCount": 0,
    "bootstrapStatus": "not_started",
    "bootstrapSource": null,
    "bootstrapReason": null,
    "localRejectedCount": 166,
    "topBlockingReason": "low_trade_count",
    "pendingCalibrationCandidateCount": 262,
    "pendingCalibrationCandidateIds": [
      "cand-0e6a0180",
      "cand-9f33e80b",
      "cand-772d8a1e",
      "cand-f28d2e01",
      "cand-9a5dbcc7",
      "cand-b01be933",
      "cand-0a692f84",
      "cand-4f8faae3",
      "cand-35a74bba",
      "cand-c6b25611",
      "cand-ccdae17b",
      "cand-b8102dcd",
      "cand-8a1fe27b",
      "cand-ebbdd6a9",
      "cand-80dfaaa1",
      "cand-03f30a70",
      "cand-2f290563",
      "cand-e76cded5",
      "cand-710d8bc6",
      "cand-dd7e63cf",
      "cand-949bf032",
      "cand-b14595e0",
      "cand-90dc4ec3",
      "cand-f1103886",
      "cand-77224b87",
      "cand-55f47b32",
      "cand-cb18c54a",
      "cand-8a1a7cf2",
      "cand-db12aa7d",
      "cand-eb3175fc",
      "cand-ce89005b",
      "cand-b333865d",
      "cand-14f5f8ff",
      "cand-87a7fa06",
      "cand-609d9f19",
      "cand-09a0ae17",
      "cand-fbb3fb78",
      "cand-7bff0c1a",
      "cand-6e976c42",
      "cand-eaf67b92",
      "cand-ea5075a8",
      "cand-c0d6f969",
      "cand-946579c0",
      "cand-1638111b",
      "cand-840b49c0",
      "cand-a1b63e8c",
      "cand-d3fa966c",
      "cand-af6ef21e",
      "cand-c5832df6",
      "cand-57321a8c",
      "cand-3004b0f8",
      "cand-00644032",
      "cand-6272ab0f",
      "cand-7b341ad0",
      "cand-5c90b0de",
      "cand-350b7e7b",
      "cand-05218055",
      "cand-6ebbd52a",
      "cand-9edd626e",
      "cand-5d685d8a",
      "cand-addb3d5a",
      "cand-1a03e904",
      "cand-935b6a7d",
      "cand-11e460d8",
      "cand-58484f09",
      "cand-c3549cdc",
      "cand-e000c048",
      "cand-5927e5ca",
      "cand-7ae4d6eb",
      "cand-bd3c959f",
      "cand-ad98c7fd",
      "cand-a3456179",
      "cand-fa19c7db",
      "cand-8211114e",
      "cand-737e8acc",
      "cand-9ae5abb8",
      "cand-f68c494c",
      "cand-0cb06744",
      "cand-c4540c5e",
      "cand-887ba798",
      "cand-334ff9ed",
      "cand-1e7bb092",
      "cand-940106ac",
      "cand-b1575fba",
      "cand-1c1cb560",
      "cand-2ba5ca56",
      "cand-4e158d7d",
      "cand-ee1867a5",
      "cand-ccf655ee",
      "cand-2f2f67f1",
      "cand-dd0d4883",
      "cand-9e390b78",
      "cand-2b509e63",
      "cand-a42bb737",
      "cand-ba65a405",
      "cand-95b5fcb4",
      "cand-c1decc14",
      "cand-fad40100",
      "cand-3d99c3c3",
      "cand-ed6ed300",
      "cand-36473405",
      "cand-32556840",
      "cand-056beb3f",
      "cand-fef34f1d",
      "cand-4e58abee",
      "cand-6c095f1d",
      "cand-72fdbd0a",
      "cand-1a73f98c",
      "cand-60e5fb9a",
      "cand-fbd6e1cd",
      "cand-6fa9e64c",
      "cand-b3ce6dfd",
      "cand-d7b18242",
      "cand-cddf1147",
      "cand-a2b17756",
      "cand-4106d658",
      "cand-bf2319b1",
      "cand-1be3a1ed",
      "cand-ec8276d1",
      "cand-66da2fad",
      "cand-10487d69",
      "cand-a0b082a6",
      "cand-e1c37158",
      "cand-3924bc09",
      "cand-c5a37a36",
      "cand-9f921b3b",
      "cand-976660f2",
      "cand-1fd659d1",
      "cand-1ebe3284",
      "cand-a05583cb",
      "cand-68e1f6c0",
      "cand-939bafa7",
      "cand-5dfb966e",
      "cand-ec9d7a77",
      "cand-c9bd8a69",
      "cand-cad467d1",
      "cand-30ca4ecf",
      "cand-274a3d78",
      "cand-8f6a1544",
      "cand-be21675f",
      "cand-17c07e8f",
      "cand-60166f81",
      "cand-8f82de94",
      "cand-42460886",
      "cand-9295e93d",
      "cand-5a54f71c",
      "cand-a12eacdf",
      "cand-5b236726",
      "cand-dbfe05b6",
      "cand-eb4f9103",
      "cand-294a8337",
      "cand-54d331f7",
      "cand-303f93be",
      "cand-64ceccd8",
      "cand-82301049",
      "cand-cb926322",
      "cand-9740ccd3",
      "cand-45f69d7a",
      "cand-8195e18c",
      "cand-9ad02865",
      "cand-b0561318",
      "cand-77645d5d",
      "cand-3913b48a",
      "cand-d8c529f0",
      "cand-3e0617a5",
      "cand-796b47d8",
      "cand-da5bc8a6",
      "cand-6385aa99",
      "cand-ce0fb6b8",
      "cand-f53efe87",
      "cand-541078ba",
      "cand-102cde43",
      "cand-99a518c8",
      "cand-45eae1ed",
      "cand-5fa9bbca",
      "cand-58a6bc67",
      "cand-e2e95d0b",
      "cand-e7d44996",
      "cand-4fd1f661",
      "cand-f8a32482",
      "cand-65221fbc",
      "cand-0dcbc429",
      "cand-7237f414",
      "cand-13ab4eb7",
      "cand-03a62626",
      "cand-74403bc5",
      "cand-08afa655",
      "cand-8fc0ffa2",
      "cand-6b8a91fa",
      "cand-6b160ae4",
      "cand-e4ab8440",
      "cand-292c094d",
      "cand-bf066e31",
      "cand-bf45bffc",
      "cand-33777180",
      "cand-67548c32",
      "cand-af1ed124",
      "cand-fd3f325b",
      "cand-e8320fab",
      "cand-51877b36",
      "cand-f80d7394",
      "cand-d2b04e0c",
      "cand-d865401d",
      "cand-c2337d4e",
      "cand-bd0f8191",
      "cand-2e68882f",
      "cand-94bc57ed",
      "cand-93a15ca5",
      "cand-197cf126",
      "cand-4e21422c",
      "cand-cc3ed2d8",
      "cand-ad84fefa",
      "cand-e3e4e13a",
      "cand-6d2901b8",
      "cand-c7985187",
      "cand-a3fa7fcf",
      "cand-2181b4f2",
      "cand-e803ef34",
      "cand-cc7eb308",
      "cand-8c710851",
      "cand-8045892e",
      "cand-17273829",
      "cand-e3d89e08",
      "cand-118d9dbb",
      "cand-1a318968",
      "cand-5665b571",
      "cand-80f55e73",
      "cand-74341bb6",
      "cand-6a470e0a",
      "cand-bac89ce5",
      "cand-9a0a92b6",
      "cand-91ef422b",
      "cand-63b039ec",
      "cand-5f4ecea5",
      "cand-eb5c0c9f",
      "cand-f7398180",
      "cand-b8e26ed1",
      "cand-97e78627",
      "cand-8cfb97d5",
      "cand-2c409867",
      "cand-990db2d3",
      "cand-d3505cb8",
      "cand-c99b76d2",
      "cand-49bf1eca",
      "cand-a32fd47a",
      "cand-60aab7fe",
      "cand-3f27c596",
      "cand-7d7ec144",
      "cand-dbed99a3",
      "cand-a5ddec79",
      "cand-f35eb742",
      "cand-df9c33cc",
      "cand-3bde95a6",
      "cand-5e145275",
      "cand-93924d92",
      "cand-de4d3ae4",
      "cand-6f7e7135",
      "cand-8c77c5e2",
      "cand-ed7049a5",
      "cand-cc2ebf60",
      "cand-880d9c3b",
      "cand-43144528"
    ],
    "recentProblemKinds": [
      "local_backtest_fail",
      "local_backtest_fail",
      "local_backtest_fail",
      "local_backtest_fail",
      "local_backtest_fail"
    ],
    "recentRepairResults": [
      {
        "repairKind": "risk_logic_repair",
        "result": "success",
        "repairedCandidateId": "cand-dbed99a3",
        "summary": "Requested risk_logic_repair after local_backtest_fail."
      },
      {
        "repairKind": "pine_source_repair",
        "result": "success",
        "repairedCandidateId": "cand-a5ddec79",
        "summary": "Applied deterministic time-boxed preflight repair after blocking sparse event-source issues."
      },
      {
        "repairKind": "entry_frequency_repair",
        "result": "success",
        "repairedCandidateId": "cand-df9c33cc",
        "summary": "Requested entry_frequency_repair after local_backtest_fail."
      },
      {
        "repairKind": "risk_logic_repair",
        "result": "success",
        "repairedCandidateId": "cand-cc2ebf60",
        "summary": "Requested risk_logic_repair after local_backtest_fail."
      },
      {
        "repairKind": "risk_logic_repair",
        "result": "success",
        "repairedCandidateId": "cand-43144528",
        "summary": "Requested risk_logic_repair after local_backtest_fail."
      }
    ],
    "scoreFeedbackObserved": true,
    "stage6Readiness": {
      "generatedAt": "2026-04-30T05:22:53.680Z",
      "evaluated": true,
      "passed": true,
      "mode": "deterministic",
      "countRequested": 10,
      "countCompleted": 10,
      "countFailed": 0,
      "activeChampionCandidateId": "cand-a64e2088",
      "freshBootstrapPassed": true,
      "multiIterationPassed": true,
      "rootIsolationPassed": true,
      "repairTraceabilityPassed": true,
      "calibrationQueuePassed": true,
      "scoreFeedbackPassed": true,
      "feedbackClosureRequired": false,
      "calibrationMode": "queue_only",
      "ledgerValidationPassed": true,
      "indexVerificationPassed": true,
      "rootIsolationStatus": {
        "status": "passed",
        "customStateRoot": "C:\\Users\\hanji\\AppData\\Local\\Temp\\af-stage6-state-YAZZ8Y",
        "defaultWorkspaceStateRoot": "C:\\Users\\hanji\\AppData\\Local\\Temp\\af-stage6-workspace-Nnkt1H\\state\\pi-autoresearch",
        "customContextExists": true,
        "defaultWorkspaceStateHasArtifacts": false
      },
      "repairTraceabilityStatus": {
        "status": "passed",
        "successfulRepairCount": 10,
        "successfulRepairsWithoutCandidateCount": 0
      },
      "feedbackClosureStatus": {
        "status": "passed",
        "required": false,
        "promptFeedbackObserved": true,
        "scoreBreakdownFeedbackObserved": false,
        "divergenceCount": 0,
        "confidenceUpdateCount": 0
      },
      "evidence": {
        "tempWorkspaceRoot": null,
        "tempStateRoot": null,
        "localEvaluationCount": 19,
        "headEventCount": 2,
        "archiveEventCount": 11,
        "calibrationEventCount": 2,
        "mutationBriefCount": 18,
        "problemEventCount": 18,
        "repairAttemptCount": 10,
        "deadlineBreachCount": 0
      },
      "warnings": []
    },
    "lastStage6GatePassed": true,
    "rootIsolationStatus": {
      "status": "passed",
      "customStateRoot": "C:\\Users\\hanji\\AppData\\Local\\Temp\\af-stage6-state-YAZZ8Y",
      "defaultWorkspaceStateRoot": "C:\\Users\\hanji\\AppData\\Local\\Temp\\af-stage6-workspace-Nnkt1H\\state\\pi-autoresearch",
      "customContextExists": true,
      "defaultWorkspaceStateHasArtifacts": false
    },
    "repairTraceabilityStatus": {
      "status": "passed",
      "successfulRepairCount": 10,
      "successfulRepairsWithoutCandidateCount": 0
    },
    "feedbackClosureStatus": {
      "status": "passed",
      "required": false,
      "promptFeedbackObserved": true,
      "scoreBreakdownFeedbackObserved": false,
      "divergenceCount": 0,
      "confidenceUpdateCount": 0
    },
    "nextPlannedAction": "local_compatibility_repair",
    "loopMode": "local-first",
    "defaultOperationalView": "v3_autonomous_local_first",
    "projectRoot": "C:\\Users\\hanji\\Desktop\\AF",
    "workspaceRoot": "C:\\Users\\hanji\\Desktop\\AF",
    "stateRoot": "C:\\Users\\hanji\\Desktop\\AF\\state\\pi-autoresearch",
    "traceRoot": "C:\\Users\\hanji\\Desktop\\AF\\state\\pi-autoresearch\\traces",
    "artifactRoot": "C:\\Users\\hanji\\Desktop\\AF\\state\\pi-autoresearch\\artifacts",
    "evidenceRoot": "C:\\Users\\hanji\\Desktop\\AF\\state\\pi-autoresearch\\evidence",
    "runtimeRoot": "C:\\Users\\hanji\\Desktop\\AF\\state\\pi-autoresearch\\runtime",
    "tvVerificationCount": 28,
    "tvHealth": "unavailable",
    "calibrationAutoProcess": false,
    "calibrationMode": "queue_only",
    "lastTvSurfaceFailure": {
      "candidateId": "cand-c6235b65",
      "decision": "tv_surface_failure",
      "iteration": 279,
      "tvCalibrationStatus": "surface_failure",
      "recordedAt": "2026-04-29T18:46:19.526Z"
    },
    "humanOverride": false
  },
  "tracePath": "C:\\Users\\hanji\\Desktop\\AF\\state\\pi-autoresearch\\traces\\run-autonomous-loop-2026-05-01T01-49-10-342Z-trace-8231183d.jsonl"
}
[2026-05-01T10:53:44.9738984+09:00] iteration 9: run-autonomous-loop exit=0
[2026-05-01T10:53:44.9754027+09:00] iteration 9: validate-ledger start
??injected env (11) from .env // tip: ??secrets for agents [www.dotenvx.com]
[ledger.validation] validate-ledger | Ledger validation completed | 2026-05-01T01:53:49.329Z
{
  "ok": true,
  "errorCount": 0,
  "warningCount": 6,
  "issues": [
    {
      "severity": "warning",
      "scope": "experiment-record-meta",
      "recordId": "cand-f918d6d8",
      "message": "recordHash does not match the serialized experiment record."
    },
    {
      "severity": "warning",
      "scope": "experiment-record-meta",
      "recordId": "cand-3f99a396",
      "message": "recordHash does not match the serialized experiment record."
    },
    {
      "severity": "warning",
      "scope": "experiment-record-meta",
      "recordId": "cand-93a71a19",
      "message": "recordHash does not match the serialized experiment record."
    },
    {
      "severity": "warning",
      "scope": "experiment-record-meta",
      "recordId": "cand-560e2d3b",
      "message": "recordHash does not match the serialized experiment record."
    },
    {
      "severity": "warning",
      "scope": "experiment-record-meta",
      "recordId": "cand-24b4021d",
      "message": "recordHash does not match the serialized experiment record."
    },
    {
      "severity": "warning",
      "scope": "candidate-dedup",
      "recordId": "bfee8f4eb7eabba2047b8b2270beef764a3942811cda8134d75c15c171c0c26a",
      "message": "Duplicate candidate source hash detected across ids: cand-2a5e6ffe, cand-51397d04, cand-9cbc4c5f, cand-a93778fa, cand-bbb67c15, cand-fdc1ae65"
    }
  ],
  "summary": {
    "experiments": 616,
    "candidates": 566,
    "taskBatches": 131
  },
  "stateRoot": "C:\\Users\\hanji\\Desktop\\AF\\state\\pi-autoresearch",
  "tracePath": "C:\\Users\\hanji\\Desktop\\AF\\state\\pi-autoresearch\\traces\\validate-ledger-2026-05-01T01-53-45-281Z-trace-16e65263.jsonl"
}
[2026-05-01T10:53:49.4029338+09:00] iteration 9: validate-ledger exit=0
[2026-05-01T10:53:49.4039338+09:00] iteration 9: rebuild-indexes --verify start
??injected env (11) from .env // tip: ??override existing { override: true }
[?몃뜳???ъ깮???쒖옉] ?몃뜳???ъ깮??| ?뚯깮 ?몃뜳?ㅻ? ?ъ깮?깊빀?덈떎. state: C:\Users\hanji\Desktop\AF\state\pi-autoresearch | 2026-05-01T01:53:51.973Z
[?몃뜳???ъ깮???꾨즺] ?몃뜳???ъ깮??| ?뚯깮 ?몃뜳???ъ깮?깆쓣 留덉낀?듬땲?? state: C:\Users\hanji\Desktop\AF\state\pi-autoresearch | 2026-05-01T01:54:05.088Z
{
  "rebuilt": true,
  "stateRoot": "C:\\Users\\hanji\\Desktop\\AF\\state\\pi-autoresearch",
  "autonomousState": {
    "generatedAt": "2026-05-01T01:53:56.463Z",
    "activeChampionCandidateId": "cand-42ed2fa4",
    "activeChampionScore": 0.7879,
    "activeChampionDecision": "local_candidate_eligible",
    "championOrigin": "autonomous",
    "researchMaturity": "steady_state",
    "selectedBy": "auto_policy",
    "selectionPolicyVersion": "autonomous-local-first/v3-p0",
    "objectivePolicyVersion": "objective.qqq-120m/v1",
    "headEventCount": 2,
    "archiveEventCount": 305,
    "calibrationEventCount": 318,
    "calibrationCandidateCount": 290,
    "divergenceCount": 27,
    "localConfidenceUpdateCount": 27,
    "problemEventCount": 207,
    "repairAttemptCount": 104,
    "localEvaluationCount": 396,
    "localEligibleCount": 225,
    "bootstrapCompatibleCount": 0,
    "bootstrapEligibleCount": 0,
    "bootstrapStatus": "not_started",
    "bootstrapSource": null,
    "bootstrapReason": null,
    "localRejectedCount": 166,
    "topBlockingReason": "low_trade_count",
    "pendingCalibrationCandidateCount": 262,
    "pendingCalibrationCandidateIds": [
      "cand-0e6a0180",
      "cand-9f33e80b",
      "cand-772d8a1e",
      "cand-f28d2e01",
      "cand-9a5dbcc7",
      "cand-b01be933",
      "cand-0a692f84",
      "cand-4f8faae3",
      "cand-35a74bba",
      "cand-c6b25611",
      "cand-ccdae17b",
      "cand-b8102dcd",
      "cand-8a1fe27b",
      "cand-ebbdd6a9",
      "cand-80dfaaa1",
      "cand-03f30a70",
      "cand-2f290563",
      "cand-e76cded5",
      "cand-710d8bc6",
      "cand-dd7e63cf",
      "cand-949bf032",
      "cand-b14595e0",
      "cand-90dc4ec3",
      "cand-f1103886",
      "cand-77224b87",
      "cand-55f47b32",
      "cand-cb18c54a",
      "cand-8a1a7cf2",
      "cand-db12aa7d",
      "cand-eb3175fc",
      "cand-ce89005b",
      "cand-b333865d",
      "cand-14f5f8ff",
      "cand-87a7fa06",
      "cand-609d9f19",
      "cand-09a0ae17",
      "cand-fbb3fb78",
      "cand-7bff0c1a",
      "cand-6e976c42",
      "cand-eaf67b92",
      "cand-ea5075a8",
      "cand-c0d6f969",
      "cand-946579c0",
      "cand-1638111b",
      "cand-840b49c0",
      "cand-a1b63e8c",
      "cand-d3fa966c",
      "cand-af6ef21e",
      "cand-c5832df6",
      "cand-57321a8c",
      "cand-3004b0f8",
      "cand-00644032",
      "cand-6272ab0f",
      "cand-7b341ad0",
      "cand-5c90b0de",
      "cand-350b7e7b",
      "cand-05218055",
      "cand-6ebbd52a",
      "cand-9edd626e",
      "cand-5d685d8a",
      "cand-addb3d5a",
      "cand-1a03e904",
      "cand-935b6a7d",
      "cand-11e460d8",
      "cand-58484f09",
      "cand-c3549cdc",
      "cand-e000c048",
      "cand-5927e5ca",
      "cand-7ae4d6eb",
      "cand-bd3c959f",
      "cand-ad98c7fd",
      "cand-a3456179",
      "cand-fa19c7db",
      "cand-8211114e",
      "cand-737e8acc",
      "cand-9ae5abb8",
      "cand-f68c494c",
      "cand-0cb06744",
      "cand-c4540c5e",
      "cand-887ba798",
      "cand-334ff9ed",
      "cand-1e7bb092",
      "cand-940106ac",
      "cand-b1575fba",
      "cand-1c1cb560",
      "cand-2ba5ca56",
      "cand-4e158d7d",
      "cand-ee1867a5",
      "cand-ccf655ee",
      "cand-2f2f67f1",
      "cand-dd0d4883",
      "cand-9e390b78",
      "cand-2b509e63",
      "cand-a42bb737",
      "cand-ba65a405",
      "cand-95b5fcb4",
      "cand-c1decc14",
      "cand-fad40100",
      "cand-3d99c3c3",
      "cand-ed6ed300",
      "cand-36473405",
      "cand-32556840",
      "cand-056beb3f",
      "cand-fef34f1d",
      "cand-4e58abee",
      "cand-6c095f1d",
      "cand-72fdbd0a",
      "cand-1a73f98c",
      "cand-60e5fb9a",
      "cand-fbd6e1cd",
      "cand-6fa9e64c",
      "cand-b3ce6dfd",
      "cand-d7b18242",
      "cand-cddf1147",
      "cand-a2b17756",
      "cand-4106d658",
      "cand-bf2319b1",
      "cand-1be3a1ed",
      "cand-ec8276d1",
      "cand-66da2fad",
      "cand-10487d69",
      "cand-a0b082a6",
      "cand-e1c37158",
      "cand-3924bc09",
      "cand-c5a37a36",
      "cand-9f921b3b",
      "cand-976660f2",
      "cand-1fd659d1",
      "cand-1ebe3284",
      "cand-a05583cb",
      "cand-68e1f6c0",
      "cand-939bafa7",
      "cand-5dfb966e",
      "cand-ec9d7a77",
      "cand-c9bd8a69",
      "cand-cad467d1",
      "cand-30ca4ecf",
      "cand-274a3d78",
      "cand-8f6a1544",
      "cand-be21675f",
      "cand-17c07e8f",
      "cand-60166f81",
      "cand-8f82de94",
      "cand-42460886",
      "cand-9295e93d",
      "cand-5a54f71c",
      "cand-a12eacdf",
      "cand-5b236726",
      "cand-dbfe05b6",
      "cand-eb4f9103",
      "cand-294a8337",
      "cand-54d331f7",
      "cand-303f93be",
      "cand-64ceccd8",
      "cand-82301049",
      "cand-cb926322",
      "cand-9740ccd3",
      "cand-45f69d7a",
      "cand-8195e18c",
      "cand-9ad02865",
      "cand-b0561318",
      "cand-77645d5d",
      "cand-3913b48a",
      "cand-d8c529f0",
      "cand-3e0617a5",
      "cand-796b47d8",
      "cand-da5bc8a6",
      "cand-6385aa99",
      "cand-ce0fb6b8",
      "cand-f53efe87",
      "cand-541078ba",
      "cand-102cde43",
      "cand-99a518c8",
      "cand-45eae1ed",
      "cand-5fa9bbca",
      "cand-58a6bc67",
      "cand-e2e95d0b",
      "cand-e7d44996",
      "cand-4fd1f661",
      "cand-f8a32482",
      "cand-65221fbc",
      "cand-0dcbc429",
      "cand-7237f414",
      "cand-13ab4eb7",
      "cand-03a62626",
      "cand-74403bc5",
      "cand-08afa655",
      "cand-8fc0ffa2",
      "cand-6b8a91fa",
      "cand-6b160ae4",
      "cand-e4ab8440",
      "cand-292c094d",
      "cand-bf066e31",
      "cand-bf45bffc",
      "cand-33777180",
      "cand-67548c32",
      "cand-af1ed124",
      "cand-fd3f325b",
      "cand-e8320fab",
      "cand-51877b36",
      "cand-f80d7394",
      "cand-d2b04e0c",
      "cand-d865401d",
      "cand-c2337d4e",
      "cand-bd0f8191",
      "cand-2e68882f",
      "cand-94bc57ed",
      "cand-93a15ca5",
      "cand-197cf126",
      "cand-4e21422c",
      "cand-cc3ed2d8",
      "cand-ad84fefa",
      "cand-e3e4e13a",
      "cand-6d2901b8",
      "cand-c7985187",
      "cand-a3fa7fcf",
      "cand-2181b4f2",
      "cand-e803ef34",
      "cand-cc7eb308",
      "cand-8c710851",
      "cand-8045892e",
      "cand-17273829",
      "cand-e3d89e08",
      "cand-118d9dbb",
      "cand-1a318968",
      "cand-5665b571",
      "cand-80f55e73",
      "cand-74341bb6",
      "cand-6a470e0a",
      "cand-bac89ce5",
      "cand-9a0a92b6",
      "cand-91ef422b",
      "cand-63b039ec",
      "cand-5f4ecea5",
      "cand-eb5c0c9f",
      "cand-f7398180",
      "cand-b8e26ed1",
      "cand-97e78627",
      "cand-8cfb97d5",
      "cand-2c409867",
      "cand-990db2d3",
      "cand-d3505cb8",
      "cand-c99b76d2",
      "cand-49bf1eca",
      "cand-a32fd47a",
      "cand-60aab7fe",
      "cand-3f27c596",
      "cand-7d7ec144",
      "cand-dbed99a3",
      "cand-a5ddec79",
      "cand-f35eb742",
      "cand-df9c33cc",
      "cand-3bde95a6",
      "cand-5e145275",
      "cand-93924d92",
      "cand-de4d3ae4",
      "cand-6f7e7135",
      "cand-8c77c5e2",
      "cand-ed7049a5",
      "cand-cc2ebf60",
      "cand-880d9c3b",
      "cand-43144528"
    ],
    "recentProblemKinds": [
      "local_backtest_fail",
      "local_backtest_fail",
      "local_backtest_fail",
      "local_backtest_fail",
      "local_backtest_fail"
    ],
    "recentRepairResults": [
      {
        "repairKind": "risk_logic_repair",
        "result": "success",
        "repairedCandidateId": "cand-dbed99a3",
        "summary": "Requested risk_logic_repair after local_backtest_fail."
      },
      {
        "repairKind": "pine_source_repair",
        "result": "success",
        "repairedCandidateId": "cand-a5ddec79",
        "summary": "Applied deterministic time-boxed preflight repair after blocking sparse event-source issues."
      },
      {
        "repairKind": "entry_frequency_repair",
        "result": "success",
        "repairedCandidateId": "cand-df9c33cc",
        "summary": "Requested entry_frequency_repair after local_backtest_fail."
      },
      {
        "repairKind": "risk_logic_repair",
        "result": "success",
        "repairedCandidateId": "cand-cc2ebf60",
        "summary": "Requested risk_logic_repair after local_backtest_fail."
      },
      {
        "repairKind": "risk_logic_repair",
        "result": "success",
        "repairedCandidateId": "cand-43144528",
        "summary": "Requested risk_logic_repair after local_backtest_fail."
      }
    ],
    "scoreFeedbackObserved": true,
    "stage6Readiness": {
      "generatedAt": "2026-04-30T05:22:53.680Z",
      "evaluated": true,
      "passed": true,
      "mode": "deterministic",
      "countRequested": 10,
      "countCompleted": 10,
      "countFailed": 0,
      "activeChampionCandidateId": "cand-a64e2088",
      "freshBootstrapPassed": true,
      "multiIterationPassed": true,
      "rootIsolationPassed": true,
      "repairTraceabilityPassed": true,
      "calibrationQueuePassed": true,
      "scoreFeedbackPassed": true,
      "feedbackClosureRequired": false,
      "calibrationMode": "queue_only",
      "ledgerValidationPassed": true,
      "indexVerificationPassed": true,
      "rootIsolationStatus": {
        "status": "passed",
        "customStateRoot": "C:\\Users\\hanji\\AppData\\Local\\Temp\\af-stage6-state-YAZZ8Y",
        "defaultWorkspaceStateRoot": "C:\\Users\\hanji\\AppData\\Local\\Temp\\af-stage6-workspace-Nnkt1H\\state\\pi-autoresearch",
        "customContextExists": true,
        "defaultWorkspaceStateHasArtifacts": false
      },
      "repairTraceabilityStatus": {
        "status": "passed",
        "successfulRepairCount": 10,
        "successfulRepairsWithoutCandidateCount": 0
      },
      "feedbackClosureStatus": {
        "status": "passed",
        "required": false,
        "promptFeedbackObserved": true,
        "scoreBreakdownFeedbackObserved": false,
        "divergenceCount": 0,
        "confidenceUpdateCount": 0
      },
      "evidence": {
        "tempWorkspaceRoot": null,
        "tempStateRoot": null,
        "localEvaluationCount": 19,
        "headEventCount": 2,
        "archiveEventCount": 11,
        "calibrationEventCount": 2,
        "mutationBriefCount": 18,
        "problemEventCount": 18,
        "repairAttemptCount": 10,
        "deadlineBreachCount": 0
      },
      "warnings": []
    },
    "lastStage6GatePassed": true,
    "rootIsolationStatus": {
      "status": "passed",
      "customStateRoot": "C:\\Users\\hanji\\AppData\\Local\\Temp\\af-stage6-state-YAZZ8Y",
      "defaultWorkspaceStateRoot": "C:\\Users\\hanji\\AppData\\Local\\Temp\\af-stage6-workspace-Nnkt1H\\state\\pi-autoresearch",
      "customContextExists": true,
      "defaultWorkspaceStateHasArtifacts": false
    },
    "repairTraceabilityStatus": {
      "status": "passed",
      "successfulRepairCount": 10,
      "successfulRepairsWithoutCandidateCount": 0
    },
    "feedbackClosureStatus": {
      "status": "passed",
      "required": false,
      "promptFeedbackObserved": true,
      "scoreBreakdownFeedbackObserved": false,
      "divergenceCount": 0,
      "confidenceUpdateCount": 0
    },
    "nextPlannedAction": "local_compatibility_repair",
    "loopMode": "local-first",
    "defaultOperationalView": "v3_autonomous_local_first",
    "projectRoot": "C:\\Users\\hanji\\Desktop\\AF",
    "workspaceRoot": "C:\\Users\\hanji\\Desktop\\AF",
    "stateRoot": "C:\\Users\\hanji\\Desktop\\AF\\state\\pi-autoresearch",
    "traceRoot": "C:\\Users\\hanji\\Desktop\\AF\\state\\pi-autoresearch\\traces",
    "artifactRoot": "C:\\Users\\hanji\\Desktop\\AF\\state\\pi-autoresearch\\artifacts",
    "evidenceRoot": "C:\\Users\\hanji\\Desktop\\AF\\state\\pi-autoresearch\\evidence",
    "runtimeRoot": "C:\\Users\\hanji\\Desktop\\AF\\state\\pi-autoresearch\\runtime",
    "tvVerificationCount": 28,
    "tvHealth": "unavailable",
    "calibrationAutoProcess": false,
    "calibrationMode": "queue_only",
    "lastTvSurfaceFailure": {
      "candidateId": "cand-c6235b65",
      "decision": "tv_surface_failure",
      "iteration": 279,
      "tvCalibrationStatus": "surface_failure",
      "recordedAt": "2026-04-29T18:46:19.526Z"
    },
    "humanOverride": false
  },
  "verification": {
    "ok": true,
    "issues": []
  },
  "tracePath": "C:\\Users\\hanji\\Desktop\\AF\\state\\pi-autoresearch\\traces\\rebuild-indexes-2026-05-01T01-53-49-702Z-trace-924bed23.jsonl"
}
[2026-05-01T10:54:05.3702359+09:00] iteration 9: rebuild-indexes --verify exit=0
[2026-05-01T10:54:15.3774695+09:00] iteration 10: run-autonomous-loop start
??injected env (11) from .env // tip: ??custom filepath { path: '/custom/path/.env' }
[autonomous.loop.start] run-autonomous-loop | Starting autonomous local-first loop | 2026-05-01T01:54:15.634Z
[iteration.started] run-autonomous-loop | Starting autonomous iteration | 2026-05-01T01:54:15.636Z
[phase.started] run-autonomous-loop | Initializing autonomous workspace | 2026-05-01T01:54:15.645Z
[phase.completed] run-autonomous-loop | Initializing autonomous workspace | 2026-05-01T01:54:17.738Z
[phase.started] run-autonomous-loop | Generating autonomous mutation candidate | 2026-05-01T01:54:19.234Z
[autonomous.mutation.request] run-autonomous-loop | Sending autonomous mutation request | 2026-05-01T01:54:19.235Z
[phase.completed] run-autonomous-loop | Generating autonomous mutation candidate | 2026-05-01T01:56:37.550Z
[phase.started] run-autonomous-loop | Evaluating autonomous candidate locally | 2026-05-01T01:56:37.550Z
[autonomous.market_context_ready] run-autonomous-loop | Local-first market context is ready | 2026-05-01T01:56:37.558Z
[autonomous.local_evaluation] run-autonomous-loop | Local autonomous evaluation completed | 2026-05-01T01:56:37.611Z
[phase.completed] run-autonomous-loop | Evaluating autonomous candidate locally | 2026-05-01T01:56:37.625Z
[phase.started] run-autonomous-loop | Updating autonomous archive views | 2026-05-01T01:56:37.626Z
[phase.completed] run-autonomous-loop | Updating autonomous archive views | 2026-05-01T01:56:37.629Z
[phase.started] run-autonomous-loop | Queueing candidate for TradingView calibration | 2026-05-01T01:56:37.630Z
[phase.completed] run-autonomous-loop | Queueing candidate for TradingView calibration | 2026-05-01T01:56:37.634Z
[phase.started] run-autonomous-loop | Selecting active autonomous champion | 2026-05-01T01:56:38.857Z
[phase.completed] run-autonomous-loop | Selecting active autonomous champion | 2026-05-01T01:56:39.579Z
[phase.started] run-autonomous-loop | Rebuilding derived autonomous views | 2026-05-01T01:56:39.582Z
[phase.completed] run-autonomous-loop | Rebuilding derived autonomous views | 2026-05-01T01:56:41.958Z
[iteration.completed] run-autonomous-loop | Autonomous iteration completed | 2026-05-01T01:56:41.959Z
{
  "countRequested": 1,
  "countCompleted": 1,
  "countFailed": 0,
  "results": [
    {
      "runId": "autonomous-1777600455644",
      "iteration": 617,
      "candidateId": "cand-13019569",
      "localDecision": "local_candidate_eligible",
      "activeChampionChanged": false,
      "activeChampionCandidateId": "cand-42ed2fa4"
    }
  ],
  "deadlineBreaches": [],
  "autonomousState": {
    "generatedAt": "2026-05-01T01:56:43.815Z",
    "activeChampionCandidateId": "cand-42ed2fa4",
    "activeChampionScore": 0.7879,
    "activeChampionDecision": "local_candidate_eligible",
    "championOrigin": "autonomous",
    "researchMaturity": "steady_state",
    "selectedBy": "auto_policy",
    "selectionPolicyVersion": "autonomous-local-first/v3-p0",
    "objectivePolicyVersion": "objective.qqq-120m/v1",
    "headEventCount": 2,
    "archiveEventCount": 306,
    "calibrationEventCount": 319,
    "calibrationCandidateCount": 291,
    "divergenceCount": 27,
    "localConfidenceUpdateCount": 27,
    "problemEventCount": 207,
    "repairAttemptCount": 104,
    "localEvaluationCount": 397,
    "localEligibleCount": 226,
    "bootstrapCompatibleCount": 0,
    "bootstrapEligibleCount": 0,
    "bootstrapStatus": "not_started",
    "bootstrapSource": null,
    "bootstrapReason": null,
    "localRejectedCount": 166,
    "topBlockingReason": "low_trade_count",
    "pendingCalibrationCandidateCount": 263,
    "pendingCalibrationCandidateIds": [
      "cand-0e6a0180",
      "cand-9f33e80b",
      "cand-772d8a1e",
      "cand-f28d2e01",
      "cand-9a5dbcc7",
      "cand-b01be933",
      "cand-0a692f84",
      "cand-4f8faae3",
      "cand-35a74bba",
      "cand-c6b25611",
      "cand-ccdae17b",
      "cand-b8102dcd",
      "cand-8a1fe27b",
      "cand-ebbdd6a9",
      "cand-80dfaaa1",
      "cand-03f30a70",
      "cand-2f290563",
      "cand-e76cded5",
      "cand-710d8bc6",
      "cand-dd7e63cf",
      "cand-949bf032",
      "cand-b14595e0",
      "cand-90dc4ec3",
      "cand-f1103886",
      "cand-77224b87",
      "cand-55f47b32",
      "cand-cb18c54a",
      "cand-8a1a7cf2",
      "cand-db12aa7d",
      "cand-eb3175fc",
      "cand-ce89005b",
      "cand-b333865d",
      "cand-14f5f8ff",
      "cand-87a7fa06",
      "cand-609d9f19",
      "cand-09a0ae17",
      "cand-fbb3fb78",
      "cand-7bff0c1a",
      "cand-6e976c42",
      "cand-eaf67b92",
      "cand-ea5075a8",
      "cand-c0d6f969",
      "cand-946579c0",
      "cand-1638111b",
      "cand-840b49c0",
      "cand-a1b63e8c",
      "cand-d3fa966c",
      "cand-af6ef21e",
      "cand-c5832df6",
      "cand-57321a8c",
      "cand-3004b0f8",
      "cand-00644032",
      "cand-6272ab0f",
      "cand-7b341ad0",
      "cand-5c90b0de",
      "cand-350b7e7b",
      "cand-05218055",
      "cand-6ebbd52a",
      "cand-9edd626e",
      "cand-5d685d8a",
      "cand-addb3d5a",
      "cand-1a03e904",
      "cand-935b6a7d",
      "cand-11e460d8",
      "cand-58484f09",
      "cand-c3549cdc",
      "cand-e000c048",
      "cand-5927e5ca",
      "cand-7ae4d6eb",
      "cand-bd3c959f",
      "cand-ad98c7fd",
      "cand-a3456179",
      "cand-fa19c7db",
      "cand-8211114e",
      "cand-737e8acc",
      "cand-9ae5abb8",
      "cand-f68c494c",
      "cand-0cb06744",
      "cand-c4540c5e",
      "cand-887ba798",
      "cand-334ff9ed",
      "cand-1e7bb092",
      "cand-940106ac",
      "cand-b1575fba",
      "cand-1c1cb560",
      "cand-2ba5ca56",
      "cand-4e158d7d",
      "cand-ee1867a5",
      "cand-ccf655ee",
      "cand-2f2f67f1",
      "cand-dd0d4883",
      "cand-9e390b78",
      "cand-2b509e63",
      "cand-a42bb737",
      "cand-ba65a405",
      "cand-95b5fcb4",
      "cand-c1decc14",
      "cand-fad40100",
      "cand-3d99c3c3",
      "cand-ed6ed300",
      "cand-36473405",
      "cand-32556840",
      "cand-056beb3f",
      "cand-fef34f1d",
      "cand-4e58abee",
      "cand-6c095f1d",
      "cand-72fdbd0a",
      "cand-1a73f98c",
      "cand-60e5fb9a",
      "cand-fbd6e1cd",
      "cand-6fa9e64c",
      "cand-b3ce6dfd",
      "cand-d7b18242",
      "cand-cddf1147",
      "cand-a2b17756",
      "cand-4106d658",
      "cand-bf2319b1",
      "cand-1be3a1ed",
      "cand-ec8276d1",
      "cand-66da2fad",
      "cand-10487d69",
      "cand-a0b082a6",
      "cand-e1c37158",
      "cand-3924bc09",
      "cand-c5a37a36",
      "cand-9f921b3b",
      "cand-976660f2",
      "cand-1fd659d1",
      "cand-1ebe3284",
      "cand-a05583cb",
      "cand-68e1f6c0",
      "cand-939bafa7",
      "cand-5dfb966e",
      "cand-ec9d7a77",
      "cand-c9bd8a69",
      "cand-cad467d1",
      "cand-30ca4ecf",
      "cand-274a3d78",
      "cand-8f6a1544",
      "cand-be21675f",
      "cand-17c07e8f",
      "cand-60166f81",
      "cand-8f82de94",
      "cand-42460886",
      "cand-9295e93d",
      "cand-5a54f71c",
      "cand-a12eacdf",
      "cand-5b236726",
      "cand-dbfe05b6",
      "cand-eb4f9103",
      "cand-294a8337",
      "cand-54d331f7",
      "cand-303f93be",
      "cand-64ceccd8",
      "cand-82301049",
      "cand-cb926322",
      "cand-9740ccd3",
      "cand-45f69d7a",
      "cand-8195e18c",
      "cand-9ad02865",
      "cand-b0561318",
      "cand-77645d5d",
      "cand-3913b48a",
      "cand-d8c529f0",
      "cand-3e0617a5",
      "cand-796b47d8",
      "cand-da5bc8a6",
      "cand-6385aa99",
      "cand-ce0fb6b8",
      "cand-f53efe87",
      "cand-541078ba",
      "cand-102cde43",
      "cand-99a518c8",
      "cand-45eae1ed",
      "cand-5fa9bbca",
      "cand-58a6bc67",
      "cand-e2e95d0b",
      "cand-e7d44996",
      "cand-4fd1f661",
      "cand-f8a32482",
      "cand-65221fbc",
      "cand-0dcbc429",
      "cand-7237f414",
      "cand-13ab4eb7",
      "cand-03a62626",
      "cand-74403bc5",
      "cand-08afa655",
      "cand-8fc0ffa2",
      "cand-6b8a91fa",
      "cand-6b160ae4",
      "cand-e4ab8440",
      "cand-292c094d",
      "cand-bf066e31",
      "cand-bf45bffc",
      "cand-33777180",
      "cand-67548c32",
      "cand-af1ed124",
      "cand-fd3f325b",
      "cand-e8320fab",
      "cand-51877b36",
      "cand-f80d7394",
      "cand-d2b04e0c",
      "cand-d865401d",
      "cand-c2337d4e",
      "cand-bd0f8191",
      "cand-2e68882f",
      "cand-94bc57ed",
      "cand-93a15ca5",
      "cand-197cf126",
      "cand-4e21422c",
      "cand-cc3ed2d8",
      "cand-ad84fefa",
      "cand-e3e4e13a",
      "cand-6d2901b8",
      "cand-c7985187",
      "cand-a3fa7fcf",
      "cand-2181b4f2",
      "cand-e803ef34",
      "cand-cc7eb308",
      "cand-8c710851",
      "cand-8045892e",
      "cand-17273829",
      "cand-e3d89e08",
      "cand-118d9dbb",
      "cand-1a318968",
      "cand-5665b571",
      "cand-80f55e73",
      "cand-74341bb6",
      "cand-6a470e0a",
      "cand-bac89ce5",
      "cand-9a0a92b6",
      "cand-91ef422b",
      "cand-63b039ec",
      "cand-5f4ecea5",
      "cand-eb5c0c9f",
      "cand-f7398180",
      "cand-b8e26ed1",
      "cand-97e78627",
      "cand-8cfb97d5",
      "cand-2c409867",
      "cand-990db2d3",
      "cand-d3505cb8",
      "cand-c99b76d2",
      "cand-49bf1eca",
      "cand-a32fd47a",
      "cand-60aab7fe",
      "cand-3f27c596",
      "cand-7d7ec144",
      "cand-dbed99a3",
      "cand-a5ddec79",
      "cand-f35eb742",
      "cand-df9c33cc",
      "cand-3bde95a6",
      "cand-5e145275",
      "cand-93924d92",
      "cand-de4d3ae4",
      "cand-6f7e7135",
      "cand-8c77c5e2",
      "cand-ed7049a5",
      "cand-cc2ebf60",
      "cand-880d9c3b",
      "cand-43144528",
      "cand-13019569"
    ],
    "recentProblemKinds": [
      "local_backtest_fail",
      "local_backtest_fail",
      "local_backtest_fail",
      "local_backtest_fail",
      "local_backtest_fail"
    ],
    "recentRepairResults": [
      {
        "repairKind": "risk_logic_repair",
        "result": "success",
        "repairedCandidateId": "cand-dbed99a3",
        "summary": "Requested risk_logic_repair after local_backtest_fail."
      },
      {
        "repairKind": "pine_source_repair",
        "result": "success",
        "repairedCandidateId": "cand-a5ddec79",
        "summary": "Applied deterministic time-boxed preflight repair after blocking sparse event-source issues."
      },
      {
        "repairKind": "entry_frequency_repair",
        "result": "success",
        "repairedCandidateId": "cand-df9c33cc",
        "summary": "Requested entry_frequency_repair after local_backtest_fail."
      },
      {
        "repairKind": "risk_logic_repair",
        "result": "success",
        "repairedCandidateId": "cand-cc2ebf60",
        "summary": "Requested risk_logic_repair after local_backtest_fail."
      },
      {
        "repairKind": "risk_logic_repair",
        "result": "success",
        "repairedCandidateId": "cand-43144528",
        "summary": "Requested risk_logic_repair after local_backtest_fail."
      }
    ],
    "scoreFeedbackObserved": true,
    "stage6Readiness": {
      "generatedAt": "2026-04-30T05:22:53.680Z",
      "evaluated": true,
      "passed": true,
      "mode": "deterministic",
      "countRequested": 10,
      "countCompleted": 10,
      "countFailed": 0,
      "activeChampionCandidateId": "cand-a64e2088",
      "freshBootstrapPassed": true,
      "multiIterationPassed": true,
      "rootIsolationPassed": true,
      "repairTraceabilityPassed": true,
      "calibrationQueuePassed": true,
      "scoreFeedbackPassed": true,
      "feedbackClosureRequired": false,
      "calibrationMode": "queue_only",
      "ledgerValidationPassed": true,
      "indexVerificationPassed": true,
      "rootIsolationStatus": {
        "status": "passed",
        "customStateRoot": "C:\\Users\\hanji\\AppData\\Local\\Temp\\af-stage6-state-YAZZ8Y",
        "defaultWorkspaceStateRoot": "C:\\Users\\hanji\\AppData\\Local\\Temp\\af-stage6-workspace-Nnkt1H\\state\\pi-autoresearch",
        "customContextExists": true,
        "defaultWorkspaceStateHasArtifacts": false
      },
      "repairTraceabilityStatus": {
        "status": "passed",
        "successfulRepairCount": 10,
        "successfulRepairsWithoutCandidateCount": 0
      },
      "feedbackClosureStatus": {
        "status": "passed",
        "required": false,
        "promptFeedbackObserved": true,
        "scoreBreakdownFeedbackObserved": false,
        "divergenceCount": 0,
        "confidenceUpdateCount": 0
      },
      "evidence": {
        "tempWorkspaceRoot": null,
        "tempStateRoot": null,
        "localEvaluationCount": 19,
        "headEventCount": 2,
        "archiveEventCount": 11,
        "calibrationEventCount": 2,
        "mutationBriefCount": 18,
        "problemEventCount": 18,
        "repairAttemptCount": 10,
        "deadlineBreachCount": 0
      },
      "warnings": []
    },
    "lastStage6GatePassed": true,
    "rootIsolationStatus": {
      "status": "passed",
      "customStateRoot": "C:\\Users\\hanji\\AppData\\Local\\Temp\\af-stage6-state-YAZZ8Y",
      "defaultWorkspaceStateRoot": "C:\\Users\\hanji\\AppData\\Local\\Temp\\af-stage6-workspace-Nnkt1H\\state\\pi-autoresearch",
      "customContextExists": true,
      "defaultWorkspaceStateHasArtifacts": false
    },
    "repairTraceabilityStatus": {
      "status": "passed",
      "successfulRepairCount": 10,
      "successfulRepairsWithoutCandidateCount": 0
    },
    "feedbackClosureStatus": {
      "status": "passed",
      "required": false,
      "promptFeedbackObserved": true,
      "scoreBreakdownFeedbackObserved": false,
      "divergenceCount": 0,
      "confidenceUpdateCount": 0
    },
    "nextPlannedAction": "local_compatibility_repair",
    "loopMode": "local-first",
    "defaultOperationalView": "v3_autonomous_local_first",
    "projectRoot": "C:\\Users\\hanji\\Desktop\\AF",
    "workspaceRoot": "C:\\Users\\hanji\\Desktop\\AF",
    "stateRoot": "C:\\Users\\hanji\\Desktop\\AF\\state\\pi-autoresearch",
    "traceRoot": "C:\\Users\\hanji\\Desktop\\AF\\state\\pi-autoresearch\\traces",
    "artifactRoot": "C:\\Users\\hanji\\Desktop\\AF\\state\\pi-autoresearch\\artifacts",
    "evidenceRoot": "C:\\Users\\hanji\\Desktop\\AF\\state\\pi-autoresearch\\evidence",
    "runtimeRoot": "C:\\Users\\hanji\\Desktop\\AF\\state\\pi-autoresearch\\runtime",
    "tvVerificationCount": 28,
    "tvHealth": "unavailable",
    "calibrationAutoProcess": false,
    "calibrationMode": "queue_only",
    "lastTvSurfaceFailure": {
      "candidateId": "cand-c6235b65",
      "decision": "tv_surface_failure",
      "iteration": 279,
      "tvCalibrationStatus": "surface_failure",
      "recordedAt": "2026-04-29T18:46:19.526Z"
    },
    "humanOverride": false
  },
  "tracePath": "C:\\Users\\hanji\\Desktop\\AF\\state\\pi-autoresearch\\traces\\run-autonomous-loop-2026-05-01T01-54-15-634Z-trace-715f53ea.jsonl"
}
[2026-05-01T10:56:44.7369554+09:00] iteration 10: run-autonomous-loop exit=0
[2026-05-01T10:56:44.7379557+09:00] iteration 10: validate-ledger start
??injected env (11) from .env // tip: ??multiple files { path: ['.env.local', '.env'] }
[ledger.validation] validate-ledger | Ledger validation completed | 2026-05-01T01:56:48.961Z
{
  "ok": true,
  "errorCount": 0,
  "warningCount": 6,
  "issues": [
    {
      "severity": "warning",
      "scope": "experiment-record-meta",
      "recordId": "cand-f918d6d8",
      "message": "recordHash does not match the serialized experiment record."
    },
    {
      "severity": "warning",
      "scope": "experiment-record-meta",
      "recordId": "cand-3f99a396",
      "message": "recordHash does not match the serialized experiment record."
    },
    {
      "severity": "warning",
      "scope": "experiment-record-meta",
      "recordId": "cand-93a71a19",
      "message": "recordHash does not match the serialized experiment record."
    },
    {
      "severity": "warning",
      "scope": "experiment-record-meta",
      "recordId": "cand-560e2d3b",
      "message": "recordHash does not match the serialized experiment record."
    },
    {
      "severity": "warning",
      "scope": "experiment-record-meta",
      "recordId": "cand-24b4021d",
      "message": "recordHash does not match the serialized experiment record."
    },
    {
      "severity": "warning",
      "scope": "candidate-dedup",
      "recordId": "bfee8f4eb7eabba2047b8b2270beef764a3942811cda8134d75c15c171c0c26a",
      "message": "Duplicate candidate source hash detected across ids: cand-2a5e6ffe, cand-51397d04, cand-9cbc4c5f, cand-a93778fa, cand-bbb67c15, cand-fdc1ae65"
    }
  ],
  "summary": {
    "experiments": 617,
    "candidates": 567,
    "taskBatches": 131
  },
  "stateRoot": "C:\\Users\\hanji\\Desktop\\AF\\state\\pi-autoresearch",
  "tracePath": "C:\\Users\\hanji\\Desktop\\AF\\state\\pi-autoresearch\\traces\\validate-ledger-2026-05-01T01-56-44-997Z-trace-02aec280.jsonl"
}
[2026-05-01T10:56:49.0303165+09:00] iteration 10: validate-ledger exit=0
[2026-05-01T10:56:49.0313188+09:00] iteration 10: rebuild-indexes --verify start
??injected env (11) from .env // tip: ??enable debugging { debug: true }
[?몃뜳???ъ깮???쒖옉] ?몃뜳???ъ깮??| ?뚯깮 ?몃뜳?ㅻ? ?ъ깮?깊빀?덈떎. state: C:\Users\hanji\Desktop\AF\state\pi-autoresearch | 2026-05-01T01:56:51.687Z
[?몃뜳???ъ깮???꾨즺] ?몃뜳???ъ깮??| ?뚯깮 ?몃뜳???ъ깮?깆쓣 留덉낀?듬땲?? state: C:\Users\hanji\Desktop\AF\state\pi-autoresearch | 2026-05-01T01:57:04.243Z
{
  "rebuilt": true,
  "stateRoot": "C:\\Users\\hanji\\Desktop\\AF\\state\\pi-autoresearch",
  "autonomousState": {
    "generatedAt": "2026-05-01T01:56:55.836Z",
    "activeChampionCandidateId": "cand-42ed2fa4",
    "activeChampionScore": 0.7879,
    "activeChampionDecision": "local_candidate_eligible",
    "championOrigin": "autonomous",
    "researchMaturity": "steady_state",
    "selectedBy": "auto_policy",
    "selectionPolicyVersion": "autonomous-local-first/v3-p0",
    "objectivePolicyVersion": "objective.qqq-120m/v1",
    "headEventCount": 2,
    "archiveEventCount": 306,
    "calibrationEventCount": 319,
    "calibrationCandidateCount": 291,
    "divergenceCount": 27,
    "localConfidenceUpdateCount": 27,
    "problemEventCount": 207,
    "repairAttemptCount": 104,
    "localEvaluationCount": 397,
    "localEligibleCount": 226,
    "bootstrapCompatibleCount": 0,
    "bootstrapEligibleCount": 0,
    "bootstrapStatus": "not_started",
    "bootstrapSource": null,
    "bootstrapReason": null,
    "localRejectedCount": 166,
    "topBlockingReason": "low_trade_count",
    "pendingCalibrationCandidateCount": 263,
    "pendingCalibrationCandidateIds": [
      "cand-0e6a0180",
      "cand-9f33e80b",
      "cand-772d8a1e",
      "cand-f28d2e01",
      "cand-9a5dbcc7",
      "cand-b01be933",
      "cand-0a692f84",
      "cand-4f8faae3",
      "cand-35a74bba",
      "cand-c6b25611",
      "cand-ccdae17b",
      "cand-b8102dcd",
      "cand-8a1fe27b",
      "cand-ebbdd6a9",
      "cand-80dfaaa1",
      "cand-03f30a70",
      "cand-2f290563",
      "cand-e76cded5",
      "cand-710d8bc6",
      "cand-dd7e63cf",
      "cand-949bf032",
      "cand-b14595e0",
      "cand-90dc4ec3",
      "cand-f1103886",
      "cand-77224b87",
      "cand-55f47b32",
      "cand-cb18c54a",
      "cand-8a1a7cf2",
      "cand-db12aa7d",
      "cand-eb3175fc",
      "cand-ce89005b",
      "cand-b333865d",
      "cand-14f5f8ff",
      "cand-87a7fa06",
      "cand-609d9f19",
      "cand-09a0ae17",
      "cand-fbb3fb78",
      "cand-7bff0c1a",
      "cand-6e976c42",
      "cand-eaf67b92",
      "cand-ea5075a8",
      "cand-c0d6f969",
      "cand-946579c0",
      "cand-1638111b",
      "cand-840b49c0",
      "cand-a1b63e8c",
      "cand-d3fa966c",
      "cand-af6ef21e",
      "cand-c5832df6",
      "cand-57321a8c",
      "cand-3004b0f8",
      "cand-00644032",
      "cand-6272ab0f",
      "cand-7b341ad0",
      "cand-5c90b0de",
      "cand-350b7e7b",
      "cand-05218055",
      "cand-6ebbd52a",
      "cand-9edd626e",
      "cand-5d685d8a",
      "cand-addb3d5a",
      "cand-1a03e904",
      "cand-935b6a7d",
      "cand-11e460d8",
      "cand-58484f09",
      "cand-c3549cdc",
      "cand-e000c048",
      "cand-5927e5ca",
      "cand-7ae4d6eb",
      "cand-bd3c959f",
      "cand-ad98c7fd",
      "cand-a3456179",
      "cand-fa19c7db",
      "cand-8211114e",
      "cand-737e8acc",
      "cand-9ae5abb8",
      "cand-f68c494c",
      "cand-0cb06744",
      "cand-c4540c5e",
      "cand-887ba798",
      "cand-334ff9ed",
      "cand-1e7bb092",
      "cand-940106ac",
      "cand-b1575fba",
      "cand-1c1cb560",
      "cand-2ba5ca56",
      "cand-4e158d7d",
      "cand-ee1867a5",
      "cand-ccf655ee",
      "cand-2f2f67f1",
      "cand-dd0d4883",
      "cand-9e390b78",
      "cand-2b509e63",
      "cand-a42bb737",
      "cand-ba65a405",
      "cand-95b5fcb4",
      "cand-c1decc14",
      "cand-fad40100",
      "cand-3d99c3c3",
      "cand-ed6ed300",
      "cand-36473405",
      "cand-32556840",
      "cand-056beb3f",
      "cand-fef34f1d",
      "cand-4e58abee",
      "cand-6c095f1d",
      "cand-72fdbd0a",
      "cand-1a73f98c",
      "cand-60e5fb9a",
      "cand-fbd6e1cd",
      "cand-6fa9e64c",
      "cand-b3ce6dfd",
      "cand-d7b18242",
      "cand-cddf1147",
      "cand-a2b17756",
      "cand-4106d658",
      "cand-bf2319b1",
      "cand-1be3a1ed",
      "cand-ec8276d1",
      "cand-66da2fad",
      "cand-10487d69",
      "cand-a0b082a6",
      "cand-e1c37158",
      "cand-3924bc09",
      "cand-c5a37a36",
      "cand-9f921b3b",
      "cand-976660f2",
      "cand-1fd659d1",
      "cand-1ebe3284",
      "cand-a05583cb",
      "cand-68e1f6c0",
      "cand-939bafa7",
      "cand-5dfb966e",
      "cand-ec9d7a77",
      "cand-c9bd8a69",
      "cand-cad467d1",
      "cand-30ca4ecf",
      "cand-274a3d78",
      "cand-8f6a1544",
      "cand-be21675f",
      "cand-17c07e8f",
      "cand-60166f81",
      "cand-8f82de94",
      "cand-42460886",
      "cand-9295e93d",
      "cand-5a54f71c",
      "cand-a12eacdf",
      "cand-5b236726",
      "cand-dbfe05b6",
      "cand-eb4f9103",
      "cand-294a8337",
      "cand-54d331f7",
      "cand-303f93be",
      "cand-64ceccd8",
      "cand-82301049",
      "cand-cb926322",
      "cand-9740ccd3",
      "cand-45f69d7a",
      "cand-8195e18c",
      "cand-9ad02865",
      "cand-b0561318",
      "cand-77645d5d",
      "cand-3913b48a",
      "cand-d8c529f0",
      "cand-3e0617a5",
      "cand-796b47d8",
      "cand-da5bc8a6",
      "cand-6385aa99",
      "cand-ce0fb6b8",
      "cand-f53efe87",
      "cand-541078ba",
      "cand-102cde43",
      "cand-99a518c8",
      "cand-45eae1ed",
      "cand-5fa9bbca",
      "cand-58a6bc67",
      "cand-e2e95d0b",
      "cand-e7d44996",
      "cand-4fd1f661",
      "cand-f8a32482",
      "cand-65221fbc",
      "cand-0dcbc429",
      "cand-7237f414",
      "cand-13ab4eb7",
      "cand-03a62626",
      "cand-74403bc5",
      "cand-08afa655",
      "cand-8fc0ffa2",
      "cand-6b8a91fa",
      "cand-6b160ae4",
      "cand-e4ab8440",
      "cand-292c094d",
      "cand-bf066e31",
      "cand-bf45bffc",
      "cand-33777180",
      "cand-67548c32",
      "cand-af1ed124",
      "cand-fd3f325b",
      "cand-e8320fab",
      "cand-51877b36",
      "cand-f80d7394",
      "cand-d2b04e0c",
      "cand-d865401d",
      "cand-c2337d4e",
      "cand-bd0f8191",
      "cand-2e68882f",
      "cand-94bc57ed",
      "cand-93a15ca5",
      "cand-197cf126",
      "cand-4e21422c",
      "cand-cc3ed2d8",
      "cand-ad84fefa",
      "cand-e3e4e13a",
      "cand-6d2901b8",
      "cand-c7985187",
      "cand-a3fa7fcf",
      "cand-2181b4f2",
      "cand-e803ef34",
      "cand-cc7eb308",
      "cand-8c710851",
      "cand-8045892e",
      "cand-17273829",
      "cand-e3d89e08",
      "cand-118d9dbb",
      "cand-1a318968",
      "cand-5665b571",
      "cand-80f55e73",
      "cand-74341bb6",
      "cand-6a470e0a",
      "cand-bac89ce5",
      "cand-9a0a92b6",
      "cand-91ef422b",
      "cand-63b039ec",
      "cand-5f4ecea5",
      "cand-eb5c0c9f",
      "cand-f7398180",
      "cand-b8e26ed1",
      "cand-97e78627",
      "cand-8cfb97d5",
      "cand-2c409867",
      "cand-990db2d3",
      "cand-d3505cb8",
      "cand-c99b76d2",
      "cand-49bf1eca",
      "cand-a32fd47a",
      "cand-60aab7fe",
      "cand-3f27c596",
      "cand-7d7ec144",
      "cand-dbed99a3",
      "cand-a5ddec79",
      "cand-f35eb742",
      "cand-df9c33cc",
      "cand-3bde95a6",
      "cand-5e145275",
      "cand-93924d92",
      "cand-de4d3ae4",
      "cand-6f7e7135",
      "cand-8c77c5e2",
      "cand-ed7049a5",
      "cand-cc2ebf60",
      "cand-880d9c3b",
      "cand-43144528",
      "cand-13019569"
    ],
    "recentProblemKinds": [
      "local_backtest_fail",
      "local_backtest_fail",
      "local_backtest_fail",
      "local_backtest_fail",
      "local_backtest_fail"
    ],
    "recentRepairResults": [
      {
        "repairKind": "risk_logic_repair",
        "result": "success",
        "repairedCandidateId": "cand-dbed99a3",
        "summary": "Requested risk_logic_repair after local_backtest_fail."
      },
      {
        "repairKind": "pine_source_repair",
        "result": "success",
        "repairedCandidateId": "cand-a5ddec79",
        "summary": "Applied deterministic time-boxed preflight repair after blocking sparse event-source issues."
      },
      {
        "repairKind": "entry_frequency_repair",
        "result": "success",
        "repairedCandidateId": "cand-df9c33cc",
        "summary": "Requested entry_frequency_repair after local_backtest_fail."
      },
      {
        "repairKind": "risk_logic_repair",
        "result": "success",
        "repairedCandidateId": "cand-cc2ebf60",
        "summary": "Requested risk_logic_repair after local_backtest_fail."
      },
      {
        "repairKind": "risk_logic_repair",
        "result": "success",
        "repairedCandidateId": "cand-43144528",
        "summary": "Requested risk_logic_repair after local_backtest_fail."
      }
    ],
    "scoreFeedbackObserved": true,
    "stage6Readiness": {
      "generatedAt": "2026-04-30T05:22:53.680Z",
      "evaluated": true,
      "passed": true,
      "mode": "deterministic",
      "countRequested": 10,
      "countCompleted": 10,
      "countFailed": 0,
      "activeChampionCandidateId": "cand-a64e2088",
      "freshBootstrapPassed": true,
      "multiIterationPassed": true,
      "rootIsolationPassed": true,
      "repairTraceabilityPassed": true,
      "calibrationQueuePassed": true,
      "scoreFeedbackPassed": true,
      "feedbackClosureRequired": false,
      "calibrationMode": "queue_only",
      "ledgerValidationPassed": true,
      "indexVerificationPassed": true,
      "rootIsolationStatus": {
        "status": "passed",
        "customStateRoot": "C:\\Users\\hanji\\AppData\\Local\\Temp\\af-stage6-state-YAZZ8Y",
        "defaultWorkspaceStateRoot": "C:\\Users\\hanji\\AppData\\Local\\Temp\\af-stage6-workspace-Nnkt1H\\state\\pi-autoresearch",
        "customContextExists": true,
        "defaultWorkspaceStateHasArtifacts": false
      },
      "repairTraceabilityStatus": {
        "status": "passed",
        "successfulRepairCount": 10,
        "successfulRepairsWithoutCandidateCount": 0
      },
      "feedbackClosureStatus": {
        "status": "passed",
        "required": false,
        "promptFeedbackObserved": true,
        "scoreBreakdownFeedbackObserved": false,
        "divergenceCount": 0,
        "confidenceUpdateCount": 0
      },
      "evidence": {
        "tempWorkspaceRoot": null,
        "tempStateRoot": null,
        "localEvaluationCount": 19,
        "headEventCount": 2,
        "archiveEventCount": 11,
        "calibrationEventCount": 2,
        "mutationBriefCount": 18,
        "problemEventCount": 18,
        "repairAttemptCount": 10,
        "deadlineBreachCount": 0
      },
      "warnings": []
    },
    "lastStage6GatePassed": true,
    "rootIsolationStatus": {
      "status": "passed",
      "customStateRoot": "C:\\Users\\hanji\\AppData\\Local\\Temp\\af-stage6-state-YAZZ8Y",
      "defaultWorkspaceStateRoot": "C:\\Users\\hanji\\AppData\\Local\\Temp\\af-stage6-workspace-Nnkt1H\\state\\pi-autoresearch",
      "customContextExists": true,
      "defaultWorkspaceStateHasArtifacts": false
    },
    "repairTraceabilityStatus": {
      "status": "passed",
      "successfulRepairCount": 10,
      "successfulRepairsWithoutCandidateCount": 0
    },
    "feedbackClosureStatus": {
      "status": "passed",
      "required": false,
      "promptFeedbackObserved": true,
      "scoreBreakdownFeedbackObserved": false,
      "divergenceCount": 0,
      "confidenceUpdateCount": 0
    },
    "nextPlannedAction": "local_compatibility_repair",
    "loopMode": "local-first",
    "defaultOperationalView": "v3_autonomous_local_first",
    "projectRoot": "C:\\Users\\hanji\\Desktop\\AF",
    "workspaceRoot": "C:\\Users\\hanji\\Desktop\\AF",
    "stateRoot": "C:\\Users\\hanji\\Desktop\\AF\\state\\pi-autoresearch",
    "traceRoot": "C:\\Users\\hanji\\Desktop\\AF\\state\\pi-autoresearch\\traces",
    "artifactRoot": "C:\\Users\\hanji\\Desktop\\AF\\state\\pi-autoresearch\\artifacts",
    "evidenceRoot": "C:\\Users\\hanji\\Desktop\\AF\\state\\pi-autoresearch\\evidence",
    "runtimeRoot": "C:\\Users\\hanji\\Desktop\\AF\\state\\pi-autoresearch\\runtime",
    "tvVerificationCount": 28,
    "tvHealth": "unavailable",
    "calibrationAutoProcess": false,
    "calibrationMode": "queue_only",
    "lastTvSurfaceFailure": {
      "candidateId": "cand-c6235b65",
      "decision": "tv_surface_failure",
      "iteration": 279,
      "tvCalibrationStatus": "surface_failure",
      "recordedAt": "2026-04-29T18:46:19.526Z"
    },
    "humanOverride": false
  },
  "verification": {
    "ok": true,
    "issues": []
  },
  "tracePath": "C:\\Users\\hanji\\Desktop\\AF\\state\\pi-autoresearch\\traces\\rebuild-indexes-2026-05-01T01-56-49-326Z-trace-b86d3809.jsonl"
}
[2026-05-01T10:57:04.4797705+09:00] iteration 10: rebuild-indexes --verify exit=0
[2026-05-01T10:57:14.4900155+09:00] iteration 11: run-autonomous-loop start
??injected env (11) from .env // tip: ??auth for agents [www.vestauth.com]
[autonomous.loop.start] run-autonomous-loop | Starting autonomous local-first loop | 2026-05-01T01:57:14.757Z
[iteration.started] run-autonomous-loop | Starting autonomous iteration | 2026-05-01T01:57:14.759Z
[phase.started] run-autonomous-loop | Initializing autonomous workspace | 2026-05-01T01:57:14.769Z
[phase.completed] run-autonomous-loop | Initializing autonomous workspace | 2026-05-01T01:57:17.060Z
[phase.started] run-autonomous-loop | Generating autonomous mutation candidate | 2026-05-01T01:57:18.587Z
[autonomous.mutation.request] run-autonomous-loop | Sending autonomous mutation request | 2026-05-01T01:57:18.588Z
[phase.completed] run-autonomous-loop | Generating autonomous mutation candidate | 2026-05-01T01:59:25.880Z
[phase.started] run-autonomous-loop | Evaluating autonomous candidate locally | 2026-05-01T01:59:25.881Z
[autonomous.market_context_ready] run-autonomous-loop | Local-first market context is ready | 2026-05-01T01:59:25.888Z
[autonomous.local_evaluation] run-autonomous-loop | Local autonomous evaluation completed | 2026-05-01T01:59:25.972Z
[phase.completed] run-autonomous-loop | Evaluating autonomous candidate locally | 2026-05-01T01:59:26.000Z
[phase.started] run-autonomous-loop | Updating autonomous archive views | 2026-05-01T01:59:26.003Z
[phase.completed] run-autonomous-loop | Updating autonomous archive views | 2026-05-01T01:59:26.007Z
[phase.started] run-autonomous-loop | Queueing candidate for TradingView calibration | 2026-05-01T01:59:26.008Z
[phase.completed] run-autonomous-loop | Queueing candidate for TradingView calibration | 2026-05-01T01:59:26.011Z
[phase.started] run-autonomous-loop | Selecting active autonomous champion | 2026-05-01T01:59:27.501Z
[phase.completed] run-autonomous-loop | Selecting active autonomous champion | 2026-05-01T01:59:28.354Z
[phase.started] run-autonomous-loop | Rebuilding derived autonomous views | 2026-05-01T01:59:28.355Z
[phase.completed] run-autonomous-loop | Rebuilding derived autonomous views | 2026-05-01T01:59:31.035Z
[iteration.completed] run-autonomous-loop | Autonomous iteration completed | 2026-05-01T01:59:31.036Z
{
  "countRequested": 1,
  "countCompleted": 1,
  "countFailed": 0,
  "results": [
    {
      "runId": "autonomous-1777600634768",
      "iteration": 618,
      "candidateId": "cand-6125b79f",
      "localDecision": "local_candidate_eligible",
      "activeChampionChanged": false,
      "activeChampionCandidateId": "cand-42ed2fa4"
    }
  ],
  "deadlineBreaches": [],
  "autonomousState": {
    "generatedAt": "2026-05-01T01:59:32.918Z",
    "activeChampionCandidateId": "cand-42ed2fa4",
    "activeChampionScore": 0.7879,
    "activeChampionDecision": "local_candidate_eligible",
    "championOrigin": "autonomous",
    "researchMaturity": "steady_state",
    "selectedBy": "auto_policy",
    "selectionPolicyVersion": "autonomous-local-first/v3-p0",
    "objectivePolicyVersion": "objective.qqq-120m/v1",
    "headEventCount": 2,
    "archiveEventCount": 307,
    "calibrationEventCount": 320,
    "calibrationCandidateCount": 292,
    "divergenceCount": 27,
    "localConfidenceUpdateCount": 27,
    "problemEventCount": 207,
    "repairAttemptCount": 104,
    "localEvaluationCount": 398,
    "localEligibleCount": 227,
    "bootstrapCompatibleCount": 0,
    "bootstrapEligibleCount": 0,
    "bootstrapStatus": "not_started",
    "bootstrapSource": null,
    "bootstrapReason": null,
    "localRejectedCount": 166,
    "topBlockingReason": "low_trade_count",
    "pendingCalibrationCandidateCount": 264,
    "pendingCalibrationCandidateIds": [
      "cand-0e6a0180",
      "cand-9f33e80b",
      "cand-772d8a1e",
      "cand-f28d2e01",
      "cand-9a5dbcc7",
      "cand-b01be933",
      "cand-0a692f84",
      "cand-4f8faae3",
      "cand-35a74bba",
      "cand-c6b25611",
      "cand-ccdae17b",
      "cand-b8102dcd",
      "cand-8a1fe27b",
      "cand-ebbdd6a9",
      "cand-80dfaaa1",
      "cand-03f30a70",
      "cand-2f290563",
      "cand-e76cded5",
      "cand-710d8bc6",
      "cand-dd7e63cf",
      "cand-949bf032",
      "cand-b14595e0",
      "cand-90dc4ec3",
      "cand-f1103886",
      "cand-77224b87",
      "cand-55f47b32",
      "cand-cb18c54a",
      "cand-8a1a7cf2",
      "cand-db12aa7d",
      "cand-eb3175fc",
      "cand-ce89005b",
      "cand-b333865d",
      "cand-14f5f8ff",
      "cand-87a7fa06",
      "cand-609d9f19",
      "cand-09a0ae17",
      "cand-fbb3fb78",
      "cand-7bff0c1a",
      "cand-6e976c42",
      "cand-eaf67b92",
      "cand-ea5075a8",
      "cand-c0d6f969",
      "cand-946579c0",
      "cand-1638111b",
      "cand-840b49c0",
      "cand-a1b63e8c",
      "cand-d3fa966c",
      "cand-af6ef21e",
      "cand-c5832df6",
      "cand-57321a8c",
      "cand-3004b0f8",
      "cand-00644032",
      "cand-6272ab0f",
      "cand-7b341ad0",
      "cand-5c90b0de",
      "cand-350b7e7b",
      "cand-05218055",
      "cand-6ebbd52a",
      "cand-9edd626e",
      "cand-5d685d8a",
      "cand-addb3d5a",
      "cand-1a03e904",
      "cand-935b6a7d",
      "cand-11e460d8",
      "cand-58484f09",
      "cand-c3549cdc",
      "cand-e000c048",
      "cand-5927e5ca",
      "cand-7ae4d6eb",
      "cand-bd3c959f",
      "cand-ad98c7fd",
      "cand-a3456179",
      "cand-fa19c7db",
      "cand-8211114e",
      "cand-737e8acc",
      "cand-9ae5abb8",
      "cand-f68c494c",
      "cand-0cb06744",
      "cand-c4540c5e",
      "cand-887ba798",
      "cand-334ff9ed",
      "cand-1e7bb092",
      "cand-940106ac",
      "cand-b1575fba",
      "cand-1c1cb560",
      "cand-2ba5ca56",
      "cand-4e158d7d",
      "cand-ee1867a5",
      "cand-ccf655ee",
      "cand-2f2f67f1",
      "cand-dd0d4883",
      "cand-9e390b78",
      "cand-2b509e63",
      "cand-a42bb737",
      "cand-ba65a405",
      "cand-95b5fcb4",
      "cand-c1decc14",
      "cand-fad40100",
      "cand-3d99c3c3",
      "cand-ed6ed300",
      "cand-36473405",
      "cand-32556840",
      "cand-056beb3f",
      "cand-fef34f1d",
      "cand-4e58abee",
      "cand-6c095f1d",
      "cand-72fdbd0a",
      "cand-1a73f98c",
      "cand-60e5fb9a",
      "cand-fbd6e1cd",
      "cand-6fa9e64c",
      "cand-b3ce6dfd",
      "cand-d7b18242",
      "cand-cddf1147",
      "cand-a2b17756",
      "cand-4106d658",
      "cand-bf2319b1",
      "cand-1be3a1ed",
      "cand-ec8276d1",
      "cand-66da2fad",
      "cand-10487d69",
      "cand-a0b082a6",
      "cand-e1c37158",
      "cand-3924bc09",
      "cand-c5a37a36",
      "cand-9f921b3b",
      "cand-976660f2",
      "cand-1fd659d1",
      "cand-1ebe3284",
      "cand-a05583cb",
      "cand-68e1f6c0",
      "cand-939bafa7",
      "cand-5dfb966e",
      "cand-ec9d7a77",
      "cand-c9bd8a69",
      "cand-cad467d1",
      "cand-30ca4ecf",
      "cand-274a3d78",
      "cand-8f6a1544",
      "cand-be21675f",
      "cand-17c07e8f",
      "cand-60166f81",
      "cand-8f82de94",
      "cand-42460886",
      "cand-9295e93d",
      "cand-5a54f71c",
      "cand-a12eacdf",
      "cand-5b236726",
      "cand-dbfe05b6",
      "cand-eb4f9103",
      "cand-294a8337",
      "cand-54d331f7",
      "cand-303f93be",
      "cand-64ceccd8",
      "cand-82301049",
      "cand-cb926322",
      "cand-9740ccd3",
      "cand-45f69d7a",
      "cand-8195e18c",
      "cand-9ad02865",
      "cand-b0561318",
      "cand-77645d5d",
      "cand-3913b48a",
      "cand-d8c529f0",
      "cand-3e0617a5",
      "cand-796b47d8",
      "cand-da5bc8a6",
      "cand-6385aa99",
      "cand-ce0fb6b8",
      "cand-f53efe87",
      "cand-541078ba",
      "cand-102cde43",
      "cand-99a518c8",
      "cand-45eae1ed",
      "cand-5fa9bbca",
      "cand-58a6bc67",
      "cand-e2e95d0b",
      "cand-e7d44996",
      "cand-4fd1f661",
      "cand-f8a32482",
      "cand-65221fbc",
      "cand-0dcbc429",
      "cand-7237f414",
      "cand-13ab4eb7",
      "cand-03a62626",
      "cand-74403bc5",
      "cand-08afa655",
      "cand-8fc0ffa2",
      "cand-6b8a91fa",
      "cand-6b160ae4",
      "cand-e4ab8440",
      "cand-292c094d",
      "cand-bf066e31",
      "cand-bf45bffc",
      "cand-33777180",
      "cand-67548c32",
      "cand-af1ed124",
      "cand-fd3f325b",
      "cand-e8320fab",
      "cand-51877b36",
      "cand-f80d7394",
      "cand-d2b04e0c",
      "cand-d865401d",
      "cand-c2337d4e",
      "cand-bd0f8191",
      "cand-2e68882f",
      "cand-94bc57ed",
      "cand-93a15ca5",
      "cand-197cf126",
      "cand-4e21422c",
      "cand-cc3ed2d8",
      "cand-ad84fefa",
      "cand-e3e4e13a",
      "cand-6d2901b8",
      "cand-c7985187",
      "cand-a3fa7fcf",
      "cand-2181b4f2",
      "cand-e803ef34",
      "cand-cc7eb308",
      "cand-8c710851",
      "cand-8045892e",
      "cand-17273829",
      "cand-e3d89e08",
      "cand-118d9dbb",
      "cand-1a318968",
      "cand-5665b571",
      "cand-80f55e73",
      "cand-74341bb6",
      "cand-6a470e0a",
      "cand-bac89ce5",
      "cand-9a0a92b6",
      "cand-91ef422b",
      "cand-63b039ec",
      "cand-5f4ecea5",
      "cand-eb5c0c9f",
      "cand-f7398180",
      "cand-b8e26ed1",
      "cand-97e78627",
      "cand-8cfb97d5",
      "cand-2c409867",
      "cand-990db2d3",
      "cand-d3505cb8",
      "cand-c99b76d2",
      "cand-49bf1eca",
      "cand-a32fd47a",
      "cand-60aab7fe",
      "cand-3f27c596",
      "cand-7d7ec144",
      "cand-dbed99a3",
      "cand-a5ddec79",
      "cand-f35eb742",
      "cand-df9c33cc",
      "cand-3bde95a6",
      "cand-5e145275",
      "cand-93924d92",
      "cand-de4d3ae4",
      "cand-6f7e7135",
      "cand-8c77c5e2",
      "cand-ed7049a5",
      "cand-cc2ebf60",
      "cand-880d9c3b",
      "cand-43144528",
      "cand-13019569",
      "cand-6125b79f"
    ],
    "recentProblemKinds": [
      "local_backtest_fail",
      "local_backtest_fail",
      "local_backtest_fail",
      "local_backtest_fail",
      "local_backtest_fail"
    ],
    "recentRepairResults": [
      {
        "repairKind": "risk_logic_repair",
        "result": "success",
        "repairedCandidateId": "cand-dbed99a3",
        "summary": "Requested risk_logic_repair after local_backtest_fail."
      },
      {
        "repairKind": "pine_source_repair",
        "result": "success",
        "repairedCandidateId": "cand-a5ddec79",
        "summary": "Applied deterministic time-boxed preflight repair after blocking sparse event-source issues."
      },
      {
        "repairKind": "entry_frequency_repair",
        "result": "success",
        "repairedCandidateId": "cand-df9c33cc",
        "summary": "Requested entry_frequency_repair after local_backtest_fail."
      },
      {
        "repairKind": "risk_logic_repair",
        "result": "success",
        "repairedCandidateId": "cand-cc2ebf60",
        "summary": "Requested risk_logic_repair after local_backtest_fail."
      },
      {
        "repairKind": "risk_logic_repair",
        "result": "success",
        "repairedCandidateId": "cand-43144528",
        "summary": "Requested risk_logic_repair after local_backtest_fail."
      }
    ],
    "scoreFeedbackObserved": true,
    "stage6Readiness": {
      "generatedAt": "2026-04-30T05:22:53.680Z",
      "evaluated": true,
      "passed": true,
      "mode": "deterministic",
      "countRequested": 10,
      "countCompleted": 10,
      "countFailed": 0,
      "activeChampionCandidateId": "cand-a64e2088",
      "freshBootstrapPassed": true,
      "multiIterationPassed": true,
      "rootIsolationPassed": true,
      "repairTraceabilityPassed": true,
      "calibrationQueuePassed": true,
      "scoreFeedbackPassed": true,
      "feedbackClosureRequired": false,
      "calibrationMode": "queue_only",
      "ledgerValidationPassed": true,
      "indexVerificationPassed": true,
      "rootIsolationStatus": {
        "status": "passed",
        "customStateRoot": "C:\\Users\\hanji\\AppData\\Local\\Temp\\af-stage6-state-YAZZ8Y",
        "defaultWorkspaceStateRoot": "C:\\Users\\hanji\\AppData\\Local\\Temp\\af-stage6-workspace-Nnkt1H\\state\\pi-autoresearch",
        "customContextExists": true,
        "defaultWorkspaceStateHasArtifacts": false
      },
      "repairTraceabilityStatus": {
        "status": "passed",
        "successfulRepairCount": 10,
        "successfulRepairsWithoutCandidateCount": 0
      },
      "feedbackClosureStatus": {
        "status": "passed",
        "required": false,
        "promptFeedbackObserved": true,
        "scoreBreakdownFeedbackObserved": false,
        "divergenceCount": 0,
        "confidenceUpdateCount": 0
      },
      "evidence": {
        "tempWorkspaceRoot": null,
        "tempStateRoot": null,
        "localEvaluationCount": 19,
        "headEventCount": 2,
        "archiveEventCount": 11,
        "calibrationEventCount": 2,
        "mutationBriefCount": 18,
        "problemEventCount": 18,
        "repairAttemptCount": 10,
        "deadlineBreachCount": 0
      },
      "warnings": []
    },
    "lastStage6GatePassed": true,
    "rootIsolationStatus": {
      "status": "passed",
      "customStateRoot": "C:\\Users\\hanji\\AppData\\Local\\Temp\\af-stage6-state-YAZZ8Y",
      "defaultWorkspaceStateRoot": "C:\\Users\\hanji\\AppData\\Local\\Temp\\af-stage6-workspace-Nnkt1H\\state\\pi-autoresearch",
      "customContextExists": true,
      "defaultWorkspaceStateHasArtifacts": false
    },
    "repairTraceabilityStatus": {
      "status": "passed",
      "successfulRepairCount": 10,
      "successfulRepairsWithoutCandidateCount": 0
    },
    "feedbackClosureStatus": {
      "status": "passed",
      "required": false,
      "promptFeedbackObserved": true,
      "scoreBreakdownFeedbackObserved": false,
      "divergenceCount": 0,
      "confidenceUpdateCount": 0
    },
    "nextPlannedAction": "local_compatibility_repair",
    "loopMode": "local-first",
    "defaultOperationalView": "v3_autonomous_local_first",
    "projectRoot": "C:\\Users\\hanji\\Desktop\\AF",
    "workspaceRoot": "C:\\Users\\hanji\\Desktop\\AF",
    "stateRoot": "C:\\Users\\hanji\\Desktop\\AF\\state\\pi-autoresearch",
    "traceRoot": "C:\\Users\\hanji\\Desktop\\AF\\state\\pi-autoresearch\\traces",
    "artifactRoot": "C:\\Users\\hanji\\Desktop\\AF\\state\\pi-autoresearch\\artifacts",
    "evidenceRoot": "C:\\Users\\hanji\\Desktop\\AF\\state\\pi-autoresearch\\evidence",
    "runtimeRoot": "C:\\Users\\hanji\\Desktop\\AF\\state\\pi-autoresearch\\runtime",
    "tvVerificationCount": 28,
    "tvHealth": "unavailable",
    "calibrationAutoProcess": false,
    "calibrationMode": "queue_only",
    "lastTvSurfaceFailure": {
      "candidateId": "cand-c6235b65",
      "decision": "tv_surface_failure",
      "iteration": 279,
      "tvCalibrationStatus": "surface_failure",
      "recordedAt": "2026-04-29T18:46:19.526Z"
    },
    "humanOverride": false
  },
  "tracePath": "C:\\Users\\hanji\\Desktop\\AF\\state\\pi-autoresearch\\traces\\run-autonomous-loop-2026-05-01T01-57-14-756Z-trace-d1163b84.jsonl"
}
[2026-05-01T10:59:34.0365261+09:00] iteration 11: run-autonomous-loop exit=0
[2026-05-01T10:59:34.0365261+09:00] iteration 11: validate-ledger start
??injected env (11) from .env // tip: ??suppress logs { quiet: true }
[ledger.validation] validate-ledger | Ledger validation completed | 2026-05-01T01:59:38.959Z
{
  "ok": true,
  "errorCount": 0,
  "warningCount": 6,
  "issues": [
    {
      "severity": "warning",
      "scope": "experiment-record-meta",
      "recordId": "cand-f918d6d8",
      "message": "recordHash does not match the serialized experiment record."
    },
    {
      "severity": "warning",
      "scope": "experiment-record-meta",
      "recordId": "cand-3f99a396",
      "message": "recordHash does not match the serialized experiment record."
    },
    {
      "severity": "warning",
      "scope": "experiment-record-meta",
      "recordId": "cand-93a71a19",
      "message": "recordHash does not match the serialized experiment record."
    },
    {
      "severity": "warning",
      "scope": "experiment-record-meta",
      "recordId": "cand-560e2d3b",
      "message": "recordHash does not match the serialized experiment record."
    },
    {
      "severity": "warning",
      "scope": "experiment-record-meta",
      "recordId": "cand-24b4021d",
      "message": "recordHash does not match the serialized experiment record."
    },
    {
      "severity": "warning",
      "scope": "candidate-dedup",
      "recordId": "bfee8f4eb7eabba2047b8b2270beef764a3942811cda8134d75c15c171c0c26a",
      "message": "Duplicate candidate source hash detected across ids: cand-2a5e6ffe, cand-51397d04, cand-9cbc4c5f, cand-a93778fa, cand-bbb67c15, cand-fdc1ae65"
    }
  ],
  "summary": {
    "experiments": 618,
    "candidates": 568,
    "taskBatches": 131
  },
  "stateRoot": "C:\\Users\\hanji\\Desktop\\AF\\state\\pi-autoresearch",
  "tracePath": "C:\\Users\\hanji\\Desktop\\AF\\state\\pi-autoresearch\\traces\\validate-ledger-2026-05-01T01-59-34-368Z-trace-bf58e063.jsonl"
}
[2026-05-01T10:59:39.0411437+09:00] iteration 11: validate-ledger exit=0
[2026-05-01T10:59:39.0411437+09:00] iteration 11: rebuild-indexes --verify start
??injected env (11) from .env // tip: ??enable debugging { debug: true }
[?몃뜳???ъ깮???쒖옉] ?몃뜳???ъ깮??| ?뚯깮 ?몃뜳?ㅻ? ?ъ깮?깊빀?덈떎. state: C:\Users\hanji\Desktop\AF\state\pi-autoresearch | 2026-05-01T01:59:41.884Z
[?몃뜳???ъ깮???꾨즺] ?몃뜳???ъ깮??| ?뚯깮 ?몃뜳???ъ깮?깆쓣 留덉낀?듬땲?? state: C:\Users\hanji\Desktop\AF\state\pi-autoresearch | 2026-05-01T01:59:55.837Z
{
  "rebuilt": true,
  "stateRoot": "C:\\Users\\hanji\\Desktop\\AF\\state\\pi-autoresearch",
  "autonomousState": {
    "generatedAt": "2026-05-01T01:59:46.774Z",
    "activeChampionCandidateId": "cand-42ed2fa4",
    "activeChampionScore": 0.7879,
    "activeChampionDecision": "local_candidate_eligible",
    "championOrigin": "autonomous",
    "researchMaturity": "steady_state",
    "selectedBy": "auto_policy",
    "selectionPolicyVersion": "autonomous-local-first/v3-p0",
    "objectivePolicyVersion": "objective.qqq-120m/v1",
    "headEventCount": 2,
    "archiveEventCount": 307,
    "calibrationEventCount": 320,
    "calibrationCandidateCount": 292,
    "divergenceCount": 27,
    "localConfidenceUpdateCount": 27,
    "problemEventCount": 207,
    "repairAttemptCount": 104,
    "localEvaluationCount": 398,
    "localEligibleCount": 227,
    "bootstrapCompatibleCount": 0,
    "bootstrapEligibleCount": 0,
    "bootstrapStatus": "not_started",
    "bootstrapSource": null,
    "bootstrapReason": null,
    "localRejectedCount": 166,
    "topBlockingReason": "low_trade_count",
    "pendingCalibrationCandidateCount": 264,
    "pendingCalibrationCandidateIds": [
      "cand-0e6a0180",
      "cand-9f33e80b",
      "cand-772d8a1e",
      "cand-f28d2e01",
      "cand-9a5dbcc7",
      "cand-b01be933",
      "cand-0a692f84",
      "cand-4f8faae3",
      "cand-35a74bba",
      "cand-c6b25611",
      "cand-ccdae17b",
      "cand-b8102dcd",
      "cand-8a1fe27b",
      "cand-ebbdd6a9",
      "cand-80dfaaa1",
      "cand-03f30a70",
      "cand-2f290563",
      "cand-e76cded5",
      "cand-710d8bc6",
      "cand-dd7e63cf",
      "cand-949bf032",
      "cand-b14595e0",
      "cand-90dc4ec3",
      "cand-f1103886",
      "cand-77224b87",
      "cand-55f47b32",
      "cand-cb18c54a",
      "cand-8a1a7cf2",
      "cand-db12aa7d",
      "cand-eb3175fc",
      "cand-ce89005b",
      "cand-b333865d",
      "cand-14f5f8ff",
      "cand-87a7fa06",
      "cand-609d9f19",
      "cand-09a0ae17",
      "cand-fbb3fb78",
      "cand-7bff0c1a",
      "cand-6e976c42",
      "cand-eaf67b92",
      "cand-ea5075a8",
      "cand-c0d6f969",
      "cand-946579c0",
      "cand-1638111b",
      "cand-840b49c0",
      "cand-a1b63e8c",
      "cand-d3fa966c",
      "cand-af6ef21e",
      "cand-c5832df6",
      "cand-57321a8c",
      "cand-3004b0f8",
      "cand-00644032",
      "cand-6272ab0f",
      "cand-7b341ad0",
      "cand-5c90b0de",
      "cand-350b7e7b",
      "cand-05218055",
      "cand-6ebbd52a",
      "cand-9edd626e",
      "cand-5d685d8a",
      "cand-addb3d5a",
      "cand-1a03e904",
      "cand-935b6a7d",
      "cand-11e460d8",
      "cand-58484f09",
      "cand-c3549cdc",
      "cand-e000c048",
      "cand-5927e5ca",
      "cand-7ae4d6eb",
      "cand-bd3c959f",
      "cand-ad98c7fd",
      "cand-a3456179",
      "cand-fa19c7db",
      "cand-8211114e",
      "cand-737e8acc",
      "cand-9ae5abb8",
      "cand-f68c494c",
      "cand-0cb06744",
      "cand-c4540c5e",
      "cand-887ba798",
      "cand-334ff9ed",
      "cand-1e7bb092",
      "cand-940106ac",
      "cand-b1575fba",
      "cand-1c1cb560",
      "cand-2ba5ca56",
      "cand-4e158d7d",
      "cand-ee1867a5",
      "cand-ccf655ee",
      "cand-2f2f67f1",
      "cand-dd0d4883",
      "cand-9e390b78",
      "cand-2b509e63",
      "cand-a42bb737",
      "cand-ba65a405",
      "cand-95b5fcb4",
      "cand-c1decc14",
      "cand-fad40100",
      "cand-3d99c3c3",
      "cand-ed6ed300",
      "cand-36473405",
      "cand-32556840",
      "cand-056beb3f",
      "cand-fef34f1d",
      "cand-4e58abee",
      "cand-6c095f1d",
      "cand-72fdbd0a",
      "cand-1a73f98c",
      "cand-60e5fb9a",
      "cand-fbd6e1cd",
      "cand-6fa9e64c",
      "cand-b3ce6dfd",
      "cand-d7b18242",
      "cand-cddf1147",
      "cand-a2b17756",
      "cand-4106d658",
      "cand-bf2319b1",
      "cand-1be3a1ed",
      "cand-ec8276d1",
      "cand-66da2fad",
      "cand-10487d69",
      "cand-a0b082a6",
      "cand-e1c37158",
      "cand-3924bc09",
      "cand-c5a37a36",
      "cand-9f921b3b",
      "cand-976660f2",
      "cand-1fd659d1",
      "cand-1ebe3284",
      "cand-a05583cb",
      "cand-68e1f6c0",
      "cand-939bafa7",
      "cand-5dfb966e",
      "cand-ec9d7a77",
      "cand-c9bd8a69",
      "cand-cad467d1",
      "cand-30ca4ecf",
      "cand-274a3d78",
      "cand-8f6a1544",
      "cand-be21675f",
      "cand-17c07e8f",
      "cand-60166f81",
      "cand-8f82de94",
      "cand-42460886",
      "cand-9295e93d",
      "cand-5a54f71c",
      "cand-a12eacdf",
      "cand-5b236726",
      "cand-dbfe05b6",
      "cand-eb4f9103",
      "cand-294a8337",
      "cand-54d331f7",
      "cand-303f93be",
      "cand-64ceccd8",
      "cand-82301049",
      "cand-cb926322",
      "cand-9740ccd3",
      "cand-45f69d7a",
      "cand-8195e18c",
      "cand-9ad02865",
      "cand-b0561318",
      "cand-77645d5d",
      "cand-3913b48a",
      "cand-d8c529f0",
      "cand-3e0617a5",
      "cand-796b47d8",
      "cand-da5bc8a6",
      "cand-6385aa99",
      "cand-ce0fb6b8",
      "cand-f53efe87",
      "cand-541078ba",
      "cand-102cde43",
      "cand-99a518c8",
      "cand-45eae1ed",
      "cand-5fa9bbca",
      "cand-58a6bc67",
      "cand-e2e95d0b",
      "cand-e7d44996",
      "cand-4fd1f661",
      "cand-f8a32482",
      "cand-65221fbc",
      "cand-0dcbc429",
      "cand-7237f414",
      "cand-13ab4eb7",
      "cand-03a62626",
      "cand-74403bc5",
      "cand-08afa655",
      "cand-8fc0ffa2",
      "cand-6b8a91fa",
      "cand-6b160ae4",
      "cand-e4ab8440",
      "cand-292c094d",
      "cand-bf066e31",
      "cand-bf45bffc",
      "cand-33777180",
      "cand-67548c32",
      "cand-af1ed124",
      "cand-fd3f325b",
      "cand-e8320fab",
      "cand-51877b36",
      "cand-f80d7394",
      "cand-d2b04e0c",
      "cand-d865401d",
      "cand-c2337d4e",
      "cand-bd0f8191",
      "cand-2e68882f",
      "cand-94bc57ed",
      "cand-93a15ca5",
      "cand-197cf126",
      "cand-4e21422c",
      "cand-cc3ed2d8",
      "cand-ad84fefa",
      "cand-e3e4e13a",
      "cand-6d2901b8",
      "cand-c7985187",
      "cand-a3fa7fcf",
      "cand-2181b4f2",
      "cand-e803ef34",
      "cand-cc7eb308",
      "cand-8c710851",
      "cand-8045892e",
      "cand-17273829",
      "cand-e3d89e08",
      "cand-118d9dbb",
      "cand-1a318968",
      "cand-5665b571",
      "cand-80f55e73",
      "cand-74341bb6",
      "cand-6a470e0a",
      "cand-bac89ce5",
      "cand-9a0a92b6",
      "cand-91ef422b",
      "cand-63b039ec",
      "cand-5f4ecea5",
      "cand-eb5c0c9f",
      "cand-f7398180",
      "cand-b8e26ed1",
      "cand-97e78627",
      "cand-8cfb97d5",
      "cand-2c409867",
      "cand-990db2d3",
      "cand-d3505cb8",
      "cand-c99b76d2",
      "cand-49bf1eca",
      "cand-a32fd47a",
      "cand-60aab7fe",
      "cand-3f27c596",
      "cand-7d7ec144",
      "cand-dbed99a3",
      "cand-a5ddec79",
      "cand-f35eb742",
      "cand-df9c33cc",
      "cand-3bde95a6",
      "cand-5e145275",
      "cand-93924d92",
      "cand-de4d3ae4",
      "cand-6f7e7135",
      "cand-8c77c5e2",
      "cand-ed7049a5",
      "cand-cc2ebf60",
      "cand-880d9c3b",
      "cand-43144528",
      "cand-13019569",
      "cand-6125b79f"
    ],
    "recentProblemKinds": [
      "local_backtest_fail",
      "local_backtest_fail",
      "local_backtest_fail",
      "local_backtest_fail",
      "local_backtest_fail"
    ],
    "recentRepairResults": [
      {
        "repairKind": "risk_logic_repair",
        "result": "success",
        "repairedCandidateId": "cand-dbed99a3",
        "summary": "Requested risk_logic_repair after local_backtest_fail."
      },
      {
        "repairKind": "pine_source_repair",
        "result": "success",
        "repairedCandidateId": "cand-a5ddec79",
        "summary": "Applied deterministic time-boxed preflight repair after blocking sparse event-source issues."
      },
      {
        "repairKind": "entry_frequency_repair",
        "result": "success",
        "repairedCandidateId": "cand-df9c33cc",
        "summary": "Requested entry_frequency_repair after local_backtest_fail."
      },
      {
        "repairKind": "risk_logic_repair",
        "result": "success",
        "repairedCandidateId": "cand-cc2ebf60",
        "summary": "Requested risk_logic_repair after local_backtest_fail."
      },
      {
        "repairKind": "risk_logic_repair",
        "result": "success",
        "repairedCandidateId": "cand-43144528",
        "summary": "Requested risk_logic_repair after local_backtest_fail."
      }
    ],
    "scoreFeedbackObserved": true,
    "stage6Readiness": {
      "generatedAt": "2026-04-30T05:22:53.680Z",
      "evaluated": true,
      "passed": true,
      "mode": "deterministic",
      "countRequested": 10,
      "countCompleted": 10,
      "countFailed": 0,
      "activeChampionCandidateId": "cand-a64e2088",
      "freshBootstrapPassed": true,
      "multiIterationPassed": true,
      "rootIsolationPassed": true,
      "repairTraceabilityPassed": true,
      "calibrationQueuePassed": true,
      "scoreFeedbackPassed": true,
      "feedbackClosureRequired": false,
      "calibrationMode": "queue_only",
      "ledgerValidationPassed": true,
      "indexVerificationPassed": true,
      "rootIsolationStatus": {
        "status": "passed",
        "customStateRoot": "C:\\Users\\hanji\\AppData\\Local\\Temp\\af-stage6-state-YAZZ8Y",
        "defaultWorkspaceStateRoot": "C:\\Users\\hanji\\AppData\\Local\\Temp\\af-stage6-workspace-Nnkt1H\\state\\pi-autoresearch",
        "customContextExists": true,
        "defaultWorkspaceStateHasArtifacts": false
      },
      "repairTraceabilityStatus": {
        "status": "passed",
        "successfulRepairCount": 10,
        "successfulRepairsWithoutCandidateCount": 0
      },
      "feedbackClosureStatus": {
        "status": "passed",
        "required": false,
        "promptFeedbackObserved": true,
        "scoreBreakdownFeedbackObserved": false,
        "divergenceCount": 0,
        "confidenceUpdateCount": 0
      },
      "evidence": {
        "tempWorkspaceRoot": null,
        "tempStateRoot": null,
        "localEvaluationCount": 19,
        "headEventCount": 2,
        "archiveEventCount": 11,
        "calibrationEventCount": 2,
        "mutationBriefCount": 18,
        "problemEventCount": 18,
        "repairAttemptCount": 10,
        "deadlineBreachCount": 0
      },
      "warnings": []
    },
    "lastStage6GatePassed": true,
    "rootIsolationStatus": {
      "status": "passed",
      "customStateRoot": "C:\\Users\\hanji\\AppData\\Local\\Temp\\af-stage6-state-YAZZ8Y",
      "defaultWorkspaceStateRoot": "C:\\Users\\hanji\\AppData\\Local\\Temp\\af-stage6-workspace-Nnkt1H\\state\\pi-autoresearch",
      "customContextExists": true,
      "defaultWorkspaceStateHasArtifacts": false
    },
    "repairTraceabilityStatus": {
      "status": "passed",
      "successfulRepairCount": 10,
      "successfulRepairsWithoutCandidateCount": 0
    },
    "feedbackClosureStatus": {
      "status": "passed",
      "required": false,
      "promptFeedbackObserved": true,
      "scoreBreakdownFeedbackObserved": false,
      "divergenceCount": 0,
      "confidenceUpdateCount": 0
    },
    "nextPlannedAction": "local_compatibility_repair",
    "loopMode": "local-first",
    "defaultOperationalView": "v3_autonomous_local_first",
    "projectRoot": "C:\\Users\\hanji\\Desktop\\AF",
    "workspaceRoot": "C:\\Users\\hanji\\Desktop\\AF",
    "stateRoot": "C:\\Users\\hanji\\Desktop\\AF\\state\\pi-autoresearch",
    "traceRoot": "C:\\Users\\hanji\\Desktop\\AF\\state\\pi-autoresearch\\traces",
    "artifactRoot": "C:\\Users\\hanji\\Desktop\\AF\\state\\pi-autoresearch\\artifacts",
    "evidenceRoot": "C:\\Users\\hanji\\Desktop\\AF\\state\\pi-autoresearch\\evidence",
    "runtimeRoot": "C:\\Users\\hanji\\Desktop\\AF\\state\\pi-autoresearch\\runtime",
    "tvVerificationCount": 28,
    "tvHealth": "unavailable",
    "calibrationAutoProcess": false,
    "calibrationMode": "queue_only",
    "lastTvSurfaceFailure": {
      "candidateId": "cand-c6235b65",
      "decision": "tv_surface_failure",
      "iteration": 279,
      "tvCalibrationStatus": "surface_failure",
      "recordedAt": "2026-04-29T18:46:19.526Z"
    },
    "humanOverride": false
  },
  "verification": {
    "ok": true,
    "issues": []
  },
  "tracePath": "C:\\Users\\hanji\\Desktop\\AF\\state\\pi-autoresearch\\traces\\rebuild-indexes-2026-05-01T01-59-39-374Z-trace-20bf0f29.jsonl"
}
[2026-05-01T10:59:56.1171278+09:00] iteration 11: rebuild-indexes --verify exit=0
[2026-05-01T11:00:06.1312663+09:00] iteration 12: run-autonomous-loop start
??injected env (11) from .env // tip: ??secrets for agents [www.dotenvx.com]
[autonomous.loop.start] run-autonomous-loop | Starting autonomous local-first loop | 2026-05-01T02:00:06.445Z
[iteration.started] run-autonomous-loop | Starting autonomous iteration | 2026-05-01T02:00:06.446Z
[phase.started] run-autonomous-loop | Initializing autonomous workspace | 2026-05-01T02:00:06.450Z
[phase.completed] run-autonomous-loop | Initializing autonomous workspace | 2026-05-01T02:00:08.903Z
[phase.started] run-autonomous-loop | Generating autonomous mutation candidate | 2026-05-01T02:00:10.678Z
[autonomous.mutation.request] run-autonomous-loop | Sending autonomous mutation request | 2026-05-01T02:00:10.680Z
[phase.completed] run-autonomous-loop | Generating autonomous mutation candidate | 2026-05-01T02:02:20.625Z
[phase.started] run-autonomous-loop | Evaluating autonomous candidate locally | 2026-05-01T02:02:20.625Z
[autonomous.market_context_ready] run-autonomous-loop | Local-first market context is ready | 2026-05-01T02:02:20.634Z
[autonomous.local_evaluation] run-autonomous-loop | Local autonomous evaluation completed | 2026-05-01T02:02:20.729Z
[phase.completed] run-autonomous-loop | Evaluating autonomous candidate locally | 2026-05-01T02:02:20.757Z
[phase.started] run-autonomous-loop | Updating autonomous archive views | 2026-05-01T02:02:20.759Z
[phase.completed] run-autonomous-loop | Updating autonomous archive views | 2026-05-01T02:02:20.763Z
[phase.started] run-autonomous-loop | Queueing candidate for TradingView calibration | 2026-05-01T02:02:20.763Z
[phase.completed] run-autonomous-loop | Queueing candidate for TradingView calibration | 2026-05-01T02:02:20.768Z
[phase.started] run-autonomous-loop | Selecting active autonomous champion | 2026-05-01T02:02:22.360Z
[phase.completed] run-autonomous-loop | Selecting active autonomous champion | 2026-05-01T02:02:23.247Z
[phase.started] run-autonomous-loop | Rebuilding derived autonomous views | 2026-05-01T02:02:23.248Z
[phase.completed] run-autonomous-loop | Rebuilding derived autonomous views | 2026-05-01T02:02:26.160Z
[iteration.completed] run-autonomous-loop | Autonomous iteration completed | 2026-05-01T02:02:26.161Z
{
  "countRequested": 1,
  "countCompleted": 1,
  "countFailed": 0,
  "results": [
    {
      "runId": "autonomous-1777600806448",
      "iteration": 619,
      "candidateId": "cand-df4acc55",
      "localDecision": "local_candidate_eligible",
      "activeChampionChanged": false,
      "activeChampionCandidateId": "cand-42ed2fa4"
    }
  ],
  "deadlineBreaches": [],
  "autonomousState": {
    "generatedAt": "2026-05-01T02:02:28.145Z",
    "activeChampionCandidateId": "cand-42ed2fa4",
    "activeChampionScore": 0.7879,
    "activeChampionDecision": "local_candidate_eligible",
    "championOrigin": "autonomous",
    "researchMaturity": "steady_state",
    "selectedBy": "auto_policy",
    "selectionPolicyVersion": "autonomous-local-first/v3-p0",
    "objectivePolicyVersion": "objective.qqq-120m/v1",
    "headEventCount": 2,
    "archiveEventCount": 308,
    "calibrationEventCount": 321,
    "calibrationCandidateCount": 293,
    "divergenceCount": 27,
    "localConfidenceUpdateCount": 27,
    "problemEventCount": 207,
    "repairAttemptCount": 104,
    "localEvaluationCount": 399,
    "localEligibleCount": 228,
    "bootstrapCompatibleCount": 0,
    "bootstrapEligibleCount": 0,
    "bootstrapStatus": "not_started",
    "bootstrapSource": null,
    "bootstrapReason": null,
    "localRejectedCount": 166,
    "topBlockingReason": "low_trade_count",
    "pendingCalibrationCandidateCount": 265,
    "pendingCalibrationCandidateIds": [
      "cand-0e6a0180",
      "cand-9f33e80b",
      "cand-772d8a1e",
      "cand-f28d2e01",
      "cand-9a5dbcc7",
      "cand-b01be933",
      "cand-0a692f84",
      "cand-4f8faae3",
      "cand-35a74bba",
      "cand-c6b25611",
      "cand-ccdae17b",
      "cand-b8102dcd",
      "cand-8a1fe27b",
      "cand-ebbdd6a9",
      "cand-80dfaaa1",
      "cand-03f30a70",
      "cand-2f290563",
      "cand-e76cded5",
      "cand-710d8bc6",
      "cand-dd7e63cf",
      "cand-949bf032",
      "cand-b14595e0",
      "cand-90dc4ec3",
      "cand-f1103886",
      "cand-77224b87",
      "cand-55f47b32",
      "cand-cb18c54a",
      "cand-8a1a7cf2",
      "cand-db12aa7d",
      "cand-eb3175fc",
      "cand-ce89005b",
      "cand-b333865d",
      "cand-14f5f8ff",
      "cand-87a7fa06",
      "cand-609d9f19",
      "cand-09a0ae17",
      "cand-fbb3fb78",
      "cand-7bff0c1a",
      "cand-6e976c42",
      "cand-eaf67b92",
      "cand-ea5075a8",
      "cand-c0d6f969",
      "cand-946579c0",
      "cand-1638111b",
      "cand-840b49c0",
      "cand-a1b63e8c",
      "cand-d3fa966c",
      "cand-af6ef21e",
      "cand-c5832df6",
      "cand-57321a8c",
      "cand-3004b0f8",
      "cand-00644032",
      "cand-6272ab0f",
      "cand-7b341ad0",
      "cand-5c90b0de",
      "cand-350b7e7b",
      "cand-05218055",
      "cand-6ebbd52a",
      "cand-9edd626e",
      "cand-5d685d8a",
      "cand-addb3d5a",
      "cand-1a03e904",
      "cand-935b6a7d",
      "cand-11e460d8",
      "cand-58484f09",
      "cand-c3549cdc",
      "cand-e000c048",
      "cand-5927e5ca",
      "cand-7ae4d6eb",
      "cand-bd3c959f",
      "cand-ad98c7fd",
      "cand-a3456179",
      "cand-fa19c7db",
      "cand-8211114e",
      "cand-737e8acc",
      "cand-9ae5abb8",
      "cand-f68c494c",
      "cand-0cb06744",
      "cand-c4540c5e",
      "cand-887ba798",
      "cand-334ff9ed",
      "cand-1e7bb092",
      "cand-940106ac",
      "cand-b1575fba",
      "cand-1c1cb560",
      "cand-2ba5ca56",
      "cand-4e158d7d",
      "cand-ee1867a5",
      "cand-ccf655ee",
      "cand-2f2f67f1",
      "cand-dd0d4883",
      "cand-9e390b78",
      "cand-2b509e63",
      "cand-a42bb737",
      "cand-ba65a405",
      "cand-95b5fcb4",
      "cand-c1decc14",
      "cand-fad40100",
      "cand-3d99c3c3",
      "cand-ed6ed300",
      "cand-36473405",
      "cand-32556840",
      "cand-056beb3f",
      "cand-fef34f1d",
      "cand-4e58abee",
      "cand-6c095f1d",
      "cand-72fdbd0a",
      "cand-1a73f98c",
      "cand-60e5fb9a",
      "cand-fbd6e1cd",
      "cand-6fa9e64c",
      "cand-b3ce6dfd",
      "cand-d7b18242",
      "cand-cddf1147",
      "cand-a2b17756",
      "cand-4106d658",
      "cand-bf2319b1",
      "cand-1be3a1ed",
      "cand-ec8276d1",
      "cand-66da2fad",
      "cand-10487d69",
      "cand-a0b082a6",
      "cand-e1c37158",
      "cand-3924bc09",
      "cand-c5a37a36",
      "cand-9f921b3b",
      "cand-976660f2",
      "cand-1fd659d1",
      "cand-1ebe3284",
      "cand-a05583cb",
      "cand-68e1f6c0",
      "cand-939bafa7",
      "cand-5dfb966e",
      "cand-ec9d7a77",
      "cand-c9bd8a69",
      "cand-cad467d1",
      "cand-30ca4ecf",
      "cand-274a3d78",
      "cand-8f6a1544",
      "cand-be21675f",
      "cand-17c07e8f",
      "cand-60166f81",
      "cand-8f82de94",
      "cand-42460886",
      "cand-9295e93d",
      "cand-5a54f71c",
      "cand-a12eacdf",
      "cand-5b236726",
      "cand-dbfe05b6",
      "cand-eb4f9103",
      "cand-294a8337",
      "cand-54d331f7",
      "cand-303f93be",
      "cand-64ceccd8",
      "cand-82301049",
      "cand-cb926322",
      "cand-9740ccd3",
      "cand-45f69d7a",
      "cand-8195e18c",
      "cand-9ad02865",
      "cand-b0561318",
      "cand-77645d5d",
      "cand-3913b48a",
      "cand-d8c529f0",
      "cand-3e0617a5",
      "cand-796b47d8",
      "cand-da5bc8a6",
      "cand-6385aa99",
      "cand-ce0fb6b8",
      "cand-f53efe87",
      "cand-541078ba",
      "cand-102cde43",
      "cand-99a518c8",
      "cand-45eae1ed",
      "cand-5fa9bbca",
      "cand-58a6bc67",
      "cand-e2e95d0b",
      "cand-e7d44996",
      "cand-4fd1f661",
      "cand-f8a32482",
      "cand-65221fbc",
      "cand-0dcbc429",
      "cand-7237f414",
      "cand-13ab4eb7",
      "cand-03a62626",
      "cand-74403bc5",
      "cand-08afa655",
      "cand-8fc0ffa2",
      "cand-6b8a91fa",
      "cand-6b160ae4",
      "cand-e4ab8440",
      "cand-292c094d",
      "cand-bf066e31",
      "cand-bf45bffc",
      "cand-33777180",
      "cand-67548c32",
      "cand-af1ed124",
      "cand-fd3f325b",
      "cand-e8320fab",
      "cand-51877b36",
      "cand-f80d7394",
      "cand-d2b04e0c",
      "cand-d865401d",
      "cand-c2337d4e",
      "cand-bd0f8191",
      "cand-2e68882f",
      "cand-94bc57ed",
      "cand-93a15ca5",
      "cand-197cf126",
      "cand-4e21422c",
      "cand-cc3ed2d8",
      "cand-ad84fefa",
      "cand-e3e4e13a",
      "cand-6d2901b8",
      "cand-c7985187",
      "cand-a3fa7fcf",
      "cand-2181b4f2",
      "cand-e803ef34",
      "cand-cc7eb308",
      "cand-8c710851",
      "cand-8045892e",
      "cand-17273829",
      "cand-e3d89e08",
      "cand-118d9dbb",
      "cand-1a318968",
      "cand-5665b571",
      "cand-80f55e73",
      "cand-74341bb6",
      "cand-6a470e0a",
      "cand-bac89ce5",
      "cand-9a0a92b6",
      "cand-91ef422b",
      "cand-63b039ec",
      "cand-5f4ecea5",
      "cand-eb5c0c9f",
      "cand-f7398180",
      "cand-b8e26ed1",
      "cand-97e78627",
      "cand-8cfb97d5",
      "cand-2c409867",
      "cand-990db2d3",
      "cand-d3505cb8",
      "cand-c99b76d2",
      "cand-49bf1eca",
      "cand-a32fd47a",
      "cand-60aab7fe",
      "cand-3f27c596",
      "cand-7d7ec144",
      "cand-dbed99a3",
      "cand-a5ddec79",
      "cand-f35eb742",
      "cand-df9c33cc",
      "cand-3bde95a6",
      "cand-5e145275",
      "cand-93924d92",
      "cand-de4d3ae4",
      "cand-6f7e7135",
      "cand-8c77c5e2",
      "cand-ed7049a5",
      "cand-cc2ebf60",
      "cand-880d9c3b",
      "cand-43144528",
      "cand-13019569",
      "cand-6125b79f",
      "cand-df4acc55"
    ],
    "recentProblemKinds": [
      "local_backtest_fail",
      "local_backtest_fail",
      "local_backtest_fail",
      "local_backtest_fail",
      "local_backtest_fail"
    ],
    "recentRepairResults": [
      {
        "repairKind": "risk_logic_repair",
        "result": "success",
        "repairedCandidateId": "cand-dbed99a3",
        "summary": "Requested risk_logic_repair after local_backtest_fail."
      },
      {
        "repairKind": "pine_source_repair",
        "result": "success",
        "repairedCandidateId": "cand-a5ddec79",
        "summary": "Applied deterministic time-boxed preflight repair after blocking sparse event-source issues."
      },
      {
        "repairKind": "entry_frequency_repair",
        "result": "success",
        "repairedCandidateId": "cand-df9c33cc",
        "summary": "Requested entry_frequency_repair after local_backtest_fail."
      },
      {
        "repairKind": "risk_logic_repair",
        "result": "success",
        "repairedCandidateId": "cand-cc2ebf60",
        "summary": "Requested risk_logic_repair after local_backtest_fail."
      },
      {
        "repairKind": "risk_logic_repair",
        "result": "success",
        "repairedCandidateId": "cand-43144528",
        "summary": "Requested risk_logic_repair after local_backtest_fail."
      }
    ],
    "scoreFeedbackObserved": true,
    "stage6Readiness": {
      "generatedAt": "2026-04-30T05:22:53.680Z",
      "evaluated": true,
      "passed": true,
      "mode": "deterministic",
      "countRequested": 10,
      "countCompleted": 10,
      "countFailed": 0,
      "activeChampionCandidateId": "cand-a64e2088",
      "freshBootstrapPassed": true,
      "multiIterationPassed": true,
      "rootIsolationPassed": true,
      "repairTraceabilityPassed": true,
      "calibrationQueuePassed": true,
      "scoreFeedbackPassed": true,
      "feedbackClosureRequired": false,
      "calibrationMode": "queue_only",
      "ledgerValidationPassed": true,
      "indexVerificationPassed": true,
      "rootIsolationStatus": {
        "status": "passed",
        "customStateRoot": "C:\\Users\\hanji\\AppData\\Local\\Temp\\af-stage6-state-YAZZ8Y",
        "defaultWorkspaceStateRoot": "C:\\Users\\hanji\\AppData\\Local\\Temp\\af-stage6-workspace-Nnkt1H\\state\\pi-autoresearch",
        "customContextExists": true,
        "defaultWorkspaceStateHasArtifacts": false
      },
      "repairTraceabilityStatus": {
        "status": "passed",
        "successfulRepairCount": 10,
        "successfulRepairsWithoutCandidateCount": 0
      },
      "feedbackClosureStatus": {
        "status": "passed",
        "required": false,
        "promptFeedbackObserved": true,
        "scoreBreakdownFeedbackObserved": false,
        "divergenceCount": 0,
        "confidenceUpdateCount": 0
      },
      "evidence": {
        "tempWorkspaceRoot": null,
        "tempStateRoot": null,
        "localEvaluationCount": 19,
        "headEventCount": 2,
        "archiveEventCount": 11,
        "calibrationEventCount": 2,
        "mutationBriefCount": 18,
        "problemEventCount": 18,
        "repairAttemptCount": 10,
        "deadlineBreachCount": 0
      },
      "warnings": []
    },
    "lastStage6GatePassed": true,
    "rootIsolationStatus": {
      "status": "passed",
      "customStateRoot": "C:\\Users\\hanji\\AppData\\Local\\Temp\\af-stage6-state-YAZZ8Y",
      "defaultWorkspaceStateRoot": "C:\\Users\\hanji\\AppData\\Local\\Temp\\af-stage6-workspace-Nnkt1H\\state\\pi-autoresearch",
      "customContextExists": true,
      "defaultWorkspaceStateHasArtifacts": false
    },
    "repairTraceabilityStatus": {
      "status": "passed",
      "successfulRepairCount": 10,
      "successfulRepairsWithoutCandidateCount": 0
    },
    "feedbackClosureStatus": {
      "status": "passed",
      "required": false,
      "promptFeedbackObserved": true,
      "scoreBreakdownFeedbackObserved": false,
      "divergenceCount": 0,
      "confidenceUpdateCount": 0
    },
    "nextPlannedAction": "local_compatibility_repair",
    "loopMode": "local-first",
    "defaultOperationalView": "v3_autonomous_local_first",
    "projectRoot": "C:\\Users\\hanji\\Desktop\\AF",
    "workspaceRoot": "C:\\Users\\hanji\\Desktop\\AF",
    "stateRoot": "C:\\Users\\hanji\\Desktop\\AF\\state\\pi-autoresearch",
    "traceRoot": "C:\\Users\\hanji\\Desktop\\AF\\state\\pi-autoresearch\\traces",
    "artifactRoot": "C:\\Users\\hanji\\Desktop\\AF\\state\\pi-autoresearch\\artifacts",
    "evidenceRoot": "C:\\Users\\hanji\\Desktop\\AF\\state\\pi-autoresearch\\evidence",
    "runtimeRoot": "C:\\Users\\hanji\\Desktop\\AF\\state\\pi-autoresearch\\runtime",
    "tvVerificationCount": 28,
    "tvHealth": "unavailable",
    "calibrationAutoProcess": false,
    "calibrationMode": "queue_only",
    "lastTvSurfaceFailure": {
      "candidateId": "cand-c6235b65",
      "decision": "tv_surface_failure",
      "iteration": 279,
      "tvCalibrationStatus": "surface_failure",
      "recordedAt": "2026-04-29T18:46:19.526Z"
    },
    "humanOverride": false
  },
  "tracePath": "C:\\Users\\hanji\\Desktop\\AF\\state\\pi-autoresearch\\traces\\run-autonomous-loop-2026-05-01T02-00-06-444Z-trace-9c579a39.jsonl"
}
[2026-05-01T11:02:29.2950332+09:00] iteration 12: run-autonomous-loop exit=0
[2026-05-01T11:02:29.2950332+09:00] iteration 12: validate-ledger start
??injected env (11) from .env // tip: ??enable debugging { debug: true }
[ledger.validation] validate-ledger | Ledger validation completed | 2026-05-01T02:02:33.870Z
{
  "ok": true,
  "errorCount": 0,
  "warningCount": 6,
  "issues": [
    {
      "severity": "warning",
      "scope": "experiment-record-meta",
      "recordId": "cand-f918d6d8",
      "message": "recordHash does not match the serialized experiment record."
    },
    {
      "severity": "warning",
      "scope": "experiment-record-meta",
      "recordId": "cand-3f99a396",
      "message": "recordHash does not match the serialized experiment record."
    },
    {
      "severity": "warning",
      "scope": "experiment-record-meta",
      "recordId": "cand-93a71a19",
      "message": "recordHash does not match the serialized experiment record."
    },
    {
      "severity": "warning",
      "scope": "experiment-record-meta",
      "recordId": "cand-560e2d3b",
      "message": "recordHash does not match the serialized experiment record."
    },
    {
      "severity": "warning",
      "scope": "experiment-record-meta",
      "recordId": "cand-24b4021d",
      "message": "recordHash does not match the serialized experiment record."
    },
    {
      "severity": "warning",
      "scope": "candidate-dedup",
      "recordId": "bfee8f4eb7eabba2047b8b2270beef764a3942811cda8134d75c15c171c0c26a",
      "message": "Duplicate candidate source hash detected across ids: cand-2a5e6ffe, cand-51397d04, cand-9cbc4c5f, cand-a93778fa, cand-bbb67c15, cand-fdc1ae65"
    }
  ],
  "summary": {
    "experiments": 619,
    "candidates": 569,
    "taskBatches": 131
  },
  "stateRoot": "C:\\Users\\hanji\\Desktop\\AF\\state\\pi-autoresearch",
  "tracePath": "C:\\Users\\hanji\\Desktop\\AF\\state\\pi-autoresearch\\traces\\validate-ledger-2026-05-01T02-02-29-591Z-trace-1894a04c.jsonl"
}
[2026-05-01T11:02:33.9543996+09:00] iteration 12: validate-ledger exit=0
[2026-05-01T11:02:33.9554019+09:00] iteration 12: rebuild-indexes --verify start
??injected env (11) from .env // tip: ??suppress logs { quiet: true }
[?몃뜳???ъ깮???쒖옉] ?몃뜳???ъ깮??| ?뚯깮 ?몃뜳?ㅻ? ?ъ깮?깊빀?덈떎. state: C:\Users\hanji\Desktop\AF\state\pi-autoresearch | 2026-05-01T02:02:36.753Z
[?몃뜳???ъ깮???꾨즺] ?몃뜳???ъ깮??| ?뚯깮 ?몃뜳???ъ깮?깆쓣 留덉낀?듬땲?? state: C:\Users\hanji\Desktop\AF\state\pi-autoresearch | 2026-05-01T02:02:51.083Z
{
  "rebuilt": true,
  "stateRoot": "C:\\Users\\hanji\\Desktop\\AF\\state\\pi-autoresearch",
  "autonomousState": {
    "generatedAt": "2026-05-01T02:02:42.058Z",
    "activeChampionCandidateId": "cand-42ed2fa4",
    "activeChampionScore": 0.7879,
    "activeChampionDecision": "local_candidate_eligible",
    "championOrigin": "autonomous",
    "researchMaturity": "steady_state",
    "selectedBy": "auto_policy",
    "selectionPolicyVersion": "autonomous-local-first/v3-p0",
    "objectivePolicyVersion": "objective.qqq-120m/v1",
    "headEventCount": 2,
    "archiveEventCount": 308,
    "calibrationEventCount": 321,
    "calibrationCandidateCount": 293,
    "divergenceCount": 27,
    "localConfidenceUpdateCount": 27,
    "problemEventCount": 207,
    "repairAttemptCount": 104,
    "localEvaluationCount": 399,
    "localEligibleCount": 228,
    "bootstrapCompatibleCount": 0,
    "bootstrapEligibleCount": 0,
    "bootstrapStatus": "not_started",
    "bootstrapSource": null,
    "bootstrapReason": null,
    "localRejectedCount": 166,
    "topBlockingReason": "low_trade_count",
    "pendingCalibrationCandidateCount": 265,
    "pendingCalibrationCandidateIds": [
      "cand-0e6a0180",
      "cand-9f33e80b",
      "cand-772d8a1e",
      "cand-f28d2e01",
      "cand-9a5dbcc7",
      "cand-b01be933",
      "cand-0a692f84",
      "cand-4f8faae3",
      "cand-35a74bba",
      "cand-c6b25611",
      "cand-ccdae17b",
      "cand-b8102dcd",
      "cand-8a1fe27b",
      "cand-ebbdd6a9",
      "cand-80dfaaa1",
      "cand-03f30a70",
      "cand-2f290563",
      "cand-e76cded5",
      "cand-710d8bc6",
      "cand-dd7e63cf",
      "cand-949bf032",
      "cand-b14595e0",
      "cand-90dc4ec3",
      "cand-f1103886",
      "cand-77224b87",
      "cand-55f47b32",
      "cand-cb18c54a",
      "cand-8a1a7cf2",
      "cand-db12aa7d",
      "cand-eb3175fc",
      "cand-ce89005b",
      "cand-b333865d",
      "cand-14f5f8ff",
      "cand-87a7fa06",
      "cand-609d9f19",
      "cand-09a0ae17",
      "cand-fbb3fb78",
      "cand-7bff0c1a",
      "cand-6e976c42",
      "cand-eaf67b92",
      "cand-ea5075a8",
      "cand-c0d6f969",
      "cand-946579c0",
      "cand-1638111b",
      "cand-840b49c0",
      "cand-a1b63e8c",
      "cand-d3fa966c",
      "cand-af6ef21e",
      "cand-c5832df6",
      "cand-57321a8c",
      "cand-3004b0f8",
      "cand-00644032",
      "cand-6272ab0f",
      "cand-7b341ad0",
      "cand-5c90b0de",
      "cand-350b7e7b",
      "cand-05218055",
      "cand-6ebbd52a",
      "cand-9edd626e",
      "cand-5d685d8a",
      "cand-addb3d5a",
      "cand-1a03e904",
      "cand-935b6a7d",
      "cand-11e460d8",
      "cand-58484f09",
      "cand-c3549cdc",
      "cand-e000c048",
      "cand-5927e5ca",
      "cand-7ae4d6eb",
      "cand-bd3c959f",
      "cand-ad98c7fd",
      "cand-a3456179",
      "cand-fa19c7db",
      "cand-8211114e",
      "cand-737e8acc",
      "cand-9ae5abb8",
      "cand-f68c494c",
      "cand-0cb06744",
      "cand-c4540c5e",
      "cand-887ba798",
      "cand-334ff9ed",
      "cand-1e7bb092",
      "cand-940106ac",
      "cand-b1575fba",
      "cand-1c1cb560",
      "cand-2ba5ca56",
      "cand-4e158d7d",
      "cand-ee1867a5",
      "cand-ccf655ee",
      "cand-2f2f67f1",
      "cand-dd0d4883",
      "cand-9e390b78",
      "cand-2b509e63",
      "cand-a42bb737",
      "cand-ba65a405",
      "cand-95b5fcb4",
      "cand-c1decc14",
      "cand-fad40100",
      "cand-3d99c3c3",
      "cand-ed6ed300",
      "cand-36473405",
      "cand-32556840",
      "cand-056beb3f",
      "cand-fef34f1d",
      "cand-4e58abee",
      "cand-6c095f1d",
      "cand-72fdbd0a",
      "cand-1a73f98c",
      "cand-60e5fb9a",
      "cand-fbd6e1cd",
      "cand-6fa9e64c",
      "cand-b3ce6dfd",
      "cand-d7b18242",
      "cand-cddf1147",
      "cand-a2b17756",
      "cand-4106d658",
      "cand-bf2319b1",
      "cand-1be3a1ed",
      "cand-ec8276d1",
      "cand-66da2fad",
      "cand-10487d69",
      "cand-a0b082a6",
      "cand-e1c37158",
      "cand-3924bc09",
      "cand-c5a37a36",
      "cand-9f921b3b",
      "cand-976660f2",
      "cand-1fd659d1",
      "cand-1ebe3284",
      "cand-a05583cb",
      "cand-68e1f6c0",
      "cand-939bafa7",
      "cand-5dfb966e",
      "cand-ec9d7a77",
      "cand-c9bd8a69",
      "cand-cad467d1",
      "cand-30ca4ecf",
      "cand-274a3d78",
      "cand-8f6a1544",
      "cand-be21675f",
      "cand-17c07e8f",
      "cand-60166f81",
      "cand-8f82de94",
      "cand-42460886",
      "cand-9295e93d",
      "cand-5a54f71c",
      "cand-a12eacdf",
      "cand-5b236726",
      "cand-dbfe05b6",
      "cand-eb4f9103",
      "cand-294a8337",
      "cand-54d331f7",
      "cand-303f93be",
      "cand-64ceccd8",
      "cand-82301049",
      "cand-cb926322",
      "cand-9740ccd3",
      "cand-45f69d7a",
      "cand-8195e18c",
      "cand-9ad02865",
      "cand-b0561318",
      "cand-77645d5d",
      "cand-3913b48a",
      "cand-d8c529f0",
      "cand-3e0617a5",
      "cand-796b47d8",
      "cand-da5bc8a6",
      "cand-6385aa99",
      "cand-ce0fb6b8",
      "cand-f53efe87",
      "cand-541078ba",
      "cand-102cde43",
      "cand-99a518c8",
      "cand-45eae1ed",
      "cand-5fa9bbca",
      "cand-58a6bc67",
      "cand-e2e95d0b",
      "cand-e7d44996",
      "cand-4fd1f661",
      "cand-f8a32482",
      "cand-65221fbc",
      "cand-0dcbc429",
      "cand-7237f414",
      "cand-13ab4eb7",
      "cand-03a62626",
      "cand-74403bc5",
      "cand-08afa655",
      "cand-8fc0ffa2",
      "cand-6b8a91fa",
      "cand-6b160ae4",
      "cand-e4ab8440",
      "cand-292c094d",
      "cand-bf066e31",
      "cand-bf45bffc",
      "cand-33777180",
      "cand-67548c32",
      "cand-af1ed124",
      "cand-fd3f325b",
      "cand-e8320fab",
      "cand-51877b36",
      "cand-f80d7394",
      "cand-d2b04e0c",
      "cand-d865401d",
      "cand-c2337d4e",
      "cand-bd0f8191",
      "cand-2e68882f",
      "cand-94bc57ed",
      "cand-93a15ca5",
      "cand-197cf126",
      "cand-4e21422c",
      "cand-cc3ed2d8",
      "cand-ad84fefa",
      "cand-e3e4e13a",
      "cand-6d2901b8",
      "cand-c7985187",
      "cand-a3fa7fcf",
      "cand-2181b4f2",
      "cand-e803ef34",
      "cand-cc7eb308",
      "cand-8c710851",
      "cand-8045892e",
      "cand-17273829",
      "cand-e3d89e08",
      "cand-118d9dbb",
      "cand-1a318968",
      "cand-5665b571",
      "cand-80f55e73",
      "cand-74341bb6",
      "cand-6a470e0a",
      "cand-bac89ce5",
      "cand-9a0a92b6",
      "cand-91ef422b",
      "cand-63b039ec",
      "cand-5f4ecea5",
      "cand-eb5c0c9f",
      "cand-f7398180",
      "cand-b8e26ed1",
      "cand-97e78627",
      "cand-8cfb97d5",
      "cand-2c409867",
      "cand-990db2d3",
      "cand-d3505cb8",
      "cand-c99b76d2",
      "cand-49bf1eca",
      "cand-a32fd47a",
      "cand-60aab7fe",
      "cand-3f27c596",
      "cand-7d7ec144",
      "cand-dbed99a3",
      "cand-a5ddec79",
      "cand-f35eb742",
      "cand-df9c33cc",
      "cand-3bde95a6",
      "cand-5e145275",
      "cand-93924d92",
      "cand-de4d3ae4",
      "cand-6f7e7135",
      "cand-8c77c5e2",
      "cand-ed7049a5",
      "cand-cc2ebf60",
      "cand-880d9c3b",
      "cand-43144528",
      "cand-13019569",
      "cand-6125b79f",
      "cand-df4acc55"
    ],
    "recentProblemKinds": [
      "local_backtest_fail",
      "local_backtest_fail",
      "local_backtest_fail",
      "local_backtest_fail",
      "local_backtest_fail"
    ],
    "recentRepairResults": [
      {
        "repairKind": "risk_logic_repair",
        "result": "success",
        "repairedCandidateId": "cand-dbed99a3",
        "summary": "Requested risk_logic_repair after local_backtest_fail."
      },
      {
        "repairKind": "pine_source_repair",
        "result": "success",
        "repairedCandidateId": "cand-a5ddec79",
        "summary": "Applied deterministic time-boxed preflight repair after blocking sparse event-source issues."
      },
      {
        "repairKind": "entry_frequency_repair",
        "result": "success",
        "repairedCandidateId": "cand-df9c33cc",
        "summary": "Requested entry_frequency_repair after local_backtest_fail."
      },
      {
        "repairKind": "risk_logic_repair",
        "result": "success",
        "repairedCandidateId": "cand-cc2ebf60",
        "summary": "Requested risk_logic_repair after local_backtest_fail."
      },
      {
        "repairKind": "risk_logic_repair",
        "result": "success",
        "repairedCandidateId": "cand-43144528",
        "summary": "Requested risk_logic_repair after local_backtest_fail."
      }
    ],
    "scoreFeedbackObserved": true,
    "stage6Readiness": {
      "generatedAt": "2026-04-30T05:22:53.680Z",
      "evaluated": true,
      "passed": true,
      "mode": "deterministic",
      "countRequested": 10,
      "countCompleted": 10,
      "countFailed": 0,
      "activeChampionCandidateId": "cand-a64e2088",
      "freshBootstrapPassed": true,
      "multiIterationPassed": true,
      "rootIsolationPassed": true,
      "repairTraceabilityPassed": true,
      "calibrationQueuePassed": true,
      "scoreFeedbackPassed": true,
      "feedbackClosureRequired": false,
      "calibrationMode": "queue_only",
      "ledgerValidationPassed": true,
      "indexVerificationPassed": true,
      "rootIsolationStatus": {
        "status": "passed",
        "customStateRoot": "C:\\Users\\hanji\\AppData\\Local\\Temp\\af-stage6-state-YAZZ8Y",
        "defaultWorkspaceStateRoot": "C:\\Users\\hanji\\AppData\\Local\\Temp\\af-stage6-workspace-Nnkt1H\\state\\pi-autoresearch",
        "customContextExists": true,
        "defaultWorkspaceStateHasArtifacts": false
      },
      "repairTraceabilityStatus": {
        "status": "passed",
        "successfulRepairCount": 10,
        "successfulRepairsWithoutCandidateCount": 0
      },
      "feedbackClosureStatus": {
        "status": "passed",
        "required": false,
        "promptFeedbackObserved": true,
        "scoreBreakdownFeedbackObserved": false,
        "divergenceCount": 0,
        "confidenceUpdateCount": 0
      },
      "evidence": {
        "tempWorkspaceRoot": null,
        "tempStateRoot": null,
        "localEvaluationCount": 19,
        "headEventCount": 2,
        "archiveEventCount": 11,
        "calibrationEventCount": 2,
        "mutationBriefCount": 18,
        "problemEventCount": 18,
        "repairAttemptCount": 10,
        "deadlineBreachCount": 0
      },
      "warnings": []
    },
    "lastStage6GatePassed": true,
    "rootIsolationStatus": {
      "status": "passed",
      "customStateRoot": "C:\\Users\\hanji\\AppData\\Local\\Temp\\af-stage6-state-YAZZ8Y",
      "defaultWorkspaceStateRoot": "C:\\Users\\hanji\\AppData\\Local\\Temp\\af-stage6-workspace-Nnkt1H\\state\\pi-autoresearch",
      "customContextExists": true,
      "defaultWorkspaceStateHasArtifacts": false
    },
    "repairTraceabilityStatus": {
      "status": "passed",
      "successfulRepairCount": 10,
      "successfulRepairsWithoutCandidateCount": 0
    },
    "feedbackClosureStatus": {
      "status": "passed",
      "required": false,
      "promptFeedbackObserved": true,
      "scoreBreakdownFeedbackObserved": false,
      "divergenceCount": 0,
      "confidenceUpdateCount": 0
    },
    "nextPlannedAction": "local_compatibility_repair",
    "loopMode": "local-first",
    "defaultOperationalView": "v3_autonomous_local_first",
    "projectRoot": "C:\\Users\\hanji\\Desktop\\AF",
    "workspaceRoot": "C:\\Users\\hanji\\Desktop\\AF",
    "stateRoot": "C:\\Users\\hanji\\Desktop\\AF\\state\\pi-autoresearch",
    "traceRoot": "C:\\Users\\hanji\\Desktop\\AF\\state\\pi-autoresearch\\traces",
    "artifactRoot": "C:\\Users\\hanji\\Desktop\\AF\\state\\pi-autoresearch\\artifacts",
    "evidenceRoot": "C:\\Users\\hanji\\Desktop\\AF\\state\\pi-autoresearch\\evidence",
    "runtimeRoot": "C:\\Users\\hanji\\Desktop\\AF\\state\\pi-autoresearch\\runtime",
    "tvVerificationCount": 28,
    "tvHealth": "unavailable",
    "calibrationAutoProcess": false,
    "calibrationMode": "queue_only",
    "lastTvSurfaceFailure": {
      "candidateId": "cand-c6235b65",
      "decision": "tv_surface_failure",
      "iteration": 279,
      "tvCalibrationStatus": "surface_failure",
      "recordedAt": "2026-04-29T18:46:19.526Z"
    },
    "humanOverride": false
  },
  "verification": {
    "ok": true,
    "issues": []
  },
  "tracePath": "C:\\Users\\hanji\\Desktop\\AF\\state\\pi-autoresearch\\traces\\rebuild-indexes-2026-05-01T02-02-34-263Z-trace-9762a2e4.jsonl"
}
[2026-05-01T11:02:51.3583502+09:00] iteration 12: rebuild-indexes --verify exit=0
[2026-05-01T11:03:01.3655059+09:00] iteration 13: run-autonomous-loop start
??injected env (11) from .env // tip: ??auth for agents [www.vestauth.com]
[autonomous.loop.start] run-autonomous-loop | Starting autonomous local-first loop | 2026-05-01T02:03:01.664Z
[iteration.started] run-autonomous-loop | Starting autonomous iteration | 2026-05-01T02:03:01.666Z
[phase.started] run-autonomous-loop | Initializing autonomous workspace | 2026-05-01T02:03:01.669Z
[phase.completed] run-autonomous-loop | Initializing autonomous workspace | 2026-05-01T02:03:04.159Z
[phase.started] run-autonomous-loop | Generating autonomous mutation candidate | 2026-05-01T02:03:06.048Z
[autonomous.mutation.request] run-autonomous-loop | Sending autonomous mutation request | 2026-05-01T02:03:06.050Z
[phase.completed] run-autonomous-loop | Generating autonomous mutation candidate | 2026-05-01T02:05:14.132Z
[phase.started] run-autonomous-loop | Evaluating autonomous candidate locally | 2026-05-01T02:05:14.133Z
[autonomous.market_context_ready] run-autonomous-loop | Local-first market context is ready | 2026-05-01T02:05:14.141Z
[autonomous.local_evaluation] run-autonomous-loop | Local autonomous evaluation completed | 2026-05-01T02:05:14.204Z
[phase.completed] run-autonomous-loop | Evaluating autonomous candidate locally | 2026-05-01T02:05:14.220Z
[phase.started] run-autonomous-loop | Updating autonomous archive views | 2026-05-01T02:05:14.220Z
[phase.completed] run-autonomous-loop | Updating autonomous archive views | 2026-05-01T02:05:14.226Z
[phase.started] run-autonomous-loop | Queueing candidate for TradingView calibration | 2026-05-01T02:05:14.226Z
[phase.completed] run-autonomous-loop | Queueing candidate for TradingView calibration | 2026-05-01T02:05:14.229Z
[phase.started] run-autonomous-loop | Selecting active autonomous champion | 2026-05-01T02:05:15.311Z
[phase.completed] run-autonomous-loop | Selecting active autonomous champion | 2026-05-01T02:05:15.939Z
[phase.started] run-autonomous-loop | Rebuilding derived autonomous views | 2026-05-01T02:05:15.941Z
[phase.completed] run-autonomous-loop | Rebuilding derived autonomous views | 2026-05-01T02:05:17.998Z
[iteration.completed] run-autonomous-loop | Autonomous iteration completed | 2026-05-01T02:05:17.998Z
{
  "countRequested": 1,
  "countCompleted": 1,
  "countFailed": 0,
  "results": [
    {
      "runId": "autonomous-1777600981667",
      "iteration": 620,
      "candidateId": "cand-21300a79",
      "localDecision": "local_candidate_eligible",
      "activeChampionChanged": false,
      "activeChampionCandidateId": "cand-42ed2fa4"
    }
  ],
  "deadlineBreaches": [],
  "autonomousState": {
    "generatedAt": "2026-05-01T02:05:19.553Z",
    "activeChampionCandidateId": "cand-42ed2fa4",
    "activeChampionScore": 0.7879,
    "activeChampionDecision": "local_candidate_eligible",
    "championOrigin": "autonomous",
    "researchMaturity": "steady_state",
    "selectedBy": "auto_policy",
    "selectionPolicyVersion": "autonomous-local-first/v3-p0",
    "objectivePolicyVersion": "objective.qqq-120m/v1",
    "headEventCount": 2,
    "archiveEventCount": 310,
    "calibrationEventCount": 322,
    "calibrationCandidateCount": 294,
    "divergenceCount": 27,
    "localConfidenceUpdateCount": 27,
    "problemEventCount": 207,
    "repairAttemptCount": 104,
    "localEvaluationCount": 400,
    "localEligibleCount": 229,
    "bootstrapCompatibleCount": 0,
    "bootstrapEligibleCount": 0,
    "bootstrapStatus": "not_started",
    "bootstrapSource": null,
    "bootstrapReason": null,
    "localRejectedCount": 166,
    "topBlockingReason": "low_trade_count",
    "pendingCalibrationCandidateCount": 266,
    "pendingCalibrationCandidateIds": [
      "cand-0e6a0180",
      "cand-9f33e80b",
      "cand-772d8a1e",
      "cand-f28d2e01",
      "cand-9a5dbcc7",
      "cand-b01be933",
      "cand-0a692f84",
      "cand-4f8faae3",
      "cand-35a74bba",
      "cand-c6b25611",
      "cand-ccdae17b",
      "cand-b8102dcd",
      "cand-8a1fe27b",
      "cand-ebbdd6a9",
      "cand-80dfaaa1",
      "cand-03f30a70",
      "cand-2f290563",
      "cand-e76cded5",
      "cand-710d8bc6",
      "cand-dd7e63cf",
      "cand-949bf032",
      "cand-b14595e0",
      "cand-90dc4ec3",
      "cand-f1103886",
      "cand-77224b87",
      "cand-55f47b32",
      "cand-cb18c54a",
      "cand-8a1a7cf2",
      "cand-db12aa7d",
      "cand-eb3175fc",
      "cand-ce89005b",
      "cand-b333865d",
      "cand-14f5f8ff",
      "cand-87a7fa06",
      "cand-609d9f19",
      "cand-09a0ae17",
      "cand-fbb3fb78",
      "cand-7bff0c1a",
      "cand-6e976c42",
      "cand-eaf67b92",
      "cand-ea5075a8",
      "cand-c0d6f969",
      "cand-946579c0",
      "cand-1638111b",
      "cand-840b49c0",
      "cand-a1b63e8c",
      "cand-d3fa966c",
      "cand-af6ef21e",
      "cand-c5832df6",
      "cand-57321a8c",
      "cand-3004b0f8",
      "cand-00644032",
      "cand-6272ab0f",
      "cand-7b341ad0",
      "cand-5c90b0de",
      "cand-350b7e7b",
      "cand-05218055",
      "cand-6ebbd52a",
      "cand-9edd626e",
      "cand-5d685d8a",
      "cand-addb3d5a",
      "cand-1a03e904",
      "cand-935b6a7d",
      "cand-11e460d8",
      "cand-58484f09",
      "cand-c3549cdc",
      "cand-e000c048",
      "cand-5927e5ca",
      "cand-7ae4d6eb",
      "cand-bd3c959f",
      "cand-ad98c7fd",
      "cand-a3456179",
      "cand-fa19c7db",
      "cand-8211114e",
      "cand-737e8acc",
      "cand-9ae5abb8",
      "cand-f68c494c",
      "cand-0cb06744",
      "cand-c4540c5e",
      "cand-887ba798",
      "cand-334ff9ed",
      "cand-1e7bb092",
      "cand-940106ac",
      "cand-b1575fba",
      "cand-1c1cb560",
      "cand-2ba5ca56",
      "cand-4e158d7d",
      "cand-ee1867a5",
      "cand-ccf655ee",
      "cand-2f2f67f1",
      "cand-dd0d4883",
      "cand-9e390b78",
      "cand-2b509e63",
      "cand-a42bb737",
      "cand-ba65a405",
      "cand-95b5fcb4",
      "cand-c1decc14",
      "cand-fad40100",
      "cand-3d99c3c3",
      "cand-ed6ed300",
      "cand-36473405",
      "cand-32556840",
      "cand-056beb3f",
      "cand-fef34f1d",
      "cand-4e58abee",
      "cand-6c095f1d",
      "cand-72fdbd0a",
      "cand-1a73f98c",
      "cand-60e5fb9a",
      "cand-fbd6e1cd",
      "cand-6fa9e64c",
      "cand-b3ce6dfd",
      "cand-d7b18242",
      "cand-cddf1147",
      "cand-a2b17756",
      "cand-4106d658",
      "cand-bf2319b1",
      "cand-1be3a1ed",
      "cand-ec8276d1",
      "cand-66da2fad",
      "cand-10487d69",
      "cand-a0b082a6",
      "cand-e1c37158",
      "cand-3924bc09",
      "cand-c5a37a36",
      "cand-9f921b3b",
      "cand-976660f2",
      "cand-1fd659d1",
      "cand-1ebe3284",
      "cand-a05583cb",
      "cand-68e1f6c0",
      "cand-939bafa7",
      "cand-5dfb966e",
      "cand-ec9d7a77",
      "cand-c9bd8a69",
      "cand-cad467d1",
      "cand-30ca4ecf",
      "cand-274a3d78",
      "cand-8f6a1544",
      "cand-be21675f",
      "cand-17c07e8f",
      "cand-60166f81",
      "cand-8f82de94",
      "cand-42460886",
      "cand-9295e93d",
      "cand-5a54f71c",
      "cand-a12eacdf",
      "cand-5b236726",
      "cand-dbfe05b6",
      "cand-eb4f9103",
      "cand-294a8337",
      "cand-54d331f7",
      "cand-303f93be",
      "cand-64ceccd8",
      "cand-82301049",
      "cand-cb926322",
      "cand-9740ccd3",
      "cand-45f69d7a",
      "cand-8195e18c",
      "cand-9ad02865",
      "cand-b0561318",
      "cand-77645d5d",
      "cand-3913b48a",
      "cand-d8c529f0",
      "cand-3e0617a5",
      "cand-796b47d8",
      "cand-da5bc8a6",
      "cand-6385aa99",
      "cand-ce0fb6b8",
      "cand-f53efe87",
      "cand-541078ba",
      "cand-102cde43",
      "cand-99a518c8",
      "cand-45eae1ed",
      "cand-5fa9bbca",
      "cand-58a6bc67",
      "cand-e2e95d0b",
      "cand-e7d44996",
      "cand-4fd1f661",
      "cand-f8a32482",
      "cand-65221fbc",
      "cand-0dcbc429",
      "cand-7237f414",
      "cand-13ab4eb7",
      "cand-03a62626",
      "cand-74403bc5",
      "cand-08afa655",
      "cand-8fc0ffa2",
      "cand-6b8a91fa",
      "cand-6b160ae4",
      "cand-e4ab8440",
      "cand-292c094d",
      "cand-bf066e31",
      "cand-bf45bffc",
      "cand-33777180",
      "cand-67548c32",
      "cand-af1ed124",
      "cand-fd3f325b",
      "cand-e8320fab",
      "cand-51877b36",
      "cand-f80d7394",
      "cand-d2b04e0c",
      "cand-d865401d",
      "cand-c2337d4e",
      "cand-bd0f8191",
      "cand-2e68882f",
      "cand-94bc57ed",
      "cand-93a15ca5",
      "cand-197cf126",
      "cand-4e21422c",
      "cand-cc3ed2d8",
      "cand-ad84fefa",
      "cand-e3e4e13a",
      "cand-6d2901b8",
      "cand-c7985187",
      "cand-a3fa7fcf",
      "cand-2181b4f2",
      "cand-e803ef34",
      "cand-cc7eb308",
      "cand-8c710851",
      "cand-8045892e",
      "cand-17273829",
      "cand-e3d89e08",
      "cand-118d9dbb",
      "cand-1a318968",
      "cand-5665b571",
      "cand-80f55e73",
      "cand-74341bb6",
      "cand-6a470e0a",
      "cand-bac89ce5",
      "cand-9a0a92b6",
      "cand-91ef422b",
      "cand-63b039ec",
      "cand-5f4ecea5",
      "cand-eb5c0c9f",
      "cand-f7398180",
      "cand-b8e26ed1",
      "cand-97e78627",
      "cand-8cfb97d5",
      "cand-2c409867",
      "cand-990db2d3",
      "cand-d3505cb8",
      "cand-c99b76d2",
      "cand-49bf1eca",
      "cand-a32fd47a",
      "cand-60aab7fe",
      "cand-3f27c596",
      "cand-7d7ec144",
      "cand-dbed99a3",
      "cand-a5ddec79",
      "cand-f35eb742",
      "cand-df9c33cc",
      "cand-3bde95a6",
      "cand-5e145275",
      "cand-93924d92",
      "cand-de4d3ae4",
      "cand-6f7e7135",
      "cand-8c77c5e2",
      "cand-ed7049a5",
      "cand-cc2ebf60",
      "cand-880d9c3b",
      "cand-43144528",
      "cand-13019569",
      "cand-6125b79f",
      "cand-df4acc55",
      "cand-21300a79"
    ],
    "recentProblemKinds": [
      "local_backtest_fail",
      "local_backtest_fail",
      "local_backtest_fail",
      "local_backtest_fail",
      "local_backtest_fail"
    ],
    "recentRepairResults": [
      {
        "repairKind": "risk_logic_repair",
        "result": "success",
        "repairedCandidateId": "cand-dbed99a3",
        "summary": "Requested risk_logic_repair after local_backtest_fail."
      },
      {
        "repairKind": "pine_source_repair",
        "result": "success",
        "repairedCandidateId": "cand-a5ddec79",
        "summary": "Applied deterministic time-boxed preflight repair after blocking sparse event-source issues."
      },
      {
        "repairKind": "entry_frequency_repair",
        "result": "success",
        "repairedCandidateId": "cand-df9c33cc",
        "summary": "Requested entry_frequency_repair after local_backtest_fail."
      },
      {
        "repairKind": "risk_logic_repair",
        "result": "success",
        "repairedCandidateId": "cand-cc2ebf60",
        "summary": "Requested risk_logic_repair after local_backtest_fail."
      },
      {
        "repairKind": "risk_logic_repair",
        "result": "success",
        "repairedCandidateId": "cand-43144528",
        "summary": "Requested risk_logic_repair after local_backtest_fail."
      }
    ],
    "scoreFeedbackObserved": true,
    "stage6Readiness": {
      "generatedAt": "2026-04-30T05:22:53.680Z",
      "evaluated": true,
      "passed": true,
      "mode": "deterministic",
      "countRequested": 10,
      "countCompleted": 10,
      "countFailed": 0,
      "activeChampionCandidateId": "cand-a64e2088",
      "freshBootstrapPassed": true,
      "multiIterationPassed": true,
      "rootIsolationPassed": true,
      "repairTraceabilityPassed": true,
      "calibrationQueuePassed": true,
      "scoreFeedbackPassed": true,
      "feedbackClosureRequired": false,
      "calibrationMode": "queue_only",
      "ledgerValidationPassed": true,
      "indexVerificationPassed": true,
      "rootIsolationStatus": {
        "status": "passed",
        "customStateRoot": "C:\\Users\\hanji\\AppData\\Local\\Temp\\af-stage6-state-YAZZ8Y",
        "defaultWorkspaceStateRoot": "C:\\Users\\hanji\\AppData\\Local\\Temp\\af-stage6-workspace-Nnkt1H\\state\\pi-autoresearch",
        "customContextExists": true,
        "defaultWorkspaceStateHasArtifacts": false
      },
      "repairTraceabilityStatus": {
        "status": "passed",
        "successfulRepairCount": 10,
        "successfulRepairsWithoutCandidateCount": 0
      },
      "feedbackClosureStatus": {
        "status": "passed",
        "required": false,
        "promptFeedbackObserved": true,
        "scoreBreakdownFeedbackObserved": false,
        "divergenceCount": 0,
        "confidenceUpdateCount": 0
      },
      "evidence": {
        "tempWorkspaceRoot": null,
        "tempStateRoot": null,
        "localEvaluationCount": 19,
        "headEventCount": 2,
        "archiveEventCount": 11,
        "calibrationEventCount": 2,
        "mutationBriefCount": 18,
        "problemEventCount": 18,
        "repairAttemptCount": 10,
        "deadlineBreachCount": 0
      },
      "warnings": []
    },
    "lastStage6GatePassed": true,
    "rootIsolationStatus": {
      "status": "passed",
      "customStateRoot": "C:\\Users\\hanji\\AppData\\Local\\Temp\\af-stage6-state-YAZZ8Y",
      "defaultWorkspaceStateRoot": "C:\\Users\\hanji\\AppData\\Local\\Temp\\af-stage6-workspace-Nnkt1H\\state\\pi-autoresearch",
      "customContextExists": true,
      "defaultWorkspaceStateHasArtifacts": false
    },
    "repairTraceabilityStatus": {
      "status": "passed",
      "successfulRepairCount": 10,
      "successfulRepairsWithoutCandidateCount": 0
    },
    "feedbackClosureStatus": {
      "status": "passed",
      "required": false,
      "promptFeedbackObserved": true,
      "scoreBreakdownFeedbackObserved": false,
      "divergenceCount": 0,
      "confidenceUpdateCount": 0
    },
    "nextPlannedAction": "local_compatibility_repair",
    "loopMode": "local-first",
    "defaultOperationalView": "v3_autonomous_local_first",
    "projectRoot": "C:\\Users\\hanji\\Desktop\\AF",
    "workspaceRoot": "C:\\Users\\hanji\\Desktop\\AF",
    "stateRoot": "C:\\Users\\hanji\\Desktop\\AF\\state\\pi-autoresearch",
    "traceRoot": "C:\\Users\\hanji\\Desktop\\AF\\state\\pi-autoresearch\\traces",
    "artifactRoot": "C:\\Users\\hanji\\Desktop\\AF\\state\\pi-autoresearch\\artifacts",
    "evidenceRoot": "C:\\Users\\hanji\\Desktop\\AF\\state\\pi-autoresearch\\evidence",
    "runtimeRoot": "C:\\Users\\hanji\\Desktop\\AF\\state\\pi-autoresearch\\runtime",
    "tvVerificationCount": 28,
    "tvHealth": "unavailable",
    "calibrationAutoProcess": false,
    "calibrationMode": "queue_only",
    "lastTvSurfaceFailure": {
      "candidateId": "cand-c6235b65",
      "decision": "tv_surface_failure",
      "iteration": 279,
      "tvCalibrationStatus": "surface_failure",
      "recordedAt": "2026-04-29T18:46:19.526Z"
    },
    "humanOverride": false
  },
  "tracePath": "C:\\Users\\hanji\\Desktop\\AF\\state\\pi-autoresearch\\traces\\run-autonomous-loop-2026-05-01T02-03-01-664Z-trace-0339f20b.jsonl"
}
[2026-05-01T11:05:20.2862379+09:00] iteration 13: run-autonomous-loop exit=0
[2026-05-01T11:05:20.2872390+09:00] iteration 13: validate-ledger start
??injected env (11) from .env // tip: ??secrets for agents [www.dotenvx.com]
[ledger.validation] validate-ledger | Ledger validation completed | 2026-05-01T02:05:24.136Z
{
  "ok": true,
  "errorCount": 0,
  "warningCount": 6,
  "issues": [
    {
      "severity": "warning",
      "scope": "experiment-record-meta",
      "recordId": "cand-f918d6d8",
      "message": "recordHash does not match the serialized experiment record."
    },
    {
      "severity": "warning",
      "scope": "experiment-record-meta",
      "recordId": "cand-3f99a396",
      "message": "recordHash does not match the serialized experiment record."
    },
    {
      "severity": "warning",
      "scope": "experiment-record-meta",
      "recordId": "cand-93a71a19",
      "message": "recordHash does not match the serialized experiment record."
    },
    {
      "severity": "warning",
      "scope": "experiment-record-meta",
      "recordId": "cand-560e2d3b",
      "message": "recordHash does not match the serialized experiment record."
    },
    {
      "severity": "warning",
      "scope": "experiment-record-meta",
      "recordId": "cand-24b4021d",
      "message": "recordHash does not match the serialized experiment record."
    },
    {
      "severity": "warning",
      "scope": "candidate-dedup",
      "recordId": "bfee8f4eb7eabba2047b8b2270beef764a3942811cda8134d75c15c171c0c26a",
      "message": "Duplicate candidate source hash detected across ids: cand-2a5e6ffe, cand-51397d04, cand-9cbc4c5f, cand-a93778fa, cand-bbb67c15, cand-fdc1ae65"
    }
  ],
  "summary": {
    "experiments": 620,
    "candidates": 570,
    "taskBatches": 131
  },
  "stateRoot": "C:\\Users\\hanji\\Desktop\\AF\\state\\pi-autoresearch",
  "tracePath": "C:\\Users\\hanji\\Desktop\\AF\\state\\pi-autoresearch\\traces\\validate-ledger-2026-05-01T02-05-20-517Z-trace-5c11ede0.jsonl"
}
[2026-05-01T11:05:24.2006726+09:00] iteration 13: validate-ledger exit=0
[2026-05-01T11:05:24.2019975+09:00] iteration 13: rebuild-indexes --verify start
??injected env (11) from .env // tip: ??suppress logs { quiet: true }
[?몃뜳???ъ깮???쒖옉] ?몃뜳???ъ깮??| ?뚯깮 ?몃뜳?ㅻ? ?ъ깮?깊빀?덈떎. state: C:\Users\hanji\Desktop\AF\state\pi-autoresearch | 2026-05-01T02:05:26.462Z
[?몃뜳???ъ깮???꾨즺] ?몃뜳???ъ깮??| ?뚯깮 ?몃뜳???ъ깮?깆쓣 留덉낀?듬땲?? state: C:\Users\hanji\Desktop\AF\state\pi-autoresearch | 2026-05-01T02:05:37.057Z
{
  "rebuilt": true,
  "stateRoot": "C:\\Users\\hanji\\Desktop\\AF\\state\\pi-autoresearch",
  "autonomousState": {
    "generatedAt": "2026-05-01T02:05:30.060Z",
    "activeChampionCandidateId": "cand-42ed2fa4",
    "activeChampionScore": 0.7879,
    "activeChampionDecision": "local_candidate_eligible",
    "championOrigin": "autonomous",
    "researchMaturity": "steady_state",
    "selectedBy": "auto_policy",
    "selectionPolicyVersion": "autonomous-local-first/v3-p0",
    "objectivePolicyVersion": "objective.qqq-120m/v1",
    "headEventCount": 2,
    "archiveEventCount": 310,
    "calibrationEventCount": 322,
    "calibrationCandidateCount": 294,
    "divergenceCount": 27,
    "localConfidenceUpdateCount": 27,
    "problemEventCount": 207,
    "repairAttemptCount": 104,
    "localEvaluationCount": 400,
    "localEligibleCount": 229,
    "bootstrapCompatibleCount": 0,
    "bootstrapEligibleCount": 0,
    "bootstrapStatus": "not_started",
    "bootstrapSource": null,
    "bootstrapReason": null,
    "localRejectedCount": 166,
    "topBlockingReason": "low_trade_count",
    "pendingCalibrationCandidateCount": 266,
    "pendingCalibrationCandidateIds": [
      "cand-0e6a0180",
      "cand-9f33e80b",
      "cand-772d8a1e",
      "cand-f28d2e01",
      "cand-9a5dbcc7",
      "cand-b01be933",
      "cand-0a692f84",
      "cand-4f8faae3",
      "cand-35a74bba",
      "cand-c6b25611",
      "cand-ccdae17b",
      "cand-b8102dcd",
      "cand-8a1fe27b",
      "cand-ebbdd6a9",
      "cand-80dfaaa1",
      "cand-03f30a70",
      "cand-2f290563",
      "cand-e76cded5",
      "cand-710d8bc6",
      "cand-dd7e63cf",
      "cand-949bf032",
      "cand-b14595e0",
      "cand-90dc4ec3",
      "cand-f1103886",
      "cand-77224b87",
      "cand-55f47b32",
      "cand-cb18c54a",
      "cand-8a1a7cf2",
      "cand-db12aa7d",
      "cand-eb3175fc",
      "cand-ce89005b",
      "cand-b333865d",
      "cand-14f5f8ff",
      "cand-87a7fa06",
      "cand-609d9f19",
      "cand-09a0ae17",
      "cand-fbb3fb78",
      "cand-7bff0c1a",
      "cand-6e976c42",
      "cand-eaf67b92",
      "cand-ea5075a8",
      "cand-c0d6f969",
      "cand-946579c0",
      "cand-1638111b",
      "cand-840b49c0",
      "cand-a1b63e8c",
      "cand-d3fa966c",
      "cand-af6ef21e",
      "cand-c5832df6",
      "cand-57321a8c",
      "cand-3004b0f8",
      "cand-00644032",
      "cand-6272ab0f",
      "cand-7b341ad0",
      "cand-5c90b0de",
      "cand-350b7e7b",
      "cand-05218055",
      "cand-6ebbd52a",
      "cand-9edd626e",
      "cand-5d685d8a",
      "cand-addb3d5a",
      "cand-1a03e904",
      "cand-935b6a7d",
      "cand-11e460d8",
      "cand-58484f09",
      "cand-c3549cdc",
      "cand-e000c048",
      "cand-5927e5ca",
      "cand-7ae4d6eb",
      "cand-bd3c959f",
      "cand-ad98c7fd",
      "cand-a3456179",
      "cand-fa19c7db",
      "cand-8211114e",
      "cand-737e8acc",
      "cand-9ae5abb8",
      "cand-f68c494c",
      "cand-0cb06744",
      "cand-c4540c5e",
      "cand-887ba798",
      "cand-334ff9ed",
      "cand-1e7bb092",
      "cand-940106ac",
      "cand-b1575fba",
      "cand-1c1cb560",
      "cand-2ba5ca56",
      "cand-4e158d7d",
      "cand-ee1867a5",
      "cand-ccf655ee",
      "cand-2f2f67f1",
      "cand-dd0d4883",
      "cand-9e390b78",
      "cand-2b509e63",
      "cand-a42bb737",
      "cand-ba65a405",
      "cand-95b5fcb4",
      "cand-c1decc14",
      "cand-fad40100",
      "cand-3d99c3c3",
      "cand-ed6ed300",
      "cand-36473405",
      "cand-32556840",
      "cand-056beb3f",
      "cand-fef34f1d",
      "cand-4e58abee",
      "cand-6c095f1d",
      "cand-72fdbd0a",
      "cand-1a73f98c",
      "cand-60e5fb9a",
      "cand-fbd6e1cd",
      "cand-6fa9e64c",
      "cand-b3ce6dfd",
      "cand-d7b18242",
      "cand-cddf1147",
      "cand-a2b17756",
      "cand-4106d658",
      "cand-bf2319b1",
      "cand-1be3a1ed",
      "cand-ec8276d1",
      "cand-66da2fad",
      "cand-10487d69",
      "cand-a0b082a6",
      "cand-e1c37158",
      "cand-3924bc09",
      "cand-c5a37a36",
      "cand-9f921b3b",
      "cand-976660f2",
      "cand-1fd659d1",
      "cand-1ebe3284",
      "cand-a05583cb",
      "cand-68e1f6c0",
      "cand-939bafa7",
      "cand-5dfb966e",
      "cand-ec9d7a77",
      "cand-c9bd8a69",
      "cand-cad467d1",
      "cand-30ca4ecf",
      "cand-274a3d78",
      "cand-8f6a1544",
      "cand-be21675f",
      "cand-17c07e8f",
      "cand-60166f81",
      "cand-8f82de94",
      "cand-42460886",
      "cand-9295e93d",
      "cand-5a54f71c",
      "cand-a12eacdf",
      "cand-5b236726",
      "cand-dbfe05b6",
      "cand-eb4f9103",
      "cand-294a8337",
      "cand-54d331f7",
      "cand-303f93be",
      "cand-64ceccd8",
      "cand-82301049",
      "cand-cb926322",
      "cand-9740ccd3",
      "cand-45f69d7a",
      "cand-8195e18c",
      "cand-9ad02865",
      "cand-b0561318",
      "cand-77645d5d",
      "cand-3913b48a",
      "cand-d8c529f0",
      "cand-3e0617a5",
      "cand-796b47d8",
      "cand-da5bc8a6",
      "cand-6385aa99",
      "cand-ce0fb6b8",
      "cand-f53efe87",
      "cand-541078ba",
      "cand-102cde43",
      "cand-99a518c8",
      "cand-45eae1ed",
      "cand-5fa9bbca",
      "cand-58a6bc67",
      "cand-e2e95d0b",
      "cand-e7d44996",
      "cand-4fd1f661",
      "cand-f8a32482",
      "cand-65221fbc",
      "cand-0dcbc429",
      "cand-7237f414",
      "cand-13ab4eb7",
      "cand-03a62626",
      "cand-74403bc5",
      "cand-08afa655",
      "cand-8fc0ffa2",
      "cand-6b8a91fa",
      "cand-6b160ae4",
      "cand-e4ab8440",
      "cand-292c094d",
      "cand-bf066e31",
      "cand-bf45bffc",
      "cand-33777180",
      "cand-67548c32",
      "cand-af1ed124",
      "cand-fd3f325b",
      "cand-e8320fab",
      "cand-51877b36",
      "cand-f80d7394",
      "cand-d2b04e0c",
      "cand-d865401d",
      "cand-c2337d4e",
      "cand-bd0f8191",
      "cand-2e68882f",
      "cand-94bc57ed",
      "cand-93a15ca5",
      "cand-197cf126",
      "cand-4e21422c",
      "cand-cc3ed2d8",
      "cand-ad84fefa",
      "cand-e3e4e13a",
      "cand-6d2901b8",
      "cand-c7985187",
      "cand-a3fa7fcf",
      "cand-2181b4f2",
      "cand-e803ef34",
      "cand-cc7eb308",
      "cand-8c710851",
      "cand-8045892e",
      "cand-17273829",
      "cand-e3d89e08",
      "cand-118d9dbb",
      "cand-1a318968",
      "cand-5665b571",
      "cand-80f55e73",
      "cand-74341bb6",
      "cand-6a470e0a",
      "cand-bac89ce5",
      "cand-9a0a92b6",
      "cand-91ef422b",
      "cand-63b039ec",
      "cand-5f4ecea5",
      "cand-eb5c0c9f",
      "cand-f7398180",
      "cand-b8e26ed1",
      "cand-97e78627",
      "cand-8cfb97d5",
      "cand-2c409867",
      "cand-990db2d3",
      "cand-d3505cb8",
      "cand-c99b76d2",
      "cand-49bf1eca",
      "cand-a32fd47a",
      "cand-60aab7fe",
      "cand-3f27c596",
      "cand-7d7ec144",
      "cand-dbed99a3",
      "cand-a5ddec79",
      "cand-f35eb742",
      "cand-df9c33cc",
      "cand-3bde95a6",
      "cand-5e145275",
      "cand-93924d92",
      "cand-de4d3ae4",
      "cand-6f7e7135",
      "cand-8c77c5e2",
      "cand-ed7049a5",
      "cand-cc2ebf60",
      "cand-880d9c3b",
      "cand-43144528",
      "cand-13019569",
      "cand-6125b79f",
      "cand-df4acc55",
      "cand-21300a79"
    ],
    "recentProblemKinds": [
      "local_backtest_fail",
      "local_backtest_fail",
      "local_backtest_fail",
      "local_backtest_fail",
      "local_backtest_fail"
    ],
    "recentRepairResults": [
      {
        "repairKind": "risk_logic_repair",
        "result": "success",
        "repairedCandidateId": "cand-dbed99a3",
        "summary": "Requested risk_logic_repair after local_backtest_fail."
      },
      {
        "repairKind": "pine_source_repair",
        "result": "success",
        "repairedCandidateId": "cand-a5ddec79",
        "summary": "Applied deterministic time-boxed preflight repair after blocking sparse event-source issues."
      },
      {
        "repairKind": "entry_frequency_repair",
        "result": "success",
        "repairedCandidateId": "cand-df9c33cc",
        "summary": "Requested entry_frequency_repair after local_backtest_fail."
      },
      {
        "repairKind": "risk_logic_repair",
        "result": "success",
        "repairedCandidateId": "cand-cc2ebf60",
        "summary": "Requested risk_logic_repair after local_backtest_fail."
      },
      {
        "repairKind": "risk_logic_repair",
        "result": "success",
        "repairedCandidateId": "cand-43144528",
        "summary": "Requested risk_logic_repair after local_backtest_fail."
      }
    ],
    "scoreFeedbackObserved": true,
    "stage6Readiness": {
      "generatedAt": "2026-04-30T05:22:53.680Z",
      "evaluated": true,
      "passed": true,
      "mode": "deterministic",
      "countRequested": 10,
      "countCompleted": 10,
      "countFailed": 0,
      "activeChampionCandidateId": "cand-a64e2088",
      "freshBootstrapPassed": true,
      "multiIterationPassed": true,
      "rootIsolationPassed": true,
      "repairTraceabilityPassed": true,
      "calibrationQueuePassed": true,
      "scoreFeedbackPassed": true,
      "feedbackClosureRequired": false,
      "calibrationMode": "queue_only",
      "ledgerValidationPassed": true,
      "indexVerificationPassed": true,
      "rootIsolationStatus": {
        "status": "passed",
        "customStateRoot": "C:\\Users\\hanji\\AppData\\Local\\Temp\\af-stage6-state-YAZZ8Y",
        "defaultWorkspaceStateRoot": "C:\\Users\\hanji\\AppData\\Local\\Temp\\af-stage6-workspace-Nnkt1H\\state\\pi-autoresearch",
        "customContextExists": true,
        "defaultWorkspaceStateHasArtifacts": false
      },
      "repairTraceabilityStatus": {
        "status": "passed",
        "successfulRepairCount": 10,
        "successfulRepairsWithoutCandidateCount": 0
      },
      "feedbackClosureStatus": {
        "status": "passed",
        "required": false,
        "promptFeedbackObserved": true,
        "scoreBreakdownFeedbackObserved": false,
        "divergenceCount": 0,
        "confidenceUpdateCount": 0
      },
      "evidence": {
        "tempWorkspaceRoot": null,
        "tempStateRoot": null,
        "localEvaluationCount": 19,
        "headEventCount": 2,
        "archiveEventCount": 11,
        "calibrationEventCount": 2,
        "mutationBriefCount": 18,
        "problemEventCount": 18,
        "repairAttemptCount": 10,
        "deadlineBreachCount": 0
      },
      "warnings": []
    },
    "lastStage6GatePassed": true,
    "rootIsolationStatus": {
      "status": "passed",
      "customStateRoot": "C:\\Users\\hanji\\AppData\\Local\\Temp\\af-stage6-state-YAZZ8Y",
      "defaultWorkspaceStateRoot": "C:\\Users\\hanji\\AppData\\Local\\Temp\\af-stage6-workspace-Nnkt1H\\state\\pi-autoresearch",
      "customContextExists": true,
      "defaultWorkspaceStateHasArtifacts": false
    },
    "repairTraceabilityStatus": {
      "status": "passed",
      "successfulRepairCount": 10,
      "successfulRepairsWithoutCandidateCount": 0
    },
    "feedbackClosureStatus": {
      "status": "passed",
      "required": false,
      "promptFeedbackObserved": true,
      "scoreBreakdownFeedbackObserved": false,
      "divergenceCount": 0,
      "confidenceUpdateCount": 0
    },
    "nextPlannedAction": "local_compatibility_repair",
    "loopMode": "local-first",
    "defaultOperationalView": "v3_autonomous_local_first",
    "projectRoot": "C:\\Users\\hanji\\Desktop\\AF",
    "workspaceRoot": "C:\\Users\\hanji\\Desktop\\AF",
    "stateRoot": "C:\\Users\\hanji\\Desktop\\AF\\state\\pi-autoresearch",
    "traceRoot": "C:\\Users\\hanji\\Desktop\\AF\\state\\pi-autoresearch\\traces",
    "artifactRoot": "C:\\Users\\hanji\\Desktop\\AF\\state\\pi-autoresearch\\artifacts",
    "evidenceRoot": "C:\\Users\\hanji\\Desktop\\AF\\state\\pi-autoresearch\\evidence",
    "runtimeRoot": "C:\\Users\\hanji\\Desktop\\AF\\state\\pi-autoresearch\\runtime",
    "tvVerificationCount": 28,
    "tvHealth": "unavailable",
    "calibrationAutoProcess": false,
    "calibrationMode": "queue_only",
    "lastTvSurfaceFailure": {
      "candidateId": "cand-c6235b65",
      "decision": "tv_surface_failure",
      "iteration": 279,
      "tvCalibrationStatus": "surface_failure",
      "recordedAt": "2026-04-29T18:46:19.526Z"
    },
    "humanOverride": false
  },
  "verification": {
    "ok": true,
    "issues": []
  },
  "tracePath": "C:\\Users\\hanji\\Desktop\\AF\\state\\pi-autoresearch\\traces\\rebuild-indexes-2026-05-01T02-05-24-426Z-trace-1d649ac4.jsonl"
}
[2026-05-01T11:05:37.2399057+09:00] iteration 13: rebuild-indexes --verify exit=0
[2026-05-01T11:05:47.2564320+09:00] iteration 14: run-autonomous-loop start
??injected env (11) from .env // tip: ??multiple files { path: ['.env.local', '.env'] }
[autonomous.loop.start] run-autonomous-loop | Starting autonomous local-first loop | 2026-05-01T02:05:47.507Z
[iteration.started] run-autonomous-loop | Starting autonomous iteration | 2026-05-01T02:05:47.508Z
[phase.started] run-autonomous-loop | Initializing autonomous workspace | 2026-05-01T02:05:47.519Z
[phase.completed] run-autonomous-loop | Initializing autonomous workspace | 2026-05-01T02:05:49.533Z
[phase.started] run-autonomous-loop | Generating autonomous mutation candidate | 2026-05-01T02:05:50.962Z
[autonomous.mutation.request] run-autonomous-loop | Sending autonomous mutation request | 2026-05-01T02:05:50.963Z
[phase.completed] run-autonomous-loop | Generating autonomous mutation candidate | 2026-05-01T02:08:19.878Z
[phase.started] run-autonomous-loop | Evaluating autonomous candidate locally | 2026-05-01T02:08:19.879Z
[autonomous.market_context_ready] run-autonomous-loop | Local-first market context is ready | 2026-05-01T02:08:19.886Z
[autonomous.local_evaluation] run-autonomous-loop | Local autonomous evaluation completed | 2026-05-01T02:08:19.960Z
[phase.completed] run-autonomous-loop | Evaluating autonomous candidate locally | 2026-05-01T02:08:19.991Z
[phase.started] run-autonomous-loop | Repairing autonomous candidate after local failure | 2026-05-01T02:08:19.992Z
[phase.completed] run-autonomous-loop | Repairing autonomous candidate after local failure | 2026-05-01T02:10:19.100Z
[phase.started] run-autonomous-loop | Evaluating repaired autonomous candidate locally | 2026-05-01T02:10:20.212Z
[autonomous.market_context_ready] run-autonomous-loop | Local-first market context is ready | 2026-05-01T02:10:20.218Z
[autonomous.local_evaluation] run-autonomous-loop | Local autonomous evaluation completed | 2026-05-01T02:10:20.256Z
[phase.completed] run-autonomous-loop | Evaluating repaired autonomous candidate locally | 2026-05-01T02:10:20.285Z
[phase.started] run-autonomous-loop | Updating autonomous archive views | 2026-05-01T02:10:20.286Z
[phase.completed] run-autonomous-loop | Updating autonomous archive views | 2026-05-01T02:10:20.289Z
[phase.started] run-autonomous-loop | Queueing candidate for TradingView calibration | 2026-05-01T02:10:20.289Z
[phase.completed] run-autonomous-loop | Queueing candidate for TradingView calibration | 2026-05-01T02:10:20.292Z
[phase.started] run-autonomous-loop | Selecting active autonomous champion | 2026-05-01T02:10:21.331Z
[phase.completed] run-autonomous-loop | Selecting active autonomous champion | 2026-05-01T02:10:22.180Z
[phase.started] run-autonomous-loop | Rebuilding derived autonomous views | 2026-05-01T02:10:22.181Z
[phase.completed] run-autonomous-loop | Rebuilding derived autonomous views | 2026-05-01T02:10:24.477Z
[iteration.completed] run-autonomous-loop | Autonomous iteration completed | 2026-05-01T02:10:24.478Z
{
  "countRequested": 1,
  "countCompleted": 1,
  "countFailed": 0,
  "results": [
    {
      "runId": "autonomous-1777601147517",
      "iteration": 621,
      "candidateId": "cand-bd0b9f0a",
      "localDecision": "local_candidate_rejected",
      "activeChampionChanged": false,
      "activeChampionCandidateId": "cand-42ed2fa4"
    }
  ],
  "deadlineBreaches": [],
  "autonomousState": {
    "generatedAt": "2026-05-01T02:10:26.235Z",
    "activeChampionCandidateId": "cand-42ed2fa4",
    "activeChampionScore": 0.7879,
    "activeChampionDecision": "local_candidate_eligible",
    "championOrigin": "autonomous",
    "researchMaturity": "steady_state",
    "selectedBy": "auto_policy",
    "selectionPolicyVersion": "autonomous-local-first/v3-p0",
    "objectivePolicyVersion": "objective.qqq-120m/v1",
    "headEventCount": 2,
    "archiveEventCount": 311,
    "calibrationEventCount": 323,
    "calibrationCandidateCount": 295,
    "divergenceCount": 27,
    "localConfidenceUpdateCount": 27,
    "problemEventCount": 209,
    "repairAttemptCount": 105,
    "localEvaluationCount": 402,
    "localEligibleCount": 229,
    "bootstrapCompatibleCount": 0,
    "bootstrapEligibleCount": 0,
    "bootstrapStatus": "not_started",
    "bootstrapSource": null,
    "bootstrapReason": null,
    "localRejectedCount": 168,
    "topBlockingReason": "low_trade_count",
    "pendingCalibrationCandidateCount": 267,
    "pendingCalibrationCandidateIds": [
      "cand-0e6a0180",
      "cand-9f33e80b",
      "cand-772d8a1e",
      "cand-f28d2e01",
      "cand-9a5dbcc7",
      "cand-b01be933",
      "cand-0a692f84",
      "cand-4f8faae3",
      "cand-35a74bba",
      "cand-c6b25611",
      "cand-ccdae17b",
      "cand-b8102dcd",
      "cand-8a1fe27b",
      "cand-ebbdd6a9",
      "cand-80dfaaa1",
      "cand-03f30a70",
      "cand-2f290563",
      "cand-e76cded5",
      "cand-710d8bc6",
      "cand-dd7e63cf",
      "cand-949bf032",
      "cand-b14595e0",
      "cand-90dc4ec3",
      "cand-f1103886",
      "cand-77224b87",
      "cand-55f47b32",
      "cand-cb18c54a",
      "cand-8a1a7cf2",
      "cand-db12aa7d",
      "cand-eb3175fc",
      "cand-ce89005b",
      "cand-b333865d",
      "cand-14f5f8ff",
      "cand-87a7fa06",
      "cand-609d9f19",
      "cand-09a0ae17",
      "cand-fbb3fb78",
      "cand-7bff0c1a",
      "cand-6e976c42",
      "cand-eaf67b92",
      "cand-ea5075a8",
      "cand-c0d6f969",
      "cand-946579c0",
      "cand-1638111b",
      "cand-840b49c0",
      "cand-a1b63e8c",
      "cand-d3fa966c",
      "cand-af6ef21e",
      "cand-c5832df6",
      "cand-57321a8c",
      "cand-3004b0f8",
      "cand-00644032",
      "cand-6272ab0f",
      "cand-7b341ad0",
      "cand-5c90b0de",
      "cand-350b7e7b",
      "cand-05218055",
      "cand-6ebbd52a",
      "cand-9edd626e",
      "cand-5d685d8a",
      "cand-addb3d5a",
      "cand-1a03e904",
      "cand-935b6a7d",
      "cand-11e460d8",
      "cand-58484f09",
      "cand-c3549cdc",
      "cand-e000c048",
      "cand-5927e5ca",
      "cand-7ae4d6eb",
      "cand-bd3c959f",
      "cand-ad98c7fd",
      "cand-a3456179",
      "cand-fa19c7db",
      "cand-8211114e",
      "cand-737e8acc",
      "cand-9ae5abb8",
      "cand-f68c494c",
      "cand-0cb06744",
      "cand-c4540c5e",
      "cand-887ba798",
      "cand-334ff9ed",
      "cand-1e7bb092",
      "cand-940106ac",
      "cand-b1575fba",
      "cand-1c1cb560",
      "cand-2ba5ca56",
      "cand-4e158d7d",
      "cand-ee1867a5",
      "cand-ccf655ee",
      "cand-2f2f67f1",
      "cand-dd0d4883",
      "cand-9e390b78",
      "cand-2b509e63",
      "cand-a42bb737",
      "cand-ba65a405",
      "cand-95b5fcb4",
      "cand-c1decc14",
      "cand-fad40100",
      "cand-3d99c3c3",
      "cand-ed6ed300",
      "cand-36473405",
      "cand-32556840",
      "cand-056beb3f",
      "cand-fef34f1d",
      "cand-4e58abee",
      "cand-6c095f1d",
      "cand-72fdbd0a",
      "cand-1a73f98c",
      "cand-60e5fb9a",
      "cand-fbd6e1cd",
      "cand-6fa9e64c",
      "cand-b3ce6dfd",
      "cand-d7b18242",
      "cand-cddf1147",
      "cand-a2b17756",
      "cand-4106d658",
      "cand-bf2319b1",
      "cand-1be3a1ed",
      "cand-ec8276d1",
      "cand-66da2fad",
      "cand-10487d69",
      "cand-a0b082a6",
      "cand-e1c37158",
      "cand-3924bc09",
      "cand-c5a37a36",
      "cand-9f921b3b",
      "cand-976660f2",
      "cand-1fd659d1",
      "cand-1ebe3284",
      "cand-a05583cb",
      "cand-68e1f6c0",
      "cand-939bafa7",
      "cand-5dfb966e",
      "cand-ec9d7a77",
      "cand-c9bd8a69",
      "cand-cad467d1",
      "cand-30ca4ecf",
      "cand-274a3d78",
      "cand-8f6a1544",
      "cand-be21675f",
      "cand-17c07e8f",
      "cand-60166f81",
      "cand-8f82de94",
      "cand-42460886",
      "cand-9295e93d",
      "cand-5a54f71c",
      "cand-a12eacdf",
      "cand-5b236726",
      "cand-dbfe05b6",
      "cand-eb4f9103",
      "cand-294a8337",
      "cand-54d331f7",
      "cand-303f93be",
      "cand-64ceccd8",
      "cand-82301049",
      "cand-cb926322",
      "cand-9740ccd3",
      "cand-45f69d7a",
      "cand-8195e18c",
      "cand-9ad02865",
      "cand-b0561318",
      "cand-77645d5d",
      "cand-3913b48a",
      "cand-d8c529f0",
      "cand-3e0617a5",
      "cand-796b47d8",
      "cand-da5bc8a6",
      "cand-6385aa99",
      "cand-ce0fb6b8",
      "cand-f53efe87",
      "cand-541078ba",
      "cand-102cde43",
      "cand-99a518c8",
      "cand-45eae1ed",
      "cand-5fa9bbca",
      "cand-58a6bc67",
      "cand-e2e95d0b",
      "cand-e7d44996",
      "cand-4fd1f661",
      "cand-f8a32482",
      "cand-65221fbc",
      "cand-0dcbc429",
      "cand-7237f414",
      "cand-13ab4eb7",
      "cand-03a62626",
      "cand-74403bc5",
      "cand-08afa655",
      "cand-8fc0ffa2",
      "cand-6b8a91fa",
      "cand-6b160ae4",
      "cand-e4ab8440",
      "cand-292c094d",
      "cand-bf066e31",
      "cand-bf45bffc",
      "cand-33777180",
      "cand-67548c32",
      "cand-af1ed124",
      "cand-fd3f325b",
      "cand-e8320fab",
      "cand-51877b36",
      "cand-f80d7394",
      "cand-d2b04e0c",
      "cand-d865401d",
      "cand-c2337d4e",
      "cand-bd0f8191",
      "cand-2e68882f",
      "cand-94bc57ed",
      "cand-93a15ca5",
      "cand-197cf126",
      "cand-4e21422c",
      "cand-cc3ed2d8",
      "cand-ad84fefa",
      "cand-e3e4e13a",
      "cand-6d2901b8",
      "cand-c7985187",
      "cand-a3fa7fcf",
      "cand-2181b4f2",
      "cand-e803ef34",
      "cand-cc7eb308",
      "cand-8c710851",
      "cand-8045892e",
      "cand-17273829",
      "cand-e3d89e08",
      "cand-118d9dbb",
      "cand-1a318968",
      "cand-5665b571",
      "cand-80f55e73",
      "cand-74341bb6",
      "cand-6a470e0a",
      "cand-bac89ce5",
      "cand-9a0a92b6",
      "cand-91ef422b",
      "cand-63b039ec",
      "cand-5f4ecea5",
      "cand-eb5c0c9f",
      "cand-f7398180",
      "cand-b8e26ed1",
      "cand-97e78627",
      "cand-8cfb97d5",
      "cand-2c409867",
      "cand-990db2d3",
      "cand-d3505cb8",
      "cand-c99b76d2",
      "cand-49bf1eca",
      "cand-a32fd47a",
      "cand-60aab7fe",
      "cand-3f27c596",
      "cand-7d7ec144",
      "cand-dbed99a3",
      "cand-a5ddec79",
      "cand-f35eb742",
      "cand-df9c33cc",
      "cand-3bde95a6",
      "cand-5e145275",
      "cand-93924d92",
      "cand-de4d3ae4",
      "cand-6f7e7135",
      "cand-8c77c5e2",
      "cand-ed7049a5",
      "cand-cc2ebf60",
      "cand-880d9c3b",
      "cand-43144528",
      "cand-13019569",
      "cand-6125b79f",
      "cand-df4acc55",
      "cand-21300a79",
      "cand-bd0b9f0a"
    ],
    "recentProblemKinds": [
      "local_backtest_fail",
      "local_backtest_fail",
      "local_backtest_fail",
      "local_backtest_fail",
      "local_backtest_fail"
    ],
    "recentRepairResults": [
      {
        "repairKind": "pine_source_repair",
        "result": "success",
        "repairedCandidateId": "cand-a5ddec79",
        "summary": "Applied deterministic time-boxed preflight repair after blocking sparse event-source issues."
      },
      {
        "repairKind": "entry_frequency_repair",
        "result": "success",
        "repairedCandidateId": "cand-df9c33cc",
        "summary": "Requested entry_frequency_repair after local_backtest_fail."
      },
      {
        "repairKind": "risk_logic_repair",
        "result": "success",
        "repairedCandidateId": "cand-cc2ebf60",
        "summary": "Requested risk_logic_repair after local_backtest_fail."
      },
      {
        "repairKind": "risk_logic_repair",
        "result": "success",
        "repairedCandidateId": "cand-43144528",
        "summary": "Requested risk_logic_repair after local_backtest_fail."
      },
      {
        "repairKind": "risk_logic_repair",
        "result": "success",
        "repairedCandidateId": "cand-bd0b9f0a",
        "summary": "Requested risk_logic_repair after local_backtest_fail."
      }
    ],
    "scoreFeedbackObserved": true,
    "stage6Readiness": {
      "generatedAt": "2026-04-30T05:22:53.680Z",
      "evaluated": true,
      "passed": true,
      "mode": "deterministic",
      "countRequested": 10,
      "countCompleted": 10,
      "countFailed": 0,
      "activeChampionCandidateId": "cand-a64e2088",
      "freshBootstrapPassed": true,
      "multiIterationPassed": true,
      "rootIsolationPassed": true,
      "repairTraceabilityPassed": true,
      "calibrationQueuePassed": true,
      "scoreFeedbackPassed": true,
      "feedbackClosureRequired": false,
      "calibrationMode": "queue_only",
      "ledgerValidationPassed": true,
      "indexVerificationPassed": true,
      "rootIsolationStatus": {
        "status": "passed",
        "customStateRoot": "C:\\Users\\hanji\\AppData\\Local\\Temp\\af-stage6-state-YAZZ8Y",
        "defaultWorkspaceStateRoot": "C:\\Users\\hanji\\AppData\\Local\\Temp\\af-stage6-workspace-Nnkt1H\\state\\pi-autoresearch",
        "customContextExists": true,
        "defaultWorkspaceStateHasArtifacts": false
      },
      "repairTraceabilityStatus": {
        "status": "passed",
        "successfulRepairCount": 10,
        "successfulRepairsWithoutCandidateCount": 0
      },
      "feedbackClosureStatus": {
        "status": "passed",
        "required": false,
        "promptFeedbackObserved": true,
        "scoreBreakdownFeedbackObserved": false,
        "divergenceCount": 0,
        "confidenceUpdateCount": 0
      },
      "evidence": {
        "tempWorkspaceRoot": null,
        "tempStateRoot": null,
        "localEvaluationCount": 19,
        "headEventCount": 2,
        "archiveEventCount": 11,
        "calibrationEventCount": 2,
        "mutationBriefCount": 18,
        "problemEventCount": 18,
        "repairAttemptCount": 10,
        "deadlineBreachCount": 0
      },
      "warnings": []
    },
    "lastStage6GatePassed": true,
    "rootIsolationStatus": {
      "status": "passed",
      "customStateRoot": "C:\\Users\\hanji\\AppData\\Local\\Temp\\af-stage6-state-YAZZ8Y",
      "defaultWorkspaceStateRoot": "C:\\Users\\hanji\\AppData\\Local\\Temp\\af-stage6-workspace-Nnkt1H\\state\\pi-autoresearch",
      "customContextExists": true,
      "defaultWorkspaceStateHasArtifacts": false
    },
    "repairTraceabilityStatus": {
      "status": "passed",
      "successfulRepairCount": 10,
      "successfulRepairsWithoutCandidateCount": 0
    },
    "feedbackClosureStatus": {
      "status": "passed",
      "required": false,
      "promptFeedbackObserved": true,
      "scoreBreakdownFeedbackObserved": false,
      "divergenceCount": 0,
      "confidenceUpdateCount": 0
    },
    "nextPlannedAction": "local_compatibility_repair",
    "loopMode": "local-first",
    "defaultOperationalView": "v3_autonomous_local_first",
    "projectRoot": "C:\\Users\\hanji\\Desktop\\AF",
    "workspaceRoot": "C:\\Users\\hanji\\Desktop\\AF",
    "stateRoot": "C:\\Users\\hanji\\Desktop\\AF\\state\\pi-autoresearch",
    "traceRoot": "C:\\Users\\hanji\\Desktop\\AF\\state\\pi-autoresearch\\traces",
    "artifactRoot": "C:\\Users\\hanji\\Desktop\\AF\\state\\pi-autoresearch\\artifacts",
    "evidenceRoot": "C:\\Users\\hanji\\Desktop\\AF\\state\\pi-autoresearch\\evidence",
    "runtimeRoot": "C:\\Users\\hanji\\Desktop\\AF\\state\\pi-autoresearch\\runtime",
    "tvVerificationCount": 28,
    "tvHealth": "unavailable",
    "calibrationAutoProcess": false,
    "calibrationMode": "queue_only",
    "lastTvSurfaceFailure": {
      "candidateId": "cand-c6235b65",
      "decision": "tv_surface_failure",
      "iteration": 279,
      "tvCalibrationStatus": "surface_failure",
      "recordedAt": "2026-04-29T18:46:19.526Z"
    },
    "humanOverride": false
  },
  "tracePath": "C:\\Users\\hanji\\Desktop\\AF\\state\\pi-autoresearch\\traces\\run-autonomous-loop-2026-05-01T02-05-47-506Z-trace-61cc32fa.jsonl"
}
[2026-05-01T11:10:27.0273140+09:00] iteration 14: run-autonomous-loop exit=0
[2026-05-01T11:10:27.0273140+09:00] iteration 14: validate-ledger start
??injected env (11) from .env // tip: ??encrypted .env [www.dotenvx.com]
[ledger.validation] validate-ledger | Ledger validation completed | 2026-05-01T02:10:30.864Z
{
  "ok": true,
  "errorCount": 0,
  "warningCount": 6,
  "issues": [
    {
      "severity": "warning",
      "scope": "experiment-record-meta",
      "recordId": "cand-f918d6d8",
      "message": "recordHash does not match the serialized experiment record."
    },
    {
      "severity": "warning",
      "scope": "experiment-record-meta",
      "recordId": "cand-3f99a396",
      "message": "recordHash does not match the serialized experiment record."
    },
    {
      "severity": "warning",
      "scope": "experiment-record-meta",
      "recordId": "cand-93a71a19",
      "message": "recordHash does not match the serialized experiment record."
    },
    {
      "severity": "warning",
      "scope": "experiment-record-meta",
      "recordId": "cand-560e2d3b",
      "message": "recordHash does not match the serialized experiment record."
    },
    {
      "severity": "warning",
      "scope": "experiment-record-meta",
      "recordId": "cand-24b4021d",
      "message": "recordHash does not match the serialized experiment record."
    },
    {
      "severity": "warning",
      "scope": "candidate-dedup",
      "recordId": "bfee8f4eb7eabba2047b8b2270beef764a3942811cda8134d75c15c171c0c26a",
      "message": "Duplicate candidate source hash detected across ids: cand-2a5e6ffe, cand-51397d04, cand-9cbc4c5f, cand-a93778fa, cand-bbb67c15, cand-fdc1ae65"
    }
  ],
  "summary": {
    "experiments": 622,
    "candidates": 572,
    "taskBatches": 131
  },
  "stateRoot": "C:\\Users\\hanji\\Desktop\\AF\\state\\pi-autoresearch",
  "tracePath": "C:\\Users\\hanji\\Desktop\\AF\\state\\pi-autoresearch\\traces\\validate-ledger-2026-05-01T02-10-27-255Z-trace-33f937f3.jsonl"
}
[2026-05-01T11:10:30.9318986+09:00] iteration 14: validate-ledger exit=0
[2026-05-01T11:10:30.9328981+09:00] iteration 14: rebuild-indexes --verify start
??injected env (11) from .env // tip: ??encrypted .env [www.dotenvx.com]
[?몃뜳???ъ깮???쒖옉] ?몃뜳???ъ깮??| ?뚯깮 ?몃뜳?ㅻ? ?ъ깮?깊빀?덈떎. state: C:\Users\hanji\Desktop\AF\state\pi-autoresearch | 2026-05-01T02:10:33.165Z
[?몃뜳???ъ깮???꾨즺] ?몃뜳???ъ깮??| ?뚯깮 ?몃뜳???ъ깮?깆쓣 留덉낀?듬땲?? state: C:\Users\hanji\Desktop\AF\state\pi-autoresearch | 2026-05-01T02:10:43.903Z
{
  "rebuilt": true,
  "stateRoot": "C:\\Users\\hanji\\Desktop\\AF\\state\\pi-autoresearch",
  "autonomousState": {
    "generatedAt": "2026-05-01T02:10:36.849Z",
    "activeChampionCandidateId": "cand-42ed2fa4",
    "activeChampionScore": 0.7879,
    "activeChampionDecision": "local_candidate_eligible",
    "championOrigin": "autonomous",
    "researchMaturity": "steady_state",
    "selectedBy": "auto_policy",
    "selectionPolicyVersion": "autonomous-local-first/v3-p0",
    "objectivePolicyVersion": "objective.qqq-120m/v1",
    "headEventCount": 2,
    "archiveEventCount": 311,
    "calibrationEventCount": 323,
    "calibrationCandidateCount": 295,
    "divergenceCount": 27,
    "localConfidenceUpdateCount": 27,
    "problemEventCount": 209,
    "repairAttemptCount": 105,
    "localEvaluationCount": 402,
    "localEligibleCount": 229,
    "bootstrapCompatibleCount": 0,
    "bootstrapEligibleCount": 0,
    "bootstrapStatus": "not_started",
    "bootstrapSource": null,
    "bootstrapReason": null,
    "localRejectedCount": 168,
    "topBlockingReason": "low_trade_count",
    "pendingCalibrationCandidateCount": 267,
    "pendingCalibrationCandidateIds": [
      "cand-0e6a0180",
      "cand-9f33e80b",
      "cand-772d8a1e",
      "cand-f28d2e01",
      "cand-9a5dbcc7",
      "cand-b01be933",
      "cand-0a692f84",
      "cand-4f8faae3",
      "cand-35a74bba",
      "cand-c6b25611",
      "cand-ccdae17b",
      "cand-b8102dcd",
      "cand-8a1fe27b",
      "cand-ebbdd6a9",
      "cand-80dfaaa1",
      "cand-03f30a70",
      "cand-2f290563",
      "cand-e76cded5",
      "cand-710d8bc6",
      "cand-dd7e63cf",
      "cand-949bf032",
      "cand-b14595e0",
      "cand-90dc4ec3",
      "cand-f1103886",
      "cand-77224b87",
      "cand-55f47b32",
      "cand-cb18c54a",
      "cand-8a1a7cf2",
      "cand-db12aa7d",
      "cand-eb3175fc",
      "cand-ce89005b",
      "cand-b333865d",
      "cand-14f5f8ff",
      "cand-87a7fa06",
      "cand-609d9f19",
      "cand-09a0ae17",
      "cand-fbb3fb78",
      "cand-7bff0c1a",
      "cand-6e976c42",
      "cand-eaf67b92",
      "cand-ea5075a8",
      "cand-c0d6f969",
      "cand-946579c0",
      "cand-1638111b",
      "cand-840b49c0",
      "cand-a1b63e8c",
      "cand-d3fa966c",
      "cand-af6ef21e",
      "cand-c5832df6",
      "cand-57321a8c",
      "cand-3004b0f8",
      "cand-00644032",
      "cand-6272ab0f",
      "cand-7b341ad0",
      "cand-5c90b0de",
      "cand-350b7e7b",
      "cand-05218055",
      "cand-6ebbd52a",
      "cand-9edd626e",
      "cand-5d685d8a",
      "cand-addb3d5a",
      "cand-1a03e904",
      "cand-935b6a7d",
      "cand-11e460d8",
      "cand-58484f09",
      "cand-c3549cdc",
      "cand-e000c048",
      "cand-5927e5ca",
      "cand-7ae4d6eb",
      "cand-bd3c959f",
      "cand-ad98c7fd",
      "cand-a3456179",
      "cand-fa19c7db",
      "cand-8211114e",
      "cand-737e8acc",
      "cand-9ae5abb8",
      "cand-f68c494c",
      "cand-0cb06744",
      "cand-c4540c5e",
      "cand-887ba798",
      "cand-334ff9ed",
      "cand-1e7bb092",
      "cand-940106ac",
      "cand-b1575fba",
      "cand-1c1cb560",
      "cand-2ba5ca56",
      "cand-4e158d7d",
      "cand-ee1867a5",
      "cand-ccf655ee",
      "cand-2f2f67f1",
      "cand-dd0d4883",
      "cand-9e390b78",
      "cand-2b509e63",
      "cand-a42bb737",
      "cand-ba65a405",
      "cand-95b5fcb4",
      "cand-c1decc14",
      "cand-fad40100",
      "cand-3d99c3c3",
      "cand-ed6ed300",
      "cand-36473405",
      "cand-32556840",
      "cand-056beb3f",
      "cand-fef34f1d",
      "cand-4e58abee",
      "cand-6c095f1d",
      "cand-72fdbd0a",
      "cand-1a73f98c",
      "cand-60e5fb9a",
      "cand-fbd6e1cd",
      "cand-6fa9e64c",
      "cand-b3ce6dfd",
      "cand-d7b18242",
      "cand-cddf1147",
      "cand-a2b17756",
      "cand-4106d658",
      "cand-bf2319b1",
      "cand-1be3a1ed",
      "cand-ec8276d1",
      "cand-66da2fad",
      "cand-10487d69",
      "cand-a0b082a6",
      "cand-e1c37158",
      "cand-3924bc09",
      "cand-c5a37a36",
      "cand-9f921b3b",
      "cand-976660f2",
      "cand-1fd659d1",
      "cand-1ebe3284",
      "cand-a05583cb",
      "cand-68e1f6c0",
      "cand-939bafa7",
      "cand-5dfb966e",
      "cand-ec9d7a77",
      "cand-c9bd8a69",
      "cand-cad467d1",
      "cand-30ca4ecf",
      "cand-274a3d78",
      "cand-8f6a1544",
      "cand-be21675f",
      "cand-17c07e8f",
      "cand-60166f81",
      "cand-8f82de94",
      "cand-42460886",
      "cand-9295e93d",
      "cand-5a54f71c",
      "cand-a12eacdf",
      "cand-5b236726",
      "cand-dbfe05b6",
      "cand-eb4f9103",
      "cand-294a8337",
      "cand-54d331f7",
      "cand-303f93be",
      "cand-64ceccd8",
      "cand-82301049",
      "cand-cb926322",
      "cand-9740ccd3",
      "cand-45f69d7a",
      "cand-8195e18c",
      "cand-9ad02865",
      "cand-b0561318",
      "cand-77645d5d",
      "cand-3913b48a",
      "cand-d8c529f0",
      "cand-3e0617a5",
      "cand-796b47d8",
      "cand-da5bc8a6",
      "cand-6385aa99",
      "cand-ce0fb6b8",
      "cand-f53efe87",
      "cand-541078ba",
      "cand-102cde43",
      "cand-99a518c8",
      "cand-45eae1ed",
      "cand-5fa9bbca",
      "cand-58a6bc67",
      "cand-e2e95d0b",
      "cand-e7d44996",
      "cand-4fd1f661",
      "cand-f8a32482",
      "cand-65221fbc",
      "cand-0dcbc429",
      "cand-7237f414",
      "cand-13ab4eb7",
      "cand-03a62626",
      "cand-74403bc5",
      "cand-08afa655",
      "cand-8fc0ffa2",
      "cand-6b8a91fa",
      "cand-6b160ae4",
      "cand-e4ab8440",
      "cand-292c094d",
      "cand-bf066e31",
      "cand-bf45bffc",
      "cand-33777180",
      "cand-67548c32",
      "cand-af1ed124",
      "cand-fd3f325b",
      "cand-e8320fab",
      "cand-51877b36",
      "cand-f80d7394",
      "cand-d2b04e0c",
      "cand-d865401d",
      "cand-c2337d4e",
      "cand-bd0f8191",
      "cand-2e68882f",
      "cand-94bc57ed",
      "cand-93a15ca5",
      "cand-197cf126",
      "cand-4e21422c",
      "cand-cc3ed2d8",
      "cand-ad84fefa",
      "cand-e3e4e13a",
      "cand-6d2901b8",
      "cand-c7985187",
      "cand-a3fa7fcf",
      "cand-2181b4f2",
      "cand-e803ef34",
      "cand-cc7eb308",
      "cand-8c710851",
      "cand-8045892e",
      "cand-17273829",
      "cand-e3d89e08",
      "cand-118d9dbb",
      "cand-1a318968",
      "cand-5665b571",
      "cand-80f55e73",
      "cand-74341bb6",
      "cand-6a470e0a",
      "cand-bac89ce5",
      "cand-9a0a92b6",
      "cand-91ef422b",
      "cand-63b039ec",
      "cand-5f4ecea5",
      "cand-eb5c0c9f",
      "cand-f7398180",
      "cand-b8e26ed1",
      "cand-97e78627",
      "cand-8cfb97d5",
      "cand-2c409867",
      "cand-990db2d3",
      "cand-d3505cb8",
      "cand-c99b76d2",
      "cand-49bf1eca",
      "cand-a32fd47a",
      "cand-60aab7fe",
      "cand-3f27c596",
      "cand-7d7ec144",
      "cand-dbed99a3",
      "cand-a5ddec79",
      "cand-f35eb742",
      "cand-df9c33cc",
      "cand-3bde95a6",
      "cand-5e145275",
      "cand-93924d92",
      "cand-de4d3ae4",
      "cand-6f7e7135",
      "cand-8c77c5e2",
      "cand-ed7049a5",
      "cand-cc2ebf60",
      "cand-880d9c3b",
      "cand-43144528",
      "cand-13019569",
      "cand-6125b79f",
      "cand-df4acc55",
      "cand-21300a79",
      "cand-bd0b9f0a"
    ],
    "recentProblemKinds": [
      "local_backtest_fail",
      "local_backtest_fail",
      "local_backtest_fail",
      "local_backtest_fail",
      "local_backtest_fail"
    ],
    "recentRepairResults": [
      {
        "repairKind": "pine_source_repair",
        "result": "success",
        "repairedCandidateId": "cand-a5ddec79",
        "summary": "Applied deterministic time-boxed preflight repair after blocking sparse event-source issues."
      },
      {
        "repairKind": "entry_frequency_repair",
        "result": "success",
        "repairedCandidateId": "cand-df9c33cc",
        "summary": "Requested entry_frequency_repair after local_backtest_fail."
      },
      {
        "repairKind": "risk_logic_repair",
        "result": "success",
        "repairedCandidateId": "cand-cc2ebf60",
        "summary": "Requested risk_logic_repair after local_backtest_fail."
      },
      {
        "repairKind": "risk_logic_repair",
        "result": "success",
        "repairedCandidateId": "cand-43144528",
        "summary": "Requested risk_logic_repair after local_backtest_fail."
      },
      {
        "repairKind": "risk_logic_repair",
        "result": "success",
        "repairedCandidateId": "cand-bd0b9f0a",
        "summary": "Requested risk_logic_repair after local_backtest_fail."
      }
    ],
    "scoreFeedbackObserved": true,
    "stage6Readiness": {
      "generatedAt": "2026-04-30T05:22:53.680Z",
      "evaluated": true,
      "passed": true,
      "mode": "deterministic",
      "countRequested": 10,
      "countCompleted": 10,
      "countFailed": 0,
      "activeChampionCandidateId": "cand-a64e2088",
      "freshBootstrapPassed": true,
      "multiIterationPassed": true,
      "rootIsolationPassed": true,
      "repairTraceabilityPassed": true,
      "calibrationQueuePassed": true,
      "scoreFeedbackPassed": true,
      "feedbackClosureRequired": false,
      "calibrationMode": "queue_only",
      "ledgerValidationPassed": true,
      "indexVerificationPassed": true,
      "rootIsolationStatus": {
        "status": "passed",
        "customStateRoot": "C:\\Users\\hanji\\AppData\\Local\\Temp\\af-stage6-state-YAZZ8Y",
        "defaultWorkspaceStateRoot": "C:\\Users\\hanji\\AppData\\Local\\Temp\\af-stage6-workspace-Nnkt1H\\state\\pi-autoresearch",
        "customContextExists": true,
        "defaultWorkspaceStateHasArtifacts": false
      },
      "repairTraceabilityStatus": {
        "status": "passed",
        "successfulRepairCount": 10,
        "successfulRepairsWithoutCandidateCount": 0
      },
      "feedbackClosureStatus": {
        "status": "passed",
        "required": false,
        "promptFeedbackObserved": true,
        "scoreBreakdownFeedbackObserved": false,
        "divergenceCount": 0,
        "confidenceUpdateCount": 0
      },
      "evidence": {
        "tempWorkspaceRoot": null,
        "tempStateRoot": null,
        "localEvaluationCount": 19,
        "headEventCount": 2,
        "archiveEventCount": 11,
        "calibrationEventCount": 2,
        "mutationBriefCount": 18,
        "problemEventCount": 18,
        "repairAttemptCount": 10,
        "deadlineBreachCount": 0
      },
      "warnings": []
    },
    "lastStage6GatePassed": true,
    "rootIsolationStatus": {
      "status": "passed",
      "customStateRoot": "C:\\Users\\hanji\\AppData\\Local\\Temp\\af-stage6-state-YAZZ8Y",
      "defaultWorkspaceStateRoot": "C:\\Users\\hanji\\AppData\\Local\\Temp\\af-stage6-workspace-Nnkt1H\\state\\pi-autoresearch",
      "customContextExists": true,
      "defaultWorkspaceStateHasArtifacts": false
    },
    "repairTraceabilityStatus": {
      "status": "passed",
      "successfulRepairCount": 10,
      "successfulRepairsWithoutCandidateCount": 0
    },
    "feedbackClosureStatus": {
      "status": "passed",
      "required": false,
      "promptFeedbackObserved": true,
      "scoreBreakdownFeedbackObserved": false,
      "divergenceCount": 0,
      "confidenceUpdateCount": 0
    },
    "nextPlannedAction": "local_compatibility_repair",
    "loopMode": "local-first",
    "defaultOperationalView": "v3_autonomous_local_first",
    "projectRoot": "C:\\Users\\hanji\\Desktop\\AF",
    "workspaceRoot": "C:\\Users\\hanji\\Desktop\\AF",
    "stateRoot": "C:\\Users\\hanji\\Desktop\\AF\\state\\pi-autoresearch",
    "traceRoot": "C:\\Users\\hanji\\Desktop\\AF\\state\\pi-autoresearch\\traces",
    "artifactRoot": "C:\\Users\\hanji\\Desktop\\AF\\state\\pi-autoresearch\\artifacts",
    "evidenceRoot": "C:\\Users\\hanji\\Desktop\\AF\\state\\pi-autoresearch\\evidence",
    "runtimeRoot": "C:\\Users\\hanji\\Desktop\\AF\\state\\pi-autoresearch\\runtime",
    "tvVerificationCount": 28,
    "tvHealth": "unavailable",
    "calibrationAutoProcess": false,
    "calibrationMode": "queue_only",
    "lastTvSurfaceFailure": {
      "candidateId": "cand-c6235b65",
      "decision": "tv_surface_failure",
      "iteration": 279,
      "tvCalibrationStatus": "surface_failure",
      "recordedAt": "2026-04-29T18:46:19.526Z"
    },
    "humanOverride": false
  },
  "verification": {
    "ok": true,
    "issues": []
  },
  "tracePath": "C:\\Users\\hanji\\Desktop\\AF\\state\\pi-autoresearch\\traces\\rebuild-indexes-2026-05-01T02-10-31-156Z-trace-a6018643.jsonl"
}
[2026-05-01T11:10:44.0867220+09:00] iteration 14: rebuild-indexes --verify exit=0
[2026-05-01T11:10:54.0917714+09:00] iteration 15: run-autonomous-loop start
??injected env (11) from .env // tip: ??encrypted .env [www.dotenvx.com]
[autonomous.loop.start] run-autonomous-loop | Starting autonomous local-first loop | 2026-05-01T02:10:54.337Z
[iteration.started] run-autonomous-loop | Starting autonomous iteration | 2026-05-01T02:10:54.338Z
[phase.started] run-autonomous-loop | Initializing autonomous workspace | 2026-05-01T02:10:54.349Z
[phase.completed] run-autonomous-loop | Initializing autonomous workspace | 2026-05-01T02:10:56.359Z
[phase.started] run-autonomous-loop | Generating autonomous mutation candidate | 2026-05-01T02:10:57.801Z
[autonomous.mutation.request] run-autonomous-loop | Sending autonomous mutation request | 2026-05-01T02:10:57.803Z
[phase.completed] run-autonomous-loop | Generating autonomous mutation candidate | 2026-05-01T02:12:59.664Z
[phase.started] run-autonomous-loop | Evaluating autonomous candidate locally | 2026-05-01T02:12:59.664Z
[autonomous.market_context_ready] run-autonomous-loop | Local-first market context is ready | 2026-05-01T02:12:59.671Z
[autonomous.local_evaluation] run-autonomous-loop | Local autonomous evaluation completed | 2026-05-01T02:12:59.744Z
[phase.completed] run-autonomous-loop | Evaluating autonomous candidate locally | 2026-05-01T02:12:59.781Z
[phase.started] run-autonomous-loop | Repairing autonomous candidate after local failure | 2026-05-01T02:12:59.781Z
[phase.completed] run-autonomous-loop | Repairing autonomous candidate after local failure | 2026-05-01T02:14:58.420Z
[phase.started] run-autonomous-loop | Evaluating repaired autonomous candidate locally | 2026-05-01T02:14:59.525Z
[autonomous.market_context_ready] run-autonomous-loop | Local-first market context is ready | 2026-05-01T02:14:59.530Z
[autonomous.local_evaluation] run-autonomous-loop | Local autonomous evaluation completed | 2026-05-01T02:14:59.563Z
[phase.completed] run-autonomous-loop | Evaluating repaired autonomous candidate locally | 2026-05-01T02:14:59.584Z
[phase.started] run-autonomous-loop | Updating autonomous archive views | 2026-05-01T02:14:59.585Z
[phase.completed] run-autonomous-loop | Updating autonomous archive views | 2026-05-01T02:14:59.587Z
[phase.started] run-autonomous-loop | Queueing candidate for TradingView calibration | 2026-05-01T02:14:59.588Z
[phase.completed] run-autonomous-loop | Queueing candidate for TradingView calibration | 2026-05-01T02:14:59.590Z
[phase.started] run-autonomous-loop | Selecting active autonomous champion | 2026-05-01T02:15:00.648Z
[phase.completed] run-autonomous-loop | Selecting active autonomous champion | 2026-05-01T02:15:01.464Z
[phase.started] run-autonomous-loop | Rebuilding derived autonomous views | 2026-05-01T02:15:01.465Z
[phase.completed] run-autonomous-loop | Rebuilding derived autonomous views | 2026-05-01T02:15:03.817Z
[iteration.completed] run-autonomous-loop | Autonomous iteration completed | 2026-05-01T02:15:03.818Z
{
  "countRequested": 1,
  "countCompleted": 1,
  "countFailed": 0,
  "results": [
    {
      "runId": "autonomous-1777601454348",
      "iteration": 623,
      "candidateId": "cand-6c413d8e",
      "localDecision": "local_candidate_rejected",
      "activeChampionChanged": false,
      "activeChampionCandidateId": "cand-42ed2fa4"
    }
  ],
  "deadlineBreaches": [],
  "autonomousState": {
    "generatedAt": "2026-05-01T02:15:05.554Z",
    "activeChampionCandidateId": "cand-42ed2fa4",
    "activeChampionScore": 0.7879,
    "activeChampionDecision": "local_candidate_eligible",
    "championOrigin": "autonomous",
    "researchMaturity": "steady_state",
    "selectedBy": "auto_policy",
    "selectionPolicyVersion": "autonomous-local-first/v3-p0",
    "objectivePolicyVersion": "objective.qqq-120m/v1",
    "headEventCount": 2,
    "archiveEventCount": 312,
    "calibrationEventCount": 324,
    "calibrationCandidateCount": 296,
    "divergenceCount": 27,
    "localConfidenceUpdateCount": 27,
    "problemEventCount": 211,
    "repairAttemptCount": 106,
    "localEvaluationCount": 404,
    "localEligibleCount": 229,
    "bootstrapCompatibleCount": 0,
    "bootstrapEligibleCount": 0,
    "bootstrapStatus": "not_started",
    "bootstrapSource": null,
    "bootstrapReason": null,
    "localRejectedCount": 170,
    "topBlockingReason": "low_trade_count",
    "pendingCalibrationCandidateCount": 268,
    "pendingCalibrationCandidateIds": [
      "cand-0e6a0180",
      "cand-9f33e80b",
      "cand-772d8a1e",
      "cand-f28d2e01",
      "cand-9a5dbcc7",
      "cand-b01be933",
      "cand-0a692f84",
      "cand-4f8faae3",
      "cand-35a74bba",
      "cand-c6b25611",
      "cand-ccdae17b",
      "cand-b8102dcd",
      "cand-8a1fe27b",
      "cand-ebbdd6a9",
      "cand-80dfaaa1",
      "cand-03f30a70",
      "cand-2f290563",
      "cand-e76cded5",
      "cand-710d8bc6",
      "cand-dd7e63cf",
      "cand-949bf032",
      "cand-b14595e0",
      "cand-90dc4ec3",
      "cand-f1103886",
      "cand-77224b87",
      "cand-55f47b32",
      "cand-cb18c54a",
      "cand-8a1a7cf2",
      "cand-db12aa7d",
      "cand-eb3175fc",
      "cand-ce89005b",
      "cand-b333865d",
      "cand-14f5f8ff",
      "cand-87a7fa06",
      "cand-609d9f19",
      "cand-09a0ae17",
      "cand-fbb3fb78",
      "cand-7bff0c1a",
      "cand-6e976c42",
      "cand-eaf67b92",
      "cand-ea5075a8",
      "cand-c0d6f969",
      "cand-946579c0",
      "cand-1638111b",
      "cand-840b49c0",
      "cand-a1b63e8c",
      "cand-d3fa966c",
      "cand-af6ef21e",
      "cand-c5832df6",
      "cand-57321a8c",
      "cand-3004b0f8",
      "cand-00644032",
      "cand-6272ab0f",
      "cand-7b341ad0",
      "cand-5c90b0de",
      "cand-350b7e7b",
      "cand-05218055",
      "cand-6ebbd52a",
      "cand-9edd626e",
      "cand-5d685d8a",
      "cand-addb3d5a",
      "cand-1a03e904",
      "cand-935b6a7d",
      "cand-11e460d8",
      "cand-58484f09",
      "cand-c3549cdc",
      "cand-e000c048",
      "cand-5927e5ca",
      "cand-7ae4d6eb",
      "cand-bd3c959f",
      "cand-ad98c7fd",
      "cand-a3456179",
      "cand-fa19c7db",
      "cand-8211114e",
      "cand-737e8acc",
      "cand-9ae5abb8",
      "cand-f68c494c",
      "cand-0cb06744",
      "cand-c4540c5e",
      "cand-887ba798",
      "cand-334ff9ed",
      "cand-1e7bb092",
      "cand-940106ac",
      "cand-b1575fba",
      "cand-1c1cb560",
      "cand-2ba5ca56",
      "cand-4e158d7d",
      "cand-ee1867a5",
      "cand-ccf655ee",
      "cand-2f2f67f1",
      "cand-dd0d4883",
      "cand-9e390b78",
      "cand-2b509e63",
      "cand-a42bb737",
      "cand-ba65a405",
      "cand-95b5fcb4",
      "cand-c1decc14",
      "cand-fad40100",
      "cand-3d99c3c3",
      "cand-ed6ed300",
      "cand-36473405",
      "cand-32556840",
      "cand-056beb3f",
      "cand-fef34f1d",
      "cand-4e58abee",
      "cand-6c095f1d",
      "cand-72fdbd0a",
      "cand-1a73f98c",
      "cand-60e5fb9a",
      "cand-fbd6e1cd",
      "cand-6fa9e64c",
      "cand-b3ce6dfd",
      "cand-d7b18242",
      "cand-cddf1147",
      "cand-a2b17756",
      "cand-4106d658",
      "cand-bf2319b1",
      "cand-1be3a1ed",
      "cand-ec8276d1",
      "cand-66da2fad",
      "cand-10487d69",
      "cand-a0b082a6",
      "cand-e1c37158",
      "cand-3924bc09",
      "cand-c5a37a36",
      "cand-9f921b3b",
      "cand-976660f2",
      "cand-1fd659d1",
      "cand-1ebe3284",
      "cand-a05583cb",
      "cand-68e1f6c0",
      "cand-939bafa7",
      "cand-5dfb966e",
      "cand-ec9d7a77",
      "cand-c9bd8a69",
      "cand-cad467d1",
      "cand-30ca4ecf",
      "cand-274a3d78",
      "cand-8f6a1544",
      "cand-be21675f",
      "cand-17c07e8f",
      "cand-60166f81",
      "cand-8f82de94",
      "cand-42460886",
      "cand-9295e93d",
      "cand-5a54f71c",
      "cand-a12eacdf",
      "cand-5b236726",
      "cand-dbfe05b6",
      "cand-eb4f9103",
      "cand-294a8337",
      "cand-54d331f7",
      "cand-303f93be",
      "cand-64ceccd8",
      "cand-82301049",
      "cand-cb926322",
      "cand-9740ccd3",
      "cand-45f69d7a",
      "cand-8195e18c",
      "cand-9ad02865",
      "cand-b0561318",
      "cand-77645d5d",
      "cand-3913b48a",
      "cand-d8c529f0",
      "cand-3e0617a5",
      "cand-796b47d8",
      "cand-da5bc8a6",
      "cand-6385aa99",
      "cand-ce0fb6b8",
      "cand-f53efe87",
      "cand-541078ba",
      "cand-102cde43",
      "cand-99a518c8",
      "cand-45eae1ed",
      "cand-5fa9bbca",
      "cand-58a6bc67",
      "cand-e2e95d0b",
      "cand-e7d44996",
      "cand-4fd1f661",
      "cand-f8a32482",
      "cand-65221fbc",
      "cand-0dcbc429",
      "cand-7237f414",
      "cand-13ab4eb7",
      "cand-03a62626",
      "cand-74403bc5",
      "cand-08afa655",
      "cand-8fc0ffa2",
      "cand-6b8a91fa",
      "cand-6b160ae4",
      "cand-e4ab8440",
      "cand-292c094d",
      "cand-bf066e31",
      "cand-bf45bffc",
      "cand-33777180",
      "cand-67548c32",
      "cand-af1ed124",
      "cand-fd3f325b",
      "cand-e8320fab",
      "cand-51877b36",
      "cand-f80d7394",
      "cand-d2b04e0c",
      "cand-d865401d",
      "cand-c2337d4e",
      "cand-bd0f8191",
      "cand-2e68882f",
      "cand-94bc57ed",
      "cand-93a15ca5",
      "cand-197cf126",
      "cand-4e21422c",
      "cand-cc3ed2d8",
      "cand-ad84fefa",
      "cand-e3e4e13a",
      "cand-6d2901b8",
      "cand-c7985187",
      "cand-a3fa7fcf",
      "cand-2181b4f2",
      "cand-e803ef34",
      "cand-cc7eb308",
      "cand-8c710851",
      "cand-8045892e",
      "cand-17273829",
      "cand-e3d89e08",
      "cand-118d9dbb",
      "cand-1a318968",
      "cand-5665b571",
      "cand-80f55e73",
      "cand-74341bb6",
      "cand-6a470e0a",
      "cand-bac89ce5",
      "cand-9a0a92b6",
      "cand-91ef422b",
      "cand-63b039ec",
      "cand-5f4ecea5",
      "cand-eb5c0c9f",
      "cand-f7398180",
      "cand-b8e26ed1",
      "cand-97e78627",
      "cand-8cfb97d5",
      "cand-2c409867",
      "cand-990db2d3",
      "cand-d3505cb8",
      "cand-c99b76d2",
      "cand-49bf1eca",
      "cand-a32fd47a",
      "cand-60aab7fe",
      "cand-3f27c596",
      "cand-7d7ec144",
      "cand-dbed99a3",
      "cand-a5ddec79",
      "cand-f35eb742",
      "cand-df9c33cc",
      "cand-3bde95a6",
      "cand-5e145275",
      "cand-93924d92",
      "cand-de4d3ae4",
      "cand-6f7e7135",
      "cand-8c77c5e2",
      "cand-ed7049a5",
      "cand-cc2ebf60",
      "cand-880d9c3b",
      "cand-43144528",
      "cand-13019569",
      "cand-6125b79f",
      "cand-df4acc55",
      "cand-21300a79",
      "cand-bd0b9f0a",
      "cand-6c413d8e"
    ],
    "recentProblemKinds": [
      "local_backtest_fail",
      "local_backtest_fail",
      "local_backtest_fail",
      "local_backtest_fail",
      "local_backtest_fail"
    ],
    "recentRepairResults": [
      {
        "repairKind": "entry_frequency_repair",
        "result": "success",
        "repairedCandidateId": "cand-df9c33cc",
        "summary": "Requested entry_frequency_repair after local_backtest_fail."
      },
      {
        "repairKind": "risk_logic_repair",
        "result": "success",
        "repairedCandidateId": "cand-cc2ebf60",
        "summary": "Requested risk_logic_repair after local_backtest_fail."
      },
      {
        "repairKind": "risk_logic_repair",
        "result": "success",
        "repairedCandidateId": "cand-43144528",
        "summary": "Requested risk_logic_repair after local_backtest_fail."
      },
      {
        "repairKind": "risk_logic_repair",
        "result": "success",
        "repairedCandidateId": "cand-bd0b9f0a",
        "summary": "Requested risk_logic_repair after local_backtest_fail."
      },
      {
        "repairKind": "archive_gap_redirect",
        "result": "success",
        "repairedCandidateId": "cand-6c413d8e",
        "summary": "Requested archive_gap_redirect after local_backtest_fail."
      }
    ],
    "scoreFeedbackObserved": true,
    "stage6Readiness": {
      "generatedAt": "2026-04-30T05:22:53.680Z",
      "evaluated": true,
      "passed": true,
      "mode": "deterministic",
      "countRequested": 10,
      "countCompleted": 10,
      "countFailed": 0,
      "activeChampionCandidateId": "cand-a64e2088",
      "freshBootstrapPassed": true,
      "multiIterationPassed": true,
      "rootIsolationPassed": true,
      "repairTraceabilityPassed": true,
      "calibrationQueuePassed": true,
      "scoreFeedbackPassed": true,
      "feedbackClosureRequired": false,
      "calibrationMode": "queue_only",
      "ledgerValidationPassed": true,
      "indexVerificationPassed": true,
      "rootIsolationStatus": {
        "status": "passed",
        "customStateRoot": "C:\\Users\\hanji\\AppData\\Local\\Temp\\af-stage6-state-YAZZ8Y",
        "defaultWorkspaceStateRoot": "C:\\Users\\hanji\\AppData\\Local\\Temp\\af-stage6-workspace-Nnkt1H\\state\\pi-autoresearch",
        "customContextExists": true,
        "defaultWorkspaceStateHasArtifacts": false
      },
      "repairTraceabilityStatus": {
        "status": "passed",
        "successfulRepairCount": 10,
        "successfulRepairsWithoutCandidateCount": 0
      },
      "feedbackClosureStatus": {
        "status": "passed",
        "required": false,
        "promptFeedbackObserved": true,
        "scoreBreakdownFeedbackObserved": false,
        "divergenceCount": 0,
        "confidenceUpdateCount": 0
      },
      "evidence": {
        "tempWorkspaceRoot": null,
        "tempStateRoot": null,
        "localEvaluationCount": 19,
        "headEventCount": 2,
        "archiveEventCount": 11,
        "calibrationEventCount": 2,
        "mutationBriefCount": 18,
        "problemEventCount": 18,
        "repairAttemptCount": 10,
        "deadlineBreachCount": 0
      },
      "warnings": []
    },
    "lastStage6GatePassed": true,
    "rootIsolationStatus": {
      "status": "passed",
      "customStateRoot": "C:\\Users\\hanji\\AppData\\Local\\Temp\\af-stage6-state-YAZZ8Y",
      "defaultWorkspaceStateRoot": "C:\\Users\\hanji\\AppData\\Local\\Temp\\af-stage6-workspace-Nnkt1H\\state\\pi-autoresearch",
      "customContextExists": true,
      "defaultWorkspaceStateHasArtifacts": false
    },
    "repairTraceabilityStatus": {
      "status": "passed",
      "successfulRepairCount": 10,
      "successfulRepairsWithoutCandidateCount": 0
    },
    "feedbackClosureStatus": {
      "status": "passed",
      "required": false,
      "promptFeedbackObserved": true,
      "scoreBreakdownFeedbackObserved": false,
      "divergenceCount": 0,
      "confidenceUpdateCount": 0
    },
    "nextPlannedAction": "local_compatibility_repair",
    "loopMode": "local-first",
    "defaultOperationalView": "v3_autonomous_local_first",
    "projectRoot": "C:\\Users\\hanji\\Desktop\\AF",
    "workspaceRoot": "C:\\Users\\hanji\\Desktop\\AF",
    "stateRoot": "C:\\Users\\hanji\\Desktop\\AF\\state\\pi-autoresearch",
    "traceRoot": "C:\\Users\\hanji\\Desktop\\AF\\state\\pi-autoresearch\\traces",
    "artifactRoot": "C:\\Users\\hanji\\Desktop\\AF\\state\\pi-autoresearch\\artifacts",
    "evidenceRoot": "C:\\Users\\hanji\\Desktop\\AF\\state\\pi-autoresearch\\evidence",
    "runtimeRoot": "C:\\Users\\hanji\\Desktop\\AF\\state\\pi-autoresearch\\runtime",
    "tvVerificationCount": 28,
    "tvHealth": "unavailable",
    "calibrationAutoProcess": false,
    "calibrationMode": "queue_only",
    "lastTvSurfaceFailure": {
      "candidateId": "cand-c6235b65",
      "decision": "tv_surface_failure",
      "iteration": 279,
      "tvCalibrationStatus": "surface_failure",
      "recordedAt": "2026-04-29T18:46:19.526Z"
    },
    "humanOverride": false
  },
  "tracePath": "C:\\Users\\hanji\\Desktop\\AF\\state\\pi-autoresearch\\traces\\run-autonomous-loop-2026-05-01T02-10-54-336Z-trace-2f28c7c7.jsonl"
}
[2026-05-01T11:15:06.3646511+09:00] iteration 15: run-autonomous-loop exit=0
[2026-05-01T11:15:06.3646511+09:00] iteration 15: validate-ledger start
??injected env (11) from .env // tip: ??custom filepath { path: '/custom/path/.env' }
[ledger.validation] validate-ledger | Ledger validation completed | 2026-05-01T02:15:10.206Z
{
  "ok": true,
  "errorCount": 0,
  "warningCount": 6,
  "issues": [
    {
      "severity": "warning",
      "scope": "experiment-record-meta",
      "recordId": "cand-f918d6d8",
      "message": "recordHash does not match the serialized experiment record."
    },
    {
      "severity": "warning",
      "scope": "experiment-record-meta",
      "recordId": "cand-3f99a396",
      "message": "recordHash does not match the serialized experiment record."
    },
    {
      "severity": "warning",
      "scope": "experiment-record-meta",
      "recordId": "cand-93a71a19",
      "message": "recordHash does not match the serialized experiment record."
    },
    {
      "severity": "warning",
      "scope": "experiment-record-meta",
      "recordId": "cand-560e2d3b",
      "message": "recordHash does not match the serialized experiment record."
    },
    {
      "severity": "warning",
      "scope": "experiment-record-meta",
      "recordId": "cand-24b4021d",
      "message": "recordHash does not match the serialized experiment record."
    },
    {
      "severity": "warning",
      "scope": "candidate-dedup",
      "recordId": "bfee8f4eb7eabba2047b8b2270beef764a3942811cda8134d75c15c171c0c26a",
      "message": "Duplicate candidate source hash detected across ids: cand-2a5e6ffe, cand-51397d04, cand-9cbc4c5f, cand-a93778fa, cand-bbb67c15, cand-fdc1ae65"
    }
  ],
  "summary": {
    "experiments": 624,
    "candidates": 574,
    "taskBatches": 131
  },
  "stateRoot": "C:\\Users\\hanji\\Desktop\\AF\\state\\pi-autoresearch",
  "tracePath": "C:\\Users\\hanji\\Desktop\\AF\\state\\pi-autoresearch\\traces\\validate-ledger-2026-05-01T02-15-06-594Z-trace-a4ec1ce1.jsonl"
}
[2026-05-01T11:15:10.2738690+09:00] iteration 15: validate-ledger exit=0
[2026-05-01T11:15:10.2746782+09:00] iteration 15: rebuild-indexes --verify start
??injected env (11) from .env // tip: ??override existing { override: true }
[?몃뜳???ъ깮???쒖옉] ?몃뜳???ъ깮??| ?뚯깮 ?몃뜳?ㅻ? ?ъ깮?깊빀?덈떎. state: C:\Users\hanji\Desktop\AF\state\pi-autoresearch | 2026-05-01T02:15:12.559Z
[?몃뜳???ъ깮???꾨즺] ?몃뜳???ъ깮??| ?뚯깮 ?몃뜳???ъ깮?깆쓣 留덉낀?듬땲?? state: C:\Users\hanji\Desktop\AF\state\pi-autoresearch | 2026-05-01T02:15:23.736Z
{
  "rebuilt": true,
  "stateRoot": "C:\\Users\\hanji\\Desktop\\AF\\state\\pi-autoresearch",
  "autonomousState": {
    "generatedAt": "2026-05-01T02:15:16.548Z",
    "activeChampionCandidateId": "cand-42ed2fa4",
    "activeChampionScore": 0.7879,
    "activeChampionDecision": "local_candidate_eligible",
    "championOrigin": "autonomous",
    "researchMaturity": "steady_state",
    "selectedBy": "auto_policy",
    "selectionPolicyVersion": "autonomous-local-first/v3-p0",
    "objectivePolicyVersion": "objective.qqq-120m/v1",
    "headEventCount": 2,
    "archiveEventCount": 312,
    "calibrationEventCount": 324,
    "calibrationCandidateCount": 296,
    "divergenceCount": 27,
    "localConfidenceUpdateCount": 27,
    "problemEventCount": 211,
    "repairAttemptCount": 106,
    "localEvaluationCount": 404,
    "localEligibleCount": 229,
    "bootstrapCompatibleCount": 0,
    "bootstrapEligibleCount": 0,
    "bootstrapStatus": "not_started",
    "bootstrapSource": null,
    "bootstrapReason": null,
    "localRejectedCount": 170,
    "topBlockingReason": "low_trade_count",
    "pendingCalibrationCandidateCount": 268,
    "pendingCalibrationCandidateIds": [
      "cand-0e6a0180",
      "cand-9f33e80b",
      "cand-772d8a1e",
      "cand-f28d2e01",
      "cand-9a5dbcc7",
      "cand-b01be933",
      "cand-0a692f84",
      "cand-4f8faae3",
      "cand-35a74bba",
      "cand-c6b25611",
      "cand-ccdae17b",
      "cand-b8102dcd",
      "cand-8a1fe27b",
      "cand-ebbdd6a9",
      "cand-80dfaaa1",
      "cand-03f30a70",
      "cand-2f290563",
      "cand-e76cded5",
      "cand-710d8bc6",
      "cand-dd7e63cf",
      "cand-949bf032",
      "cand-b14595e0",
      "cand-90dc4ec3",
      "cand-f1103886",
      "cand-77224b87",
      "cand-55f47b32",
      "cand-cb18c54a",
      "cand-8a1a7cf2",
      "cand-db12aa7d",
      "cand-eb3175fc",
      "cand-ce89005b",
      "cand-b333865d",
      "cand-14f5f8ff",
      "cand-87a7fa06",
      "cand-609d9f19",
      "cand-09a0ae17",
      "cand-fbb3fb78",
      "cand-7bff0c1a",
      "cand-6e976c42",
      "cand-eaf67b92",
      "cand-ea5075a8",
      "cand-c0d6f969",
      "cand-946579c0",
      "cand-1638111b",
      "cand-840b49c0",
      "cand-a1b63e8c",
      "cand-d3fa966c",
      "cand-af6ef21e",
      "cand-c5832df6",
      "cand-57321a8c",
      "cand-3004b0f8",
      "cand-00644032",
      "cand-6272ab0f",
      "cand-7b341ad0",
      "cand-5c90b0de",
      "cand-350b7e7b",
      "cand-05218055",
      "cand-6ebbd52a",
      "cand-9edd626e",
      "cand-5d685d8a",
      "cand-addb3d5a",
      "cand-1a03e904",
      "cand-935b6a7d",
      "cand-11e460d8",
      "cand-58484f09",
      "cand-c3549cdc",
      "cand-e000c048",
      "cand-5927e5ca",
      "cand-7ae4d6eb",
      "cand-bd3c959f",
      "cand-ad98c7fd",
      "cand-a3456179",
      "cand-fa19c7db",
      "cand-8211114e",
      "cand-737e8acc",
      "cand-9ae5abb8",
      "cand-f68c494c",
      "cand-0cb06744",
      "cand-c4540c5e",
      "cand-887ba798",
      "cand-334ff9ed",
      "cand-1e7bb092",
      "cand-940106ac",
      "cand-b1575fba",
      "cand-1c1cb560",
      "cand-2ba5ca56",
      "cand-4e158d7d",
      "cand-ee1867a5",
      "cand-ccf655ee",
      "cand-2f2f67f1",
      "cand-dd0d4883",
      "cand-9e390b78",
      "cand-2b509e63",
      "cand-a42bb737",
      "cand-ba65a405",
      "cand-95b5fcb4",
      "cand-c1decc14",
      "cand-fad40100",
      "cand-3d99c3c3",
      "cand-ed6ed300",
      "cand-36473405",
      "cand-32556840",
      "cand-056beb3f",
      "cand-fef34f1d",
      "cand-4e58abee",
      "cand-6c095f1d",
      "cand-72fdbd0a",
      "cand-1a73f98c",
      "cand-60e5fb9a",
      "cand-fbd6e1cd",
      "cand-6fa9e64c",
      "cand-b3ce6dfd",
      "cand-d7b18242",
      "cand-cddf1147",
      "cand-a2b17756",
      "cand-4106d658",
      "cand-bf2319b1",
      "cand-1be3a1ed",
      "cand-ec8276d1",
      "cand-66da2fad",
      "cand-10487d69",
      "cand-a0b082a6",
      "cand-e1c37158",
      "cand-3924bc09",
      "cand-c5a37a36",
      "cand-9f921b3b",
      "cand-976660f2",
      "cand-1fd659d1",
      "cand-1ebe3284",
      "cand-a05583cb",
      "cand-68e1f6c0",
      "cand-939bafa7",
      "cand-5dfb966e",
      "cand-ec9d7a77",
      "cand-c9bd8a69",
      "cand-cad467d1",
      "cand-30ca4ecf",
      "cand-274a3d78",
      "cand-8f6a1544",
      "cand-be21675f",
      "cand-17c07e8f",
      "cand-60166f81",
      "cand-8f82de94",
      "cand-42460886",
      "cand-9295e93d",
      "cand-5a54f71c",
      "cand-a12eacdf",
      "cand-5b236726",
      "cand-dbfe05b6",
      "cand-eb4f9103",
      "cand-294a8337",
      "cand-54d331f7",
      "cand-303f93be",
      "cand-64ceccd8",
      "cand-82301049",
      "cand-cb926322",
      "cand-9740ccd3",
      "cand-45f69d7a",
      "cand-8195e18c",
      "cand-9ad02865",
      "cand-b0561318",
      "cand-77645d5d",
      "cand-3913b48a",
      "cand-d8c529f0",
      "cand-3e0617a5",
      "cand-796b47d8",
      "cand-da5bc8a6",
      "cand-6385aa99",
      "cand-ce0fb6b8",
      "cand-f53efe87",
      "cand-541078ba",
      "cand-102cde43",
      "cand-99a518c8",
      "cand-45eae1ed",
      "cand-5fa9bbca",
      "cand-58a6bc67",
      "cand-e2e95d0b",
      "cand-e7d44996",
      "cand-4fd1f661",
      "cand-f8a32482",
      "cand-65221fbc",
      "cand-0dcbc429",
      "cand-7237f414",
      "cand-13ab4eb7",
      "cand-03a62626",
      "cand-74403bc5",
      "cand-08afa655",
      "cand-8fc0ffa2",
      "cand-6b8a91fa",
      "cand-6b160ae4",
      "cand-e4ab8440",
      "cand-292c094d",
      "cand-bf066e31",
      "cand-bf45bffc",
      "cand-33777180",
      "cand-67548c32",
      "cand-af1ed124",
      "cand-fd3f325b",
      "cand-e8320fab",
      "cand-51877b36",
      "cand-f80d7394",
      "cand-d2b04e0c",
      "cand-d865401d",
      "cand-c2337d4e",
      "cand-bd0f8191",
      "cand-2e68882f",
      "cand-94bc57ed",
      "cand-93a15ca5",
      "cand-197cf126",
      "cand-4e21422c",
      "cand-cc3ed2d8",
      "cand-ad84fefa",
      "cand-e3e4e13a",
      "cand-6d2901b8",
      "cand-c7985187",
      "cand-a3fa7fcf",
      "cand-2181b4f2",
      "cand-e803ef34",
      "cand-cc7eb308",
      "cand-8c710851",
      "cand-8045892e",
      "cand-17273829",
      "cand-e3d89e08",
      "cand-118d9dbb",
      "cand-1a318968",
      "cand-5665b571",
      "cand-80f55e73",
      "cand-74341bb6",
      "cand-6a470e0a",
      "cand-bac89ce5",
      "cand-9a0a92b6",
      "cand-91ef422b",
      "cand-63b039ec",
      "cand-5f4ecea5",
      "cand-eb5c0c9f",
      "cand-f7398180",
      "cand-b8e26ed1",
      "cand-97e78627",
      "cand-8cfb97d5",
      "cand-2c409867",
      "cand-990db2d3",
      "cand-d3505cb8",
      "cand-c99b76d2",
      "cand-49bf1eca",
      "cand-a32fd47a",
      "cand-60aab7fe",
      "cand-3f27c596",
      "cand-7d7ec144",
      "cand-dbed99a3",
      "cand-a5ddec79",
      "cand-f35eb742",
      "cand-df9c33cc",
      "cand-3bde95a6",
      "cand-5e145275",
      "cand-93924d92",
      "cand-de4d3ae4",
      "cand-6f7e7135",
      "cand-8c77c5e2",
      "cand-ed7049a5",
      "cand-cc2ebf60",
      "cand-880d9c3b",
      "cand-43144528",
      "cand-13019569",
      "cand-6125b79f",
      "cand-df4acc55",
      "cand-21300a79",
      "cand-bd0b9f0a",
      "cand-6c413d8e"
    ],
    "recentProblemKinds": [
      "local_backtest_fail",
      "local_backtest_fail",
      "local_backtest_fail",
      "local_backtest_fail",
      "local_backtest_fail"
    ],
    "recentRepairResults": [
      {
        "repairKind": "entry_frequency_repair",
        "result": "success",
        "repairedCandidateId": "cand-df9c33cc",
        "summary": "Requested entry_frequency_repair after local_backtest_fail."
      },
      {
        "repairKind": "risk_logic_repair",
        "result": "success",
        "repairedCandidateId": "cand-cc2ebf60",
        "summary": "Requested risk_logic_repair after local_backtest_fail."
      },
      {
        "repairKind": "risk_logic_repair",
        "result": "success",
        "repairedCandidateId": "cand-43144528",
        "summary": "Requested risk_logic_repair after local_backtest_fail."
      },
      {
        "repairKind": "risk_logic_repair",
        "result": "success",
        "repairedCandidateId": "cand-bd0b9f0a",
        "summary": "Requested risk_logic_repair after local_backtest_fail."
      },
      {
        "repairKind": "archive_gap_redirect",
        "result": "success",
        "repairedCandidateId": "cand-6c413d8e",
        "summary": "Requested archive_gap_redirect after local_backtest_fail."
      }
    ],
    "scoreFeedbackObserved": true,
    "stage6Readiness": {
      "generatedAt": "2026-04-30T05:22:53.680Z",
      "evaluated": true,
      "passed": true,
      "mode": "deterministic",
      "countRequested": 10,
      "countCompleted": 10,
      "countFailed": 0,
      "activeChampionCandidateId": "cand-a64e2088",
      "freshBootstrapPassed": true,
      "multiIterationPassed": true,
      "rootIsolationPassed": true,
      "repairTraceabilityPassed": true,
      "calibrationQueuePassed": true,
      "scoreFeedbackPassed": true,
      "feedbackClosureRequired": false,
      "calibrationMode": "queue_only",
      "ledgerValidationPassed": true,
      "indexVerificationPassed": true,
      "rootIsolationStatus": {
        "status": "passed",
        "customStateRoot": "C:\\Users\\hanji\\AppData\\Local\\Temp\\af-stage6-state-YAZZ8Y",
        "defaultWorkspaceStateRoot": "C:\\Users\\hanji\\AppData\\Local\\Temp\\af-stage6-workspace-Nnkt1H\\state\\pi-autoresearch",
        "customContextExists": true,
        "defaultWorkspaceStateHasArtifacts": false
      },
      "repairTraceabilityStatus": {
        "status": "passed",
        "successfulRepairCount": 10,
        "successfulRepairsWithoutCandidateCount": 0
      },
      "feedbackClosureStatus": {
        "status": "passed",
        "required": false,
        "promptFeedbackObserved": true,
        "scoreBreakdownFeedbackObserved": false,
        "divergenceCount": 0,
        "confidenceUpdateCount": 0
      },
      "evidence": {
        "tempWorkspaceRoot": null,
        "tempStateRoot": null,
        "localEvaluationCount": 19,
        "headEventCount": 2,
        "archiveEventCount": 11,
        "calibrationEventCount": 2,
        "mutationBriefCount": 18,
        "problemEventCount": 18,
        "repairAttemptCount": 10,
        "deadlineBreachCount": 0
      },
      "warnings": []
    },
    "lastStage6GatePassed": true,
    "rootIsolationStatus": {
      "status": "passed",
      "customStateRoot": "C:\\Users\\hanji\\AppData\\Local\\Temp\\af-stage6-state-YAZZ8Y",
      "defaultWorkspaceStateRoot": "C:\\Users\\hanji\\AppData\\Local\\Temp\\af-stage6-workspace-Nnkt1H\\state\\pi-autoresearch",
      "customContextExists": true,
      "defaultWorkspaceStateHasArtifacts": false
    },
    "repairTraceabilityStatus": {
      "status": "passed",
      "successfulRepairCount": 10,
      "successfulRepairsWithoutCandidateCount": 0
    },
    "feedbackClosureStatus": {
      "status": "passed",
      "required": false,
      "promptFeedbackObserved": true,
      "scoreBreakdownFeedbackObserved": false,
      "divergenceCount": 0,
      "confidenceUpdateCount": 0
    },
    "nextPlannedAction": "local_compatibility_repair",
    "loopMode": "local-first",
    "defaultOperationalView": "v3_autonomous_local_first",
    "projectRoot": "C:\\Users\\hanji\\Desktop\\AF",
    "workspaceRoot": "C:\\Users\\hanji\\Desktop\\AF",
    "stateRoot": "C:\\Users\\hanji\\Desktop\\AF\\state\\pi-autoresearch",
    "traceRoot": "C:\\Users\\hanji\\Desktop\\AF\\state\\pi-autoresearch\\traces",
    "artifactRoot": "C:\\Users\\hanji\\Desktop\\AF\\state\\pi-autoresearch\\artifacts",
    "evidenceRoot": "C:\\Users\\hanji\\Desktop\\AF\\state\\pi-autoresearch\\evidence",
    "runtimeRoot": "C:\\Users\\hanji\\Desktop\\AF\\state\\pi-autoresearch\\runtime",
    "tvVerificationCount": 28,
    "tvHealth": "unavailable",
    "calibrationAutoProcess": false,
    "calibrationMode": "queue_only",
    "lastTvSurfaceFailure": {
      "candidateId": "cand-c6235b65",
      "decision": "tv_surface_failure",
      "iteration": 279,
      "tvCalibrationStatus": "surface_failure",
      "recordedAt": "2026-04-29T18:46:19.526Z"
    },
    "humanOverride": false
  },
  "verification": {
    "ok": true,
    "issues": []
  },
  "tracePath": "C:\\Users\\hanji\\Desktop\\AF\\state\\pi-autoresearch\\traces\\rebuild-indexes-2026-05-01T02-15-10-501Z-trace-a1cd1b89.jsonl"
}
[2026-05-01T11:15:23.9304039+09:00] iteration 15: rebuild-indexes --verify exit=0
[2026-05-01T11:15:33.9334246+09:00] iteration 16: run-autonomous-loop start
??injected env (11) from .env // tip: ??enable debugging { debug: true }
[autonomous.loop.start] run-autonomous-loop | Starting autonomous local-first loop | 2026-05-01T02:15:34.179Z
[iteration.started] run-autonomous-loop | Starting autonomous iteration | 2026-05-01T02:15:34.180Z
[phase.started] run-autonomous-loop | Initializing autonomous workspace | 2026-05-01T02:15:34.191Z
[phase.completed] run-autonomous-loop | Initializing autonomous workspace | 2026-05-01T02:15:36.223Z
[phase.started] run-autonomous-loop | Generating autonomous mutation candidate | 2026-05-01T02:15:37.648Z
[autonomous.mutation.request] run-autonomous-loop | Sending autonomous mutation request | 2026-05-01T02:15:37.649Z
[phase.completed] run-autonomous-loop | Generating autonomous mutation candidate | 2026-05-01T02:17:44.234Z
[phase.started] run-autonomous-loop | Evaluating autonomous candidate locally | 2026-05-01T02:17:44.235Z
[autonomous.market_context_ready] run-autonomous-loop | Local-first market context is ready | 2026-05-01T02:17:44.242Z
[autonomous.local_evaluation] run-autonomous-loop | Local autonomous evaluation completed | 2026-05-01T02:17:44.315Z
[phase.completed] run-autonomous-loop | Evaluating autonomous candidate locally | 2026-05-01T02:17:44.348Z
[phase.started] run-autonomous-loop | Repairing autonomous candidate after local failure | 2026-05-01T02:17:44.349Z
[phase.completed] run-autonomous-loop | Repairing autonomous candidate after local failure | 2026-05-01T02:19:41.713Z
[phase.started] run-autonomous-loop | Evaluating repaired autonomous candidate locally | 2026-05-01T02:19:42.833Z
[autonomous.market_context_ready] run-autonomous-loop | Local-first market context is ready | 2026-05-01T02:19:42.838Z
[autonomous.local_evaluation] run-autonomous-loop | Local autonomous evaluation completed | 2026-05-01T02:19:42.884Z
[phase.completed] run-autonomous-loop | Evaluating repaired autonomous candidate locally | 2026-05-01T02:19:42.906Z
[phase.started] run-autonomous-loop | Updating autonomous archive views | 2026-05-01T02:19:42.906Z
[phase.completed] run-autonomous-loop | Updating autonomous archive views | 2026-05-01T02:19:42.909Z
[phase.started] run-autonomous-loop | Queueing candidate for TradingView calibration | 2026-05-01T02:19:42.910Z
[phase.completed] run-autonomous-loop | Queueing candidate for TradingView calibration | 2026-05-01T02:19:42.912Z
[phase.started] run-autonomous-loop | Selecting active autonomous champion | 2026-05-01T02:19:43.980Z
[phase.completed] run-autonomous-loop | Selecting active autonomous champion | 2026-05-01T02:19:44.834Z
[phase.started] run-autonomous-loop | Rebuilding derived autonomous views | 2026-05-01T02:19:44.835Z
[phase.completed] run-autonomous-loop | Rebuilding derived autonomous views | 2026-05-01T02:19:47.280Z
[iteration.completed] run-autonomous-loop | Autonomous iteration completed | 2026-05-01T02:19:47.281Z
{
  "countRequested": 1,
  "countCompleted": 1,
  "countFailed": 0,
  "results": [
    {
      "runId": "autonomous-1777601734190",
      "iteration": 625,
      "candidateId": "cand-3d990470",
      "localDecision": "local_candidate_rejected",
      "activeChampionChanged": false,
      "activeChampionCandidateId": "cand-42ed2fa4"
    }
  ],
  "deadlineBreaches": [],
  "autonomousState": {
    "generatedAt": "2026-05-01T02:19:49.032Z",
    "activeChampionCandidateId": "cand-42ed2fa4",
    "activeChampionScore": 0.7879,
    "activeChampionDecision": "local_candidate_eligible",
    "championOrigin": "autonomous",
    "researchMaturity": "steady_state",
    "selectedBy": "auto_policy",
    "selectionPolicyVersion": "autonomous-local-first/v3-p0",
    "objectivePolicyVersion": "objective.qqq-120m/v1",
    "headEventCount": 2,
    "archiveEventCount": 313,
    "calibrationEventCount": 325,
    "calibrationCandidateCount": 297,
    "divergenceCount": 27,
    "localConfidenceUpdateCount": 27,
    "problemEventCount": 213,
    "repairAttemptCount": 107,
    "localEvaluationCount": 406,
    "localEligibleCount": 229,
    "bootstrapCompatibleCount": 0,
    "bootstrapEligibleCount": 0,
    "bootstrapStatus": "not_started",
    "bootstrapSource": null,
    "bootstrapReason": null,
    "localRejectedCount": 172,
    "topBlockingReason": "low_trade_count",
    "pendingCalibrationCandidateCount": 269,
    "pendingCalibrationCandidateIds": [
      "cand-0e6a0180",
      "cand-9f33e80b",
      "cand-772d8a1e",
      "cand-f28d2e01",
      "cand-9a5dbcc7",
      "cand-b01be933",
      "cand-0a692f84",
      "cand-4f8faae3",
      "cand-35a74bba",
      "cand-c6b25611",
      "cand-ccdae17b",
      "cand-b8102dcd",
      "cand-8a1fe27b",
      "cand-ebbdd6a9",
      "cand-80dfaaa1",
      "cand-03f30a70",
      "cand-2f290563",
      "cand-e76cded5",
      "cand-710d8bc6",
      "cand-dd7e63cf",
      "cand-949bf032",
      "cand-b14595e0",
      "cand-90dc4ec3",
      "cand-f1103886",
      "cand-77224b87",
      "cand-55f47b32",
      "cand-cb18c54a",
      "cand-8a1a7cf2",
      "cand-db12aa7d",
      "cand-eb3175fc",
      "cand-ce89005b",
      "cand-b333865d",
      "cand-14f5f8ff",
      "cand-87a7fa06",
      "cand-609d9f19",
      "cand-09a0ae17",
      "cand-fbb3fb78",
      "cand-7bff0c1a",
      "cand-6e976c42",
      "cand-eaf67b92",
      "cand-ea5075a8",
      "cand-c0d6f969",
      "cand-946579c0",
      "cand-1638111b",
      "cand-840b49c0",
      "cand-a1b63e8c",
      "cand-d3fa966c",
      "cand-af6ef21e",
      "cand-c5832df6",
      "cand-57321a8c",
      "cand-3004b0f8",
      "cand-00644032",
      "cand-6272ab0f",
      "cand-7b341ad0",
      "cand-5c90b0de",
      "cand-350b7e7b",
      "cand-05218055",
      "cand-6ebbd52a",
      "cand-9edd626e",
      "cand-5d685d8a",
      "cand-addb3d5a",
      "cand-1a03e904",
      "cand-935b6a7d",
      "cand-11e460d8",
      "cand-58484f09",
      "cand-c3549cdc",
      "cand-e000c048",
      "cand-5927e5ca",
      "cand-7ae4d6eb",
      "cand-bd3c959f",
      "cand-ad98c7fd",
      "cand-a3456179",
      "cand-fa19c7db",
      "cand-8211114e",
      "cand-737e8acc",
      "cand-9ae5abb8",
      "cand-f68c494c",
      "cand-0cb06744",
      "cand-c4540c5e",
      "cand-887ba798",
      "cand-334ff9ed",
      "cand-1e7bb092",
      "cand-940106ac",
      "cand-b1575fba",
      "cand-1c1cb560",
      "cand-2ba5ca56",
      "cand-4e158d7d",
      "cand-ee1867a5",
      "cand-ccf655ee",
      "cand-2f2f67f1",
      "cand-dd0d4883",
      "cand-9e390b78",
      "cand-2b509e63",
      "cand-a42bb737",
      "cand-ba65a405",
      "cand-95b5fcb4",
      "cand-c1decc14",
      "cand-fad40100",
      "cand-3d99c3c3",
      "cand-ed6ed300",
      "cand-36473405",
      "cand-32556840",
      "cand-056beb3f",
      "cand-fef34f1d",
      "cand-4e58abee",
      "cand-6c095f1d",
      "cand-72fdbd0a",
      "cand-1a73f98c",
      "cand-60e5fb9a",
      "cand-fbd6e1cd",
      "cand-6fa9e64c",
      "cand-b3ce6dfd",
      "cand-d7b18242",
      "cand-cddf1147",
      "cand-a2b17756",
      "cand-4106d658",
      "cand-bf2319b1",
      "cand-1be3a1ed",
      "cand-ec8276d1",
      "cand-66da2fad",
      "cand-10487d69",
      "cand-a0b082a6",
      "cand-e1c37158",
      "cand-3924bc09",
      "cand-c5a37a36",
      "cand-9f921b3b",
      "cand-976660f2",
      "cand-1fd659d1",
      "cand-1ebe3284",
      "cand-a05583cb",
      "cand-68e1f6c0",
      "cand-939bafa7",
      "cand-5dfb966e",
      "cand-ec9d7a77",
      "cand-c9bd8a69",
      "cand-cad467d1",
      "cand-30ca4ecf",
      "cand-274a3d78",
      "cand-8f6a1544",
      "cand-be21675f",
      "cand-17c07e8f",
      "cand-60166f81",
      "cand-8f82de94",
      "cand-42460886",
      "cand-9295e93d",
      "cand-5a54f71c",
      "cand-a12eacdf",
      "cand-5b236726",
      "cand-dbfe05b6",
      "cand-eb4f9103",
      "cand-294a8337",
      "cand-54d331f7",
      "cand-303f93be",
      "cand-64ceccd8",
      "cand-82301049",
      "cand-cb926322",
      "cand-9740ccd3",
      "cand-45f69d7a",
      "cand-8195e18c",
      "cand-9ad02865",
      "cand-b0561318",
      "cand-77645d5d",
      "cand-3913b48a",
      "cand-d8c529f0",
      "cand-3e0617a5",
      "cand-796b47d8",
      "cand-da5bc8a6",
      "cand-6385aa99",
      "cand-ce0fb6b8",
      "cand-f53efe87",
      "cand-541078ba",
      "cand-102cde43",
      "cand-99a518c8",
      "cand-45eae1ed",
      "cand-5fa9bbca",
      "cand-58a6bc67",
      "cand-e2e95d0b",
      "cand-e7d44996",
      "cand-4fd1f661",
      "cand-f8a32482",
      "cand-65221fbc",
      "cand-0dcbc429",
      "cand-7237f414",
      "cand-13ab4eb7",
      "cand-03a62626",
      "cand-74403bc5",
      "cand-08afa655",
      "cand-8fc0ffa2",
      "cand-6b8a91fa",
      "cand-6b160ae4",
      "cand-e4ab8440",
      "cand-292c094d",
      "cand-bf066e31",
      "cand-bf45bffc",
      "cand-33777180",
      "cand-67548c32",
      "cand-af1ed124",
      "cand-fd3f325b",
      "cand-e8320fab",
      "cand-51877b36",
      "cand-f80d7394",
      "cand-d2b04e0c",
      "cand-d865401d",
      "cand-c2337d4e",
      "cand-bd0f8191",
      "cand-2e68882f",
      "cand-94bc57ed",
      "cand-93a15ca5",
      "cand-197cf126",
      "cand-4e21422c",
      "cand-cc3ed2d8",
      "cand-ad84fefa",
      "cand-e3e4e13a",
      "cand-6d2901b8",
      "cand-c7985187",
      "cand-a3fa7fcf",
      "cand-2181b4f2",
      "cand-e803ef34",
      "cand-cc7eb308",
      "cand-8c710851",
      "cand-8045892e",
      "cand-17273829",
      "cand-e3d89e08",
      "cand-118d9dbb",
      "cand-1a318968",
      "cand-5665b571",
      "cand-80f55e73",
      "cand-74341bb6",
      "cand-6a470e0a",
      "cand-bac89ce5",
      "cand-9a0a92b6",
      "cand-91ef422b",
      "cand-63b039ec",
      "cand-5f4ecea5",
      "cand-eb5c0c9f",
      "cand-f7398180",
      "cand-b8e26ed1",
      "cand-97e78627",
      "cand-8cfb97d5",
      "cand-2c409867",
      "cand-990db2d3",
      "cand-d3505cb8",
      "cand-c99b76d2",
      "cand-49bf1eca",
      "cand-a32fd47a",
      "cand-60aab7fe",
      "cand-3f27c596",
      "cand-7d7ec144",
      "cand-dbed99a3",
      "cand-a5ddec79",
      "cand-f35eb742",
      "cand-df9c33cc",
      "cand-3bde95a6",
      "cand-5e145275",
      "cand-93924d92",
      "cand-de4d3ae4",
      "cand-6f7e7135",
      "cand-8c77c5e2",
      "cand-ed7049a5",
      "cand-cc2ebf60",
      "cand-880d9c3b",
      "cand-43144528",
      "cand-13019569",
      "cand-6125b79f",
      "cand-df4acc55",
      "cand-21300a79",
      "cand-bd0b9f0a",
      "cand-6c413d8e",
      "cand-3d990470"
    ],
    "recentProblemKinds": [
      "local_backtest_fail",
      "local_backtest_fail",
      "local_backtest_fail",
      "local_backtest_fail",
      "local_backtest_fail"
    ],
    "recentRepairResults": [
      {
        "repairKind": "risk_logic_repair",
        "result": "success",
        "repairedCandidateId": "cand-cc2ebf60",
        "summary": "Requested risk_logic_repair after local_backtest_fail."
      },
      {
        "repairKind": "risk_logic_repair",
        "result": "success",
        "repairedCandidateId": "cand-43144528",
        "summary": "Requested risk_logic_repair after local_backtest_fail."
      },
      {
        "repairKind": "risk_logic_repair",
        "result": "success",
        "repairedCandidateId": "cand-bd0b9f0a",
        "summary": "Requested risk_logic_repair after local_backtest_fail."
      },
      {
        "repairKind": "archive_gap_redirect",
        "result": "success",
        "repairedCandidateId": "cand-6c413d8e",
        "summary": "Requested archive_gap_redirect after local_backtest_fail."
      },
      {
        "repairKind": "risk_logic_repair",
        "result": "success",
        "repairedCandidateId": "cand-3d990470",
        "summary": "Requested risk_logic_repair after local_backtest_fail."
      }
    ],
    "scoreFeedbackObserved": true,
    "stage6Readiness": {
      "generatedAt": "2026-04-30T05:22:53.680Z",
      "evaluated": true,
      "passed": true,
      "mode": "deterministic",
      "countRequested": 10,
      "countCompleted": 10,
      "countFailed": 0,
      "activeChampionCandidateId": "cand-a64e2088",
      "freshBootstrapPassed": true,
      "multiIterationPassed": true,
      "rootIsolationPassed": true,
      "repairTraceabilityPassed": true,
      "calibrationQueuePassed": true,
      "scoreFeedbackPassed": true,
      "feedbackClosureRequired": false,
      "calibrationMode": "queue_only",
      "ledgerValidationPassed": true,
      "indexVerificationPassed": true,
      "rootIsolationStatus": {
        "status": "passed",
        "customStateRoot": "C:\\Users\\hanji\\AppData\\Local\\Temp\\af-stage6-state-YAZZ8Y",
        "defaultWorkspaceStateRoot": "C:\\Users\\hanji\\AppData\\Local\\Temp\\af-stage6-workspace-Nnkt1H\\state\\pi-autoresearch",
        "customContextExists": true,
        "defaultWorkspaceStateHasArtifacts": false
      },
      "repairTraceabilityStatus": {
        "status": "passed",
        "successfulRepairCount": 10,
        "successfulRepairsWithoutCandidateCount": 0
      },
      "feedbackClosureStatus": {
        "status": "passed",
        "required": false,
        "promptFeedbackObserved": true,
        "scoreBreakdownFeedbackObserved": false,
        "divergenceCount": 0,
        "confidenceUpdateCount": 0
      },
      "evidence": {
        "tempWorkspaceRoot": null,
        "tempStateRoot": null,
        "localEvaluationCount": 19,
        "headEventCount": 2,
        "archiveEventCount": 11,
        "calibrationEventCount": 2,
        "mutationBriefCount": 18,
        "problemEventCount": 18,
        "repairAttemptCount": 10,
        "deadlineBreachCount": 0
      },
      "warnings": []
    },
    "lastStage6GatePassed": true,
    "rootIsolationStatus": {
      "status": "passed",
      "customStateRoot": "C:\\Users\\hanji\\AppData\\Local\\Temp\\af-stage6-state-YAZZ8Y",
      "defaultWorkspaceStateRoot": "C:\\Users\\hanji\\AppData\\Local\\Temp\\af-stage6-workspace-Nnkt1H\\state\\pi-autoresearch",
      "customContextExists": true,
      "defaultWorkspaceStateHasArtifacts": false
    },
    "repairTraceabilityStatus": {
      "status": "passed",
      "successfulRepairCount": 10,
      "successfulRepairsWithoutCandidateCount": 0
    },
    "feedbackClosureStatus": {
      "status": "passed",
      "required": false,
      "promptFeedbackObserved": true,
      "scoreBreakdownFeedbackObserved": false,
      "divergenceCount": 0,
      "confidenceUpdateCount": 0
    },
    "nextPlannedAction": "local_compatibility_repair",
    "loopMode": "local-first",
    "defaultOperationalView": "v3_autonomous_local_first",
    "projectRoot": "C:\\Users\\hanji\\Desktop\\AF",
    "workspaceRoot": "C:\\Users\\hanji\\Desktop\\AF",
    "stateRoot": "C:\\Users\\hanji\\Desktop\\AF\\state\\pi-autoresearch",
    "traceRoot": "C:\\Users\\hanji\\Desktop\\AF\\state\\pi-autoresearch\\traces",
    "artifactRoot": "C:\\Users\\hanji\\Desktop\\AF\\state\\pi-autoresearch\\artifacts",
    "evidenceRoot": "C:\\Users\\hanji\\Desktop\\AF\\state\\pi-autoresearch\\evidence",
    "runtimeRoot": "C:\\Users\\hanji\\Desktop\\AF\\state\\pi-autoresearch\\runtime",
    "tvVerificationCount": 28,
    "tvHealth": "unavailable",
    "calibrationAutoProcess": false,
    "calibrationMode": "queue_only",
    "lastTvSurfaceFailure": {
      "candidateId": "cand-c6235b65",
      "decision": "tv_surface_failure",
      "iteration": 279,
      "tvCalibrationStatus": "surface_failure",
      "recordedAt": "2026-04-29T18:46:19.526Z"
    },
    "humanOverride": false
  },
  "tracePath": "C:\\Users\\hanji\\Desktop\\AF\\state\\pi-autoresearch\\traces\\run-autonomous-loop-2026-05-01T02-15-34-178Z-trace-06f81dda.jsonl"
}
[2026-05-01T11:19:49.8486338+09:00] iteration 16: run-autonomous-loop exit=0
[2026-05-01T11:19:49.8496394+09:00] iteration 16: validate-ledger start
??injected env (11) from .env // tip: ??enable debugging { debug: true }
[ledger.validation] validate-ledger | Ledger validation completed | 2026-05-01T02:19:53.758Z
{
  "ok": true,
  "errorCount": 0,
  "warningCount": 6,
  "issues": [
    {
      "severity": "warning",
      "scope": "experiment-record-meta",
      "recordId": "cand-f918d6d8",
      "message": "recordHash does not match the serialized experiment record."
    },
    {
      "severity": "warning",
      "scope": "experiment-record-meta",
      "recordId": "cand-3f99a396",
      "message": "recordHash does not match the serialized experiment record."
    },
    {
      "severity": "warning",
      "scope": "experiment-record-meta",
      "recordId": "cand-93a71a19",
      "message": "recordHash does not match the serialized experiment record."
    },
    {
      "severity": "warning",
      "scope": "experiment-record-meta",
      "recordId": "cand-560e2d3b",
      "message": "recordHash does not match the serialized experiment record."
    },
    {
      "severity": "warning",
      "scope": "experiment-record-meta",
      "recordId": "cand-24b4021d",
      "message": "recordHash does not match the serialized experiment record."
    },
    {
      "severity": "warning",
      "scope": "candidate-dedup",
      "recordId": "bfee8f4eb7eabba2047b8b2270beef764a3942811cda8134d75c15c171c0c26a",
      "message": "Duplicate candidate source hash detected across ids: cand-2a5e6ffe, cand-51397d04, cand-9cbc4c5f, cand-a93778fa, cand-bbb67c15, cand-fdc1ae65"
    }
  ],
  "summary": {
    "experiments": 626,
    "candidates": 576,
    "taskBatches": 131
  },
  "stateRoot": "C:\\Users\\hanji\\Desktop\\AF\\state\\pi-autoresearch",
  "tracePath": "C:\\Users\\hanji\\Desktop\\AF\\state\\pi-autoresearch\\traces\\validate-ledger-2026-05-01T02-19-50-094Z-trace-130121fc.jsonl"
}
[2026-05-01T11:19:53.8242539+09:00] iteration 16: validate-ledger exit=0
[2026-05-01T11:19:53.8252538+09:00] iteration 16: rebuild-indexes --verify start
??injected env (11) from .env // tip: ??suppress logs { quiet: true }
[?몃뜳???ъ깮???쒖옉] ?몃뜳???ъ깮??| ?뚯깮 ?몃뜳?ㅻ? ?ъ깮?깊빀?덈떎. state: C:\Users\hanji\Desktop\AF\state\pi-autoresearch | 2026-05-01T02:19:56.095Z
[?몃뜳???ъ깮???꾨즺] ?몃뜳???ъ깮??| ?뚯깮 ?몃뜳???ъ깮?깆쓣 留덉낀?듬땲?? state: C:\Users\hanji\Desktop\AF\state\pi-autoresearch | 2026-05-01T02:20:07.201Z
{
  "rebuilt": true,
  "stateRoot": "C:\\Users\\hanji\\Desktop\\AF\\state\\pi-autoresearch",
  "autonomousState": {
    "generatedAt": "2026-05-01T02:19:59.976Z",
    "activeChampionCandidateId": "cand-42ed2fa4",
    "activeChampionScore": 0.7879,
    "activeChampionDecision": "local_candidate_eligible",
    "championOrigin": "autonomous",
    "researchMaturity": "steady_state",
    "selectedBy": "auto_policy",
    "selectionPolicyVersion": "autonomous-local-first/v3-p0",
    "objectivePolicyVersion": "objective.qqq-120m/v1",
    "headEventCount": 2,
    "archiveEventCount": 313,
    "calibrationEventCount": 325,
    "calibrationCandidateCount": 297,
    "divergenceCount": 27,
    "localConfidenceUpdateCount": 27,
    "problemEventCount": 213,
    "repairAttemptCount": 107,
    "localEvaluationCount": 406,
    "localEligibleCount": 229,
    "bootstrapCompatibleCount": 0,
    "bootstrapEligibleCount": 0,
    "bootstrapStatus": "not_started",
    "bootstrapSource": null,
    "bootstrapReason": null,
    "localRejectedCount": 172,
    "topBlockingReason": "low_trade_count",
    "pendingCalibrationCandidateCount": 269,
    "pendingCalibrationCandidateIds": [
      "cand-0e6a0180",
      "cand-9f33e80b",
      "cand-772d8a1e",
      "cand-f28d2e01",
      "cand-9a5dbcc7",
      "cand-b01be933",
      "cand-0a692f84",
      "cand-4f8faae3",
      "cand-35a74bba",
      "cand-c6b25611",
      "cand-ccdae17b",
      "cand-b8102dcd",
      "cand-8a1fe27b",
      "cand-ebbdd6a9",
      "cand-80dfaaa1",
      "cand-03f30a70",
      "cand-2f290563",
      "cand-e76cded5",
      "cand-710d8bc6",
      "cand-dd7e63cf",
      "cand-949bf032",
      "cand-b14595e0",
      "cand-90dc4ec3",
      "cand-f1103886",
      "cand-77224b87",
      "cand-55f47b32",
      "cand-cb18c54a",
      "cand-8a1a7cf2",
      "cand-db12aa7d",
      "cand-eb3175fc",
      "cand-ce89005b",
      "cand-b333865d",
      "cand-14f5f8ff",
      "cand-87a7fa06",
      "cand-609d9f19",
      "cand-09a0ae17",
      "cand-fbb3fb78",
      "cand-7bff0c1a",
      "cand-6e976c42",
      "cand-eaf67b92",
      "cand-ea5075a8",
      "cand-c0d6f969",
      "cand-946579c0",
      "cand-1638111b",
      "cand-840b49c0",
      "cand-a1b63e8c",
      "cand-d3fa966c",
      "cand-af6ef21e",
      "cand-c5832df6",
      "cand-57321a8c",
      "cand-3004b0f8",
      "cand-00644032",
      "cand-6272ab0f",
      "cand-7b341ad0",
      "cand-5c90b0de",
      "cand-350b7e7b",
      "cand-05218055",
      "cand-6ebbd52a",
      "cand-9edd626e",
      "cand-5d685d8a",
      "cand-addb3d5a",
      "cand-1a03e904",
      "cand-935b6a7d",
      "cand-11e460d8",
      "cand-58484f09",
      "cand-c3549cdc",
      "cand-e000c048",
      "cand-5927e5ca",
      "cand-7ae4d6eb",
      "cand-bd3c959f",
      "cand-ad98c7fd",
      "cand-a3456179",
      "cand-fa19c7db",
      "cand-8211114e",
      "cand-737e8acc",
      "cand-9ae5abb8",
      "cand-f68c494c",
      "cand-0cb06744",
      "cand-c4540c5e",
      "cand-887ba798",
      "cand-334ff9ed",
      "cand-1e7bb092",
      "cand-940106ac",
      "cand-b1575fba",
      "cand-1c1cb560",
      "cand-2ba5ca56",
      "cand-4e158d7d",
      "cand-ee1867a5",
      "cand-ccf655ee",
      "cand-2f2f67f1",
      "cand-dd0d4883",
      "cand-9e390b78",
      "cand-2b509e63",
      "cand-a42bb737",
      "cand-ba65a405",
      "cand-95b5fcb4",
      "cand-c1decc14",
      "cand-fad40100",
      "cand-3d99c3c3",
      "cand-ed6ed300",
      "cand-36473405",
      "cand-32556840",
      "cand-056beb3f",
      "cand-fef34f1d",
      "cand-4e58abee",
      "cand-6c095f1d",
      "cand-72fdbd0a",
      "cand-1a73f98c",
      "cand-60e5fb9a",
      "cand-fbd6e1cd",
      "cand-6fa9e64c",
      "cand-b3ce6dfd",
      "cand-d7b18242",
      "cand-cddf1147",
      "cand-a2b17756",
      "cand-4106d658",
      "cand-bf2319b1",
      "cand-1be3a1ed",
      "cand-ec8276d1",
      "cand-66da2fad",
      "cand-10487d69",
      "cand-a0b082a6",
      "cand-e1c37158",
      "cand-3924bc09",
      "cand-c5a37a36",
      "cand-9f921b3b",
      "cand-976660f2",
      "cand-1fd659d1",
      "cand-1ebe3284",
      "cand-a05583cb",
      "cand-68e1f6c0",
      "cand-939bafa7",
      "cand-5dfb966e",
      "cand-ec9d7a77",
      "cand-c9bd8a69",
      "cand-cad467d1",
      "cand-30ca4ecf",
      "cand-274a3d78",
      "cand-8f6a1544",
      "cand-be21675f",
      "cand-17c07e8f",
      "cand-60166f81",
      "cand-8f82de94",
      "cand-42460886",
      "cand-9295e93d",
      "cand-5a54f71c",
      "cand-a12eacdf",
      "cand-5b236726",
      "cand-dbfe05b6",
      "cand-eb4f9103",
      "cand-294a8337",
      "cand-54d331f7",
      "cand-303f93be",
      "cand-64ceccd8",
      "cand-82301049",
      "cand-cb926322",
      "cand-9740ccd3",
      "cand-45f69d7a",
      "cand-8195e18c",
      "cand-9ad02865",
      "cand-b0561318",
      "cand-77645d5d",
      "cand-3913b48a",
      "cand-d8c529f0",
      "cand-3e0617a5",
      "cand-796b47d8",
      "cand-da5bc8a6",
      "cand-6385aa99",
      "cand-ce0fb6b8",
      "cand-f53efe87",
      "cand-541078ba",
      "cand-102cde43",
      "cand-99a518c8",
      "cand-45eae1ed",
      "cand-5fa9bbca",
      "cand-58a6bc67",
      "cand-e2e95d0b",
      "cand-e7d44996",
      "cand-4fd1f661",
      "cand-f8a32482",
      "cand-65221fbc",
      "cand-0dcbc429",
      "cand-7237f414",
      "cand-13ab4eb7",
      "cand-03a62626",
      "cand-74403bc5",
      "cand-08afa655",
      "cand-8fc0ffa2",
      "cand-6b8a91fa",
      "cand-6b160ae4",
      "cand-e4ab8440",
      "cand-292c094d",
      "cand-bf066e31",
      "cand-bf45bffc",
      "cand-33777180",
      "cand-67548c32",
      "cand-af1ed124",
      "cand-fd3f325b",
      "cand-e8320fab",
      "cand-51877b36",
      "cand-f80d7394",
      "cand-d2b04e0c",
      "cand-d865401d",
      "cand-c2337d4e",
      "cand-bd0f8191",
      "cand-2e68882f",
      "cand-94bc57ed",
      "cand-93a15ca5",
      "cand-197cf126",
      "cand-4e21422c",
      "cand-cc3ed2d8",
      "cand-ad84fefa",
      "cand-e3e4e13a",
      "cand-6d2901b8",
      "cand-c7985187",
      "cand-a3fa7fcf",
      "cand-2181b4f2",
      "cand-e803ef34",
      "cand-cc7eb308",
      "cand-8c710851",
      "cand-8045892e",
      "cand-17273829",
      "cand-e3d89e08",
      "cand-118d9dbb",
      "cand-1a318968",
      "cand-5665b571",
      "cand-80f55e73",
      "cand-74341bb6",
      "cand-6a470e0a",
      "cand-bac89ce5",
      "cand-9a0a92b6",
      "cand-91ef422b",
      "cand-63b039ec",
      "cand-5f4ecea5",
      "cand-eb5c0c9f",
      "cand-f7398180",
      "cand-b8e26ed1",
      "cand-97e78627",
      "cand-8cfb97d5",
      "cand-2c409867",
      "cand-990db2d3",
      "cand-d3505cb8",
      "cand-c99b76d2",
      "cand-49bf1eca",
      "cand-a32fd47a",
      "cand-60aab7fe",
      "cand-3f27c596",
      "cand-7d7ec144",
      "cand-dbed99a3",
      "cand-a5ddec79",
      "cand-f35eb742",
      "cand-df9c33cc",
      "cand-3bde95a6",
      "cand-5e145275",
      "cand-93924d92",
      "cand-de4d3ae4",
      "cand-6f7e7135",
      "cand-8c77c5e2",
      "cand-ed7049a5",
      "cand-cc2ebf60",
      "cand-880d9c3b",
      "cand-43144528",
      "cand-13019569",
      "cand-6125b79f",
      "cand-df4acc55",
      "cand-21300a79",
      "cand-bd0b9f0a",
      "cand-6c413d8e",
      "cand-3d990470"
    ],
    "recentProblemKinds": [
      "local_backtest_fail",
      "local_backtest_fail",
      "local_backtest_fail",
      "local_backtest_fail",
      "local_backtest_fail"
    ],
    "recentRepairResults": [
      {
        "repairKind": "risk_logic_repair",
        "result": "success",
        "repairedCandidateId": "cand-cc2ebf60",
        "summary": "Requested risk_logic_repair after local_backtest_fail."
      },
      {
        "repairKind": "risk_logic_repair",
        "result": "success",
        "repairedCandidateId": "cand-43144528",
        "summary": "Requested risk_logic_repair after local_backtest_fail."
      },
      {
        "repairKind": "risk_logic_repair",
        "result": "success",
        "repairedCandidateId": "cand-bd0b9f0a",
        "summary": "Requested risk_logic_repair after local_backtest_fail."
      },
      {
        "repairKind": "archive_gap_redirect",
        "result": "success",
        "repairedCandidateId": "cand-6c413d8e",
        "summary": "Requested archive_gap_redirect after local_backtest_fail."
      },
      {
        "repairKind": "risk_logic_repair",
        "result": "success",
        "repairedCandidateId": "cand-3d990470",
        "summary": "Requested risk_logic_repair after local_backtest_fail."
      }
    ],
    "scoreFeedbackObserved": true,
    "stage6Readiness": {
      "generatedAt": "2026-04-30T05:22:53.680Z",
      "evaluated": true,
      "passed": true,
      "mode": "deterministic",
      "countRequested": 10,
      "countCompleted": 10,
      "countFailed": 0,
      "activeChampionCandidateId": "cand-a64e2088",
      "freshBootstrapPassed": true,
      "multiIterationPassed": true,
      "rootIsolationPassed": true,
      "repairTraceabilityPassed": true,
      "calibrationQueuePassed": true,
      "scoreFeedbackPassed": true,
      "feedbackClosureRequired": false,
      "calibrationMode": "queue_only",
      "ledgerValidationPassed": true,
      "indexVerificationPassed": true,
      "rootIsolationStatus": {
        "status": "passed",
        "customStateRoot": "C:\\Users\\hanji\\AppData\\Local\\Temp\\af-stage6-state-YAZZ8Y",
        "defaultWorkspaceStateRoot": "C:\\Users\\hanji\\AppData\\Local\\Temp\\af-stage6-workspace-Nnkt1H\\state\\pi-autoresearch",
        "customContextExists": true,
        "defaultWorkspaceStateHasArtifacts": false
      },
      "repairTraceabilityStatus": {
        "status": "passed",
        "successfulRepairCount": 10,
        "successfulRepairsWithoutCandidateCount": 0
      },
      "feedbackClosureStatus": {
        "status": "passed",
        "required": false,
        "promptFeedbackObserved": true,
        "scoreBreakdownFeedbackObserved": false,
        "divergenceCount": 0,
        "confidenceUpdateCount": 0
      },
      "evidence": {
        "tempWorkspaceRoot": null,
        "tempStateRoot": null,
        "localEvaluationCount": 19,
        "headEventCount": 2,
        "archiveEventCount": 11,
        "calibrationEventCount": 2,
        "mutationBriefCount": 18,
        "problemEventCount": 18,
        "repairAttemptCount": 10,
        "deadlineBreachCount": 0
      },
      "warnings": []
    },
    "lastStage6GatePassed": true,
    "rootIsolationStatus": {
      "status": "passed",
      "customStateRoot": "C:\\Users\\hanji\\AppData\\Local\\Temp\\af-stage6-state-YAZZ8Y",
      "defaultWorkspaceStateRoot": "C:\\Users\\hanji\\AppData\\Local\\Temp\\af-stage6-workspace-Nnkt1H\\state\\pi-autoresearch",
      "customContextExists": true,
      "defaultWorkspaceStateHasArtifacts": false
    },
    "repairTraceabilityStatus": {
      "status": "passed",
      "successfulRepairCount": 10,
      "successfulRepairsWithoutCandidateCount": 0
    },
    "feedbackClosureStatus": {
      "status": "passed",
      "required": false,
      "promptFeedbackObserved": true,
      "scoreBreakdownFeedbackObserved": false,
      "divergenceCount": 0,
      "confidenceUpdateCount": 0
    },
    "nextPlannedAction": "local_compatibility_repair",
    "loopMode": "local-first",
    "defaultOperationalView": "v3_autonomous_local_first",
    "projectRoot": "C:\\Users\\hanji\\Desktop\\AF",
    "workspaceRoot": "C:\\Users\\hanji\\Desktop\\AF",
    "stateRoot": "C:\\Users\\hanji\\Desktop\\AF\\state\\pi-autoresearch",
    "traceRoot": "C:\\Users\\hanji\\Desktop\\AF\\state\\pi-autoresearch\\traces",
    "artifactRoot": "C:\\Users\\hanji\\Desktop\\AF\\state\\pi-autoresearch\\artifacts",
    "evidenceRoot": "C:\\Users\\hanji\\Desktop\\AF\\state\\pi-autoresearch\\evidence",
    "runtimeRoot": "C:\\Users\\hanji\\Desktop\\AF\\state\\pi-autoresearch\\runtime",
    "tvVerificationCount": 28,
    "tvHealth": "unavailable",
    "calibrationAutoProcess": false,
    "calibrationMode": "queue_only",
    "lastTvSurfaceFailure": {
      "candidateId": "cand-c6235b65",
      "decision": "tv_surface_failure",
      "iteration": 279,
      "tvCalibrationStatus": "surface_failure",
      "recordedAt": "2026-04-29T18:46:19.526Z"
    },
    "humanOverride": false
  },
  "verification": {
    "ok": true,
    "issues": []
  },
  "tracePath": "C:\\Users\\hanji\\Desktop\\AF\\state\\pi-autoresearch\\traces\\rebuild-indexes-2026-05-01T02-19-54-066Z-trace-24eb4108.jsonl"
}
[2026-05-01T11:20:07.3934948+09:00] iteration 16: rebuild-indexes --verify exit=0
[2026-05-01T11:20:17.4021025+09:00] iteration 17: run-autonomous-loop start
??injected env (11) from .env // tip: ??auth for agents [www.vestauth.com]
[autonomous.loop.start] run-autonomous-loop | Starting autonomous local-first loop | 2026-05-01T02:20:17.651Z
[iteration.started] run-autonomous-loop | Starting autonomous iteration | 2026-05-01T02:20:17.653Z
[phase.started] run-autonomous-loop | Initializing autonomous workspace | 2026-05-01T02:20:17.664Z
[phase.completed] run-autonomous-loop | Initializing autonomous workspace | 2026-05-01T02:20:19.732Z
[phase.started] run-autonomous-loop | Generating autonomous mutation candidate | 2026-05-01T02:20:21.166Z
[autonomous.mutation.request] run-autonomous-loop | Sending autonomous mutation request | 2026-05-01T02:20:21.167Z
[phase.completed] run-autonomous-loop | Generating autonomous mutation candidate | 2026-05-01T02:22:33.892Z
[phase.started] run-autonomous-loop | Evaluating autonomous candidate locally | 2026-05-01T02:22:33.892Z
[autonomous.market_context_ready] run-autonomous-loop | Local-first market context is ready | 2026-05-01T02:22:33.900Z
[autonomous.local_evaluation] run-autonomous-loop | Local autonomous evaluation completed | 2026-05-01T02:22:33.979Z
[phase.completed] run-autonomous-loop | Evaluating autonomous candidate locally | 2026-05-01T02:22:34.007Z
[phase.started] run-autonomous-loop | Updating autonomous archive views | 2026-05-01T02:22:34.009Z
[phase.completed] run-autonomous-loop | Updating autonomous archive views | 2026-05-01T02:22:34.013Z
[phase.started] run-autonomous-loop | Queueing candidate for TradingView calibration | 2026-05-01T02:22:34.013Z
[phase.completed] run-autonomous-loop | Queueing candidate for TradingView calibration | 2026-05-01T02:22:34.016Z
[phase.started] run-autonomous-loop | Selecting active autonomous champion | 2026-05-01T02:22:35.134Z
[phase.completed] run-autonomous-loop | Selecting active autonomous champion | 2026-05-01T02:22:35.827Z
[phase.started] run-autonomous-loop | Rebuilding derived autonomous views | 2026-05-01T02:22:35.828Z
[phase.completed] run-autonomous-loop | Rebuilding derived autonomous views | 2026-05-01T02:22:37.992Z
[iteration.completed] run-autonomous-loop | Autonomous iteration completed | 2026-05-01T02:22:37.992Z
{
  "countRequested": 1,
  "countCompleted": 1,
  "countFailed": 0,
  "results": [
    {
      "runId": "autonomous-1777602017663",
      "iteration": 627,
      "candidateId": "cand-8a81d15e",
      "localDecision": "local_candidate_eligible",
      "activeChampionChanged": false,
      "activeChampionCandidateId": "cand-42ed2fa4"
    }
  ],
  "deadlineBreaches": [],
  "autonomousState": {
    "generatedAt": "2026-05-01T02:22:39.650Z",
    "activeChampionCandidateId": "cand-42ed2fa4",
    "activeChampionScore": 0.7879,
    "activeChampionDecision": "local_candidate_eligible",
    "championOrigin": "autonomous",
    "researchMaturity": "steady_state",
    "selectedBy": "auto_policy",
    "selectionPolicyVersion": "autonomous-local-first/v3-p0",
    "objectivePolicyVersion": "objective.qqq-120m/v1",
    "headEventCount": 2,
    "archiveEventCount": 314,
    "calibrationEventCount": 326,
    "calibrationCandidateCount": 298,
    "divergenceCount": 27,
    "localConfidenceUpdateCount": 27,
    "problemEventCount": 213,
    "repairAttemptCount": 107,
    "localEvaluationCount": 407,
    "localEligibleCount": 230,
    "bootstrapCompatibleCount": 0,
    "bootstrapEligibleCount": 0,
    "bootstrapStatus": "not_started",
    "bootstrapSource": null,
    "bootstrapReason": null,
    "localRejectedCount": 172,
    "topBlockingReason": "low_trade_count",
    "pendingCalibrationCandidateCount": 270,
    "pendingCalibrationCandidateIds": [
      "cand-0e6a0180",
      "cand-9f33e80b",
      "cand-772d8a1e",
      "cand-f28d2e01",
      "cand-9a5dbcc7",
      "cand-b01be933",
      "cand-0a692f84",
      "cand-4f8faae3",
      "cand-35a74bba",
      "cand-c6b25611",
      "cand-ccdae17b",
      "cand-b8102dcd",
      "cand-8a1fe27b",
      "cand-ebbdd6a9",
      "cand-80dfaaa1",
      "cand-03f30a70",
      "cand-2f290563",
      "cand-e76cded5",
      "cand-710d8bc6",
      "cand-dd7e63cf",
      "cand-949bf032",
      "cand-b14595e0",
      "cand-90dc4ec3",
      "cand-f1103886",
      "cand-77224b87",
      "cand-55f47b32",
      "cand-cb18c54a",
      "cand-8a1a7cf2",
      "cand-db12aa7d",
      "cand-eb3175fc",
      "cand-ce89005b",
      "cand-b333865d",
      "cand-14f5f8ff",
      "cand-87a7fa06",
      "cand-609d9f19",
      "cand-09a0ae17",
      "cand-fbb3fb78",
      "cand-7bff0c1a",
      "cand-6e976c42",
      "cand-eaf67b92",
      "cand-ea5075a8",
      "cand-c0d6f969",
      "cand-946579c0",
      "cand-1638111b",
      "cand-840b49c0",
      "cand-a1b63e8c",
      "cand-d3fa966c",
      "cand-af6ef21e",
      "cand-c5832df6",
      "cand-57321a8c",
      "cand-3004b0f8",
      "cand-00644032",
      "cand-6272ab0f",
      "cand-7b341ad0",
      "cand-5c90b0de",
      "cand-350b7e7b",
      "cand-05218055",
      "cand-6ebbd52a",
      "cand-9edd626e",
      "cand-5d685d8a",
      "cand-addb3d5a",
      "cand-1a03e904",
      "cand-935b6a7d",
      "cand-11e460d8",
      "cand-58484f09",
      "cand-c3549cdc",
      "cand-e000c048",
      "cand-5927e5ca",
      "cand-7ae4d6eb",
      "cand-bd3c959f",
      "cand-ad98c7fd",
      "cand-a3456179",
      "cand-fa19c7db",
      "cand-8211114e",
      "cand-737e8acc",
      "cand-9ae5abb8",
      "cand-f68c494c",
      "cand-0cb06744",
      "cand-c4540c5e",
      "cand-887ba798",
      "cand-334ff9ed",
      "cand-1e7bb092",
      "cand-940106ac",
      "cand-b1575fba",
      "cand-1c1cb560",
      "cand-2ba5ca56",
      "cand-4e158d7d",
      "cand-ee1867a5",
      "cand-ccf655ee",
      "cand-2f2f67f1",
      "cand-dd0d4883",
      "cand-9e390b78",
      "cand-2b509e63",
      "cand-a42bb737",
      "cand-ba65a405",
      "cand-95b5fcb4",
      "cand-c1decc14",
      "cand-fad40100",
      "cand-3d99c3c3",
      "cand-ed6ed300",
      "cand-36473405",
      "cand-32556840",
      "cand-056beb3f",
      "cand-fef34f1d",
      "cand-4e58abee",
      "cand-6c095f1d",
      "cand-72fdbd0a",
      "cand-1a73f98c",
      "cand-60e5fb9a",
      "cand-fbd6e1cd",
      "cand-6fa9e64c",
      "cand-b3ce6dfd",
      "cand-d7b18242",
      "cand-cddf1147",
      "cand-a2b17756",
      "cand-4106d658",
      "cand-bf2319b1",
      "cand-1be3a1ed",
      "cand-ec8276d1",
      "cand-66da2fad",
      "cand-10487d69",
      "cand-a0b082a6",
      "cand-e1c37158",
      "cand-3924bc09",
      "cand-c5a37a36",
      "cand-9f921b3b",
      "cand-976660f2",
      "cand-1fd659d1",
      "cand-1ebe3284",
      "cand-a05583cb",
      "cand-68e1f6c0",
      "cand-939bafa7",
      "cand-5dfb966e",
      "cand-ec9d7a77",
      "cand-c9bd8a69",
      "cand-cad467d1",
      "cand-30ca4ecf",
      "cand-274a3d78",
      "cand-8f6a1544",
      "cand-be21675f",
      "cand-17c07e8f",
      "cand-60166f81",
      "cand-8f82de94",
      "cand-42460886",
      "cand-9295e93d",
      "cand-5a54f71c",
      "cand-a12eacdf",
      "cand-5b236726",
      "cand-dbfe05b6",
      "cand-eb4f9103",
      "cand-294a8337",
      "cand-54d331f7",
      "cand-303f93be",
      "cand-64ceccd8",
      "cand-82301049",
      "cand-cb926322",
      "cand-9740ccd3",
      "cand-45f69d7a",
      "cand-8195e18c",
      "cand-9ad02865",
      "cand-b0561318",
      "cand-77645d5d",
      "cand-3913b48a",
      "cand-d8c529f0",
      "cand-3e0617a5",
      "cand-796b47d8",
      "cand-da5bc8a6",
      "cand-6385aa99",
      "cand-ce0fb6b8",
      "cand-f53efe87",
      "cand-541078ba",
      "cand-102cde43",
      "cand-99a518c8",
      "cand-45eae1ed",
      "cand-5fa9bbca",
      "cand-58a6bc67",
      "cand-e2e95d0b",
      "cand-e7d44996",
      "cand-4fd1f661",
      "cand-f8a32482",
      "cand-65221fbc",
      "cand-0dcbc429",
      "cand-7237f414",
      "cand-13ab4eb7",
      "cand-03a62626",
      "cand-74403bc5",
      "cand-08afa655",
      "cand-8fc0ffa2",
      "cand-6b8a91fa",
      "cand-6b160ae4",
      "cand-e4ab8440",
      "cand-292c094d",
      "cand-bf066e31",
      "cand-bf45bffc",
      "cand-33777180",
      "cand-67548c32",
      "cand-af1ed124",
      "cand-fd3f325b",
      "cand-e8320fab",
      "cand-51877b36",
      "cand-f80d7394",
      "cand-d2b04e0c",
      "cand-d865401d",
      "cand-c2337d4e",
      "cand-bd0f8191",
      "cand-2e68882f",
      "cand-94bc57ed",
      "cand-93a15ca5",
      "cand-197cf126",
      "cand-4e21422c",
      "cand-cc3ed2d8",
      "cand-ad84fefa",
      "cand-e3e4e13a",
      "cand-6d2901b8",
      "cand-c7985187",
      "cand-a3fa7fcf",
      "cand-2181b4f2",
      "cand-e803ef34",
      "cand-cc7eb308",
      "cand-8c710851",
      "cand-8045892e",
      "cand-17273829",
      "cand-e3d89e08",
      "cand-118d9dbb",
      "cand-1a318968",
      "cand-5665b571",
      "cand-80f55e73",
      "cand-74341bb6",
      "cand-6a470e0a",
      "cand-bac89ce5",
      "cand-9a0a92b6",
      "cand-91ef422b",
      "cand-63b039ec",
      "cand-5f4ecea5",
      "cand-eb5c0c9f",
      "cand-f7398180",
      "cand-b8e26ed1",
      "cand-97e78627",
      "cand-8cfb97d5",
      "cand-2c409867",
      "cand-990db2d3",
      "cand-d3505cb8",
      "cand-c99b76d2",
      "cand-49bf1eca",
      "cand-a32fd47a",
      "cand-60aab7fe",
      "cand-3f27c596",
      "cand-7d7ec144",
      "cand-dbed99a3",
      "cand-a5ddec79",
      "cand-f35eb742",
      "cand-df9c33cc",
      "cand-3bde95a6",
      "cand-5e145275",
      "cand-93924d92",
      "cand-de4d3ae4",
      "cand-6f7e7135",
      "cand-8c77c5e2",
      "cand-ed7049a5",
      "cand-cc2ebf60",
      "cand-880d9c3b",
      "cand-43144528",
      "cand-13019569",
      "cand-6125b79f",
      "cand-df4acc55",
      "cand-21300a79",
      "cand-bd0b9f0a",
      "cand-6c413d8e",
      "cand-3d990470",
      "cand-8a81d15e"
    ],
    "recentProblemKinds": [
      "local_backtest_fail",
      "local_backtest_fail",
      "local_backtest_fail",
      "local_backtest_fail",
      "local_backtest_fail"
    ],
    "recentRepairResults": [
      {
        "repairKind": "risk_logic_repair",
        "result": "success",
        "repairedCandidateId": "cand-cc2ebf60",
        "summary": "Requested risk_logic_repair after local_backtest_fail."
      },
      {
        "repairKind": "risk_logic_repair",
        "result": "success",
        "repairedCandidateId": "cand-43144528",
        "summary": "Requested risk_logic_repair after local_backtest_fail."
      },
      {
        "repairKind": "risk_logic_repair",
        "result": "success",
        "repairedCandidateId": "cand-bd0b9f0a",
        "summary": "Requested risk_logic_repair after local_backtest_fail."
      },
      {
        "repairKind": "archive_gap_redirect",
        "result": "success",
        "repairedCandidateId": "cand-6c413d8e",
        "summary": "Requested archive_gap_redirect after local_backtest_fail."
      },
      {
        "repairKind": "risk_logic_repair",
        "result": "success",
        "repairedCandidateId": "cand-3d990470",
        "summary": "Requested risk_logic_repair after local_backtest_fail."
      }
    ],
    "scoreFeedbackObserved": true,
    "stage6Readiness": {
      "generatedAt": "2026-04-30T05:22:53.680Z",
      "evaluated": true,
      "passed": true,
      "mode": "deterministic",
      "countRequested": 10,
      "countCompleted": 10,
      "countFailed": 0,
      "activeChampionCandidateId": "cand-a64e2088",
      "freshBootstrapPassed": true,
      "multiIterationPassed": true,
      "rootIsolationPassed": true,
      "repairTraceabilityPassed": true,
      "calibrationQueuePassed": true,
      "scoreFeedbackPassed": true,
      "feedbackClosureRequired": false,
      "calibrationMode": "queue_only",
      "ledgerValidationPassed": true,
      "indexVerificationPassed": true,
      "rootIsolationStatus": {
        "status": "passed",
        "customStateRoot": "C:\\Users\\hanji\\AppData\\Local\\Temp\\af-stage6-state-YAZZ8Y",
        "defaultWorkspaceStateRoot": "C:\\Users\\hanji\\AppData\\Local\\Temp\\af-stage6-workspace-Nnkt1H\\state\\pi-autoresearch",
        "customContextExists": true,
        "defaultWorkspaceStateHasArtifacts": false
      },
      "repairTraceabilityStatus": {
        "status": "passed",
        "successfulRepairCount": 10,
        "successfulRepairsWithoutCandidateCount": 0
      },
      "feedbackClosureStatus": {
        "status": "passed",
        "required": false,
        "promptFeedbackObserved": true,
        "scoreBreakdownFeedbackObserved": false,
        "divergenceCount": 0,
        "confidenceUpdateCount": 0
      },
      "evidence": {
        "tempWorkspaceRoot": null,
        "tempStateRoot": null,
        "localEvaluationCount": 19,
        "headEventCount": 2,
        "archiveEventCount": 11,
        "calibrationEventCount": 2,
        "mutationBriefCount": 18,
        "problemEventCount": 18,
        "repairAttemptCount": 10,
        "deadlineBreachCount": 0
      },
      "warnings": []
    },
    "lastStage6GatePassed": true,
    "rootIsolationStatus": {
      "status": "passed",
      "customStateRoot": "C:\\Users\\hanji\\AppData\\Local\\Temp\\af-stage6-state-YAZZ8Y",
      "defaultWorkspaceStateRoot": "C:\\Users\\hanji\\AppData\\Local\\Temp\\af-stage6-workspace-Nnkt1H\\state\\pi-autoresearch",
      "customContextExists": true,
      "defaultWorkspaceStateHasArtifacts": false
    },
    "repairTraceabilityStatus": {
      "status": "passed",
      "successfulRepairCount": 10,
      "successfulRepairsWithoutCandidateCount": 0
    },
    "feedbackClosureStatus": {
      "status": "passed",
      "required": false,
      "promptFeedbackObserved": true,
      "scoreBreakdownFeedbackObserved": false,
      "divergenceCount": 0,
      "confidenceUpdateCount": 0
    },
    "nextPlannedAction": "local_compatibility_repair",
    "loopMode": "local-first",
    "defaultOperationalView": "v3_autonomous_local_first",
    "projectRoot": "C:\\Users\\hanji\\Desktop\\AF",
    "workspaceRoot": "C:\\Users\\hanji\\Desktop\\AF",
    "stateRoot": "C:\\Users\\hanji\\Desktop\\AF\\state\\pi-autoresearch",
    "traceRoot": "C:\\Users\\hanji\\Desktop\\AF\\state\\pi-autoresearch\\traces",
    "artifactRoot": "C:\\Users\\hanji\\Desktop\\AF\\state\\pi-autoresearch\\artifacts",
    "evidenceRoot": "C:\\Users\\hanji\\Desktop\\AF\\state\\pi-autoresearch\\evidence",
    "runtimeRoot": "C:\\Users\\hanji\\Desktop\\AF\\state\\pi-autoresearch\\runtime",
    "tvVerificationCount": 28,
    "tvHealth": "unavailable",
    "calibrationAutoProcess": false,
    "calibrationMode": "queue_only",
    "lastTvSurfaceFailure": {
      "candidateId": "cand-c6235b65",
      "decision": "tv_surface_failure",
      "iteration": 279,
      "tvCalibrationStatus": "surface_failure",
      "recordedAt": "2026-04-29T18:46:19.526Z"
    },
    "humanOverride": false
  },
  "tracePath": "C:\\Users\\hanji\\Desktop\\AF\\state\\pi-autoresearch\\traces\\run-autonomous-loop-2026-05-01T02-20-17-651Z-trace-ef346af4.jsonl"
}
[2026-05-01T11:22:40.4755776+09:00] iteration 17: run-autonomous-loop exit=0
[2026-05-01T11:22:40.4770948+09:00] iteration 17: validate-ledger start
??injected env (11) from .env // tip: ??multiple files { path: ['.env.local', '.env'] }
[ledger.validation] validate-ledger | Ledger validation completed | 2026-05-01T02:22:44.407Z
{
  "ok": true,
  "errorCount": 0,
  "warningCount": 6,
  "issues": [
    {
      "severity": "warning",
      "scope": "experiment-record-meta",
      "recordId": "cand-f918d6d8",
      "message": "recordHash does not match the serialized experiment record."
    },
    {
      "severity": "warning",
      "scope": "experiment-record-meta",
      "recordId": "cand-3f99a396",
      "message": "recordHash does not match the serialized experiment record."
    },
    {
      "severity": "warning",
      "scope": "experiment-record-meta",
      "recordId": "cand-93a71a19",
      "message": "recordHash does not match the serialized experiment record."
    },
    {
      "severity": "warning",
      "scope": "experiment-record-meta",
      "recordId": "cand-560e2d3b",
      "message": "recordHash does not match the serialized experiment record."
    },
    {
      "severity": "warning",
      "scope": "experiment-record-meta",
      "recordId": "cand-24b4021d",
      "message": "recordHash does not match the serialized experiment record."
    },
    {
      "severity": "warning",
      "scope": "candidate-dedup",
      "recordId": "bfee8f4eb7eabba2047b8b2270beef764a3942811cda8134d75c15c171c0c26a",
      "message": "Duplicate candidate source hash detected across ids: cand-2a5e6ffe, cand-51397d04, cand-9cbc4c5f, cand-a93778fa, cand-bbb67c15, cand-fdc1ae65"
    }
  ],
  "summary": {
    "experiments": 627,
    "candidates": 577,
    "taskBatches": 131
  },
  "stateRoot": "C:\\Users\\hanji\\Desktop\\AF\\state\\pi-autoresearch",
  "tracePath": "C:\\Users\\hanji\\Desktop\\AF\\state\\pi-autoresearch\\traces\\validate-ledger-2026-05-01T02-22-40-714Z-trace-e33cfbbc.jsonl"
}
[2026-05-01T11:22:44.4735143+09:00] iteration 17: validate-ledger exit=0
[2026-05-01T11:22:44.4745152+09:00] iteration 17: rebuild-indexes --verify start
??injected env (11) from .env // tip: ??secrets for agents [www.dotenvx.com]
[?몃뜳???ъ깮???쒖옉] ?몃뜳???ъ깮??| ?뚯깮 ?몃뜳?ㅻ? ?ъ깮?깊빀?덈떎. state: C:\Users\hanji\Desktop\AF\state\pi-autoresearch | 2026-05-01T02:22:46.795Z
[?몃뜳???ъ깮???꾨즺] ?몃뜳???ъ깮??| ?뚯깮 ?몃뜳???ъ깮?깆쓣 留덉낀?듬땲?? state: C:\Users\hanji\Desktop\AF\state\pi-autoresearch | 2026-05-01T02:22:58.133Z
{
  "rebuilt": true,
  "stateRoot": "C:\\Users\\hanji\\Desktop\\AF\\state\\pi-autoresearch",
  "autonomousState": {
    "generatedAt": "2026-05-01T02:22:50.753Z",
    "activeChampionCandidateId": "cand-42ed2fa4",
    "activeChampionScore": 0.7879,
    "activeChampionDecision": "local_candidate_eligible",
    "championOrigin": "autonomous",
    "researchMaturity": "steady_state",
    "selectedBy": "auto_policy",
    "selectionPolicyVersion": "autonomous-local-first/v3-p0",
    "objectivePolicyVersion": "objective.qqq-120m/v1",
    "headEventCount": 2,
    "archiveEventCount": 314,
    "calibrationEventCount": 326,
    "calibrationCandidateCount": 298,
    "divergenceCount": 27,
    "localConfidenceUpdateCount": 27,
    "problemEventCount": 213,
    "repairAttemptCount": 107,
    "localEvaluationCount": 407,
    "localEligibleCount": 230,
    "bootstrapCompatibleCount": 0,
    "bootstrapEligibleCount": 0,
    "bootstrapStatus": "not_started",
    "bootstrapSource": null,
    "bootstrapReason": null,
    "localRejectedCount": 172,
    "topBlockingReason": "low_trade_count",
    "pendingCalibrationCandidateCount": 270,
    "pendingCalibrationCandidateIds": [
      "cand-0e6a0180",
      "cand-9f33e80b",
      "cand-772d8a1e",
      "cand-f28d2e01",
      "cand-9a5dbcc7",
      "cand-b01be933",
      "cand-0a692f84",
      "cand-4f8faae3",
      "cand-35a74bba",
      "cand-c6b25611",
      "cand-ccdae17b",
      "cand-b8102dcd",
      "cand-8a1fe27b",
      "cand-ebbdd6a9",
      "cand-80dfaaa1",
      "cand-03f30a70",
      "cand-2f290563",
      "cand-e76cded5",
      "cand-710d8bc6",
      "cand-dd7e63cf",
      "cand-949bf032",
      "cand-b14595e0",
      "cand-90dc4ec3",
      "cand-f1103886",
      "cand-77224b87",
      "cand-55f47b32",
      "cand-cb18c54a",
      "cand-8a1a7cf2",
      "cand-db12aa7d",
      "cand-eb3175fc",
      "cand-ce89005b",
      "cand-b333865d",
      "cand-14f5f8ff",
      "cand-87a7fa06",
      "cand-609d9f19",
      "cand-09a0ae17",
      "cand-fbb3fb78",
      "cand-7bff0c1a",
      "cand-6e976c42",
      "cand-eaf67b92",
      "cand-ea5075a8",
      "cand-c0d6f969",
      "cand-946579c0",
      "cand-1638111b",
      "cand-840b49c0",
      "cand-a1b63e8c",
      "cand-d3fa966c",
      "cand-af6ef21e",
      "cand-c5832df6",
      "cand-57321a8c",
      "cand-3004b0f8",
      "cand-00644032",
      "cand-6272ab0f",
      "cand-7b341ad0",
      "cand-5c90b0de",
      "cand-350b7e7b",
      "cand-05218055",
      "cand-6ebbd52a",
      "cand-9edd626e",
      "cand-5d685d8a",
      "cand-addb3d5a",
      "cand-1a03e904",
      "cand-935b6a7d",
      "cand-11e460d8",
      "cand-58484f09",
      "cand-c3549cdc",
      "cand-e000c048",
      "cand-5927e5ca",
      "cand-7ae4d6eb",
      "cand-bd3c959f",
      "cand-ad98c7fd",
      "cand-a3456179",
      "cand-fa19c7db",
      "cand-8211114e",
      "cand-737e8acc",
      "cand-9ae5abb8",
      "cand-f68c494c",
      "cand-0cb06744",
      "cand-c4540c5e",
      "cand-887ba798",
      "cand-334ff9ed",
      "cand-1e7bb092",
      "cand-940106ac",
      "cand-b1575fba",
      "cand-1c1cb560",
      "cand-2ba5ca56",
      "cand-4e158d7d",
      "cand-ee1867a5",
      "cand-ccf655ee",
      "cand-2f2f67f1",
      "cand-dd0d4883",
      "cand-9e390b78",
      "cand-2b509e63",
      "cand-a42bb737",
      "cand-ba65a405",
      "cand-95b5fcb4",
      "cand-c1decc14",
      "cand-fad40100",
      "cand-3d99c3c3",
      "cand-ed6ed300",
      "cand-36473405",
      "cand-32556840",
      "cand-056beb3f",
      "cand-fef34f1d",
      "cand-4e58abee",
      "cand-6c095f1d",
      "cand-72fdbd0a",
      "cand-1a73f98c",
      "cand-60e5fb9a",
      "cand-fbd6e1cd",
      "cand-6fa9e64c",
      "cand-b3ce6dfd",
      "cand-d7b18242",
      "cand-cddf1147",
      "cand-a2b17756",
      "cand-4106d658",
      "cand-bf2319b1",
      "cand-1be3a1ed",
      "cand-ec8276d1",
      "cand-66da2fad",
      "cand-10487d69",
      "cand-a0b082a6",
      "cand-e1c37158",
      "cand-3924bc09",
      "cand-c5a37a36",
      "cand-9f921b3b",
      "cand-976660f2",
      "cand-1fd659d1",
      "cand-1ebe3284",
      "cand-a05583cb",
      "cand-68e1f6c0",
      "cand-939bafa7",
      "cand-5dfb966e",
      "cand-ec9d7a77",
      "cand-c9bd8a69",
      "cand-cad467d1",
      "cand-30ca4ecf",
      "cand-274a3d78",
      "cand-8f6a1544",
      "cand-be21675f",
      "cand-17c07e8f",
      "cand-60166f81",
      "cand-8f82de94",
      "cand-42460886",
      "cand-9295e93d",
      "cand-5a54f71c",
      "cand-a12eacdf",
      "cand-5b236726",
      "cand-dbfe05b6",
      "cand-eb4f9103",
      "cand-294a8337",
      "cand-54d331f7",
      "cand-303f93be",
      "cand-64ceccd8",
      "cand-82301049",
      "cand-cb926322",
      "cand-9740ccd3",
      "cand-45f69d7a",
      "cand-8195e18c",
      "cand-9ad02865",
      "cand-b0561318",
      "cand-77645d5d",
      "cand-3913b48a",
      "cand-d8c529f0",
      "cand-3e0617a5",
      "cand-796b47d8",
      "cand-da5bc8a6",
      "cand-6385aa99",
      "cand-ce0fb6b8",
      "cand-f53efe87",
      "cand-541078ba",
      "cand-102cde43",
      "cand-99a518c8",
      "cand-45eae1ed",
      "cand-5fa9bbca",
      "cand-58a6bc67",
      "cand-e2e95d0b",
      "cand-e7d44996",
      "cand-4fd1f661",
      "cand-f8a32482",
      "cand-65221fbc",
      "cand-0dcbc429",
      "cand-7237f414",
      "cand-13ab4eb7",
      "cand-03a62626",
      "cand-74403bc5",
      "cand-08afa655",
      "cand-8fc0ffa2",
      "cand-6b8a91fa",
      "cand-6b160ae4",
      "cand-e4ab8440",
      "cand-292c094d",
      "cand-bf066e31",
      "cand-bf45bffc",
      "cand-33777180",
      "cand-67548c32",
      "cand-af1ed124",
      "cand-fd3f325b",
      "cand-e8320fab",
      "cand-51877b36",
      "cand-f80d7394",
      "cand-d2b04e0c",
      "cand-d865401d",
      "cand-c2337d4e",
      "cand-bd0f8191",
      "cand-2e68882f",
      "cand-94bc57ed",
      "cand-93a15ca5",
      "cand-197cf126",
      "cand-4e21422c",
      "cand-cc3ed2d8",
      "cand-ad84fefa",
      "cand-e3e4e13a",
      "cand-6d2901b8",
      "cand-c7985187",
      "cand-a3fa7fcf",
      "cand-2181b4f2",
      "cand-e803ef34",
      "cand-cc7eb308",
      "cand-8c710851",
      "cand-8045892e",
      "cand-17273829",
      "cand-e3d89e08",
      "cand-118d9dbb",
      "cand-1a318968",
      "cand-5665b571",
      "cand-80f55e73",
      "cand-74341bb6",
      "cand-6a470e0a",
      "cand-bac89ce5",
      "cand-9a0a92b6",
      "cand-91ef422b",
      "cand-63b039ec",
      "cand-5f4ecea5",
      "cand-eb5c0c9f",
      "cand-f7398180",
      "cand-b8e26ed1",
      "cand-97e78627",
      "cand-8cfb97d5",
      "cand-2c409867",
      "cand-990db2d3",
      "cand-d3505cb8",
      "cand-c99b76d2",
      "cand-49bf1eca",
      "cand-a32fd47a",
      "cand-60aab7fe",
      "cand-3f27c596",
      "cand-7d7ec144",
      "cand-dbed99a3",
      "cand-a5ddec79",
      "cand-f35eb742",
      "cand-df9c33cc",
      "cand-3bde95a6",
      "cand-5e145275",
      "cand-93924d92",
      "cand-de4d3ae4",
      "cand-6f7e7135",
      "cand-8c77c5e2",
      "cand-ed7049a5",
      "cand-cc2ebf60",
      "cand-880d9c3b",
      "cand-43144528",
      "cand-13019569",
      "cand-6125b79f",
      "cand-df4acc55",
      "cand-21300a79",
      "cand-bd0b9f0a",
      "cand-6c413d8e",
      "cand-3d990470",
      "cand-8a81d15e"
    ],
    "recentProblemKinds": [
      "local_backtest_fail",
      "local_backtest_fail",
      "local_backtest_fail",
      "local_backtest_fail",
      "local_backtest_fail"
    ],
    "recentRepairResults": [
      {
        "repairKind": "risk_logic_repair",
        "result": "success",
        "repairedCandidateId": "cand-cc2ebf60",
        "summary": "Requested risk_logic_repair after local_backtest_fail."
      },
      {
        "repairKind": "risk_logic_repair",
        "result": "success",
        "repairedCandidateId": "cand-43144528",
        "summary": "Requested risk_logic_repair after local_backtest_fail."
      },
      {
        "repairKind": "risk_logic_repair",
        "result": "success",
        "repairedCandidateId": "cand-bd0b9f0a",
        "summary": "Requested risk_logic_repair after local_backtest_fail."
      },
      {
        "repairKind": "archive_gap_redirect",
        "result": "success",
        "repairedCandidateId": "cand-6c413d8e",
        "summary": "Requested archive_gap_redirect after local_backtest_fail."
      },
      {
        "repairKind": "risk_logic_repair",
        "result": "success",
        "repairedCandidateId": "cand-3d990470",
        "summary": "Requested risk_logic_repair after local_backtest_fail."
      }
    ],
    "scoreFeedbackObserved": true,
    "stage6Readiness": {
      "generatedAt": "2026-04-30T05:22:53.680Z",
      "evaluated": true,
      "passed": true,
      "mode": "deterministic",
      "countRequested": 10,
      "countCompleted": 10,
      "countFailed": 0,
      "activeChampionCandidateId": "cand-a64e2088",
      "freshBootstrapPassed": true,
      "multiIterationPassed": true,
      "rootIsolationPassed": true,
      "repairTraceabilityPassed": true,
      "calibrationQueuePassed": true,
      "scoreFeedbackPassed": true,
      "feedbackClosureRequired": false,
      "calibrationMode": "queue_only",
      "ledgerValidationPassed": true,
      "indexVerificationPassed": true,
      "rootIsolationStatus": {
        "status": "passed",
        "customStateRoot": "C:\\Users\\hanji\\AppData\\Local\\Temp\\af-stage6-state-YAZZ8Y",
        "defaultWorkspaceStateRoot": "C:\\Users\\hanji\\AppData\\Local\\Temp\\af-stage6-workspace-Nnkt1H\\state\\pi-autoresearch",
        "customContextExists": true,
        "defaultWorkspaceStateHasArtifacts": false
      },
      "repairTraceabilityStatus": {
        "status": "passed",
        "successfulRepairCount": 10,
        "successfulRepairsWithoutCandidateCount": 0
      },
      "feedbackClosureStatus": {
        "status": "passed",
        "required": false,
        "promptFeedbackObserved": true,
        "scoreBreakdownFeedbackObserved": false,
        "divergenceCount": 0,
        "confidenceUpdateCount": 0
      },
      "evidence": {
        "tempWorkspaceRoot": null,
        "tempStateRoot": null,
        "localEvaluationCount": 19,
        "headEventCount": 2,
        "archiveEventCount": 11,
        "calibrationEventCount": 2,
        "mutationBriefCount": 18,
        "problemEventCount": 18,
        "repairAttemptCount": 10,
        "deadlineBreachCount": 0
      },
      "warnings": []
    },
    "lastStage6GatePassed": true,
    "rootIsolationStatus": {
      "status": "passed",
      "customStateRoot": "C:\\Users\\hanji\\AppData\\Local\\Temp\\af-stage6-state-YAZZ8Y",
      "defaultWorkspaceStateRoot": "C:\\Users\\hanji\\AppData\\Local\\Temp\\af-stage6-workspace-Nnkt1H\\state\\pi-autoresearch",
      "customContextExists": true,
      "defaultWorkspaceStateHasArtifacts": false
    },
    "repairTraceabilityStatus": {
      "status": "passed",
      "successfulRepairCount": 10,
      "successfulRepairsWithoutCandidateCount": 0
    },
    "feedbackClosureStatus": {
      "status": "passed",
      "required": false,
      "promptFeedbackObserved": true,
      "scoreBreakdownFeedbackObserved": false,
      "divergenceCount": 0,
      "confidenceUpdateCount": 0
    },
    "nextPlannedAction": "local_compatibility_repair",
    "loopMode": "local-first",
    "defaultOperationalView": "v3_autonomous_local_first",
    "projectRoot": "C:\\Users\\hanji\\Desktop\\AF",
    "workspaceRoot": "C:\\Users\\hanji\\Desktop\\AF",
    "stateRoot": "C:\\Users\\hanji\\Desktop\\AF\\state\\pi-autoresearch",
    "traceRoot": "C:\\Users\\hanji\\Desktop\\AF\\state\\pi-autoresearch\\traces",
    "artifactRoot": "C:\\Users\\hanji\\Desktop\\AF\\state\\pi-autoresearch\\artifacts",
    "evidenceRoot": "C:\\Users\\hanji\\Desktop\\AF\\state\\pi-autoresearch\\evidence",
    "runtimeRoot": "C:\\Users\\hanji\\Desktop\\AF\\state\\pi-autoresearch\\runtime",
    "tvVerificationCount": 28,
    "tvHealth": "unavailable",
    "calibrationAutoProcess": false,
    "calibrationMode": "queue_only",
    "lastTvSurfaceFailure": {
      "candidateId": "cand-c6235b65",
      "decision": "tv_surface_failure",
      "iteration": 279,
      "tvCalibrationStatus": "surface_failure",
      "recordedAt": "2026-04-29T18:46:19.526Z"
    },
    "humanOverride": false
  },
  "verification": {
    "ok": true,
    "issues": []
  },
  "tracePath": "C:\\Users\\hanji\\Desktop\\AF\\state\\pi-autoresearch\\traces\\rebuild-indexes-2026-05-01T02-22-44-712Z-trace-247e16d1.jsonl"
}
[2026-05-01T11:22:58.3201310+09:00] iteration 17: rebuild-indexes --verify exit=0
[2026-05-01T11:23:08.3225196+09:00] iteration 18: run-autonomous-loop start
??injected env (11) from .env // tip: ??override existing { override: true }
[autonomous.loop.start] run-autonomous-loop | Starting autonomous local-first loop | 2026-05-01T02:23:08.564Z
[iteration.started] run-autonomous-loop | Starting autonomous iteration | 2026-05-01T02:23:08.566Z
[phase.started] run-autonomous-loop | Initializing autonomous workspace | 2026-05-01T02:23:08.576Z
[phase.completed] run-autonomous-loop | Initializing autonomous workspace | 2026-05-01T02:23:10.621Z
[phase.started] run-autonomous-loop | Generating autonomous mutation candidate | 2026-05-01T02:23:12.078Z
[autonomous.mutation.request] run-autonomous-loop | Sending autonomous mutation request | 2026-05-01T02:23:12.079Z
[phase.completed] run-autonomous-loop | Generating autonomous mutation candidate | 2026-05-01T02:25:22.653Z
[phase.started] run-autonomous-loop | Evaluating autonomous candidate locally | 2026-05-01T02:25:22.654Z
[autonomous.market_context_ready] run-autonomous-loop | Local-first market context is ready | 2026-05-01T02:25:22.662Z
[autonomous.local_evaluation] run-autonomous-loop | Local autonomous evaluation completed | 2026-05-01T02:25:22.739Z
[phase.completed] run-autonomous-loop | Evaluating autonomous candidate locally | 2026-05-01T02:25:22.775Z
[phase.started] run-autonomous-loop | Repairing autonomous candidate after local failure | 2026-05-01T02:25:22.776Z
[phase.completed] run-autonomous-loop | Repairing autonomous candidate after local failure | 2026-05-01T02:27:24.013Z
[phase.started] run-autonomous-loop | Evaluating repaired autonomous candidate locally | 2026-05-01T02:27:25.145Z
[autonomous.market_context_ready] run-autonomous-loop | Local-first market context is ready | 2026-05-01T02:27:25.150Z
[autonomous.local_evaluation] run-autonomous-loop | Local autonomous evaluation completed | 2026-05-01T02:27:25.192Z
[phase.completed] run-autonomous-loop | Evaluating repaired autonomous candidate locally | 2026-05-01T02:27:25.220Z
[phase.started] run-autonomous-loop | Updating autonomous archive views | 2026-05-01T02:27:25.221Z
[phase.completed] run-autonomous-loop | Updating autonomous archive views | 2026-05-01T02:27:25.224Z
[phase.started] run-autonomous-loop | Queueing candidate for TradingView calibration | 2026-05-01T02:27:25.224Z
[phase.completed] run-autonomous-loop | Queueing candidate for TradingView calibration | 2026-05-01T02:27:25.227Z
[phase.started] run-autonomous-loop | Selecting active autonomous champion | 2026-05-01T02:27:26.317Z
[phase.completed] run-autonomous-loop | Selecting active autonomous champion | 2026-05-01T02:27:27.136Z
[phase.started] run-autonomous-loop | Rebuilding derived autonomous views | 2026-05-01T02:27:27.137Z
[phase.completed] run-autonomous-loop | Rebuilding derived autonomous views | 2026-05-01T02:27:29.459Z
[iteration.completed] run-autonomous-loop | Autonomous iteration completed | 2026-05-01T02:27:29.460Z
{
  "countRequested": 1,
  "countCompleted": 1,
  "countFailed": 0,
  "results": [
    {
      "runId": "autonomous-1777602188574",
      "iteration": 628,
      "candidateId": "cand-385a5c98",
      "localDecision": "local_candidate_rejected",
      "activeChampionChanged": false,
      "activeChampionCandidateId": "cand-42ed2fa4"
    }
  ],
  "deadlineBreaches": [],
  "autonomousState": {
    "generatedAt": "2026-05-01T02:27:31.189Z",
    "activeChampionCandidateId": "cand-42ed2fa4",
    "activeChampionScore": 0.7879,
    "activeChampionDecision": "local_candidate_eligible",
    "championOrigin": "autonomous",
    "researchMaturity": "steady_state",
    "selectedBy": "auto_policy",
    "selectionPolicyVersion": "autonomous-local-first/v3-p0",
    "objectivePolicyVersion": "objective.qqq-120m/v1",
    "headEventCount": 2,
    "archiveEventCount": 315,
    "calibrationEventCount": 327,
    "calibrationCandidateCount": 299,
    "divergenceCount": 27,
    "localConfidenceUpdateCount": 27,
    "problemEventCount": 215,
    "repairAttemptCount": 108,
    "localEvaluationCount": 409,
    "localEligibleCount": 230,
    "bootstrapCompatibleCount": 0,
    "bootstrapEligibleCount": 0,
    "bootstrapStatus": "not_started",
    "bootstrapSource": null,
    "bootstrapReason": null,
    "localRejectedCount": 174,
    "topBlockingReason": "low_trade_count",
    "pendingCalibrationCandidateCount": 271,
    "pendingCalibrationCandidateIds": [
      "cand-0e6a0180",
      "cand-9f33e80b",
      "cand-772d8a1e",
      "cand-f28d2e01",
      "cand-9a5dbcc7",
      "cand-b01be933",
      "cand-0a692f84",
      "cand-4f8faae3",
      "cand-35a74bba",
      "cand-c6b25611",
      "cand-ccdae17b",
      "cand-b8102dcd",
      "cand-8a1fe27b",
      "cand-ebbdd6a9",
      "cand-80dfaaa1",
      "cand-03f30a70",
      "cand-2f290563",
      "cand-e76cded5",
      "cand-710d8bc6",
      "cand-dd7e63cf",
      "cand-949bf032",
      "cand-b14595e0",
      "cand-90dc4ec3",
      "cand-f1103886",
      "cand-77224b87",
      "cand-55f47b32",
      "cand-cb18c54a",
      "cand-8a1a7cf2",
      "cand-db12aa7d",
      "cand-eb3175fc",
      "cand-ce89005b",
      "cand-b333865d",
      "cand-14f5f8ff",
      "cand-87a7fa06",
      "cand-609d9f19",
      "cand-09a0ae17",
      "cand-fbb3fb78",
      "cand-7bff0c1a",
      "cand-6e976c42",
      "cand-eaf67b92",
      "cand-ea5075a8",
      "cand-c0d6f969",
      "cand-946579c0",
      "cand-1638111b",
      "cand-840b49c0",
      "cand-a1b63e8c",
      "cand-d3fa966c",
      "cand-af6ef21e",
      "cand-c5832df6",
      "cand-57321a8c",
      "cand-3004b0f8",
      "cand-00644032",
      "cand-6272ab0f",
      "cand-7b341ad0",
      "cand-5c90b0de",
      "cand-350b7e7b",
      "cand-05218055",
      "cand-6ebbd52a",
      "cand-9edd626e",
      "cand-5d685d8a",
      "cand-addb3d5a",
      "cand-1a03e904",
      "cand-935b6a7d",
      "cand-11e460d8",
      "cand-58484f09",
      "cand-c3549cdc",
      "cand-e000c048",
      "cand-5927e5ca",
      "cand-7ae4d6eb",
      "cand-bd3c959f",
      "cand-ad98c7fd",
      "cand-a3456179",
      "cand-fa19c7db",
      "cand-8211114e",
      "cand-737e8acc",
      "cand-9ae5abb8",
      "cand-f68c494c",
      "cand-0cb06744",
      "cand-c4540c5e",
      "cand-887ba798",
      "cand-334ff9ed",
      "cand-1e7bb092",
      "cand-940106ac",
      "cand-b1575fba",
      "cand-1c1cb560",
      "cand-2ba5ca56",
      "cand-4e158d7d",
      "cand-ee1867a5",
      "cand-ccf655ee",
      "cand-2f2f67f1",
      "cand-dd0d4883",
      "cand-9e390b78",
      "cand-2b509e63",
      "cand-a42bb737",
      "cand-ba65a405",
      "cand-95b5fcb4",
      "cand-c1decc14",
      "cand-fad40100",
      "cand-3d99c3c3",
      "cand-ed6ed300",
      "cand-36473405",
      "cand-32556840",
      "cand-056beb3f",
      "cand-fef34f1d",
      "cand-4e58abee",
      "cand-6c095f1d",
      "cand-72fdbd0a",
      "cand-1a73f98c",
      "cand-60e5fb9a",
      "cand-fbd6e1cd",
      "cand-6fa9e64c",
      "cand-b3ce6dfd",
      "cand-d7b18242",
      "cand-cddf1147",
      "cand-a2b17756",
      "cand-4106d658",
      "cand-bf2319b1",
      "cand-1be3a1ed",
      "cand-ec8276d1",
      "cand-66da2fad",
      "cand-10487d69",
      "cand-a0b082a6",
      "cand-e1c37158",
      "cand-3924bc09",
      "cand-c5a37a36",
      "cand-9f921b3b",
      "cand-976660f2",
      "cand-1fd659d1",
      "cand-1ebe3284",
      "cand-a05583cb",
      "cand-68e1f6c0",
      "cand-939bafa7",
      "cand-5dfb966e",
      "cand-ec9d7a77",
      "cand-c9bd8a69",
      "cand-cad467d1",
      "cand-30ca4ecf",
      "cand-274a3d78",
      "cand-8f6a1544",
      "cand-be21675f",
      "cand-17c07e8f",
      "cand-60166f81",
      "cand-8f82de94",
      "cand-42460886",
      "cand-9295e93d",
      "cand-5a54f71c",
      "cand-a12eacdf",
      "cand-5b236726",
      "cand-dbfe05b6",
      "cand-eb4f9103",
      "cand-294a8337",
      "cand-54d331f7",
      "cand-303f93be",
      "cand-64ceccd8",
      "cand-82301049",
      "cand-cb926322",
      "cand-9740ccd3",
      "cand-45f69d7a",
      "cand-8195e18c",
      "cand-9ad02865",
      "cand-b0561318",
      "cand-77645d5d",
      "cand-3913b48a",
      "cand-d8c529f0",
      "cand-3e0617a5",
      "cand-796b47d8",
      "cand-da5bc8a6",
      "cand-6385aa99",
      "cand-ce0fb6b8",
      "cand-f53efe87",
      "cand-541078ba",
      "cand-102cde43",
      "cand-99a518c8",
      "cand-45eae1ed",
      "cand-5fa9bbca",
      "cand-58a6bc67",
      "cand-e2e95d0b",
      "cand-e7d44996",
      "cand-4fd1f661",
      "cand-f8a32482",
      "cand-65221fbc",
      "cand-0dcbc429",
      "cand-7237f414",
      "cand-13ab4eb7",
      "cand-03a62626",
      "cand-74403bc5",
      "cand-08afa655",
      "cand-8fc0ffa2",
      "cand-6b8a91fa",
      "cand-6b160ae4",
      "cand-e4ab8440",
      "cand-292c094d",
      "cand-bf066e31",
      "cand-bf45bffc",
      "cand-33777180",
      "cand-67548c32",
      "cand-af1ed124",
      "cand-fd3f325b",
      "cand-e8320fab",
      "cand-51877b36",
      "cand-f80d7394",
      "cand-d2b04e0c",
      "cand-d865401d",
      "cand-c2337d4e",
      "cand-bd0f8191",
      "cand-2e68882f",
      "cand-94bc57ed",
      "cand-93a15ca5",
      "cand-197cf126",
      "cand-4e21422c",
      "cand-cc3ed2d8",
      "cand-ad84fefa",
      "cand-e3e4e13a",
      "cand-6d2901b8",
      "cand-c7985187",
      "cand-a3fa7fcf",
      "cand-2181b4f2",
      "cand-e803ef34",
      "cand-cc7eb308",
      "cand-8c710851",
      "cand-8045892e",
      "cand-17273829",
      "cand-e3d89e08",
      "cand-118d9dbb",
      "cand-1a318968",
      "cand-5665b571",
      "cand-80f55e73",
      "cand-74341bb6",
      "cand-6a470e0a",
      "cand-bac89ce5",
      "cand-9a0a92b6",
      "cand-91ef422b",
      "cand-63b039ec",
      "cand-5f4ecea5",
      "cand-eb5c0c9f",
      "cand-f7398180",
      "cand-b8e26ed1",
      "cand-97e78627",
      "cand-8cfb97d5",
      "cand-2c409867",
      "cand-990db2d3",
      "cand-d3505cb8",
      "cand-c99b76d2",
      "cand-49bf1eca",
      "cand-a32fd47a",
      "cand-60aab7fe",
      "cand-3f27c596",
      "cand-7d7ec144",
      "cand-dbed99a3",
      "cand-a5ddec79",
      "cand-f35eb742",
      "cand-df9c33cc",
      "cand-3bde95a6",
      "cand-5e145275",
      "cand-93924d92",
      "cand-de4d3ae4",
      "cand-6f7e7135",
      "cand-8c77c5e2",
      "cand-ed7049a5",
      "cand-cc2ebf60",
      "cand-880d9c3b",
      "cand-43144528",
      "cand-13019569",
      "cand-6125b79f",
      "cand-df4acc55",
      "cand-21300a79",
      "cand-bd0b9f0a",
      "cand-6c413d8e",
      "cand-3d990470",
      "cand-8a81d15e",
      "cand-385a5c98"
    ],
    "recentProblemKinds": [
      "local_backtest_fail",
      "local_backtest_fail",
      "local_backtest_fail",
      "local_backtest_fail",
      "local_backtest_fail"
    ],
    "recentRepairResults": [
      {
        "repairKind": "risk_logic_repair",
        "result": "success",
        "repairedCandidateId": "cand-43144528",
        "summary": "Requested risk_logic_repair after local_backtest_fail."
      },
      {
        "repairKind": "risk_logic_repair",
        "result": "success",
        "repairedCandidateId": "cand-bd0b9f0a",
        "summary": "Requested risk_logic_repair after local_backtest_fail."
      },
      {
        "repairKind": "archive_gap_redirect",
        "result": "success",
        "repairedCandidateId": "cand-6c413d8e",
        "summary": "Requested archive_gap_redirect after local_backtest_fail."
      },
      {
        "repairKind": "risk_logic_repair",
        "result": "success",
        "repairedCandidateId": "cand-3d990470",
        "summary": "Requested risk_logic_repair after local_backtest_fail."
      },
      {
        "repairKind": "risk_logic_repair",
        "result": "success",
        "repairedCandidateId": "cand-385a5c98",
        "summary": "Requested risk_logic_repair after local_backtest_fail."
      }
    ],
    "scoreFeedbackObserved": true,
    "stage6Readiness": {
      "generatedAt": "2026-04-30T05:22:53.680Z",
      "evaluated": true,
      "passed": true,
      "mode": "deterministic",
      "countRequested": 10,
      "countCompleted": 10,
      "countFailed": 0,
      "activeChampionCandidateId": "cand-a64e2088",
      "freshBootstrapPassed": true,
      "multiIterationPassed": true,
      "rootIsolationPassed": true,
      "repairTraceabilityPassed": true,
      "calibrationQueuePassed": true,
      "scoreFeedbackPassed": true,
      "feedbackClosureRequired": false,
      "calibrationMode": "queue_only",
      "ledgerValidationPassed": true,
      "indexVerificationPassed": true,
      "rootIsolationStatus": {
        "status": "passed",
        "customStateRoot": "C:\\Users\\hanji\\AppData\\Local\\Temp\\af-stage6-state-YAZZ8Y",
        "defaultWorkspaceStateRoot": "C:\\Users\\hanji\\AppData\\Local\\Temp\\af-stage6-workspace-Nnkt1H\\state\\pi-autoresearch",
        "customContextExists": true,
        "defaultWorkspaceStateHasArtifacts": false
      },
      "repairTraceabilityStatus": {
        "status": "passed",
        "successfulRepairCount": 10,
        "successfulRepairsWithoutCandidateCount": 0
      },
      "feedbackClosureStatus": {
        "status": "passed",
        "required": false,
        "promptFeedbackObserved": true,
        "scoreBreakdownFeedbackObserved": false,
        "divergenceCount": 0,
        "confidenceUpdateCount": 0
      },
      "evidence": {
        "tempWorkspaceRoot": null,
        "tempStateRoot": null,
        "localEvaluationCount": 19,
        "headEventCount": 2,
        "archiveEventCount": 11,
        "calibrationEventCount": 2,
        "mutationBriefCount": 18,
        "problemEventCount": 18,
        "repairAttemptCount": 10,
        "deadlineBreachCount": 0
      },
      "warnings": []
    },
    "lastStage6GatePassed": true,
    "rootIsolationStatus": {
      "status": "passed",
      "customStateRoot": "C:\\Users\\hanji\\AppData\\Local\\Temp\\af-stage6-state-YAZZ8Y",
      "defaultWorkspaceStateRoot": "C:\\Users\\hanji\\AppData\\Local\\Temp\\af-stage6-workspace-Nnkt1H\\state\\pi-autoresearch",
      "customContextExists": true,
      "defaultWorkspaceStateHasArtifacts": false
    },
    "repairTraceabilityStatus": {
      "status": "passed",
      "successfulRepairCount": 10,
      "successfulRepairsWithoutCandidateCount": 0
    },
    "feedbackClosureStatus": {
      "status": "passed",
      "required": false,
      "promptFeedbackObserved": true,
      "scoreBreakdownFeedbackObserved": false,
      "divergenceCount": 0,
      "confidenceUpdateCount": 0
    },
    "nextPlannedAction": "local_compatibility_repair",
    "loopMode": "local-first",
    "defaultOperationalView": "v3_autonomous_local_first",
    "projectRoot": "C:\\Users\\hanji\\Desktop\\AF",
    "workspaceRoot": "C:\\Users\\hanji\\Desktop\\AF",
    "stateRoot": "C:\\Users\\hanji\\Desktop\\AF\\state\\pi-autoresearch",
    "traceRoot": "C:\\Users\\hanji\\Desktop\\AF\\state\\pi-autoresearch\\traces",
    "artifactRoot": "C:\\Users\\hanji\\Desktop\\AF\\state\\pi-autoresearch\\artifacts",
    "evidenceRoot": "C:\\Users\\hanji\\Desktop\\AF\\state\\pi-autoresearch\\evidence",
    "runtimeRoot": "C:\\Users\\hanji\\Desktop\\AF\\state\\pi-autoresearch\\runtime",
    "tvVerificationCount": 28,
    "tvHealth": "unavailable",
    "calibrationAutoProcess": false,
    "calibrationMode": "queue_only",
    "lastTvSurfaceFailure": {
      "candidateId": "cand-c6235b65",
      "decision": "tv_surface_failure",
      "iteration": 279,
      "tvCalibrationStatus": "surface_failure",
      "recordedAt": "2026-04-29T18:46:19.526Z"
    },
    "humanOverride": false
  },
  "tracePath": "C:\\Users\\hanji\\Desktop\\AF\\state\\pi-autoresearch\\traces\\run-autonomous-loop-2026-05-01T02-23-08-564Z-trace-485b9e3a.jsonl"
}
[2026-05-01T11:27:31.9848305+09:00] iteration 18: run-autonomous-loop exit=0
[2026-05-01T11:27:31.9851768+09:00] iteration 18: validate-ledger start
??injected env (11) from .env // tip: ??secrets for agents [www.dotenvx.com]
[ledger.validation] validate-ledger | Ledger validation completed | 2026-05-01T02:27:35.929Z
{
  "ok": true,
  "errorCount": 0,
  "warningCount": 6,
  "issues": [
    {
      "severity": "warning",
      "scope": "experiment-record-meta",
      "recordId": "cand-f918d6d8",
      "message": "recordHash does not match the serialized experiment record."
    },
    {
      "severity": "warning",
      "scope": "experiment-record-meta",
      "recordId": "cand-3f99a396",
      "message": "recordHash does not match the serialized experiment record."
    },
    {
      "severity": "warning",
      "scope": "experiment-record-meta",
      "recordId": "cand-93a71a19",
      "message": "recordHash does not match the serialized experiment record."
    },
    {
      "severity": "warning",
      "scope": "experiment-record-meta",
      "recordId": "cand-560e2d3b",
      "message": "recordHash does not match the serialized experiment record."
    },
    {
      "severity": "warning",
      "scope": "experiment-record-meta",
      "recordId": "cand-24b4021d",
      "message": "recordHash does not match the serialized experiment record."
    },
    {
      "severity": "warning",
      "scope": "candidate-dedup",
      "recordId": "bfee8f4eb7eabba2047b8b2270beef764a3942811cda8134d75c15c171c0c26a",
      "message": "Duplicate candidate source hash detected across ids: cand-2a5e6ffe, cand-51397d04, cand-9cbc4c5f, cand-a93778fa, cand-bbb67c15, cand-fdc1ae65"
    }
  ],
  "summary": {
    "experiments": 629,
    "candidates": 579,
    "taskBatches": 131
  },
  "stateRoot": "C:\\Users\\hanji\\Desktop\\AF\\state\\pi-autoresearch",
  "tracePath": "C:\\Users\\hanji\\Desktop\\AF\\state\\pi-autoresearch\\traces\\validate-ledger-2026-05-01T02-27-32-210Z-trace-ed935062.jsonl"
}
[2026-05-01T11:27:35.9954010+09:00] iteration 18: validate-ledger exit=0
[2026-05-01T11:27:35.9964008+09:00] iteration 18: rebuild-indexes --verify start
??injected env (11) from .env // tip: ??override existing { override: true }
[?몃뜳???ъ깮???쒖옉] ?몃뜳???ъ깮??| ?뚯깮 ?몃뜳?ㅻ? ?ъ깮?깊빀?덈떎. state: C:\Users\hanji\Desktop\AF\state\pi-autoresearch | 2026-05-01T02:27:38.294Z
[?몃뜳???ъ깮???꾨즺] ?몃뜳???ъ깮??| ?뚯깮 ?몃뜳???ъ깮?깆쓣 留덉낀?듬땲?? state: C:\Users\hanji\Desktop\AF\state\pi-autoresearch | 2026-05-01T02:27:49.585Z
{
  "rebuilt": true,
  "stateRoot": "C:\\Users\\hanji\\Desktop\\AF\\state\\pi-autoresearch",
  "autonomousState": {
    "generatedAt": "2026-05-01T02:27:42.194Z",
    "activeChampionCandidateId": "cand-42ed2fa4",
    "activeChampionScore": 0.7879,
    "activeChampionDecision": "local_candidate_eligible",
    "championOrigin": "autonomous",
    "researchMaturity": "steady_state",
    "selectedBy": "auto_policy",
    "selectionPolicyVersion": "autonomous-local-first/v3-p0",
    "objectivePolicyVersion": "objective.qqq-120m/v1",
    "headEventCount": 2,
    "archiveEventCount": 315,
    "calibrationEventCount": 327,
    "calibrationCandidateCount": 299,
    "divergenceCount": 27,
    "localConfidenceUpdateCount": 27,
    "problemEventCount": 215,
    "repairAttemptCount": 108,
    "localEvaluationCount": 409,
    "localEligibleCount": 230,
    "bootstrapCompatibleCount": 0,
    "bootstrapEligibleCount": 0,
    "bootstrapStatus": "not_started",
    "bootstrapSource": null,
    "bootstrapReason": null,
    "localRejectedCount": 174,
    "topBlockingReason": "low_trade_count",
    "pendingCalibrationCandidateCount": 271,
    "pendingCalibrationCandidateIds": [
      "cand-0e6a0180",
      "cand-9f33e80b",
      "cand-772d8a1e",
      "cand-f28d2e01",
      "cand-9a5dbcc7",
      "cand-b01be933",
      "cand-0a692f84",
      "cand-4f8faae3",
      "cand-35a74bba",
      "cand-c6b25611",
      "cand-ccdae17b",
      "cand-b8102dcd",
      "cand-8a1fe27b",
      "cand-ebbdd6a9",
      "cand-80dfaaa1",
      "cand-03f30a70",
      "cand-2f290563",
      "cand-e76cded5",
      "cand-710d8bc6",
      "cand-dd7e63cf",
      "cand-949bf032",
      "cand-b14595e0",
      "cand-90dc4ec3",
      "cand-f1103886",
      "cand-77224b87",
      "cand-55f47b32",
      "cand-cb18c54a",
      "cand-8a1a7cf2",
      "cand-db12aa7d",
      "cand-eb3175fc",
      "cand-ce89005b",
      "cand-b333865d",
      "cand-14f5f8ff",
      "cand-87a7fa06",
      "cand-609d9f19",
      "cand-09a0ae17",
      "cand-fbb3fb78",
      "cand-7bff0c1a",
      "cand-6e976c42",
      "cand-eaf67b92",
      "cand-ea5075a8",
      "cand-c0d6f969",
      "cand-946579c0",
      "cand-1638111b",
      "cand-840b49c0",
      "cand-a1b63e8c",
      "cand-d3fa966c",
      "cand-af6ef21e",
      "cand-c5832df6",
      "cand-57321a8c",
      "cand-3004b0f8",
      "cand-00644032",
      "cand-6272ab0f",
      "cand-7b341ad0",
      "cand-5c90b0de",
      "cand-350b7e7b",
      "cand-05218055",
      "cand-6ebbd52a",
      "cand-9edd626e",
      "cand-5d685d8a",
      "cand-addb3d5a",
      "cand-1a03e904",
      "cand-935b6a7d",
      "cand-11e460d8",
      "cand-58484f09",
      "cand-c3549cdc",
      "cand-e000c048",
      "cand-5927e5ca",
      "cand-7ae4d6eb",
      "cand-bd3c959f",
      "cand-ad98c7fd",
      "cand-a3456179",
      "cand-fa19c7db",
      "cand-8211114e",
      "cand-737e8acc",
      "cand-9ae5abb8",
      "cand-f68c494c",
      "cand-0cb06744",
      "cand-c4540c5e",
      "cand-887ba798",
      "cand-334ff9ed",
      "cand-1e7bb092",
      "cand-940106ac",
      "cand-b1575fba",
      "cand-1c1cb560",
      "cand-2ba5ca56",
      "cand-4e158d7d",
      "cand-ee1867a5",
      "cand-ccf655ee",
      "cand-2f2f67f1",
      "cand-dd0d4883",
      "cand-9e390b78",
      "cand-2b509e63",
      "cand-a42bb737",
      "cand-ba65a405",
      "cand-95b5fcb4",
      "cand-c1decc14",
      "cand-fad40100",
      "cand-3d99c3c3",
      "cand-ed6ed300",
      "cand-36473405",
      "cand-32556840",
      "cand-056beb3f",
      "cand-fef34f1d",
      "cand-4e58abee",
      "cand-6c095f1d",
      "cand-72fdbd0a",
      "cand-1a73f98c",
      "cand-60e5fb9a",
      "cand-fbd6e1cd",
      "cand-6fa9e64c",
      "cand-b3ce6dfd",
      "cand-d7b18242",
      "cand-cddf1147",
      "cand-a2b17756",
      "cand-4106d658",
      "cand-bf2319b1",
      "cand-1be3a1ed",
      "cand-ec8276d1",
      "cand-66da2fad",
      "cand-10487d69",
      "cand-a0b082a6",
      "cand-e1c37158",
      "cand-3924bc09",
      "cand-c5a37a36",
      "cand-9f921b3b",
      "cand-976660f2",
      "cand-1fd659d1",
      "cand-1ebe3284",
      "cand-a05583cb",
      "cand-68e1f6c0",
      "cand-939bafa7",
      "cand-5dfb966e",
      "cand-ec9d7a77",
      "cand-c9bd8a69",
      "cand-cad467d1",
      "cand-30ca4ecf",
      "cand-274a3d78",
      "cand-8f6a1544",
      "cand-be21675f",
      "cand-17c07e8f",
      "cand-60166f81",
      "cand-8f82de94",
      "cand-42460886",
      "cand-9295e93d",
      "cand-5a54f71c",
      "cand-a12eacdf",
      "cand-5b236726",
      "cand-dbfe05b6",
      "cand-eb4f9103",
      "cand-294a8337",
      "cand-54d331f7",
      "cand-303f93be",
      "cand-64ceccd8",
      "cand-82301049",
      "cand-cb926322",
      "cand-9740ccd3",
      "cand-45f69d7a",
      "cand-8195e18c",
      "cand-9ad02865",
      "cand-b0561318",
      "cand-77645d5d",
      "cand-3913b48a",
      "cand-d8c529f0",
      "cand-3e0617a5",
      "cand-796b47d8",
      "cand-da5bc8a6",
      "cand-6385aa99",
      "cand-ce0fb6b8",
      "cand-f53efe87",
      "cand-541078ba",
      "cand-102cde43",
      "cand-99a518c8",
      "cand-45eae1ed",
      "cand-5fa9bbca",
      "cand-58a6bc67",
      "cand-e2e95d0b",
      "cand-e7d44996",
      "cand-4fd1f661",
      "cand-f8a32482",
      "cand-65221fbc",
      "cand-0dcbc429",
      "cand-7237f414",
      "cand-13ab4eb7",
      "cand-03a62626",
      "cand-74403bc5",
      "cand-08afa655",
      "cand-8fc0ffa2",
      "cand-6b8a91fa",
      "cand-6b160ae4",
      "cand-e4ab8440",
      "cand-292c094d",
      "cand-bf066e31",
      "cand-bf45bffc",
      "cand-33777180",
      "cand-67548c32",
      "cand-af1ed124",
      "cand-fd3f325b",
      "cand-e8320fab",
      "cand-51877b36",
      "cand-f80d7394",
      "cand-d2b04e0c",
      "cand-d865401d",
      "cand-c2337d4e",
      "cand-bd0f8191",
      "cand-2e68882f",
      "cand-94bc57ed",
      "cand-93a15ca5",
      "cand-197cf126",
      "cand-4e21422c",
      "cand-cc3ed2d8",
      "cand-ad84fefa",
      "cand-e3e4e13a",
      "cand-6d2901b8",
      "cand-c7985187",
      "cand-a3fa7fcf",
      "cand-2181b4f2",
      "cand-e803ef34",
      "cand-cc7eb308",
      "cand-8c710851",
      "cand-8045892e",
      "cand-17273829",
      "cand-e3d89e08",
      "cand-118d9dbb",
      "cand-1a318968",
      "cand-5665b571",
      "cand-80f55e73",
      "cand-74341bb6",
      "cand-6a470e0a",
      "cand-bac89ce5",
      "cand-9a0a92b6",
      "cand-91ef422b",
      "cand-63b039ec",
      "cand-5f4ecea5",
      "cand-eb5c0c9f",
      "cand-f7398180",
      "cand-b8e26ed1",
      "cand-97e78627",
      "cand-8cfb97d5",
      "cand-2c409867",
      "cand-990db2d3",
      "cand-d3505cb8",
      "cand-c99b76d2",
      "cand-49bf1eca",
      "cand-a32fd47a",
      "cand-60aab7fe",
      "cand-3f27c596",
      "cand-7d7ec144",
      "cand-dbed99a3",
      "cand-a5ddec79",
      "cand-f35eb742",
      "cand-df9c33cc",
      "cand-3bde95a6",
      "cand-5e145275",
      "cand-93924d92",
      "cand-de4d3ae4",
      "cand-6f7e7135",
      "cand-8c77c5e2",
      "cand-ed7049a5",
      "cand-cc2ebf60",
      "cand-880d9c3b",
      "cand-43144528",
      "cand-13019569",
      "cand-6125b79f",
      "cand-df4acc55",
      "cand-21300a79",
      "cand-bd0b9f0a",
      "cand-6c413d8e",
      "cand-3d990470",
      "cand-8a81d15e",
      "cand-385a5c98"
    ],
    "recentProblemKinds": [
      "local_backtest_fail",
      "local_backtest_fail",
      "local_backtest_fail",
      "local_backtest_fail",
      "local_backtest_fail"
    ],
    "recentRepairResults": [
      {
        "repairKind": "risk_logic_repair",
        "result": "success",
        "repairedCandidateId": "cand-43144528",
        "summary": "Requested risk_logic_repair after local_backtest_fail."
      },
      {
        "repairKind": "risk_logic_repair",
        "result": "success",
        "repairedCandidateId": "cand-bd0b9f0a",
        "summary": "Requested risk_logic_repair after local_backtest_fail."
      },
      {
        "repairKind": "archive_gap_redirect",
        "result": "success",
        "repairedCandidateId": "cand-6c413d8e",
        "summary": "Requested archive_gap_redirect after local_backtest_fail."
      },
      {
        "repairKind": "risk_logic_repair",
        "result": "success",
        "repairedCandidateId": "cand-3d990470",
        "summary": "Requested risk_logic_repair after local_backtest_fail."
      },
      {
        "repairKind": "risk_logic_repair",
        "result": "success",
        "repairedCandidateId": "cand-385a5c98",
        "summary": "Requested risk_logic_repair after local_backtest_fail."
      }
    ],
    "scoreFeedbackObserved": true,
    "stage6Readiness": {
      "generatedAt": "2026-04-30T05:22:53.680Z",
      "evaluated": true,
      "passed": true,
      "mode": "deterministic",
      "countRequested": 10,
      "countCompleted": 10,
      "countFailed": 0,
      "activeChampionCandidateId": "cand-a64e2088",
      "freshBootstrapPassed": true,
      "multiIterationPassed": true,
      "rootIsolationPassed": true,
      "repairTraceabilityPassed": true,
      "calibrationQueuePassed": true,
      "scoreFeedbackPassed": true,
      "feedbackClosureRequired": false,
      "calibrationMode": "queue_only",
      "ledgerValidationPassed": true,
      "indexVerificationPassed": true,
      "rootIsolationStatus": {
        "status": "passed",
        "customStateRoot": "C:\\Users\\hanji\\AppData\\Local\\Temp\\af-stage6-state-YAZZ8Y",
        "defaultWorkspaceStateRoot": "C:\\Users\\hanji\\AppData\\Local\\Temp\\af-stage6-workspace-Nnkt1H\\state\\pi-autoresearch",
        "customContextExists": true,
        "defaultWorkspaceStateHasArtifacts": false
      },
      "repairTraceabilityStatus": {
        "status": "passed",
        "successfulRepairCount": 10,
        "successfulRepairsWithoutCandidateCount": 0
      },
      "feedbackClosureStatus": {
        "status": "passed",
        "required": false,
        "promptFeedbackObserved": true,
        "scoreBreakdownFeedbackObserved": false,
        "divergenceCount": 0,
        "confidenceUpdateCount": 0
      },
      "evidence": {
        "tempWorkspaceRoot": null,
        "tempStateRoot": null,
        "localEvaluationCount": 19,
        "headEventCount": 2,
        "archiveEventCount": 11,
        "calibrationEventCount": 2,
        "mutationBriefCount": 18,
        "problemEventCount": 18,
        "repairAttemptCount": 10,
        "deadlineBreachCount": 0
      },
      "warnings": []
    },
    "lastStage6GatePassed": true,
    "rootIsolationStatus": {
      "status": "passed",
      "customStateRoot": "C:\\Users\\hanji\\AppData\\Local\\Temp\\af-stage6-state-YAZZ8Y",
      "defaultWorkspaceStateRoot": "C:\\Users\\hanji\\AppData\\Local\\Temp\\af-stage6-workspace-Nnkt1H\\state\\pi-autoresearch",
      "customContextExists": true,
      "defaultWorkspaceStateHasArtifacts": false
    },
    "repairTraceabilityStatus": {
      "status": "passed",
      "successfulRepairCount": 10,
      "successfulRepairsWithoutCandidateCount": 0
    },
    "feedbackClosureStatus": {
      "status": "passed",
      "required": false,
      "promptFeedbackObserved": true,
      "scoreBreakdownFeedbackObserved": false,
      "divergenceCount": 0,
      "confidenceUpdateCount": 0
    },
    "nextPlannedAction": "local_compatibility_repair",
    "loopMode": "local-first",
    "defaultOperationalView": "v3_autonomous_local_first",
    "projectRoot": "C:\\Users\\hanji\\Desktop\\AF",
    "workspaceRoot": "C:\\Users\\hanji\\Desktop\\AF",
    "stateRoot": "C:\\Users\\hanji\\Desktop\\AF\\state\\pi-autoresearch",
    "traceRoot": "C:\\Users\\hanji\\Desktop\\AF\\state\\pi-autoresearch\\traces",
    "artifactRoot": "C:\\Users\\hanji\\Desktop\\AF\\state\\pi-autoresearch\\artifacts",
    "evidenceRoot": "C:\\Users\\hanji\\Desktop\\AF\\state\\pi-autoresearch\\evidence",
    "runtimeRoot": "C:\\Users\\hanji\\Desktop\\AF\\state\\pi-autoresearch\\runtime",
    "tvVerificationCount": 28,
    "tvHealth": "unavailable",
    "calibrationAutoProcess": false,
    "calibrationMode": "queue_only",
    "lastTvSurfaceFailure": {
      "candidateId": "cand-c6235b65",
      "decision": "tv_surface_failure",
      "iteration": 279,
      "tvCalibrationStatus": "surface_failure",
      "recordedAt": "2026-04-29T18:46:19.526Z"
    },
    "humanOverride": false
  },
  "verification": {
    "ok": true,
    "issues": []
  },
  "tracePath": "C:\\Users\\hanji\\Desktop\\AF\\state\\pi-autoresearch\\traces\\rebuild-indexes-2026-05-01T02-27-36-220Z-trace-b59f2f7a.jsonl"
}
[2026-05-01T11:27:49.7792912+09:00] iteration 18: rebuild-indexes --verify exit=0
[2026-05-01T11:27:59.7919886+09:00] iteration 19: run-autonomous-loop start
??injected env (11) from .env // tip: ??enable debugging { debug: true }
[autonomous.loop.start] run-autonomous-loop | Starting autonomous local-first loop | 2026-05-01T02:28:00.036Z
[iteration.started] run-autonomous-loop | Starting autonomous iteration | 2026-05-01T02:28:00.038Z
[phase.started] run-autonomous-loop | Initializing autonomous workspace | 2026-05-01T02:28:00.048Z
[phase.completed] run-autonomous-loop | Initializing autonomous workspace | 2026-05-01T02:28:02.120Z
[phase.started] run-autonomous-loop | Generating autonomous mutation candidate | 2026-05-01T02:28:03.578Z
[autonomous.mutation.request] run-autonomous-loop | Sending autonomous mutation request | 2026-05-01T02:28:03.579Z
[phase.completed] run-autonomous-loop | Generating autonomous mutation candidate | 2026-05-01T02:30:08.925Z
[phase.started] run-autonomous-loop | Evaluating autonomous candidate locally | 2026-05-01T02:30:08.926Z
[autonomous.market_context_ready] run-autonomous-loop | Local-first market context is ready | 2026-05-01T02:30:08.933Z
[autonomous.local_evaluation] run-autonomous-loop | Local autonomous evaluation completed | 2026-05-01T02:30:09.004Z
[phase.completed] run-autonomous-loop | Evaluating autonomous candidate locally | 2026-05-01T02:30:09.030Z
[phase.started] run-autonomous-loop | Updating autonomous archive views | 2026-05-01T02:30:09.032Z
[phase.completed] run-autonomous-loop | Updating autonomous archive views | 2026-05-01T02:30:09.035Z
[phase.started] run-autonomous-loop | Queueing candidate for TradingView calibration | 2026-05-01T02:30:09.035Z
[phase.completed] run-autonomous-loop | Queueing candidate for TradingView calibration | 2026-05-01T02:30:09.038Z
[phase.started] run-autonomous-loop | Selecting active autonomous champion | 2026-05-01T02:30:10.182Z
[phase.completed] run-autonomous-loop | Selecting active autonomous champion | 2026-05-01T02:30:10.822Z
[phase.started] run-autonomous-loop | Rebuilding derived autonomous views | 2026-05-01T02:30:10.823Z
[phase.completed] run-autonomous-loop | Rebuilding derived autonomous views | 2026-05-01T02:30:12.965Z
[iteration.completed] run-autonomous-loop | Autonomous iteration completed | 2026-05-01T02:30:12.965Z
{
  "countRequested": 1,
  "countCompleted": 1,
  "countFailed": 0,
  "results": [
    {
      "runId": "autonomous-1777602480046",
      "iteration": 630,
      "candidateId": "cand-ce602264",
      "localDecision": "local_candidate_eligible",
      "activeChampionChanged": false,
      "activeChampionCandidateId": "cand-42ed2fa4"
    }
  ],
  "deadlineBreaches": [],
  "autonomousState": {
    "generatedAt": "2026-05-01T02:30:14.596Z",
    "activeChampionCandidateId": "cand-42ed2fa4",
    "activeChampionScore": 0.7879,
    "activeChampionDecision": "local_candidate_eligible",
    "championOrigin": "autonomous",
    "researchMaturity": "steady_state",
    "selectedBy": "auto_policy",
    "selectionPolicyVersion": "autonomous-local-first/v3-p0",
    "objectivePolicyVersion": "objective.qqq-120m/v1",
    "headEventCount": 2,
    "archiveEventCount": 316,
    "calibrationEventCount": 328,
    "calibrationCandidateCount": 300,
    "divergenceCount": 27,
    "localConfidenceUpdateCount": 27,
    "problemEventCount": 215,
    "repairAttemptCount": 108,
    "localEvaluationCount": 410,
    "localEligibleCount": 231,
    "bootstrapCompatibleCount": 0,
    "bootstrapEligibleCount": 0,
    "bootstrapStatus": "not_started",
    "bootstrapSource": null,
    "bootstrapReason": null,
    "localRejectedCount": 174,
    "topBlockingReason": "low_trade_count",
    "pendingCalibrationCandidateCount": 272,
    "pendingCalibrationCandidateIds": [
      "cand-0e6a0180",
      "cand-9f33e80b",
      "cand-772d8a1e",
      "cand-f28d2e01",
      "cand-9a5dbcc7",
      "cand-b01be933",
      "cand-0a692f84",
      "cand-4f8faae3",
      "cand-35a74bba",
      "cand-c6b25611",
      "cand-ccdae17b",
      "cand-b8102dcd",
      "cand-8a1fe27b",
      "cand-ebbdd6a9",
      "cand-80dfaaa1",
      "cand-03f30a70",
      "cand-2f290563",
      "cand-e76cded5",
      "cand-710d8bc6",
      "cand-dd7e63cf",
      "cand-949bf032",
      "cand-b14595e0",
      "cand-90dc4ec3",
      "cand-f1103886",
      "cand-77224b87",
      "cand-55f47b32",
      "cand-cb18c54a",
      "cand-8a1a7cf2",
      "cand-db12aa7d",
      "cand-eb3175fc",
      "cand-ce89005b",
      "cand-b333865d",
      "cand-14f5f8ff",
      "cand-87a7fa06",
      "cand-609d9f19",
      "cand-09a0ae17",
      "cand-fbb3fb78",
      "cand-7bff0c1a",
      "cand-6e976c42",
      "cand-eaf67b92",
      "cand-ea5075a8",
      "cand-c0d6f969",
      "cand-946579c0",
      "cand-1638111b",
      "cand-840b49c0",
      "cand-a1b63e8c",
      "cand-d3fa966c",
      "cand-af6ef21e",
      "cand-c5832df6",
      "cand-57321a8c",
      "cand-3004b0f8",
      "cand-00644032",
      "cand-6272ab0f",
      "cand-7b341ad0",
      "cand-5c90b0de",
      "cand-350b7e7b",
      "cand-05218055",
      "cand-6ebbd52a",
      "cand-9edd626e",
      "cand-5d685d8a",
      "cand-addb3d5a",
      "cand-1a03e904",
      "cand-935b6a7d",
      "cand-11e460d8",
      "cand-58484f09",
      "cand-c3549cdc",
      "cand-e000c048",
      "cand-5927e5ca",
      "cand-7ae4d6eb",
      "cand-bd3c959f",
      "cand-ad98c7fd",
      "cand-a3456179",
      "cand-fa19c7db",
      "cand-8211114e",
      "cand-737e8acc",
      "cand-9ae5abb8",
      "cand-f68c494c",
      "cand-0cb06744",
      "cand-c4540c5e",
      "cand-887ba798",
      "cand-334ff9ed",
      "cand-1e7bb092",
      "cand-940106ac",
      "cand-b1575fba",
      "cand-1c1cb560",
      "cand-2ba5ca56",
      "cand-4e158d7d",
      "cand-ee1867a5",
      "cand-ccf655ee",
      "cand-2f2f67f1",
      "cand-dd0d4883",
      "cand-9e390b78",
      "cand-2b509e63",
      "cand-a42bb737",
      "cand-ba65a405",
      "cand-95b5fcb4",
      "cand-c1decc14",
      "cand-fad40100",
      "cand-3d99c3c3",
      "cand-ed6ed300",
      "cand-36473405",
      "cand-32556840",
      "cand-056beb3f",
      "cand-fef34f1d",
      "cand-4e58abee",
      "cand-6c095f1d",
      "cand-72fdbd0a",
      "cand-1a73f98c",
      "cand-60e5fb9a",
      "cand-fbd6e1cd",
      "cand-6fa9e64c",
      "cand-b3ce6dfd",
      "cand-d7b18242",
      "cand-cddf1147",
      "cand-a2b17756",
      "cand-4106d658",
      "cand-bf2319b1",
      "cand-1be3a1ed",
      "cand-ec8276d1",
      "cand-66da2fad",
      "cand-10487d69",
      "cand-a0b082a6",
      "cand-e1c37158",
      "cand-3924bc09",
      "cand-c5a37a36",
      "cand-9f921b3b",
      "cand-976660f2",
      "cand-1fd659d1",
      "cand-1ebe3284",
      "cand-a05583cb",
      "cand-68e1f6c0",
      "cand-939bafa7",
      "cand-5dfb966e",
      "cand-ec9d7a77",
      "cand-c9bd8a69",
      "cand-cad467d1",
      "cand-30ca4ecf",
      "cand-274a3d78",
      "cand-8f6a1544",
      "cand-be21675f",
      "cand-17c07e8f",
      "cand-60166f81",
      "cand-8f82de94",
      "cand-42460886",
      "cand-9295e93d",
      "cand-5a54f71c",
      "cand-a12eacdf",
      "cand-5b236726",
      "cand-dbfe05b6",
      "cand-eb4f9103",
      "cand-294a8337",
      "cand-54d331f7",
      "cand-303f93be",
      "cand-64ceccd8",
      "cand-82301049",
      "cand-cb926322",
      "cand-9740ccd3",
      "cand-45f69d7a",
      "cand-8195e18c",
      "cand-9ad02865",
      "cand-b0561318",
      "cand-77645d5d",
      "cand-3913b48a",
      "cand-d8c529f0",
      "cand-3e0617a5",
      "cand-796b47d8",
      "cand-da5bc8a6",
      "cand-6385aa99",
      "cand-ce0fb6b8",
      "cand-f53efe87",
      "cand-541078ba",
      "cand-102cde43",
      "cand-99a518c8",
      "cand-45eae1ed",
      "cand-5fa9bbca",
      "cand-58a6bc67",
      "cand-e2e95d0b",
      "cand-e7d44996",
      "cand-4fd1f661",
      "cand-f8a32482",
      "cand-65221fbc",
      "cand-0dcbc429",
      "cand-7237f414",
      "cand-13ab4eb7",
      "cand-03a62626",
      "cand-74403bc5",
      "cand-08afa655",
      "cand-8fc0ffa2",
      "cand-6b8a91fa",
      "cand-6b160ae4",
      "cand-e4ab8440",
      "cand-292c094d",
      "cand-bf066e31",
      "cand-bf45bffc",
      "cand-33777180",
      "cand-67548c32",
      "cand-af1ed124",
      "cand-fd3f325b",
      "cand-e8320fab",
      "cand-51877b36",
      "cand-f80d7394",
      "cand-d2b04e0c",
      "cand-d865401d",
      "cand-c2337d4e",
      "cand-bd0f8191",
      "cand-2e68882f",
      "cand-94bc57ed",
      "cand-93a15ca5",
      "cand-197cf126",
      "cand-4e21422c",
      "cand-cc3ed2d8",
      "cand-ad84fefa",
      "cand-e3e4e13a",
      "cand-6d2901b8",
      "cand-c7985187",
      "cand-a3fa7fcf",
      "cand-2181b4f2",
      "cand-e803ef34",
      "cand-cc7eb308",
      "cand-8c710851",
      "cand-8045892e",
      "cand-17273829",
      "cand-e3d89e08",
      "cand-118d9dbb",
      "cand-1a318968",
      "cand-5665b571",
      "cand-80f55e73",
      "cand-74341bb6",
      "cand-6a470e0a",
      "cand-bac89ce5",
      "cand-9a0a92b6",
      "cand-91ef422b",
      "cand-63b039ec",
      "cand-5f4ecea5",
      "cand-eb5c0c9f",
      "cand-f7398180",
      "cand-b8e26ed1",
      "cand-97e78627",
      "cand-8cfb97d5",
      "cand-2c409867",
      "cand-990db2d3",
      "cand-d3505cb8",
      "cand-c99b76d2",
      "cand-49bf1eca",
      "cand-a32fd47a",
      "cand-60aab7fe",
      "cand-3f27c596",
      "cand-7d7ec144",
      "cand-dbed99a3",
      "cand-a5ddec79",
      "cand-f35eb742",
      "cand-df9c33cc",
      "cand-3bde95a6",
      "cand-5e145275",
      "cand-93924d92",
      "cand-de4d3ae4",
      "cand-6f7e7135",
      "cand-8c77c5e2",
      "cand-ed7049a5",
      "cand-cc2ebf60",
      "cand-880d9c3b",
      "cand-43144528",
      "cand-13019569",
      "cand-6125b79f",
      "cand-df4acc55",
      "cand-21300a79",
      "cand-bd0b9f0a",
      "cand-6c413d8e",
      "cand-3d990470",
      "cand-8a81d15e",
      "cand-385a5c98",
      "cand-ce602264"
    ],
    "recentProblemKinds": [
      "local_backtest_fail",
      "local_backtest_fail",
      "local_backtest_fail",
      "local_backtest_fail",
      "local_backtest_fail"
    ],
    "recentRepairResults": [
      {
        "repairKind": "risk_logic_repair",
        "result": "success",
        "repairedCandidateId": "cand-43144528",
        "summary": "Requested risk_logic_repair after local_backtest_fail."
      },
      {
        "repairKind": "risk_logic_repair",
        "result": "success",
        "repairedCandidateId": "cand-bd0b9f0a",
        "summary": "Requested risk_logic_repair after local_backtest_fail."
      },
      {
        "repairKind": "archive_gap_redirect",
        "result": "success",
        "repairedCandidateId": "cand-6c413d8e",
        "summary": "Requested archive_gap_redirect after local_backtest_fail."
      },
      {
        "repairKind": "risk_logic_repair",
        "result": "success",
        "repairedCandidateId": "cand-3d990470",
        "summary": "Requested risk_logic_repair after local_backtest_fail."
      },
      {
        "repairKind": "risk_logic_repair",
        "result": "success",
        "repairedCandidateId": "cand-385a5c98",
        "summary": "Requested risk_logic_repair after local_backtest_fail."
      }
    ],
    "scoreFeedbackObserved": true,
    "stage6Readiness": {
      "generatedAt": "2026-04-30T05:22:53.680Z",
      "evaluated": true,
      "passed": true,
      "mode": "deterministic",
      "countRequested": 10,
      "countCompleted": 10,
      "countFailed": 0,
      "activeChampionCandidateId": "cand-a64e2088",
      "freshBootstrapPassed": true,
      "multiIterationPassed": true,
      "rootIsolationPassed": true,
      "repairTraceabilityPassed": true,
      "calibrationQueuePassed": true,
      "scoreFeedbackPassed": true,
      "feedbackClosureRequired": false,
      "calibrationMode": "queue_only",
      "ledgerValidationPassed": true,
      "indexVerificationPassed": true,
      "rootIsolationStatus": {
        "status": "passed",
        "customStateRoot": "C:\\Users\\hanji\\AppData\\Local\\Temp\\af-stage6-state-YAZZ8Y",
        "defaultWorkspaceStateRoot": "C:\\Users\\hanji\\AppData\\Local\\Temp\\af-stage6-workspace-Nnkt1H\\state\\pi-autoresearch",
        "customContextExists": true,
        "defaultWorkspaceStateHasArtifacts": false
      },
      "repairTraceabilityStatus": {
        "status": "passed",
        "successfulRepairCount": 10,
        "successfulRepairsWithoutCandidateCount": 0
      },
      "feedbackClosureStatus": {
        "status": "passed",
        "required": false,
        "promptFeedbackObserved": true,
        "scoreBreakdownFeedbackObserved": false,
        "divergenceCount": 0,
        "confidenceUpdateCount": 0
      },
      "evidence": {
        "tempWorkspaceRoot": null,
        "tempStateRoot": null,
        "localEvaluationCount": 19,
        "headEventCount": 2,
        "archiveEventCount": 11,
        "calibrationEventCount": 2,
        "mutationBriefCount": 18,
        "problemEventCount": 18,
        "repairAttemptCount": 10,
        "deadlineBreachCount": 0
      },
      "warnings": []
    },
    "lastStage6GatePassed": true,
    "rootIsolationStatus": {
      "status": "passed",
      "customStateRoot": "C:\\Users\\hanji\\AppData\\Local\\Temp\\af-stage6-state-YAZZ8Y",
      "defaultWorkspaceStateRoot": "C:\\Users\\hanji\\AppData\\Local\\Temp\\af-stage6-workspace-Nnkt1H\\state\\pi-autoresearch",
      "customContextExists": true,
      "defaultWorkspaceStateHasArtifacts": false
    },
    "repairTraceabilityStatus": {
      "status": "passed",
      "successfulRepairCount": 10,
      "successfulRepairsWithoutCandidateCount": 0
    },
    "feedbackClosureStatus": {
      "status": "passed",
      "required": false,
      "promptFeedbackObserved": true,
      "scoreBreakdownFeedbackObserved": false,
      "divergenceCount": 0,
      "confidenceUpdateCount": 0
    },
    "nextPlannedAction": "local_compatibility_repair",
    "loopMode": "local-first",
    "defaultOperationalView": "v3_autonomous_local_first",
    "projectRoot": "C:\\Users\\hanji\\Desktop\\AF",
    "workspaceRoot": "C:\\Users\\hanji\\Desktop\\AF",
    "stateRoot": "C:\\Users\\hanji\\Desktop\\AF\\state\\pi-autoresearch",
    "traceRoot": "C:\\Users\\hanji\\Desktop\\AF\\state\\pi-autoresearch\\traces",
    "artifactRoot": "C:\\Users\\hanji\\Desktop\\AF\\state\\pi-autoresearch\\artifacts",
    "evidenceRoot": "C:\\Users\\hanji\\Desktop\\AF\\state\\pi-autoresearch\\evidence",
    "runtimeRoot": "C:\\Users\\hanji\\Desktop\\AF\\state\\pi-autoresearch\\runtime",
    "tvVerificationCount": 28,
    "tvHealth": "unavailable",
    "calibrationAutoProcess": false,
    "calibrationMode": "queue_only",
    "lastTvSurfaceFailure": {
      "candidateId": "cand-c6235b65",
      "decision": "tv_surface_failure",
      "iteration": 279,
      "tvCalibrationStatus": "surface_failure",
      "recordedAt": "2026-04-29T18:46:19.526Z"
    },
    "humanOverride": false
  },
  "tracePath": "C:\\Users\\hanji\\Desktop\\AF\\state\\pi-autoresearch\\traces\\run-autonomous-loop-2026-05-01T02-28-00-035Z-trace-8bb42f8d.jsonl"
}
[2026-05-01T11:30:15.3828970+09:00] iteration 19: run-autonomous-loop exit=0
[2026-05-01T11:30:15.3828970+09:00] iteration 19: validate-ledger start
??injected env (11) from .env // tip: ??auth for agents [www.vestauth.com]
[ledger.validation] validate-ledger | Ledger validation completed | 2026-05-01T02:30:19.403Z
{
  "ok": true,
  "errorCount": 0,
  "warningCount": 6,
  "issues": [
    {
      "severity": "warning",
      "scope": "experiment-record-meta",
      "recordId": "cand-f918d6d8",
      "message": "recordHash does not match the serialized experiment record."
    },
    {
      "severity": "warning",
      "scope": "experiment-record-meta",
      "recordId": "cand-3f99a396",
      "message": "recordHash does not match the serialized experiment record."
    },
    {
      "severity": "warning",
      "scope": "experiment-record-meta",
      "recordId": "cand-93a71a19",
      "message": "recordHash does not match the serialized experiment record."
    },
    {
      "severity": "warning",
      "scope": "experiment-record-meta",
      "recordId": "cand-560e2d3b",
      "message": "recordHash does not match the serialized experiment record."
    },
    {
      "severity": "warning",
      "scope": "experiment-record-meta",
      "recordId": "cand-24b4021d",
      "message": "recordHash does not match the serialized experiment record."
    },
    {
      "severity": "warning",
      "scope": "candidate-dedup",
      "recordId": "bfee8f4eb7eabba2047b8b2270beef764a3942811cda8134d75c15c171c0c26a",
      "message": "Duplicate candidate source hash detected across ids: cand-2a5e6ffe, cand-51397d04, cand-9cbc4c5f, cand-a93778fa, cand-bbb67c15, cand-fdc1ae65"
    }
  ],
  "summary": {
    "experiments": 630,
    "candidates": 580,
    "taskBatches": 131
  },
  "stateRoot": "C:\\Users\\hanji\\Desktop\\AF\\state\\pi-autoresearch",
  "tracePath": "C:\\Users\\hanji\\Desktop\\AF\\state\\pi-autoresearch\\traces\\validate-ledger-2026-05-01T02-30-15-609Z-trace-694d0272.jsonl"
}
[2026-05-01T11:30:19.4695487+09:00] iteration 19: validate-ledger exit=0
[2026-05-01T11:30:19.4705487+09:00] iteration 19: rebuild-indexes --verify start
??injected env (11) from .env // tip: ??auth for agents [www.vestauth.com]
[?몃뜳???ъ깮???쒖옉] ?몃뜳???ъ깮??| ?뚯깮 ?몃뜳?ㅻ? ?ъ깮?깊빀?덈떎. state: C:\Users\hanji\Desktop\AF\state\pi-autoresearch | 2026-05-01T02:30:21.794Z
[?몃뜳???ъ깮???꾨즺] ?몃뜳???ъ깮??| ?뚯깮 ?몃뜳???ъ깮?깆쓣 留덉낀?듬땲?? state: C:\Users\hanji\Desktop\AF\state\pi-autoresearch | 2026-05-01T02:30:33.265Z
{
  "rebuilt": true,
  "stateRoot": "C:\\Users\\hanji\\Desktop\\AF\\state\\pi-autoresearch",
  "autonomousState": {
    "generatedAt": "2026-05-01T02:30:25.837Z",
    "activeChampionCandidateId": "cand-42ed2fa4",
    "activeChampionScore": 0.7879,
    "activeChampionDecision": "local_candidate_eligible",
    "championOrigin": "autonomous",
    "researchMaturity": "steady_state",
    "selectedBy": "auto_policy",
    "selectionPolicyVersion": "autonomous-local-first/v3-p0",
    "objectivePolicyVersion": "objective.qqq-120m/v1",
    "headEventCount": 2,
    "archiveEventCount": 316,
    "calibrationEventCount": 328,
    "calibrationCandidateCount": 300,
    "divergenceCount": 27,
    "localConfidenceUpdateCount": 27,
    "problemEventCount": 215,
    "repairAttemptCount": 108,
    "localEvaluationCount": 410,
    "localEligibleCount": 231,
    "bootstrapCompatibleCount": 0,
    "bootstrapEligibleCount": 0,
    "bootstrapStatus": "not_started",
    "bootstrapSource": null,
    "bootstrapReason": null,
    "localRejectedCount": 174,
    "topBlockingReason": "low_trade_count",
    "pendingCalibrationCandidateCount": 272,
    "pendingCalibrationCandidateIds": [
      "cand-0e6a0180",
      "cand-9f33e80b",
      "cand-772d8a1e",
      "cand-f28d2e01",
      "cand-9a5dbcc7",
      "cand-b01be933",
      "cand-0a692f84",
      "cand-4f8faae3",
      "cand-35a74bba",
      "cand-c6b25611",
      "cand-ccdae17b",
      "cand-b8102dcd",
      "cand-8a1fe27b",
      "cand-ebbdd6a9",
      "cand-80dfaaa1",
      "cand-03f30a70",
      "cand-2f290563",
      "cand-e76cded5",
      "cand-710d8bc6",
      "cand-dd7e63cf",
      "cand-949bf032",
      "cand-b14595e0",
      "cand-90dc4ec3",
      "cand-f1103886",
      "cand-77224b87",
      "cand-55f47b32",
      "cand-cb18c54a",
      "cand-8a1a7cf2",
      "cand-db12aa7d",
      "cand-eb3175fc",
      "cand-ce89005b",
      "cand-b333865d",
      "cand-14f5f8ff",
      "cand-87a7fa06",
      "cand-609d9f19",
      "cand-09a0ae17",
      "cand-fbb3fb78",
      "cand-7bff0c1a",
      "cand-6e976c42",
      "cand-eaf67b92",
      "cand-ea5075a8",
      "cand-c0d6f969",
      "cand-946579c0",
      "cand-1638111b",
      "cand-840b49c0",
      "cand-a1b63e8c",
      "cand-d3fa966c",
      "cand-af6ef21e",
      "cand-c5832df6",
      "cand-57321a8c",
      "cand-3004b0f8",
      "cand-00644032",
      "cand-6272ab0f",
      "cand-7b341ad0",
      "cand-5c90b0de",
      "cand-350b7e7b",
      "cand-05218055",
      "cand-6ebbd52a",
      "cand-9edd626e",
      "cand-5d685d8a",
      "cand-addb3d5a",
      "cand-1a03e904",
      "cand-935b6a7d",
      "cand-11e460d8",
      "cand-58484f09",
      "cand-c3549cdc",
      "cand-e000c048",
      "cand-5927e5ca",
      "cand-7ae4d6eb",
      "cand-bd3c959f",
      "cand-ad98c7fd",
      "cand-a3456179",
      "cand-fa19c7db",
      "cand-8211114e",
      "cand-737e8acc",
      "cand-9ae5abb8",
      "cand-f68c494c",
      "cand-0cb06744",
      "cand-c4540c5e",
      "cand-887ba798",
      "cand-334ff9ed",
      "cand-1e7bb092",
      "cand-940106ac",
      "cand-b1575fba",
      "cand-1c1cb560",
      "cand-2ba5ca56",
      "cand-4e158d7d",
      "cand-ee1867a5",
      "cand-ccf655ee",
      "cand-2f2f67f1",
      "cand-dd0d4883",
      "cand-9e390b78",
      "cand-2b509e63",
      "cand-a42bb737",
      "cand-ba65a405",
      "cand-95b5fcb4",
      "cand-c1decc14",
      "cand-fad40100",
      "cand-3d99c3c3",
      "cand-ed6ed300",
      "cand-36473405",
      "cand-32556840",
      "cand-056beb3f",
      "cand-fef34f1d",
      "cand-4e58abee",
      "cand-6c095f1d",
      "cand-72fdbd0a",
      "cand-1a73f98c",
      "cand-60e5fb9a",
      "cand-fbd6e1cd",
      "cand-6fa9e64c",
      "cand-b3ce6dfd",
      "cand-d7b18242",
      "cand-cddf1147",
      "cand-a2b17756",
      "cand-4106d658",
      "cand-bf2319b1",
      "cand-1be3a1ed",
      "cand-ec8276d1",
      "cand-66da2fad",
      "cand-10487d69",
      "cand-a0b082a6",
      "cand-e1c37158",
      "cand-3924bc09",
      "cand-c5a37a36",
      "cand-9f921b3b",
      "cand-976660f2",
      "cand-1fd659d1",
      "cand-1ebe3284",
      "cand-a05583cb",
      "cand-68e1f6c0",
      "cand-939bafa7",
      "cand-5dfb966e",
      "cand-ec9d7a77",
      "cand-c9bd8a69",
      "cand-cad467d1",
      "cand-30ca4ecf",
      "cand-274a3d78",
      "cand-8f6a1544",
      "cand-be21675f",
      "cand-17c07e8f",
      "cand-60166f81",
      "cand-8f82de94",
      "cand-42460886",
      "cand-9295e93d",
      "cand-5a54f71c",
      "cand-a12eacdf",
      "cand-5b236726",
      "cand-dbfe05b6",
      "cand-eb4f9103",
      "cand-294a8337",
      "cand-54d331f7",
      "cand-303f93be",
      "cand-64ceccd8",
      "cand-82301049",
      "cand-cb926322",
      "cand-9740ccd3",
      "cand-45f69d7a",
      "cand-8195e18c",
      "cand-9ad02865",
      "cand-b0561318",
      "cand-77645d5d",
      "cand-3913b48a",
      "cand-d8c529f0",
      "cand-3e0617a5",
      "cand-796b47d8",
      "cand-da5bc8a6",
      "cand-6385aa99",
      "cand-ce0fb6b8",
      "cand-f53efe87",
      "cand-541078ba",
      "cand-102cde43",
      "cand-99a518c8",
      "cand-45eae1ed",
      "cand-5fa9bbca",
      "cand-58a6bc67",
      "cand-e2e95d0b",
      "cand-e7d44996",
      "cand-4fd1f661",
      "cand-f8a32482",
      "cand-65221fbc",
      "cand-0dcbc429",
      "cand-7237f414",
      "cand-13ab4eb7",
      "cand-03a62626",
      "cand-74403bc5",
      "cand-08afa655",
      "cand-8fc0ffa2",
      "cand-6b8a91fa",
      "cand-6b160ae4",
      "cand-e4ab8440",
      "cand-292c094d",
      "cand-bf066e31",
      "cand-bf45bffc",
      "cand-33777180",
      "cand-67548c32",
      "cand-af1ed124",
      "cand-fd3f325b",
      "cand-e8320fab",
      "cand-51877b36",
      "cand-f80d7394",
      "cand-d2b04e0c",
      "cand-d865401d",
      "cand-c2337d4e",
      "cand-bd0f8191",
      "cand-2e68882f",
      "cand-94bc57ed",
      "cand-93a15ca5",
      "cand-197cf126",
      "cand-4e21422c",
      "cand-cc3ed2d8",
      "cand-ad84fefa",
      "cand-e3e4e13a",
      "cand-6d2901b8",
      "cand-c7985187",
      "cand-a3fa7fcf",
      "cand-2181b4f2",
      "cand-e803ef34",
      "cand-cc7eb308",
      "cand-8c710851",
      "cand-8045892e",
      "cand-17273829",
      "cand-e3d89e08",
      "cand-118d9dbb",
      "cand-1a318968",
      "cand-5665b571",
      "cand-80f55e73",
      "cand-74341bb6",
      "cand-6a470e0a",
      "cand-bac89ce5",
      "cand-9a0a92b6",
      "cand-91ef422b",
      "cand-63b039ec",
      "cand-5f4ecea5",
      "cand-eb5c0c9f",
      "cand-f7398180",
      "cand-b8e26ed1",
      "cand-97e78627",
      "cand-8cfb97d5",
      "cand-2c409867",
      "cand-990db2d3",
      "cand-d3505cb8",
      "cand-c99b76d2",
      "cand-49bf1eca",
      "cand-a32fd47a",
      "cand-60aab7fe",
      "cand-3f27c596",
      "cand-7d7ec144",
      "cand-dbed99a3",
      "cand-a5ddec79",
      "cand-f35eb742",
      "cand-df9c33cc",
      "cand-3bde95a6",
      "cand-5e145275",
      "cand-93924d92",
      "cand-de4d3ae4",
      "cand-6f7e7135",
      "cand-8c77c5e2",
      "cand-ed7049a5",
      "cand-cc2ebf60",
      "cand-880d9c3b",
      "cand-43144528",
      "cand-13019569",
      "cand-6125b79f",
      "cand-df4acc55",
      "cand-21300a79",
      "cand-bd0b9f0a",
      "cand-6c413d8e",
      "cand-3d990470",
      "cand-8a81d15e",
      "cand-385a5c98",
      "cand-ce602264"
    ],
    "recentProblemKinds": [
      "local_backtest_fail",
      "local_backtest_fail",
      "local_backtest_fail",
      "local_backtest_fail",
      "local_backtest_fail"
    ],
    "recentRepairResults": [
      {
        "repairKind": "risk_logic_repair",
        "result": "success",
        "repairedCandidateId": "cand-43144528",
        "summary": "Requested risk_logic_repair after local_backtest_fail."
      },
      {
        "repairKind": "risk_logic_repair",
        "result": "success",
        "repairedCandidateId": "cand-bd0b9f0a",
        "summary": "Requested risk_logic_repair after local_backtest_fail."
      },
      {
        "repairKind": "archive_gap_redirect",
        "result": "success",
        "repairedCandidateId": "cand-6c413d8e",
        "summary": "Requested archive_gap_redirect after local_backtest_fail."
      },
      {
        "repairKind": "risk_logic_repair",
        "result": "success",
        "repairedCandidateId": "cand-3d990470",
        "summary": "Requested risk_logic_repair after local_backtest_fail."
      },
      {
        "repairKind": "risk_logic_repair",
        "result": "success",
        "repairedCandidateId": "cand-385a5c98",
        "summary": "Requested risk_logic_repair after local_backtest_fail."
      }
    ],
    "scoreFeedbackObserved": true,
    "stage6Readiness": {
      "generatedAt": "2026-04-30T05:22:53.680Z",
      "evaluated": true,
      "passed": true,
      "mode": "deterministic",
      "countRequested": 10,
      "countCompleted": 10,
      "countFailed": 0,
      "activeChampionCandidateId": "cand-a64e2088",
      "freshBootstrapPassed": true,
      "multiIterationPassed": true,
      "rootIsolationPassed": true,
      "repairTraceabilityPassed": true,
      "calibrationQueuePassed": true,
      "scoreFeedbackPassed": true,
      "feedbackClosureRequired": false,
      "calibrationMode": "queue_only",
      "ledgerValidationPassed": true,
      "indexVerificationPassed": true,
      "rootIsolationStatus": {
        "status": "passed",
        "customStateRoot": "C:\\Users\\hanji\\AppData\\Local\\Temp\\af-stage6-state-YAZZ8Y",
        "defaultWorkspaceStateRoot": "C:\\Users\\hanji\\AppData\\Local\\Temp\\af-stage6-workspace-Nnkt1H\\state\\pi-autoresearch",
        "customContextExists": true,
        "defaultWorkspaceStateHasArtifacts": false
      },
      "repairTraceabilityStatus": {
        "status": "passed",
        "successfulRepairCount": 10,
        "successfulRepairsWithoutCandidateCount": 0
      },
      "feedbackClosureStatus": {
        "status": "passed",
        "required": false,
        "promptFeedbackObserved": true,
        "scoreBreakdownFeedbackObserved": false,
        "divergenceCount": 0,
        "confidenceUpdateCount": 0
      },
      "evidence": {
        "tempWorkspaceRoot": null,
        "tempStateRoot": null,
        "localEvaluationCount": 19,
        "headEventCount": 2,
        "archiveEventCount": 11,
        "calibrationEventCount": 2,
        "mutationBriefCount": 18,
        "problemEventCount": 18,
        "repairAttemptCount": 10,
        "deadlineBreachCount": 0
      },
      "warnings": []
    },
    "lastStage6GatePassed": true,
    "rootIsolationStatus": {
      "status": "passed",
      "customStateRoot": "C:\\Users\\hanji\\AppData\\Local\\Temp\\af-stage6-state-YAZZ8Y",
      "defaultWorkspaceStateRoot": "C:\\Users\\hanji\\AppData\\Local\\Temp\\af-stage6-workspace-Nnkt1H\\state\\pi-autoresearch",
      "customContextExists": true,
      "defaultWorkspaceStateHasArtifacts": false
    },
    "repairTraceabilityStatus": {
      "status": "passed",
      "successfulRepairCount": 10,
      "successfulRepairsWithoutCandidateCount": 0
    },
    "feedbackClosureStatus": {
      "status": "passed",
      "required": false,
      "promptFeedbackObserved": true,
      "scoreBreakdownFeedbackObserved": false,
      "divergenceCount": 0,
      "confidenceUpdateCount": 0
    },
    "nextPlannedAction": "local_compatibility_repair",
    "loopMode": "local-first",
    "defaultOperationalView": "v3_autonomous_local_first",
    "projectRoot": "C:\\Users\\hanji\\Desktop\\AF",
    "workspaceRoot": "C:\\Users\\hanji\\Desktop\\AF",
    "stateRoot": "C:\\Users\\hanji\\Desktop\\AF\\state\\pi-autoresearch",
    "traceRoot": "C:\\Users\\hanji\\Desktop\\AF\\state\\pi-autoresearch\\traces",
    "artifactRoot": "C:\\Users\\hanji\\Desktop\\AF\\state\\pi-autoresearch\\artifacts",
    "evidenceRoot": "C:\\Users\\hanji\\Desktop\\AF\\state\\pi-autoresearch\\evidence",
    "runtimeRoot": "C:\\Users\\hanji\\Desktop\\AF\\state\\pi-autoresearch\\runtime",
    "tvVerificationCount": 28,
    "tvHealth": "unavailable",
    "calibrationAutoProcess": false,
    "calibrationMode": "queue_only",
    "lastTvSurfaceFailure": {
      "candidateId": "cand-c6235b65",
      "decision": "tv_surface_failure",
      "iteration": 279,
      "tvCalibrationStatus": "surface_failure",
      "recordedAt": "2026-04-29T18:46:19.526Z"
    },
    "humanOverride": false
  },
  "verification": {
    "ok": true,
    "issues": []
  },
  "tracePath": "C:\\Users\\hanji\\Desktop\\AF\\state\\pi-autoresearch\\traces\\rebuild-indexes-2026-05-01T02-30-19-695Z-trace-da36afbd.jsonl"
}
[2026-05-01T11:30:33.4534633+09:00] iteration 19: rebuild-indexes --verify exit=0
[2026-05-01T11:30:43.4672730+09:00] iteration 20: run-autonomous-loop start
??injected env (11) from .env // tip: ??enable debugging { debug: true }
[autonomous.loop.start] run-autonomous-loop | Starting autonomous local-first loop | 2026-05-01T02:30:43.716Z
[iteration.started] run-autonomous-loop | Starting autonomous iteration | 2026-05-01T02:30:43.717Z
[phase.started] run-autonomous-loop | Initializing autonomous workspace | 2026-05-01T02:30:43.728Z
[phase.completed] run-autonomous-loop | Initializing autonomous workspace | 2026-05-01T02:30:45.817Z
[phase.started] run-autonomous-loop | Generating autonomous mutation candidate | 2026-05-01T02:30:47.300Z
[autonomous.mutation.request] run-autonomous-loop | Sending autonomous mutation request | 2026-05-01T02:30:47.301Z
[phase.completed] run-autonomous-loop | Generating autonomous mutation candidate | 2026-05-01T02:32:50.621Z
[phase.started] run-autonomous-loop | Evaluating autonomous candidate locally | 2026-05-01T02:32:50.621Z
[autonomous.market_context_ready] run-autonomous-loop | Local-first market context is ready | 2026-05-01T02:32:50.629Z
[autonomous.local_evaluation] run-autonomous-loop | Local autonomous evaluation completed | 2026-05-01T02:32:50.707Z
[phase.completed] run-autonomous-loop | Evaluating autonomous candidate locally | 2026-05-01T02:32:50.731Z
[phase.started] run-autonomous-loop | Updating autonomous archive views | 2026-05-01T02:32:50.733Z
[phase.completed] run-autonomous-loop | Updating autonomous archive views | 2026-05-01T02:32:50.736Z
[phase.started] run-autonomous-loop | Queueing candidate for TradingView calibration | 2026-05-01T02:32:50.737Z
[phase.completed] run-autonomous-loop | Queueing candidate for TradingView calibration | 2026-05-01T02:32:50.740Z
[phase.started] run-autonomous-loop | Selecting active autonomous champion | 2026-05-01T02:32:51.891Z
[phase.completed] run-autonomous-loop | Selecting active autonomous champion | 2026-05-01T02:32:52.577Z
[phase.started] run-autonomous-loop | Rebuilding derived autonomous views | 2026-05-01T02:32:52.578Z
[phase.completed] run-autonomous-loop | Rebuilding derived autonomous views | 2026-05-01T02:32:54.768Z
[iteration.completed] run-autonomous-loop | Autonomous iteration completed | 2026-05-01T02:32:54.768Z
{
  "countRequested": 1,
  "countCompleted": 1,
  "countFailed": 0,
  "results": [
    {
      "runId": "autonomous-1777602643727",
      "iteration": 631,
      "candidateId": "cand-19b9feeb",
      "localDecision": "local_candidate_eligible",
      "activeChampionChanged": false,
      "activeChampionCandidateId": "cand-42ed2fa4"
    }
  ],
  "deadlineBreaches": [],
  "autonomousState": {
    "generatedAt": "2026-05-01T02:32:56.430Z",
    "activeChampionCandidateId": "cand-42ed2fa4",
    "activeChampionScore": 0.7879,
    "activeChampionDecision": "local_candidate_eligible",
    "championOrigin": "autonomous",
    "researchMaturity": "steady_state",
    "selectedBy": "auto_policy",
    "selectionPolicyVersion": "autonomous-local-first/v3-p0",
    "objectivePolicyVersion": "objective.qqq-120m/v1",
    "headEventCount": 2,
    "archiveEventCount": 317,
    "calibrationEventCount": 329,
    "calibrationCandidateCount": 301,
    "divergenceCount": 27,
    "localConfidenceUpdateCount": 27,
    "problemEventCount": 215,
    "repairAttemptCount": 108,
    "localEvaluationCount": 411,
    "localEligibleCount": 232,
    "bootstrapCompatibleCount": 0,
    "bootstrapEligibleCount": 0,
    "bootstrapStatus": "not_started",
    "bootstrapSource": null,
    "bootstrapReason": null,
    "localRejectedCount": 174,
    "topBlockingReason": "low_trade_count",
    "pendingCalibrationCandidateCount": 273,
    "pendingCalibrationCandidateIds": [
      "cand-0e6a0180",
      "cand-9f33e80b",
      "cand-772d8a1e",
      "cand-f28d2e01",
      "cand-9a5dbcc7",
      "cand-b01be933",
      "cand-0a692f84",
      "cand-4f8faae3",
      "cand-35a74bba",
      "cand-c6b25611",
      "cand-ccdae17b",
      "cand-b8102dcd",
      "cand-8a1fe27b",
      "cand-ebbdd6a9",
      "cand-80dfaaa1",
      "cand-03f30a70",
      "cand-2f290563",
      "cand-e76cded5",
      "cand-710d8bc6",
      "cand-dd7e63cf",
      "cand-949bf032",
      "cand-b14595e0",
      "cand-90dc4ec3",
      "cand-f1103886",
      "cand-77224b87",
      "cand-55f47b32",
      "cand-cb18c54a",
      "cand-8a1a7cf2",
      "cand-db12aa7d",
      "cand-eb3175fc",
      "cand-ce89005b",
      "cand-b333865d",
      "cand-14f5f8ff",
      "cand-87a7fa06",
      "cand-609d9f19",
      "cand-09a0ae17",
      "cand-fbb3fb78",
      "cand-7bff0c1a",
      "cand-6e976c42",
      "cand-eaf67b92",
      "cand-ea5075a8",
      "cand-c0d6f969",
      "cand-946579c0",
      "cand-1638111b",
      "cand-840b49c0",
      "cand-a1b63e8c",
      "cand-d3fa966c",
      "cand-af6ef21e",
      "cand-c5832df6",
      "cand-57321a8c",
      "cand-3004b0f8",
      "cand-00644032",
      "cand-6272ab0f",
      "cand-7b341ad0",
      "cand-5c90b0de",
      "cand-350b7e7b",
      "cand-05218055",
      "cand-6ebbd52a",
      "cand-9edd626e",
      "cand-5d685d8a",
      "cand-addb3d5a",
      "cand-1a03e904",
      "cand-935b6a7d",
      "cand-11e460d8",
      "cand-58484f09",
      "cand-c3549cdc",
      "cand-e000c048",
      "cand-5927e5ca",
      "cand-7ae4d6eb",
      "cand-bd3c959f",
      "cand-ad98c7fd",
      "cand-a3456179",
      "cand-fa19c7db",
      "cand-8211114e",
      "cand-737e8acc",
      "cand-9ae5abb8",
      "cand-f68c494c",
      "cand-0cb06744",
      "cand-c4540c5e",
      "cand-887ba798",
      "cand-334ff9ed",
      "cand-1e7bb092",
      "cand-940106ac",
      "cand-b1575fba",
      "cand-1c1cb560",
      "cand-2ba5ca56",
      "cand-4e158d7d",
      "cand-ee1867a5",
      "cand-ccf655ee",
      "cand-2f2f67f1",
      "cand-dd0d4883",
      "cand-9e390b78",
      "cand-2b509e63",
      "cand-a42bb737",
      "cand-ba65a405",
      "cand-95b5fcb4",
      "cand-c1decc14",
      "cand-fad40100",
      "cand-3d99c3c3",
      "cand-ed6ed300",
      "cand-36473405",
      "cand-32556840",
      "cand-056beb3f",
      "cand-fef34f1d",
      "cand-4e58abee",
      "cand-6c095f1d",
      "cand-72fdbd0a",
      "cand-1a73f98c",
      "cand-60e5fb9a",
      "cand-fbd6e1cd",
      "cand-6fa9e64c",
      "cand-b3ce6dfd",
      "cand-d7b18242",
      "cand-cddf1147",
      "cand-a2b17756",
      "cand-4106d658",
      "cand-bf2319b1",
      "cand-1be3a1ed",
      "cand-ec8276d1",
      "cand-66da2fad",
      "cand-10487d69",
      "cand-a0b082a6",
      "cand-e1c37158",
      "cand-3924bc09",
      "cand-c5a37a36",
      "cand-9f921b3b",
      "cand-976660f2",
      "cand-1fd659d1",
      "cand-1ebe3284",
      "cand-a05583cb",
      "cand-68e1f6c0",
      "cand-939bafa7",
      "cand-5dfb966e",
      "cand-ec9d7a77",
      "cand-c9bd8a69",
      "cand-cad467d1",
      "cand-30ca4ecf",
      "cand-274a3d78",
      "cand-8f6a1544",
      "cand-be21675f",
      "cand-17c07e8f",
      "cand-60166f81",
      "cand-8f82de94",
      "cand-42460886",
      "cand-9295e93d",
      "cand-5a54f71c",
      "cand-a12eacdf",
      "cand-5b236726",
      "cand-dbfe05b6",
      "cand-eb4f9103",
      "cand-294a8337",
      "cand-54d331f7",
      "cand-303f93be",
      "cand-64ceccd8",
      "cand-82301049",
      "cand-cb926322",
      "cand-9740ccd3",
      "cand-45f69d7a",
      "cand-8195e18c",
      "cand-9ad02865",
      "cand-b0561318",
      "cand-77645d5d",
      "cand-3913b48a",
      "cand-d8c529f0",
      "cand-3e0617a5",
      "cand-796b47d8",
      "cand-da5bc8a6",
      "cand-6385aa99",
      "cand-ce0fb6b8",
      "cand-f53efe87",
      "cand-541078ba",
      "cand-102cde43",
      "cand-99a518c8",
      "cand-45eae1ed",
      "cand-5fa9bbca",
      "cand-58a6bc67",
      "cand-e2e95d0b",
      "cand-e7d44996",
      "cand-4fd1f661",
      "cand-f8a32482",
      "cand-65221fbc",
      "cand-0dcbc429",
      "cand-7237f414",
      "cand-13ab4eb7",
      "cand-03a62626",
      "cand-74403bc5",
      "cand-08afa655",
      "cand-8fc0ffa2",
      "cand-6b8a91fa",
      "cand-6b160ae4",
      "cand-e4ab8440",
      "cand-292c094d",
      "cand-bf066e31",
      "cand-bf45bffc",
      "cand-33777180",
      "cand-67548c32",
      "cand-af1ed124",
      "cand-fd3f325b",
      "cand-e8320fab",
      "cand-51877b36",
      "cand-f80d7394",
      "cand-d2b04e0c",
      "cand-d865401d",
      "cand-c2337d4e",
      "cand-bd0f8191",
      "cand-2e68882f",
      "cand-94bc57ed",
      "cand-93a15ca5",
      "cand-197cf126",
      "cand-4e21422c",
      "cand-cc3ed2d8",
      "cand-ad84fefa",
      "cand-e3e4e13a",
      "cand-6d2901b8",
      "cand-c7985187",
      "cand-a3fa7fcf",
      "cand-2181b4f2",
      "cand-e803ef34",
      "cand-cc7eb308",
      "cand-8c710851",
      "cand-8045892e",
      "cand-17273829",
      "cand-e3d89e08",
      "cand-118d9dbb",
      "cand-1a318968",
      "cand-5665b571",
      "cand-80f55e73",
      "cand-74341bb6",
      "cand-6a470e0a",
      "cand-bac89ce5",
      "cand-9a0a92b6",
      "cand-91ef422b",
      "cand-63b039ec",
      "cand-5f4ecea5",
      "cand-eb5c0c9f",
      "cand-f7398180",
      "cand-b8e26ed1",
      "cand-97e78627",
      "cand-8cfb97d5",
      "cand-2c409867",
      "cand-990db2d3",
      "cand-d3505cb8",
      "cand-c99b76d2",
      "cand-49bf1eca",
      "cand-a32fd47a",
      "cand-60aab7fe",
      "cand-3f27c596",
      "cand-7d7ec144",
      "cand-dbed99a3",
      "cand-a5ddec79",
      "cand-f35eb742",
      "cand-df9c33cc",
      "cand-3bde95a6",
      "cand-5e145275",
      "cand-93924d92",
      "cand-de4d3ae4",
      "cand-6f7e7135",
      "cand-8c77c5e2",
      "cand-ed7049a5",
      "cand-cc2ebf60",
      "cand-880d9c3b",
      "cand-43144528",
      "cand-13019569",
      "cand-6125b79f",
      "cand-df4acc55",
      "cand-21300a79",
      "cand-bd0b9f0a",
      "cand-6c413d8e",
      "cand-3d990470",
      "cand-8a81d15e",
      "cand-385a5c98",
      "cand-ce602264",
      "cand-19b9feeb"
    ],
    "recentProblemKinds": [
      "local_backtest_fail",
      "local_backtest_fail",
      "local_backtest_fail",
      "local_backtest_fail",
      "local_backtest_fail"
    ],
    "recentRepairResults": [
      {
        "repairKind": "risk_logic_repair",
        "result": "success",
        "repairedCandidateId": "cand-43144528",
        "summary": "Requested risk_logic_repair after local_backtest_fail."
      },
      {
        "repairKind": "risk_logic_repair",
        "result": "success",
        "repairedCandidateId": "cand-bd0b9f0a",
        "summary": "Requested risk_logic_repair after local_backtest_fail."
      },
      {
        "repairKind": "archive_gap_redirect",
        "result": "success",
        "repairedCandidateId": "cand-6c413d8e",
        "summary": "Requested archive_gap_redirect after local_backtest_fail."
      },
      {
        "repairKind": "risk_logic_repair",
        "result": "success",
        "repairedCandidateId": "cand-3d990470",
        "summary": "Requested risk_logic_repair after local_backtest_fail."
      },
      {
        "repairKind": "risk_logic_repair",
        "result": "success",
        "repairedCandidateId": "cand-385a5c98",
        "summary": "Requested risk_logic_repair after local_backtest_fail."
      }
    ],
    "scoreFeedbackObserved": true,
    "stage6Readiness": {
      "generatedAt": "2026-04-30T05:22:53.680Z",
      "evaluated": true,
      "passed": true,
      "mode": "deterministic",
      "countRequested": 10,
      "countCompleted": 10,
      "countFailed": 0,
      "activeChampionCandidateId": "cand-a64e2088",
      "freshBootstrapPassed": true,
      "multiIterationPassed": true,
      "rootIsolationPassed": true,
      "repairTraceabilityPassed": true,
      "calibrationQueuePassed": true,
      "scoreFeedbackPassed": true,
      "feedbackClosureRequired": false,
      "calibrationMode": "queue_only",
      "ledgerValidationPassed": true,
      "indexVerificationPassed": true,
      "rootIsolationStatus": {
        "status": "passed",
        "customStateRoot": "C:\\Users\\hanji\\AppData\\Local\\Temp\\af-stage6-state-YAZZ8Y",
        "defaultWorkspaceStateRoot": "C:\\Users\\hanji\\AppData\\Local\\Temp\\af-stage6-workspace-Nnkt1H\\state\\pi-autoresearch",
        "customContextExists": true,
        "defaultWorkspaceStateHasArtifacts": false
      },
      "repairTraceabilityStatus": {
        "status": "passed",
        "successfulRepairCount": 10,
        "successfulRepairsWithoutCandidateCount": 0
      },
      "feedbackClosureStatus": {
        "status": "passed",
        "required": false,
        "promptFeedbackObserved": true,
        "scoreBreakdownFeedbackObserved": false,
        "divergenceCount": 0,
        "confidenceUpdateCount": 0
      },
      "evidence": {
        "tempWorkspaceRoot": null,
        "tempStateRoot": null,
        "localEvaluationCount": 19,
        "headEventCount": 2,
        "archiveEventCount": 11,
        "calibrationEventCount": 2,
        "mutationBriefCount": 18,
        "problemEventCount": 18,
        "repairAttemptCount": 10,
        "deadlineBreachCount": 0
      },
      "warnings": []
    },
    "lastStage6GatePassed": true,
    "rootIsolationStatus": {
      "status": "passed",
      "customStateRoot": "C:\\Users\\hanji\\AppData\\Local\\Temp\\af-stage6-state-YAZZ8Y",
      "defaultWorkspaceStateRoot": "C:\\Users\\hanji\\AppData\\Local\\Temp\\af-stage6-workspace-Nnkt1H\\state\\pi-autoresearch",
      "customContextExists": true,
      "defaultWorkspaceStateHasArtifacts": false
    },
    "repairTraceabilityStatus": {
      "status": "passed",
      "successfulRepairCount": 10,
      "successfulRepairsWithoutCandidateCount": 0
    },
    "feedbackClosureStatus": {
      "status": "passed",
      "required": false,
      "promptFeedbackObserved": true,
      "scoreBreakdownFeedbackObserved": false,
      "divergenceCount": 0,
      "confidenceUpdateCount": 0
    },
    "nextPlannedAction": "local_compatibility_repair",
    "loopMode": "local-first",
    "defaultOperationalView": "v3_autonomous_local_first",
    "projectRoot": "C:\\Users\\hanji\\Desktop\\AF",
    "workspaceRoot": "C:\\Users\\hanji\\Desktop\\AF",
    "stateRoot": "C:\\Users\\hanji\\Desktop\\AF\\state\\pi-autoresearch",
    "traceRoot": "C:\\Users\\hanji\\Desktop\\AF\\state\\pi-autoresearch\\traces",
    "artifactRoot": "C:\\Users\\hanji\\Desktop\\AF\\state\\pi-autoresearch\\artifacts",
    "evidenceRoot": "C:\\Users\\hanji\\Desktop\\AF\\state\\pi-autoresearch\\evidence",
    "runtimeRoot": "C:\\Users\\hanji\\Desktop\\AF\\state\\pi-autoresearch\\runtime",
    "tvVerificationCount": 28,
    "tvHealth": "unavailable",
    "calibrationAutoProcess": false,
    "calibrationMode": "queue_only",
    "lastTvSurfaceFailure": {
      "candidateId": "cand-c6235b65",
      "decision": "tv_surface_failure",
      "iteration": 279,
      "tvCalibrationStatus": "surface_failure",
      "recordedAt": "2026-04-29T18:46:19.526Z"
    },
    "humanOverride": false
  },
  "tracePath": "C:\\Users\\hanji\\Desktop\\AF\\state\\pi-autoresearch\\traces\\run-autonomous-loop-2026-05-01T02-30-43-715Z-trace-d2b6d241.jsonl"
}
[2026-05-01T11:32:57.2520420+09:00] iteration 20: run-autonomous-loop exit=0
[2026-05-01T11:32:57.2520420+09:00] iteration 20: validate-ledger start
??injected env (11) from .env // tip: ??suppress logs { quiet: true }
[ledger.validation] validate-ledger | Ledger validation completed | 2026-05-01T02:33:01.390Z
{
  "ok": true,
  "errorCount": 0,
  "warningCount": 6,
  "issues": [
    {
      "severity": "warning",
      "scope": "experiment-record-meta",
      "recordId": "cand-f918d6d8",
      "message": "recordHash does not match the serialized experiment record."
    },
    {
      "severity": "warning",
      "scope": "experiment-record-meta",
      "recordId": "cand-3f99a396",
      "message": "recordHash does not match the serialized experiment record."
    },
    {
      "severity": "warning",
      "scope": "experiment-record-meta",
      "recordId": "cand-93a71a19",
      "message": "recordHash does not match the serialized experiment record."
    },
    {
      "severity": "warning",
      "scope": "experiment-record-meta",
      "recordId": "cand-560e2d3b",
      "message": "recordHash does not match the serialized experiment record."
    },
    {
      "severity": "warning",
      "scope": "experiment-record-meta",
      "recordId": "cand-24b4021d",
      "message": "recordHash does not match the serialized experiment record."
    },
    {
      "severity": "warning",
      "scope": "candidate-dedup",
      "recordId": "bfee8f4eb7eabba2047b8b2270beef764a3942811cda8134d75c15c171c0c26a",
      "message": "Duplicate candidate source hash detected across ids: cand-2a5e6ffe, cand-51397d04, cand-9cbc4c5f, cand-a93778fa, cand-bbb67c15, cand-fdc1ae65"
    }
  ],
  "summary": {
    "experiments": 631,
    "candidates": 581,
    "taskBatches": 131
  },
  "stateRoot": "C:\\Users\\hanji\\Desktop\\AF\\state\\pi-autoresearch",
  "tracePath": "C:\\Users\\hanji\\Desktop\\AF\\state\\pi-autoresearch\\traces\\validate-ledger-2026-05-01T02-32-57-479Z-trace-6ebc2268.jsonl"
}
[2026-05-01T11:33:01.4578915+09:00] iteration 20: validate-ledger exit=0
[2026-05-01T11:33:01.4588918+09:00] iteration 20: rebuild-indexes --verify start
??injected env (11) from .env // tip: ??custom filepath { path: '/custom/path/.env' }
[?몃뜳???ъ깮???쒖옉] ?몃뜳???ъ깮??| ?뚯깮 ?몃뜳?ㅻ? ?ъ깮?깊빀?덈떎. state: C:\Users\hanji\Desktop\AF\state\pi-autoresearch | 2026-05-01T02:33:03.781Z
[?몃뜳???ъ깮???꾨즺] ?몃뜳???ъ깮??| ?뚯깮 ?몃뜳???ъ깮?깆쓣 留덉낀?듬땲?? state: C:\Users\hanji\Desktop\AF\state\pi-autoresearch | 2026-05-01T02:33:15.142Z
{
  "rebuilt": true,
  "stateRoot": "C:\\Users\\hanji\\Desktop\\AF\\state\\pi-autoresearch",
  "autonomousState": {
    "generatedAt": "2026-05-01T02:33:07.692Z",
    "activeChampionCandidateId": "cand-42ed2fa4",
    "activeChampionScore": 0.7879,
    "activeChampionDecision": "local_candidate_eligible",
    "championOrigin": "autonomous",
    "researchMaturity": "steady_state",
    "selectedBy": "auto_policy",
    "selectionPolicyVersion": "autonomous-local-first/v3-p0",
    "objectivePolicyVersion": "objective.qqq-120m/v1",
    "headEventCount": 2,
    "archiveEventCount": 317,
    "calibrationEventCount": 329,
    "calibrationCandidateCount": 301,
    "divergenceCount": 27,
    "localConfidenceUpdateCount": 27,
    "problemEventCount": 215,
    "repairAttemptCount": 108,
    "localEvaluationCount": 411,
    "localEligibleCount": 232,
    "bootstrapCompatibleCount": 0,
    "bootstrapEligibleCount": 0,
    "bootstrapStatus": "not_started",
    "bootstrapSource": null,
    "bootstrapReason": null,
    "localRejectedCount": 174,
    "topBlockingReason": "low_trade_count",
    "pendingCalibrationCandidateCount": 273,
    "pendingCalibrationCandidateIds": [
      "cand-0e6a0180",
      "cand-9f33e80b",
      "cand-772d8a1e",
      "cand-f28d2e01",
      "cand-9a5dbcc7",
      "cand-b01be933",
      "cand-0a692f84",
      "cand-4f8faae3",
      "cand-35a74bba",
      "cand-c6b25611",
      "cand-ccdae17b",
      "cand-b8102dcd",
      "cand-8a1fe27b",
      "cand-ebbdd6a9",
      "cand-80dfaaa1",
      "cand-03f30a70",
      "cand-2f290563",
      "cand-e76cded5",
      "cand-710d8bc6",
      "cand-dd7e63cf",
      "cand-949bf032",
      "cand-b14595e0",
      "cand-90dc4ec3",
      "cand-f1103886",
      "cand-77224b87",
      "cand-55f47b32",
      "cand-cb18c54a",
      "cand-8a1a7cf2",
      "cand-db12aa7d",
      "cand-eb3175fc",
      "cand-ce89005b",
      "cand-b333865d",
      "cand-14f5f8ff",
      "cand-87a7fa06",
      "cand-609d9f19",
      "cand-09a0ae17",
      "cand-fbb3fb78",
      "cand-7bff0c1a",
      "cand-6e976c42",
      "cand-eaf67b92",
      "cand-ea5075a8",
      "cand-c0d6f969",
      "cand-946579c0",
      "cand-1638111b",
      "cand-840b49c0",
      "cand-a1b63e8c",
      "cand-d3fa966c",
      "cand-af6ef21e",
      "cand-c5832df6",
      "cand-57321a8c",
      "cand-3004b0f8",
      "cand-00644032",
      "cand-6272ab0f",
      "cand-7b341ad0",
      "cand-5c90b0de",
      "cand-350b7e7b",
      "cand-05218055",
      "cand-6ebbd52a",
      "cand-9edd626e",
      "cand-5d685d8a",
      "cand-addb3d5a",
      "cand-1a03e904",
      "cand-935b6a7d",
      "cand-11e460d8",
      "cand-58484f09",
      "cand-c3549cdc",
      "cand-e000c048",
      "cand-5927e5ca",
      "cand-7ae4d6eb",
      "cand-bd3c959f",
      "cand-ad98c7fd",
      "cand-a3456179",
      "cand-fa19c7db",
      "cand-8211114e",
      "cand-737e8acc",
      "cand-9ae5abb8",
      "cand-f68c494c",
      "cand-0cb06744",
      "cand-c4540c5e",
      "cand-887ba798",
      "cand-334ff9ed",
      "cand-1e7bb092",
      "cand-940106ac",
      "cand-b1575fba",
      "cand-1c1cb560",
      "cand-2ba5ca56",
      "cand-4e158d7d",
      "cand-ee1867a5",
      "cand-ccf655ee",
      "cand-2f2f67f1",
      "cand-dd0d4883",
      "cand-9e390b78",
      "cand-2b509e63",
      "cand-a42bb737",
      "cand-ba65a405",
      "cand-95b5fcb4",
      "cand-c1decc14",
      "cand-fad40100",
      "cand-3d99c3c3",
      "cand-ed6ed300",
      "cand-36473405",
      "cand-32556840",
      "cand-056beb3f",
      "cand-fef34f1d",
      "cand-4e58abee",
      "cand-6c095f1d",
      "cand-72fdbd0a",
      "cand-1a73f98c",
      "cand-60e5fb9a",
      "cand-fbd6e1cd",
      "cand-6fa9e64c",
      "cand-b3ce6dfd",
      "cand-d7b18242",
      "cand-cddf1147",
      "cand-a2b17756",
      "cand-4106d658",
      "cand-bf2319b1",
      "cand-1be3a1ed",
      "cand-ec8276d1",
      "cand-66da2fad",
      "cand-10487d69",
      "cand-a0b082a6",
      "cand-e1c37158",
      "cand-3924bc09",
      "cand-c5a37a36",
      "cand-9f921b3b",
      "cand-976660f2",
      "cand-1fd659d1",
      "cand-1ebe3284",
      "cand-a05583cb",
      "cand-68e1f6c0",
      "cand-939bafa7",
      "cand-5dfb966e",
      "cand-ec9d7a77",
      "cand-c9bd8a69",
      "cand-cad467d1",
      "cand-30ca4ecf",
      "cand-274a3d78",
      "cand-8f6a1544",
      "cand-be21675f",
      "cand-17c07e8f",
      "cand-60166f81",
      "cand-8f82de94",
      "cand-42460886",
      "cand-9295e93d",
      "cand-5a54f71c",
      "cand-a12eacdf",
      "cand-5b236726",
      "cand-dbfe05b6",
      "cand-eb4f9103",
      "cand-294a8337",
      "cand-54d331f7",
      "cand-303f93be",
      "cand-64ceccd8",
      "cand-82301049",
      "cand-cb926322",
      "cand-9740ccd3",
      "cand-45f69d7a",
      "cand-8195e18c",
      "cand-9ad02865",
      "cand-b0561318",
      "cand-77645d5d",
      "cand-3913b48a",
      "cand-d8c529f0",
      "cand-3e0617a5",
      "cand-796b47d8",
      "cand-da5bc8a6",
      "cand-6385aa99",
      "cand-ce0fb6b8",
      "cand-f53efe87",
      "cand-541078ba",
      "cand-102cde43",
      "cand-99a518c8",
      "cand-45eae1ed",
      "cand-5fa9bbca",
      "cand-58a6bc67",
      "cand-e2e95d0b",
      "cand-e7d44996",
      "cand-4fd1f661",
      "cand-f8a32482",
      "cand-65221fbc",
      "cand-0dcbc429",
      "cand-7237f414",
      "cand-13ab4eb7",
      "cand-03a62626",
      "cand-74403bc5",
      "cand-08afa655",
      "cand-8fc0ffa2",
      "cand-6b8a91fa",
      "cand-6b160ae4",
      "cand-e4ab8440",
      "cand-292c094d",
      "cand-bf066e31",
      "cand-bf45bffc",
      "cand-33777180",
      "cand-67548c32",
      "cand-af1ed124",
      "cand-fd3f325b",
      "cand-e8320fab",
      "cand-51877b36",
      "cand-f80d7394",
      "cand-d2b04e0c",
      "cand-d865401d",
      "cand-c2337d4e",
      "cand-bd0f8191",
      "cand-2e68882f",
      "cand-94bc57ed",
      "cand-93a15ca5",
      "cand-197cf126",
      "cand-4e21422c",
      "cand-cc3ed2d8",
      "cand-ad84fefa",
      "cand-e3e4e13a",
      "cand-6d2901b8",
      "cand-c7985187",
      "cand-a3fa7fcf",
      "cand-2181b4f2",
      "cand-e803ef34",
      "cand-cc7eb308",
      "cand-8c710851",
      "cand-8045892e",
      "cand-17273829",
      "cand-e3d89e08",
      "cand-118d9dbb",
      "cand-1a318968",
      "cand-5665b571",
      "cand-80f55e73",
      "cand-74341bb6",
      "cand-6a470e0a",
      "cand-bac89ce5",
      "cand-9a0a92b6",
      "cand-91ef422b",
      "cand-63b039ec",
      "cand-5f4ecea5",
      "cand-eb5c0c9f",
      "cand-f7398180",
      "cand-b8e26ed1",
      "cand-97e78627",
      "cand-8cfb97d5",
      "cand-2c409867",
      "cand-990db2d3",
      "cand-d3505cb8",
      "cand-c99b76d2",
      "cand-49bf1eca",
      "cand-a32fd47a",
      "cand-60aab7fe",
      "cand-3f27c596",
      "cand-7d7ec144",
      "cand-dbed99a3",
      "cand-a5ddec79",
      "cand-f35eb742",
      "cand-df9c33cc",
      "cand-3bde95a6",
      "cand-5e145275",
      "cand-93924d92",
      "cand-de4d3ae4",
      "cand-6f7e7135",
      "cand-8c77c5e2",
      "cand-ed7049a5",
      "cand-cc2ebf60",
      "cand-880d9c3b",
      "cand-43144528",
      "cand-13019569",
      "cand-6125b79f",
      "cand-df4acc55",
      "cand-21300a79",
      "cand-bd0b9f0a",
      "cand-6c413d8e",
      "cand-3d990470",
      "cand-8a81d15e",
      "cand-385a5c98",
      "cand-ce602264",
      "cand-19b9feeb"
    ],
    "recentProblemKinds": [
      "local_backtest_fail",
      "local_backtest_fail",
      "local_backtest_fail",
      "local_backtest_fail",
      "local_backtest_fail"
    ],
    "recentRepairResults": [
      {
        "repairKind": "risk_logic_repair",
        "result": "success",
        "repairedCandidateId": "cand-43144528",
        "summary": "Requested risk_logic_repair after local_backtest_fail."
      },
      {
        "repairKind": "risk_logic_repair",
        "result": "success",
        "repairedCandidateId": "cand-bd0b9f0a",
        "summary": "Requested risk_logic_repair after local_backtest_fail."
      },
      {
        "repairKind": "archive_gap_redirect",
        "result": "success",
        "repairedCandidateId": "cand-6c413d8e",
        "summary": "Requested archive_gap_redirect after local_backtest_fail."
      },
      {
        "repairKind": "risk_logic_repair",
        "result": "success",
        "repairedCandidateId": "cand-3d990470",
        "summary": "Requested risk_logic_repair after local_backtest_fail."
      },
      {
        "repairKind": "risk_logic_repair",
        "result": "success",
        "repairedCandidateId": "cand-385a5c98",
        "summary": "Requested risk_logic_repair after local_backtest_fail."
      }
    ],
    "scoreFeedbackObserved": true,
    "stage6Readiness": {
      "generatedAt": "2026-04-30T05:22:53.680Z",
      "evaluated": true,
      "passed": true,
      "mode": "deterministic",
      "countRequested": 10,
      "countCompleted": 10,
      "countFailed": 0,
      "activeChampionCandidateId": "cand-a64e2088",
      "freshBootstrapPassed": true,
      "multiIterationPassed": true,
      "rootIsolationPassed": true,
      "repairTraceabilityPassed": true,
      "calibrationQueuePassed": true,
      "scoreFeedbackPassed": true,
      "feedbackClosureRequired": false,
      "calibrationMode": "queue_only",
      "ledgerValidationPassed": true,
      "indexVerificationPassed": true,
      "rootIsolationStatus": {
        "status": "passed",
        "customStateRoot": "C:\\Users\\hanji\\AppData\\Local\\Temp\\af-stage6-state-YAZZ8Y",
        "defaultWorkspaceStateRoot": "C:\\Users\\hanji\\AppData\\Local\\Temp\\af-stage6-workspace-Nnkt1H\\state\\pi-autoresearch",
        "customContextExists": true,
        "defaultWorkspaceStateHasArtifacts": false
      },
      "repairTraceabilityStatus": {
        "status": "passed",
        "successfulRepairCount": 10,
        "successfulRepairsWithoutCandidateCount": 0
      },
      "feedbackClosureStatus": {
        "status": "passed",
        "required": false,
        "promptFeedbackObserved": true,
        "scoreBreakdownFeedbackObserved": false,
        "divergenceCount": 0,
        "confidenceUpdateCount": 0
      },
      "evidence": {
        "tempWorkspaceRoot": null,
        "tempStateRoot": null,
        "localEvaluationCount": 19,
        "headEventCount": 2,
        "archiveEventCount": 11,
        "calibrationEventCount": 2,
        "mutationBriefCount": 18,
        "problemEventCount": 18,
        "repairAttemptCount": 10,
        "deadlineBreachCount": 0
      },
      "warnings": []
    },
    "lastStage6GatePassed": true,
    "rootIsolationStatus": {
      "status": "passed",
      "customStateRoot": "C:\\Users\\hanji\\AppData\\Local\\Temp\\af-stage6-state-YAZZ8Y",
      "defaultWorkspaceStateRoot": "C:\\Users\\hanji\\AppData\\Local\\Temp\\af-stage6-workspace-Nnkt1H\\state\\pi-autoresearch",
      "customContextExists": true,
      "defaultWorkspaceStateHasArtifacts": false
    },
    "repairTraceabilityStatus": {
      "status": "passed",
      "successfulRepairCount": 10,
      "successfulRepairsWithoutCandidateCount": 0
    },
    "feedbackClosureStatus": {
      "status": "passed",
      "required": false,
      "promptFeedbackObserved": true,
      "scoreBreakdownFeedbackObserved": false,
      "divergenceCount": 0,
      "confidenceUpdateCount": 0
    },
    "nextPlannedAction": "local_compatibility_repair",
    "loopMode": "local-first",
    "defaultOperationalView": "v3_autonomous_local_first",
    "projectRoot": "C:\\Users\\hanji\\Desktop\\AF",
    "workspaceRoot": "C:\\Users\\hanji\\Desktop\\AF",
    "stateRoot": "C:\\Users\\hanji\\Desktop\\AF\\state\\pi-autoresearch",
    "traceRoot": "C:\\Users\\hanji\\Desktop\\AF\\state\\pi-autoresearch\\traces",
    "artifactRoot": "C:\\Users\\hanji\\Desktop\\AF\\state\\pi-autoresearch\\artifacts",
    "evidenceRoot": "C:\\Users\\hanji\\Desktop\\AF\\state\\pi-autoresearch\\evidence",
    "runtimeRoot": "C:\\Users\\hanji\\Desktop\\AF\\state\\pi-autoresearch\\runtime",
    "tvVerificationCount": 28,
    "tvHealth": "unavailable",
    "calibrationAutoProcess": false,
    "calibrationMode": "queue_only",
    "lastTvSurfaceFailure": {
      "candidateId": "cand-c6235b65",
      "decision": "tv_surface_failure",
      "iteration": 279,
      "tvCalibrationStatus": "surface_failure",
      "recordedAt": "2026-04-29T18:46:19.526Z"
    },
    "humanOverride": false
  },
  "verification": {
    "ok": true,
    "issues": []
  },
  "tracePath": "C:\\Users\\hanji\\Desktop\\AF\\state\\pi-autoresearch\\traces\\rebuild-indexes-2026-05-01T02-33-01-699Z-trace-b9fcc24d.jsonl"
}
[2026-05-01T11:33:15.3298729+09:00] iteration 20: rebuild-indexes --verify exit=0
[2026-05-01T11:33:25.3461390+09:00] iteration 21: run-autonomous-loop start
??injected env (11) from .env // tip: ??encrypted .env [www.dotenvx.com]
[autonomous.loop.start] run-autonomous-loop | Starting autonomous local-first loop | 2026-05-01T02:33:25.593Z
[iteration.started] run-autonomous-loop | Starting autonomous iteration | 2026-05-01T02:33:25.595Z
[phase.started] run-autonomous-loop | Initializing autonomous workspace | 2026-05-01T02:33:25.605Z
[phase.completed] run-autonomous-loop | Initializing autonomous workspace | 2026-05-01T02:33:27.708Z
[phase.started] run-autonomous-loop | Generating autonomous mutation candidate | 2026-05-01T02:33:29.168Z
[autonomous.mutation.request] run-autonomous-loop | Sending autonomous mutation request | 2026-05-01T02:33:29.169Z
[phase.completed] run-autonomous-loop | Generating autonomous mutation candidate | 2026-05-01T02:35:38.210Z
[phase.started] run-autonomous-loop | Evaluating autonomous candidate locally | 2026-05-01T02:35:38.211Z
[autonomous.market_context_ready] run-autonomous-loop | Local-first market context is ready | 2026-05-01T02:35:38.218Z
[autonomous.local_evaluation] run-autonomous-loop | Local autonomous evaluation completed | 2026-05-01T02:35:38.296Z
[phase.completed] run-autonomous-loop | Evaluating autonomous candidate locally | 2026-05-01T02:35:38.325Z
[phase.started] run-autonomous-loop | Updating autonomous archive views | 2026-05-01T02:35:38.327Z
[phase.completed] run-autonomous-loop | Updating autonomous archive views | 2026-05-01T02:35:38.330Z
[phase.started] run-autonomous-loop | Queueing candidate for TradingView calibration | 2026-05-01T02:35:38.330Z
[phase.completed] run-autonomous-loop | Queueing candidate for TradingView calibration | 2026-05-01T02:35:38.333Z
[phase.started] run-autonomous-loop | Selecting active autonomous champion | 2026-05-01T02:35:39.493Z
[phase.completed] run-autonomous-loop | Selecting active autonomous champion | 2026-05-01T02:35:40.184Z
[phase.started] run-autonomous-loop | Rebuilding derived autonomous views | 2026-05-01T02:35:40.185Z
[phase.completed] run-autonomous-loop | Rebuilding derived autonomous views | 2026-05-01T02:35:42.390Z
[iteration.completed] run-autonomous-loop | Autonomous iteration completed | 2026-05-01T02:35:42.391Z
{
  "countRequested": 1,
  "countCompleted": 1,
  "countFailed": 0,
  "results": [
    {
      "runId": "autonomous-1777602805604",
      "iteration": 632,
      "candidateId": "cand-1b5527d4",
      "localDecision": "local_candidate_eligible",
      "activeChampionChanged": false,
      "activeChampionCandidateId": "cand-42ed2fa4"
    }
  ],
  "deadlineBreaches": [],
  "autonomousState": {
    "generatedAt": "2026-05-01T02:35:44.075Z",
    "activeChampionCandidateId": "cand-42ed2fa4",
    "activeChampionScore": 0.7879,
    "activeChampionDecision": "local_candidate_eligible",
    "championOrigin": "autonomous",
    "researchMaturity": "steady_state",
    "selectedBy": "auto_policy",
    "selectionPolicyVersion": "autonomous-local-first/v3-p0",
    "objectivePolicyVersion": "objective.qqq-120m/v1",
    "headEventCount": 2,
    "archiveEventCount": 318,
    "calibrationEventCount": 330,
    "calibrationCandidateCount": 302,
    "divergenceCount": 27,
    "localConfidenceUpdateCount": 27,
    "problemEventCount": 215,
    "repairAttemptCount": 108,
    "localEvaluationCount": 412,
    "localEligibleCount": 233,
    "bootstrapCompatibleCount": 0,
    "bootstrapEligibleCount": 0,
    "bootstrapStatus": "not_started",
    "bootstrapSource": null,
    "bootstrapReason": null,
    "localRejectedCount": 174,
    "topBlockingReason": "low_trade_count",
    "pendingCalibrationCandidateCount": 274,
    "pendingCalibrationCandidateIds": [
      "cand-0e6a0180",
      "cand-9f33e80b",
      "cand-772d8a1e",
      "cand-f28d2e01",
      "cand-9a5dbcc7",
      "cand-b01be933",
      "cand-0a692f84",
      "cand-4f8faae3",
      "cand-35a74bba",
      "cand-c6b25611",
      "cand-ccdae17b",
      "cand-b8102dcd",
      "cand-8a1fe27b",
      "cand-ebbdd6a9",
      "cand-80dfaaa1",
      "cand-03f30a70",
      "cand-2f290563",
      "cand-e76cded5",
      "cand-710d8bc6",
      "cand-dd7e63cf",
      "cand-949bf032",
      "cand-b14595e0",
      "cand-90dc4ec3",
      "cand-f1103886",
      "cand-77224b87",
      "cand-55f47b32",
      "cand-cb18c54a",
      "cand-8a1a7cf2",
      "cand-db12aa7d",
      "cand-eb3175fc",
      "cand-ce89005b",
      "cand-b333865d",
      "cand-14f5f8ff",
      "cand-87a7fa06",
      "cand-609d9f19",
      "cand-09a0ae17",
      "cand-fbb3fb78",
      "cand-7bff0c1a",
      "cand-6e976c42",
      "cand-eaf67b92",
      "cand-ea5075a8",
      "cand-c0d6f969",
      "cand-946579c0",
      "cand-1638111b",
      "cand-840b49c0",
      "cand-a1b63e8c",
      "cand-d3fa966c",
      "cand-af6ef21e",
      "cand-c5832df6",
      "cand-57321a8c",
      "cand-3004b0f8",
      "cand-00644032",
      "cand-6272ab0f",
      "cand-7b341ad0",
      "cand-5c90b0de",
      "cand-350b7e7b",
      "cand-05218055",
      "cand-6ebbd52a",
      "cand-9edd626e",
      "cand-5d685d8a",
      "cand-addb3d5a",
      "cand-1a03e904",
      "cand-935b6a7d",
      "cand-11e460d8",
      "cand-58484f09",
      "cand-c3549cdc",
      "cand-e000c048",
      "cand-5927e5ca",
      "cand-7ae4d6eb",
      "cand-bd3c959f",
      "cand-ad98c7fd",
      "cand-a3456179",
      "cand-fa19c7db",
      "cand-8211114e",
      "cand-737e8acc",
      "cand-9ae5abb8",
      "cand-f68c494c",
      "cand-0cb06744",
      "cand-c4540c5e",
      "cand-887ba798",
      "cand-334ff9ed",
      "cand-1e7bb092",
      "cand-940106ac",
      "cand-b1575fba",
      "cand-1c1cb560",
      "cand-2ba5ca56",
      "cand-4e158d7d",
      "cand-ee1867a5",
      "cand-ccf655ee",
      "cand-2f2f67f1",
      "cand-dd0d4883",
      "cand-9e390b78",
      "cand-2b509e63",
      "cand-a42bb737",
      "cand-ba65a405",
      "cand-95b5fcb4",
      "cand-c1decc14",
      "cand-fad40100",
      "cand-3d99c3c3",
      "cand-ed6ed300",
      "cand-36473405",
      "cand-32556840",
      "cand-056beb3f",
      "cand-fef34f1d",
      "cand-4e58abee",
      "cand-6c095f1d",
      "cand-72fdbd0a",
      "cand-1a73f98c",
      "cand-60e5fb9a",
      "cand-fbd6e1cd",
      "cand-6fa9e64c",
      "cand-b3ce6dfd",
      "cand-d7b18242",
      "cand-cddf1147",
      "cand-a2b17756",
      "cand-4106d658",
      "cand-bf2319b1",
      "cand-1be3a1ed",
      "cand-ec8276d1",
      "cand-66da2fad",
      "cand-10487d69",
      "cand-a0b082a6",
      "cand-e1c37158",
      "cand-3924bc09",
      "cand-c5a37a36",
      "cand-9f921b3b",
      "cand-976660f2",
      "cand-1fd659d1",
      "cand-1ebe3284",
      "cand-a05583cb",
      "cand-68e1f6c0",
      "cand-939bafa7",
      "cand-5dfb966e",
      "cand-ec9d7a77",
      "cand-c9bd8a69",
      "cand-cad467d1",
      "cand-30ca4ecf",
      "cand-274a3d78",
      "cand-8f6a1544",
      "cand-be21675f",
      "cand-17c07e8f",
      "cand-60166f81",
      "cand-8f82de94",
      "cand-42460886",
      "cand-9295e93d",
      "cand-5a54f71c",
      "cand-a12eacdf",
      "cand-5b236726",
      "cand-dbfe05b6",
      "cand-eb4f9103",
      "cand-294a8337",
      "cand-54d331f7",
      "cand-303f93be",
      "cand-64ceccd8",
      "cand-82301049",
      "cand-cb926322",
      "cand-9740ccd3",
      "cand-45f69d7a",
      "cand-8195e18c",
      "cand-9ad02865",
      "cand-b0561318",
      "cand-77645d5d",
      "cand-3913b48a",
      "cand-d8c529f0",
      "cand-3e0617a5",
      "cand-796b47d8",
      "cand-da5bc8a6",
      "cand-6385aa99",
      "cand-ce0fb6b8",
      "cand-f53efe87",
      "cand-541078ba",
      "cand-102cde43",
      "cand-99a518c8",
      "cand-45eae1ed",
      "cand-5fa9bbca",
      "cand-58a6bc67",
      "cand-e2e95d0b",
      "cand-e7d44996",
      "cand-4fd1f661",
      "cand-f8a32482",
      "cand-65221fbc",
      "cand-0dcbc429",
      "cand-7237f414",
      "cand-13ab4eb7",
      "cand-03a62626",
      "cand-74403bc5",
      "cand-08afa655",
      "cand-8fc0ffa2",
      "cand-6b8a91fa",
      "cand-6b160ae4",
      "cand-e4ab8440",
      "cand-292c094d",
      "cand-bf066e31",
      "cand-bf45bffc",
      "cand-33777180",
      "cand-67548c32",
      "cand-af1ed124",
      "cand-fd3f325b",
      "cand-e8320fab",
      "cand-51877b36",
      "cand-f80d7394",
      "cand-d2b04e0c",
      "cand-d865401d",
      "cand-c2337d4e",
      "cand-bd0f8191",
      "cand-2e68882f",
      "cand-94bc57ed",
      "cand-93a15ca5",
      "cand-197cf126",
      "cand-4e21422c",
      "cand-cc3ed2d8",
      "cand-ad84fefa",
      "cand-e3e4e13a",
      "cand-6d2901b8",
      "cand-c7985187",
      "cand-a3fa7fcf",
      "cand-2181b4f2",
      "cand-e803ef34",
      "cand-cc7eb308",
      "cand-8c710851",
      "cand-8045892e",
      "cand-17273829",
      "cand-e3d89e08",
      "cand-118d9dbb",
      "cand-1a318968",
      "cand-5665b571",
      "cand-80f55e73",
      "cand-74341bb6",
      "cand-6a470e0a",
      "cand-bac89ce5",
      "cand-9a0a92b6",
      "cand-91ef422b",
      "cand-63b039ec",
      "cand-5f4ecea5",
      "cand-eb5c0c9f",
      "cand-f7398180",
      "cand-b8e26ed1",
      "cand-97e78627",
      "cand-8cfb97d5",
      "cand-2c409867",
      "cand-990db2d3",
      "cand-d3505cb8",
      "cand-c99b76d2",
      "cand-49bf1eca",
      "cand-a32fd47a",
      "cand-60aab7fe",
      "cand-3f27c596",
      "cand-7d7ec144",
      "cand-dbed99a3",
      "cand-a5ddec79",
      "cand-f35eb742",
      "cand-df9c33cc",
      "cand-3bde95a6",
      "cand-5e145275",
      "cand-93924d92",
      "cand-de4d3ae4",
      "cand-6f7e7135",
      "cand-8c77c5e2",
      "cand-ed7049a5",
      "cand-cc2ebf60",
      "cand-880d9c3b",
      "cand-43144528",
      "cand-13019569",
      "cand-6125b79f",
      "cand-df4acc55",
      "cand-21300a79",
      "cand-bd0b9f0a",
      "cand-6c413d8e",
      "cand-3d990470",
      "cand-8a81d15e",
      "cand-385a5c98",
      "cand-ce602264",
      "cand-19b9feeb",
      "cand-1b5527d4"
    ],
    "recentProblemKinds": [
      "local_backtest_fail",
      "local_backtest_fail",
      "local_backtest_fail",
      "local_backtest_fail",
      "local_backtest_fail"
    ],
    "recentRepairResults": [
      {
        "repairKind": "risk_logic_repair",
        "result": "success",
        "repairedCandidateId": "cand-43144528",
        "summary": "Requested risk_logic_repair after local_backtest_fail."
      },
      {
        "repairKind": "risk_logic_repair",
        "result": "success",
        "repairedCandidateId": "cand-bd0b9f0a",
        "summary": "Requested risk_logic_repair after local_backtest_fail."
      },
      {
        "repairKind": "archive_gap_redirect",
        "result": "success",
        "repairedCandidateId": "cand-6c413d8e",
        "summary": "Requested archive_gap_redirect after local_backtest_fail."
      },
      {
        "repairKind": "risk_logic_repair",
        "result": "success",
        "repairedCandidateId": "cand-3d990470",
        "summary": "Requested risk_logic_repair after local_backtest_fail."
      },
      {
        "repairKind": "risk_logic_repair",
        "result": "success",
        "repairedCandidateId": "cand-385a5c98",
        "summary": "Requested risk_logic_repair after local_backtest_fail."
      }
    ],
    "scoreFeedbackObserved": true,
    "stage6Readiness": {
      "generatedAt": "2026-04-30T05:22:53.680Z",
      "evaluated": true,
      "passed": true,
      "mode": "deterministic",
      "countRequested": 10,
      "countCompleted": 10,
      "countFailed": 0,
      "activeChampionCandidateId": "cand-a64e2088",
      "freshBootstrapPassed": true,
      "multiIterationPassed": true,
      "rootIsolationPassed": true,
      "repairTraceabilityPassed": true,
      "calibrationQueuePassed": true,
      "scoreFeedbackPassed": true,
      "feedbackClosureRequired": false,
      "calibrationMode": "queue_only",
      "ledgerValidationPassed": true,
      "indexVerificationPassed": true,
      "rootIsolationStatus": {
        "status": "passed",
        "customStateRoot": "C:\\Users\\hanji\\AppData\\Local\\Temp\\af-stage6-state-YAZZ8Y",
        "defaultWorkspaceStateRoot": "C:\\Users\\hanji\\AppData\\Local\\Temp\\af-stage6-workspace-Nnkt1H\\state\\pi-autoresearch",
        "customContextExists": true,
        "defaultWorkspaceStateHasArtifacts": false
      },
      "repairTraceabilityStatus": {
        "status": "passed",
        "successfulRepairCount": 10,
        "successfulRepairsWithoutCandidateCount": 0
      },
      "feedbackClosureStatus": {
        "status": "passed",
        "required": false,
        "promptFeedbackObserved": true,
        "scoreBreakdownFeedbackObserved": false,
        "divergenceCount": 0,
        "confidenceUpdateCount": 0
      },
      "evidence": {
        "tempWorkspaceRoot": null,
        "tempStateRoot": null,
        "localEvaluationCount": 19,
        "headEventCount": 2,
        "archiveEventCount": 11,
        "calibrationEventCount": 2,
        "mutationBriefCount": 18,
        "problemEventCount": 18,
        "repairAttemptCount": 10,
        "deadlineBreachCount": 0
      },
      "warnings": []
    },
    "lastStage6GatePassed": true,
    "rootIsolationStatus": {
      "status": "passed",
      "customStateRoot": "C:\\Users\\hanji\\AppData\\Local\\Temp\\af-stage6-state-YAZZ8Y",
      "defaultWorkspaceStateRoot": "C:\\Users\\hanji\\AppData\\Local\\Temp\\af-stage6-workspace-Nnkt1H\\state\\pi-autoresearch",
      "customContextExists": true,
      "defaultWorkspaceStateHasArtifacts": false
    },
    "repairTraceabilityStatus": {
      "status": "passed",
      "successfulRepairCount": 10,
      "successfulRepairsWithoutCandidateCount": 0
    },
    "feedbackClosureStatus": {
      "status": "passed",
      "required": false,
      "promptFeedbackObserved": true,
      "scoreBreakdownFeedbackObserved": false,
      "divergenceCount": 0,
      "confidenceUpdateCount": 0
    },
    "nextPlannedAction": "local_compatibility_repair",
    "loopMode": "local-first",
    "defaultOperationalView": "v3_autonomous_local_first",
    "projectRoot": "C:\\Users\\hanji\\Desktop\\AF",
    "workspaceRoot": "C:\\Users\\hanji\\Desktop\\AF",
    "stateRoot": "C:\\Users\\hanji\\Desktop\\AF\\state\\pi-autoresearch",
    "traceRoot": "C:\\Users\\hanji\\Desktop\\AF\\state\\pi-autoresearch\\traces",
    "artifactRoot": "C:\\Users\\hanji\\Desktop\\AF\\state\\pi-autoresearch\\artifacts",
    "evidenceRoot": "C:\\Users\\hanji\\Desktop\\AF\\state\\pi-autoresearch\\evidence",
    "runtimeRoot": "C:\\Users\\hanji\\Desktop\\AF\\state\\pi-autoresearch\\runtime",
    "tvVerificationCount": 28,
    "tvHealth": "unavailable",
    "calibrationAutoProcess": false,
    "calibrationMode": "queue_only",
    "lastTvSurfaceFailure": {
      "candidateId": "cand-c6235b65",
      "decision": "tv_surface_failure",
      "iteration": 279,
      "tvCalibrationStatus": "surface_failure",
      "recordedAt": "2026-04-29T18:46:19.526Z"
    },
    "humanOverride": false
  },
  "tracePath": "C:\\Users\\hanji\\Desktop\\AF\\state\\pi-autoresearch\\traces\\run-autonomous-loop-2026-05-01T02-33-25-593Z-trace-9c996e9e.jsonl"
}
[2026-05-01T11:35:45.0308253+09:00] iteration 21: run-autonomous-loop exit=0
[2026-05-01T11:35:45.0318252+09:00] iteration 21: validate-ledger start
??injected env (11) from .env // tip: ??multiple files { path: ['.env.local', '.env'] }
[ledger.validation] validate-ledger | Ledger validation completed | 2026-05-01T02:35:49.213Z
{
  "ok": true,
  "errorCount": 0,
  "warningCount": 6,
  "issues": [
    {
      "severity": "warning",
      "scope": "experiment-record-meta",
      "recordId": "cand-f918d6d8",
      "message": "recordHash does not match the serialized experiment record."
    },
    {
      "severity": "warning",
      "scope": "experiment-record-meta",
      "recordId": "cand-3f99a396",
      "message": "recordHash does not match the serialized experiment record."
    },
    {
      "severity": "warning",
      "scope": "experiment-record-meta",
      "recordId": "cand-93a71a19",
      "message": "recordHash does not match the serialized experiment record."
    },
    {
      "severity": "warning",
      "scope": "experiment-record-meta",
      "recordId": "cand-560e2d3b",
      "message": "recordHash does not match the serialized experiment record."
    },
    {
      "severity": "warning",
      "scope": "experiment-record-meta",
      "recordId": "cand-24b4021d",
      "message": "recordHash does not match the serialized experiment record."
    },
    {
      "severity": "warning",
      "scope": "candidate-dedup",
      "recordId": "bfee8f4eb7eabba2047b8b2270beef764a3942811cda8134d75c15c171c0c26a",
      "message": "Duplicate candidate source hash detected across ids: cand-2a5e6ffe, cand-51397d04, cand-9cbc4c5f, cand-a93778fa, cand-bbb67c15, cand-fdc1ae65"
    }
  ],
  "summary": {
    "experiments": 632,
    "candidates": 582,
    "taskBatches": 131
  },
  "stateRoot": "C:\\Users\\hanji\\Desktop\\AF\\state\\pi-autoresearch",
  "tracePath": "C:\\Users\\hanji\\Desktop\\AF\\state\\pi-autoresearch\\traces\\validate-ledger-2026-05-01T02-35-45-304Z-trace-5e634e1f.jsonl"
}
[2026-05-01T11:35:49.3067886+09:00] iteration 21: validate-ledger exit=0
[2026-05-01T11:35:49.3081182+09:00] iteration 21: rebuild-indexes --verify start
??injected env (11) from .env // tip: ??custom filepath { path: '/custom/path/.env' }
[?몃뜳???ъ깮???쒖옉] ?몃뜳???ъ깮??| ?뚯깮 ?몃뜳?ㅻ? ?ъ깮?깊빀?덈떎. state: C:\Users\hanji\Desktop\AF\state\pi-autoresearch | 2026-05-01T02:35:51.672Z
[?몃뜳???ъ깮???꾨즺] ?몃뜳???ъ깮??| ?뚯깮 ?몃뜳???ъ깮?깆쓣 留덉낀?듬땲?? state: C:\Users\hanji\Desktop\AF\state\pi-autoresearch | 2026-05-01T02:36:03.373Z
{
  "rebuilt": true,
  "stateRoot": "C:\\Users\\hanji\\Desktop\\AF\\state\\pi-autoresearch",
  "autonomousState": {
    "generatedAt": "2026-05-01T02:35:55.727Z",
    "activeChampionCandidateId": "cand-42ed2fa4",
    "activeChampionScore": 0.7879,
    "activeChampionDecision": "local_candidate_eligible",
    "championOrigin": "autonomous",
    "researchMaturity": "steady_state",
    "selectedBy": "auto_policy",
    "selectionPolicyVersion": "autonomous-local-first/v3-p0",
    "objectivePolicyVersion": "objective.qqq-120m/v1",
    "headEventCount": 2,
    "archiveEventCount": 318,
    "calibrationEventCount": 330,
    "calibrationCandidateCount": 302,
    "divergenceCount": 27,
    "localConfidenceUpdateCount": 27,
    "problemEventCount": 215,
    "repairAttemptCount": 108,
    "localEvaluationCount": 412,
    "localEligibleCount": 233,
    "bootstrapCompatibleCount": 0,
    "bootstrapEligibleCount": 0,
    "bootstrapStatus": "not_started",
    "bootstrapSource": null,
    "bootstrapReason": null,
    "localRejectedCount": 174,
    "topBlockingReason": "low_trade_count",
    "pendingCalibrationCandidateCount": 274,
    "pendingCalibrationCandidateIds": [
      "cand-0e6a0180",
      "cand-9f33e80b",
      "cand-772d8a1e",
      "cand-f28d2e01",
      "cand-9a5dbcc7",
      "cand-b01be933",
      "cand-0a692f84",
      "cand-4f8faae3",
      "cand-35a74bba",
      "cand-c6b25611",
      "cand-ccdae17b",
      "cand-b8102dcd",
      "cand-8a1fe27b",
      "cand-ebbdd6a9",
      "cand-80dfaaa1",
      "cand-03f30a70",
      "cand-2f290563",
      "cand-e76cded5",
      "cand-710d8bc6",
      "cand-dd7e63cf",
      "cand-949bf032",
      "cand-b14595e0",
      "cand-90dc4ec3",
      "cand-f1103886",
      "cand-77224b87",
      "cand-55f47b32",
      "cand-cb18c54a",
      "cand-8a1a7cf2",
      "cand-db12aa7d",
      "cand-eb3175fc",
      "cand-ce89005b",
      "cand-b333865d",
      "cand-14f5f8ff",
      "cand-87a7fa06",
      "cand-609d9f19",
      "cand-09a0ae17",
      "cand-fbb3fb78",
      "cand-7bff0c1a",
      "cand-6e976c42",
      "cand-eaf67b92",
      "cand-ea5075a8",
      "cand-c0d6f969",
      "cand-946579c0",
      "cand-1638111b",
      "cand-840b49c0",
      "cand-a1b63e8c",
      "cand-d3fa966c",
      "cand-af6ef21e",
      "cand-c5832df6",
      "cand-57321a8c",
      "cand-3004b0f8",
      "cand-00644032",
      "cand-6272ab0f",
      "cand-7b341ad0",
      "cand-5c90b0de",
      "cand-350b7e7b",
      "cand-05218055",
      "cand-6ebbd52a",
      "cand-9edd626e",
      "cand-5d685d8a",
      "cand-addb3d5a",
      "cand-1a03e904",
      "cand-935b6a7d",
      "cand-11e460d8",
      "cand-58484f09",
      "cand-c3549cdc",
      "cand-e000c048",
      "cand-5927e5ca",
      "cand-7ae4d6eb",
      "cand-bd3c959f",
      "cand-ad98c7fd",
      "cand-a3456179",
      "cand-fa19c7db",
      "cand-8211114e",
      "cand-737e8acc",
      "cand-9ae5abb8",
      "cand-f68c494c",
      "cand-0cb06744",
      "cand-c4540c5e",
      "cand-887ba798",
      "cand-334ff9ed",
      "cand-1e7bb092",
      "cand-940106ac",
      "cand-b1575fba",
      "cand-1c1cb560",
      "cand-2ba5ca56",
      "cand-4e158d7d",
      "cand-ee1867a5",
      "cand-ccf655ee",
      "cand-2f2f67f1",
      "cand-dd0d4883",
      "cand-9e390b78",
      "cand-2b509e63",
      "cand-a42bb737",
      "cand-ba65a405",
      "cand-95b5fcb4",
      "cand-c1decc14",
      "cand-fad40100",
      "cand-3d99c3c3",
      "cand-ed6ed300",
      "cand-36473405",
      "cand-32556840",
      "cand-056beb3f",
      "cand-fef34f1d",
      "cand-4e58abee",
      "cand-6c095f1d",
      "cand-72fdbd0a",
      "cand-1a73f98c",
      "cand-60e5fb9a",
      "cand-fbd6e1cd",
      "cand-6fa9e64c",
      "cand-b3ce6dfd",
      "cand-d7b18242",
      "cand-cddf1147",
      "cand-a2b17756",
      "cand-4106d658",
      "cand-bf2319b1",
      "cand-1be3a1ed",
      "cand-ec8276d1",
      "cand-66da2fad",
      "cand-10487d69",
      "cand-a0b082a6",
      "cand-e1c37158",
      "cand-3924bc09",
      "cand-c5a37a36",
      "cand-9f921b3b",
      "cand-976660f2",
      "cand-1fd659d1",
      "cand-1ebe3284",
      "cand-a05583cb",
      "cand-68e1f6c0",
      "cand-939bafa7",
      "cand-5dfb966e",
      "cand-ec9d7a77",
      "cand-c9bd8a69",
      "cand-cad467d1",
      "cand-30ca4ecf",
      "cand-274a3d78",
      "cand-8f6a1544",
      "cand-be21675f",
      "cand-17c07e8f",
      "cand-60166f81",
      "cand-8f82de94",
      "cand-42460886",
      "cand-9295e93d",
      "cand-5a54f71c",
      "cand-a12eacdf",
      "cand-5b236726",
      "cand-dbfe05b6",
      "cand-eb4f9103",
      "cand-294a8337",
      "cand-54d331f7",
      "cand-303f93be",
      "cand-64ceccd8",
      "cand-82301049",
      "cand-cb926322",
      "cand-9740ccd3",
      "cand-45f69d7a",
      "cand-8195e18c",
      "cand-9ad02865",
      "cand-b0561318",
      "cand-77645d5d",
      "cand-3913b48a",
      "cand-d8c529f0",
      "cand-3e0617a5",
      "cand-796b47d8",
      "cand-da5bc8a6",
      "cand-6385aa99",
      "cand-ce0fb6b8",
      "cand-f53efe87",
      "cand-541078ba",
      "cand-102cde43",
      "cand-99a518c8",
      "cand-45eae1ed",
      "cand-5fa9bbca",
      "cand-58a6bc67",
      "cand-e2e95d0b",
      "cand-e7d44996",
      "cand-4fd1f661",
      "cand-f8a32482",
      "cand-65221fbc",
      "cand-0dcbc429",
      "cand-7237f414",
      "cand-13ab4eb7",
      "cand-03a62626",
      "cand-74403bc5",
      "cand-08afa655",
      "cand-8fc0ffa2",
      "cand-6b8a91fa",
      "cand-6b160ae4",
      "cand-e4ab8440",
      "cand-292c094d",
      "cand-bf066e31",
      "cand-bf45bffc",
      "cand-33777180",
      "cand-67548c32",
      "cand-af1ed124",
      "cand-fd3f325b",
      "cand-e8320fab",
      "cand-51877b36",
      "cand-f80d7394",
      "cand-d2b04e0c",
      "cand-d865401d",
      "cand-c2337d4e",
      "cand-bd0f8191",
      "cand-2e68882f",
      "cand-94bc57ed",
      "cand-93a15ca5",
      "cand-197cf126",
      "cand-4e21422c",
      "cand-cc3ed2d8",
      "cand-ad84fefa",
      "cand-e3e4e13a",
      "cand-6d2901b8",
      "cand-c7985187",
      "cand-a3fa7fcf",
      "cand-2181b4f2",
      "cand-e803ef34",
      "cand-cc7eb308",
      "cand-8c710851",
      "cand-8045892e",
      "cand-17273829",
      "cand-e3d89e08",
      "cand-118d9dbb",
      "cand-1a318968",
      "cand-5665b571",
      "cand-80f55e73",
      "cand-74341bb6",
      "cand-6a470e0a",
      "cand-bac89ce5",
      "cand-9a0a92b6",
      "cand-91ef422b",
      "cand-63b039ec",
      "cand-5f4ecea5",
      "cand-eb5c0c9f",
      "cand-f7398180",
      "cand-b8e26ed1",
      "cand-97e78627",
      "cand-8cfb97d5",
      "cand-2c409867",
      "cand-990db2d3",
      "cand-d3505cb8",
      "cand-c99b76d2",
      "cand-49bf1eca",
      "cand-a32fd47a",
      "cand-60aab7fe",
      "cand-3f27c596",
      "cand-7d7ec144",
      "cand-dbed99a3",
      "cand-a5ddec79",
      "cand-f35eb742",
      "cand-df9c33cc",
      "cand-3bde95a6",
      "cand-5e145275",
      "cand-93924d92",
      "cand-de4d3ae4",
      "cand-6f7e7135",
      "cand-8c77c5e2",
      "cand-ed7049a5",
      "cand-cc2ebf60",
      "cand-880d9c3b",
      "cand-43144528",
      "cand-13019569",
      "cand-6125b79f",
      "cand-df4acc55",
      "cand-21300a79",
      "cand-bd0b9f0a",
      "cand-6c413d8e",
      "cand-3d990470",
      "cand-8a81d15e",
      "cand-385a5c98",
      "cand-ce602264",
      "cand-19b9feeb",
      "cand-1b5527d4"
    ],
    "recentProblemKinds": [
      "local_backtest_fail",
      "local_backtest_fail",
      "local_backtest_fail",
      "local_backtest_fail",
      "local_backtest_fail"
    ],
    "recentRepairResults": [
      {
        "repairKind": "risk_logic_repair",
        "result": "success",
        "repairedCandidateId": "cand-43144528",
        "summary": "Requested risk_logic_repair after local_backtest_fail."
      },
      {
        "repairKind": "risk_logic_repair",
        "result": "success",
        "repairedCandidateId": "cand-bd0b9f0a",
        "summary": "Requested risk_logic_repair after local_backtest_fail."
      },
      {
        "repairKind": "archive_gap_redirect",
        "result": "success",
        "repairedCandidateId": "cand-6c413d8e",
        "summary": "Requested archive_gap_redirect after local_backtest_fail."
      },
      {
        "repairKind": "risk_logic_repair",
        "result": "success",
        "repairedCandidateId": "cand-3d990470",
        "summary": "Requested risk_logic_repair after local_backtest_fail."
      },
      {
        "repairKind": "risk_logic_repair",
        "result": "success",
        "repairedCandidateId": "cand-385a5c98",
        "summary": "Requested risk_logic_repair after local_backtest_fail."
      }
    ],
    "scoreFeedbackObserved": true,
    "stage6Readiness": {
      "generatedAt": "2026-04-30T05:22:53.680Z",
      "evaluated": true,
      "passed": true,
      "mode": "deterministic",
      "countRequested": 10,
      "countCompleted": 10,
      "countFailed": 0,
      "activeChampionCandidateId": "cand-a64e2088",
      "freshBootstrapPassed": true,
      "multiIterationPassed": true,
      "rootIsolationPassed": true,
      "repairTraceabilityPassed": true,
      "calibrationQueuePassed": true,
      "scoreFeedbackPassed": true,
      "feedbackClosureRequired": false,
      "calibrationMode": "queue_only",
      "ledgerValidationPassed": true,
      "indexVerificationPassed": true,
      "rootIsolationStatus": {
        "status": "passed",
        "customStateRoot": "C:\\Users\\hanji\\AppData\\Local\\Temp\\af-stage6-state-YAZZ8Y",
        "defaultWorkspaceStateRoot": "C:\\Users\\hanji\\AppData\\Local\\Temp\\af-stage6-workspace-Nnkt1H\\state\\pi-autoresearch",
        "customContextExists": true,
        "defaultWorkspaceStateHasArtifacts": false
      },
      "repairTraceabilityStatus": {
        "status": "passed",
        "successfulRepairCount": 10,
        "successfulRepairsWithoutCandidateCount": 0
      },
      "feedbackClosureStatus": {
        "status": "passed",
        "required": false,
        "promptFeedbackObserved": true,
        "scoreBreakdownFeedbackObserved": false,
        "divergenceCount": 0,
        "confidenceUpdateCount": 0
      },
      "evidence": {
        "tempWorkspaceRoot": null,
        "tempStateRoot": null,
        "localEvaluationCount": 19,
        "headEventCount": 2,
        "archiveEventCount": 11,
        "calibrationEventCount": 2,
        "mutationBriefCount": 18,
        "problemEventCount": 18,
        "repairAttemptCount": 10,
        "deadlineBreachCount": 0
      },
      "warnings": []
    },
    "lastStage6GatePassed": true,
    "rootIsolationStatus": {
      "status": "passed",
      "customStateRoot": "C:\\Users\\hanji\\AppData\\Local\\Temp\\af-stage6-state-YAZZ8Y",
      "defaultWorkspaceStateRoot": "C:\\Users\\hanji\\AppData\\Local\\Temp\\af-stage6-workspace-Nnkt1H\\state\\pi-autoresearch",
      "customContextExists": true,
      "defaultWorkspaceStateHasArtifacts": false
    },
    "repairTraceabilityStatus": {
      "status": "passed",
      "successfulRepairCount": 10,
      "successfulRepairsWithoutCandidateCount": 0
    },
    "feedbackClosureStatus": {
      "status": "passed",
      "required": false,
      "promptFeedbackObserved": true,
      "scoreBreakdownFeedbackObserved": false,
      "divergenceCount": 0,
      "confidenceUpdateCount": 0
    },
    "nextPlannedAction": "local_compatibility_repair",
    "loopMode": "local-first",
    "defaultOperationalView": "v3_autonomous_local_first",
    "projectRoot": "C:\\Users\\hanji\\Desktop\\AF",
    "workspaceRoot": "C:\\Users\\hanji\\Desktop\\AF",
    "stateRoot": "C:\\Users\\hanji\\Desktop\\AF\\state\\pi-autoresearch",
    "traceRoot": "C:\\Users\\hanji\\Desktop\\AF\\state\\pi-autoresearch\\traces",
    "artifactRoot": "C:\\Users\\hanji\\Desktop\\AF\\state\\pi-autoresearch\\artifacts",
    "evidenceRoot": "C:\\Users\\hanji\\Desktop\\AF\\state\\pi-autoresearch\\evidence",
    "runtimeRoot": "C:\\Users\\hanji\\Desktop\\AF\\state\\pi-autoresearch\\runtime",
    "tvVerificationCount": 28,
    "tvHealth": "unavailable",
    "calibrationAutoProcess": false,
    "calibrationMode": "queue_only",
    "lastTvSurfaceFailure": {
      "candidateId": "cand-c6235b65",
      "decision": "tv_surface_failure",
      "iteration": 279,
      "tvCalibrationStatus": "surface_failure",
      "recordedAt": "2026-04-29T18:46:19.526Z"
    },
    "humanOverride": false
  },
  "verification": {
    "ok": true,
    "issues": []
  },
  "tracePath": "C:\\Users\\hanji\\Desktop\\AF\\state\\pi-autoresearch\\traces\\rebuild-indexes-2026-05-01T02-35-49-544Z-trace-3c59ce0d.jsonl"
}
[2026-05-01T11:36:03.5712082+09:00] iteration 21: rebuild-indexes --verify exit=0
[2026-05-01T11:36:13.5847255+09:00] iteration 22: run-autonomous-loop start
??injected env (11) from .env // tip: ??auth for agents [www.vestauth.com]
[autonomous.loop.start] run-autonomous-loop | Starting autonomous local-first loop | 2026-05-01T02:36:13.828Z
[iteration.started] run-autonomous-loop | Starting autonomous iteration | 2026-05-01T02:36:13.830Z
[phase.started] run-autonomous-loop | Initializing autonomous workspace | 2026-05-01T02:36:13.832Z
[phase.completed] run-autonomous-loop | Initializing autonomous workspace | 2026-05-01T02:36:16.311Z
[phase.started] run-autonomous-loop | Generating autonomous mutation candidate | 2026-05-01T02:36:17.966Z
[autonomous.mutation.request] run-autonomous-loop | Sending autonomous mutation request | 2026-05-01T02:36:17.967Z
[phase.completed] run-autonomous-loop | Generating autonomous mutation candidate | 2026-05-01T02:38:25.348Z
[phase.started] run-autonomous-loop | Evaluating autonomous candidate locally | 2026-05-01T02:38:25.349Z
[autonomous.market_context_ready] run-autonomous-loop | Local-first market context is ready | 2026-05-01T02:38:25.356Z
[autonomous.local_evaluation] run-autonomous-loop | Local autonomous evaluation completed | 2026-05-01T02:38:25.434Z
[phase.completed] run-autonomous-loop | Evaluating autonomous candidate locally | 2026-05-01T02:38:25.474Z
[phase.started] run-autonomous-loop | Repairing autonomous candidate after local failure | 2026-05-01T02:38:25.474Z
[phase.completed] run-autonomous-loop | Repairing autonomous candidate after local failure | 2026-05-01T02:40:20.140Z
[phase.started] run-autonomous-loop | Evaluating repaired autonomous candidate locally | 2026-05-01T02:40:21.705Z
[autonomous.market_context_ready] run-autonomous-loop | Local-first market context is ready | 2026-05-01T02:40:21.711Z
[autonomous.local_evaluation] run-autonomous-loop | Local autonomous evaluation completed | 2026-05-01T02:40:21.760Z
[phase.completed] run-autonomous-loop | Evaluating repaired autonomous candidate locally | 2026-05-01T02:40:21.788Z
[phase.started] run-autonomous-loop | Updating autonomous archive views | 2026-05-01T02:40:21.789Z
[phase.completed] run-autonomous-loop | Updating autonomous archive views | 2026-05-01T02:40:21.793Z
[phase.started] run-autonomous-loop | Queueing candidate for TradingView calibration | 2026-05-01T02:40:21.793Z
[phase.completed] run-autonomous-loop | Queueing candidate for TradingView calibration | 2026-05-01T02:40:21.797Z
[phase.started] run-autonomous-loop | Selecting active autonomous champion | 2026-05-01T02:40:22.987Z
[phase.completed] run-autonomous-loop | Selecting active autonomous champion | 2026-05-01T02:40:23.882Z
[phase.started] run-autonomous-loop | Rebuilding derived autonomous views | 2026-05-01T02:40:23.883Z
[phase.completed] run-autonomous-loop | Rebuilding derived autonomous views | 2026-05-01T02:40:26.433Z
[iteration.completed] run-autonomous-loop | Autonomous iteration completed | 2026-05-01T02:40:26.433Z
{
  "countRequested": 1,
  "countCompleted": 1,
  "countFailed": 0,
  "results": [
    {
      "runId": "autonomous-1777602973831",
      "iteration": 633,
      "candidateId": "cand-1430f563",
      "localDecision": "local_candidate_rejected",
      "activeChampionChanged": false,
      "activeChampionCandidateId": "cand-42ed2fa4"
    }
  ],
  "deadlineBreaches": [],
  "autonomousState": {
    "generatedAt": "2026-05-01T02:40:28.222Z",
    "activeChampionCandidateId": "cand-42ed2fa4",
    "activeChampionScore": 0.7879,
    "activeChampionDecision": "local_candidate_eligible",
    "championOrigin": "autonomous",
    "researchMaturity": "steady_state",
    "selectedBy": "auto_policy",
    "selectionPolicyVersion": "autonomous-local-first/v3-p0",
    "objectivePolicyVersion": "objective.qqq-120m/v1",
    "headEventCount": 2,
    "archiveEventCount": 319,
    "calibrationEventCount": 331,
    "calibrationCandidateCount": 303,
    "divergenceCount": 27,
    "localConfidenceUpdateCount": 27,
    "problemEventCount": 217,
    "repairAttemptCount": 109,
    "localEvaluationCount": 414,
    "localEligibleCount": 233,
    "bootstrapCompatibleCount": 0,
    "bootstrapEligibleCount": 0,
    "bootstrapStatus": "not_started",
    "bootstrapSource": null,
    "bootstrapReason": null,
    "localRejectedCount": 176,
    "topBlockingReason": "low_trade_count",
    "pendingCalibrationCandidateCount": 275,
    "pendingCalibrationCandidateIds": [
      "cand-0e6a0180",
      "cand-9f33e80b",
      "cand-772d8a1e",
      "cand-f28d2e01",
      "cand-9a5dbcc7",
      "cand-b01be933",
      "cand-0a692f84",
      "cand-4f8faae3",
      "cand-35a74bba",
      "cand-c6b25611",
      "cand-ccdae17b",
      "cand-b8102dcd",
      "cand-8a1fe27b",
      "cand-ebbdd6a9",
      "cand-80dfaaa1",
      "cand-03f30a70",
      "cand-2f290563",
      "cand-e76cded5",
      "cand-710d8bc6",
      "cand-dd7e63cf",
      "cand-949bf032",
      "cand-b14595e0",
      "cand-90dc4ec3",
      "cand-f1103886",
      "cand-77224b87",
      "cand-55f47b32",
      "cand-cb18c54a",
      "cand-8a1a7cf2",
      "cand-db12aa7d",
      "cand-eb3175fc",
      "cand-ce89005b",
      "cand-b333865d",
      "cand-14f5f8ff",
      "cand-87a7fa06",
      "cand-609d9f19",
      "cand-09a0ae17",
      "cand-fbb3fb78",
      "cand-7bff0c1a",
      "cand-6e976c42",
      "cand-eaf67b92",
      "cand-ea5075a8",
      "cand-c0d6f969",
      "cand-946579c0",
      "cand-1638111b",
      "cand-840b49c0",
      "cand-a1b63e8c",
      "cand-d3fa966c",
      "cand-af6ef21e",
      "cand-c5832df6",
      "cand-57321a8c",
      "cand-3004b0f8",
      "cand-00644032",
      "cand-6272ab0f",
      "cand-7b341ad0",
      "cand-5c90b0de",
      "cand-350b7e7b",
      "cand-05218055",
      "cand-6ebbd52a",
      "cand-9edd626e",
      "cand-5d685d8a",
      "cand-addb3d5a",
      "cand-1a03e904",
      "cand-935b6a7d",
      "cand-11e460d8",
      "cand-58484f09",
      "cand-c3549cdc",
      "cand-e000c048",
      "cand-5927e5ca",
      "cand-7ae4d6eb",
      "cand-bd3c959f",
      "cand-ad98c7fd",
      "cand-a3456179",
      "cand-fa19c7db",
      "cand-8211114e",
      "cand-737e8acc",
      "cand-9ae5abb8",
      "cand-f68c494c",
      "cand-0cb06744",
      "cand-c4540c5e",
      "cand-887ba798",
      "cand-334ff9ed",
      "cand-1e7bb092",
      "cand-940106ac",
      "cand-b1575fba",
      "cand-1c1cb560",
      "cand-2ba5ca56",
      "cand-4e158d7d",
      "cand-ee1867a5",
      "cand-ccf655ee",
      "cand-2f2f67f1",
      "cand-dd0d4883",
      "cand-9e390b78",
      "cand-2b509e63",
      "cand-a42bb737",
      "cand-ba65a405",
      "cand-95b5fcb4",
      "cand-c1decc14",
      "cand-fad40100",
      "cand-3d99c3c3",
      "cand-ed6ed300",
      "cand-36473405",
      "cand-32556840",
      "cand-056beb3f",
      "cand-fef34f1d",
      "cand-4e58abee",
      "cand-6c095f1d",
      "cand-72fdbd0a",
      "cand-1a73f98c",
      "cand-60e5fb9a",
      "cand-fbd6e1cd",
      "cand-6fa9e64c",
      "cand-b3ce6dfd",
      "cand-d7b18242",
      "cand-cddf1147",
      "cand-a2b17756",
      "cand-4106d658",
      "cand-bf2319b1",
      "cand-1be3a1ed",
      "cand-ec8276d1",
      "cand-66da2fad",
      "cand-10487d69",
      "cand-a0b082a6",
      "cand-e1c37158",
      "cand-3924bc09",
      "cand-c5a37a36",
      "cand-9f921b3b",
      "cand-976660f2",
      "cand-1fd659d1",
      "cand-1ebe3284",
      "cand-a05583cb",
      "cand-68e1f6c0",
      "cand-939bafa7",
      "cand-5dfb966e",
      "cand-ec9d7a77",
      "cand-c9bd8a69",
      "cand-cad467d1",
      "cand-30ca4ecf",
      "cand-274a3d78",
      "cand-8f6a1544",
      "cand-be21675f",
      "cand-17c07e8f",
      "cand-60166f81",
      "cand-8f82de94",
      "cand-42460886",
      "cand-9295e93d",
      "cand-5a54f71c",
      "cand-a12eacdf",
      "cand-5b236726",
      "cand-dbfe05b6",
      "cand-eb4f9103",
      "cand-294a8337",
      "cand-54d331f7",
      "cand-303f93be",
      "cand-64ceccd8",
      "cand-82301049",
      "cand-cb926322",
      "cand-9740ccd3",
      "cand-45f69d7a",
      "cand-8195e18c",
      "cand-9ad02865",
      "cand-b0561318",
      "cand-77645d5d",
      "cand-3913b48a",
      "cand-d8c529f0",
      "cand-3e0617a5",
      "cand-796b47d8",
      "cand-da5bc8a6",
      "cand-6385aa99",
      "cand-ce0fb6b8",
      "cand-f53efe87",
      "cand-541078ba",
      "cand-102cde43",
      "cand-99a518c8",
      "cand-45eae1ed",
      "cand-5fa9bbca",
      "cand-58a6bc67",
      "cand-e2e95d0b",
      "cand-e7d44996",
      "cand-4fd1f661",
      "cand-f8a32482",
      "cand-65221fbc",
      "cand-0dcbc429",
      "cand-7237f414",
      "cand-13ab4eb7",
      "cand-03a62626",
      "cand-74403bc5",
      "cand-08afa655",
      "cand-8fc0ffa2",
      "cand-6b8a91fa",
      "cand-6b160ae4",
      "cand-e4ab8440",
      "cand-292c094d",
      "cand-bf066e31",
      "cand-bf45bffc",
      "cand-33777180",
      "cand-67548c32",
      "cand-af1ed124",
      "cand-fd3f325b",
      "cand-e8320fab",
      "cand-51877b36",
      "cand-f80d7394",
      "cand-d2b04e0c",
      "cand-d865401d",
      "cand-c2337d4e",
      "cand-bd0f8191",
      "cand-2e68882f",
      "cand-94bc57ed",
      "cand-93a15ca5",
      "cand-197cf126",
      "cand-4e21422c",
      "cand-cc3ed2d8",
      "cand-ad84fefa",
      "cand-e3e4e13a",
      "cand-6d2901b8",
      "cand-c7985187",
      "cand-a3fa7fcf",
      "cand-2181b4f2",
      "cand-e803ef34",
      "cand-cc7eb308",
      "cand-8c710851",
      "cand-8045892e",
      "cand-17273829",
      "cand-e3d89e08",
      "cand-118d9dbb",
      "cand-1a318968",
      "cand-5665b571",
      "cand-80f55e73",
      "cand-74341bb6",
      "cand-6a470e0a",
      "cand-bac89ce5",
      "cand-9a0a92b6",
      "cand-91ef422b",
      "cand-63b039ec",
      "cand-5f4ecea5",
      "cand-eb5c0c9f",
      "cand-f7398180",
      "cand-b8e26ed1",
      "cand-97e78627",
      "cand-8cfb97d5",
      "cand-2c409867",
      "cand-990db2d3",
      "cand-d3505cb8",
      "cand-c99b76d2",
      "cand-49bf1eca",
      "cand-a32fd47a",
      "cand-60aab7fe",
      "cand-3f27c596",
      "cand-7d7ec144",
      "cand-dbed99a3",
      "cand-a5ddec79",
      "cand-f35eb742",
      "cand-df9c33cc",
      "cand-3bde95a6",
      "cand-5e145275",
      "cand-93924d92",
      "cand-de4d3ae4",
      "cand-6f7e7135",
      "cand-8c77c5e2",
      "cand-ed7049a5",
      "cand-cc2ebf60",
      "cand-880d9c3b",
      "cand-43144528",
      "cand-13019569",
      "cand-6125b79f",
      "cand-df4acc55",
      "cand-21300a79",
      "cand-bd0b9f0a",
      "cand-6c413d8e",
      "cand-3d990470",
      "cand-8a81d15e",
      "cand-385a5c98",
      "cand-ce602264",
      "cand-19b9feeb",
      "cand-1b5527d4",
      "cand-1430f563"
    ],
    "recentProblemKinds": [
      "local_backtest_fail",
      "local_backtest_fail",
      "local_backtest_fail",
      "local_backtest_fail",
      "local_backtest_fail"
    ],
    "recentRepairResults": [
      {
        "repairKind": "risk_logic_repair",
        "result": "success",
        "repairedCandidateId": "cand-bd0b9f0a",
        "summary": "Requested risk_logic_repair after local_backtest_fail."
      },
      {
        "repairKind": "archive_gap_redirect",
        "result": "success",
        "repairedCandidateId": "cand-6c413d8e",
        "summary": "Requested archive_gap_redirect after local_backtest_fail."
      },
      {
        "repairKind": "risk_logic_repair",
        "result": "success",
        "repairedCandidateId": "cand-3d990470",
        "summary": "Requested risk_logic_repair after local_backtest_fail."
      },
      {
        "repairKind": "risk_logic_repair",
        "result": "success",
        "repairedCandidateId": "cand-385a5c98",
        "summary": "Requested risk_logic_repair after local_backtest_fail."
      },
      {
        "repairKind": "risk_logic_repair",
        "result": "success",
        "repairedCandidateId": "cand-1430f563",
        "summary": "Requested risk_logic_repair after local_backtest_fail."
      }
    ],
    "scoreFeedbackObserved": true,
    "stage6Readiness": {
      "generatedAt": "2026-04-30T05:22:53.680Z",
      "evaluated": true,
      "passed": true,
      "mode": "deterministic",
      "countRequested": 10,
      "countCompleted": 10,
      "countFailed": 0,
      "activeChampionCandidateId": "cand-a64e2088",
      "freshBootstrapPassed": true,
      "multiIterationPassed": true,
      "rootIsolationPassed": true,
      "repairTraceabilityPassed": true,
      "calibrationQueuePassed": true,
      "scoreFeedbackPassed": true,
      "feedbackClosureRequired": false,
      "calibrationMode": "queue_only",
      "ledgerValidationPassed": true,
      "indexVerificationPassed": true,
      "rootIsolationStatus": {
        "status": "passed",
        "customStateRoot": "C:\\Users\\hanji\\AppData\\Local\\Temp\\af-stage6-state-YAZZ8Y",
        "defaultWorkspaceStateRoot": "C:\\Users\\hanji\\AppData\\Local\\Temp\\af-stage6-workspace-Nnkt1H\\state\\pi-autoresearch",
        "customContextExists": true,
        "defaultWorkspaceStateHasArtifacts": false
      },
      "repairTraceabilityStatus": {
        "status": "passed",
        "successfulRepairCount": 10,
        "successfulRepairsWithoutCandidateCount": 0
      },
      "feedbackClosureStatus": {
        "status": "passed",
        "required": false,
        "promptFeedbackObserved": true,
        "scoreBreakdownFeedbackObserved": false,
        "divergenceCount": 0,
        "confidenceUpdateCount": 0
      },
      "evidence": {
        "tempWorkspaceRoot": null,
        "tempStateRoot": null,
        "localEvaluationCount": 19,
        "headEventCount": 2,
        "archiveEventCount": 11,
        "calibrationEventCount": 2,
        "mutationBriefCount": 18,
        "problemEventCount": 18,
        "repairAttemptCount": 10,
        "deadlineBreachCount": 0
      },
      "warnings": []
    },
    "lastStage6GatePassed": true,
    "rootIsolationStatus": {
      "status": "passed",
      "customStateRoot": "C:\\Users\\hanji\\AppData\\Local\\Temp\\af-stage6-state-YAZZ8Y",
      "defaultWorkspaceStateRoot": "C:\\Users\\hanji\\AppData\\Local\\Temp\\af-stage6-workspace-Nnkt1H\\state\\pi-autoresearch",
      "customContextExists": true,
      "defaultWorkspaceStateHasArtifacts": false
    },
    "repairTraceabilityStatus": {
      "status": "passed",
      "successfulRepairCount": 10,
      "successfulRepairsWithoutCandidateCount": 0
    },
    "feedbackClosureStatus": {
      "status": "passed",
      "required": false,
      "promptFeedbackObserved": true,
      "scoreBreakdownFeedbackObserved": false,
      "divergenceCount": 0,
      "confidenceUpdateCount": 0
    },
    "nextPlannedAction": "local_compatibility_repair",
    "loopMode": "local-first",
    "defaultOperationalView": "v3_autonomous_local_first",
    "projectRoot": "C:\\Users\\hanji\\Desktop\\AF",
    "workspaceRoot": "C:\\Users\\hanji\\Desktop\\AF",
    "stateRoot": "C:\\Users\\hanji\\Desktop\\AF\\state\\pi-autoresearch",
    "traceRoot": "C:\\Users\\hanji\\Desktop\\AF\\state\\pi-autoresearch\\traces",
    "artifactRoot": "C:\\Users\\hanji\\Desktop\\AF\\state\\pi-autoresearch\\artifacts",
    "evidenceRoot": "C:\\Users\\hanji\\Desktop\\AF\\state\\pi-autoresearch\\evidence",
    "runtimeRoot": "C:\\Users\\hanji\\Desktop\\AF\\state\\pi-autoresearch\\runtime",
    "tvVerificationCount": 28,
    "tvHealth": "unavailable",
    "calibrationAutoProcess": false,
    "calibrationMode": "queue_only",
    "lastTvSurfaceFailure": {
      "candidateId": "cand-c6235b65",
      "decision": "tv_surface_failure",
      "iteration": 279,
      "tvCalibrationStatus": "surface_failure",
      "recordedAt": "2026-04-29T18:46:19.526Z"
    },
    "humanOverride": false
  },
  "tracePath": "C:\\Users\\hanji\\Desktop\\AF\\state\\pi-autoresearch\\traces\\run-autonomous-loop-2026-05-01T02-36-13-827Z-trace-ef5e45e6.jsonl"
}
[2026-05-01T11:40:29.2736872+09:00] iteration 22: run-autonomous-loop exit=0
[2026-05-01T11:40:29.2736872+09:00] iteration 22: validate-ledger start
??injected env (11) from .env // tip: ??enable debugging { debug: true }
[ledger.validation] validate-ledger | Ledger validation completed | 2026-05-01T02:40:33.839Z
{
  "ok": true,
  "errorCount": 0,
  "warningCount": 6,
  "issues": [
    {
      "severity": "warning",
      "scope": "experiment-record-meta",
      "recordId": "cand-f918d6d8",
      "message": "recordHash does not match the serialized experiment record."
    },
    {
      "severity": "warning",
      "scope": "experiment-record-meta",
      "recordId": "cand-3f99a396",
      "message": "recordHash does not match the serialized experiment record."
    },
    {
      "severity": "warning",
      "scope": "experiment-record-meta",
      "recordId": "cand-93a71a19",
      "message": "recordHash does not match the serialized experiment record."
    },
    {
      "severity": "warning",
      "scope": "experiment-record-meta",
      "recordId": "cand-560e2d3b",
      "message": "recordHash does not match the serialized experiment record."
    },
    {
      "severity": "warning",
      "scope": "experiment-record-meta",
      "recordId": "cand-24b4021d",
      "message": "recordHash does not match the serialized experiment record."
    },
    {
      "severity": "warning",
      "scope": "candidate-dedup",
      "recordId": "bfee8f4eb7eabba2047b8b2270beef764a3942811cda8134d75c15c171c0c26a",
      "message": "Duplicate candidate source hash detected across ids: cand-2a5e6ffe, cand-51397d04, cand-9cbc4c5f, cand-a93778fa, cand-bbb67c15, cand-fdc1ae65"
    }
  ],
  "summary": {
    "experiments": 634,
    "candidates": 584,
    "taskBatches": 131
  },
  "stateRoot": "C:\\Users\\hanji\\Desktop\\AF\\state\\pi-autoresearch",
  "tracePath": "C:\\Users\\hanji\\Desktop\\AF\\state\\pi-autoresearch\\traces\\validate-ledger-2026-05-01T02-40-29-536Z-trace-7c669cdb.jsonl"
}
[2026-05-01T11:40:33.9114157+09:00] iteration 22: validate-ledger exit=0
[2026-05-01T11:40:33.9114157+09:00] iteration 22: rebuild-indexes --verify start
??injected env (11) from .env // tip: ??suppress logs { quiet: true }
[?몃뜳???ъ깮???쒖옉] ?몃뜳???ъ깮??| ?뚯깮 ?몃뜳?ㅻ? ?ъ깮?깊빀?덈떎. state: C:\Users\hanji\Desktop\AF\state\pi-autoresearch | 2026-05-01T02:40:36.624Z
[?몃뜳???ъ깮???꾨즺] ?몃뜳???ъ깮??| ?뚯깮 ?몃뜳???ъ깮?깆쓣 留덉낀?듬땲?? state: C:\Users\hanji\Desktop\AF\state\pi-autoresearch | 2026-05-01T02:40:49.443Z
{
  "rebuilt": true,
  "stateRoot": "C:\\Users\\hanji\\Desktop\\AF\\state\\pi-autoresearch",
  "autonomousState": {
    "generatedAt": "2026-05-01T02:40:41.150Z",
    "activeChampionCandidateId": "cand-42ed2fa4",
    "activeChampionScore": 0.7879,
    "activeChampionDecision": "local_candidate_eligible",
    "championOrigin": "autonomous",
    "researchMaturity": "steady_state",
    "selectedBy": "auto_policy",
    "selectionPolicyVersion": "autonomous-local-first/v3-p0",
    "objectivePolicyVersion": "objective.qqq-120m/v1",
    "headEventCount": 2,
    "archiveEventCount": 319,
    "calibrationEventCount": 331,
    "calibrationCandidateCount": 303,
    "divergenceCount": 27,
    "localConfidenceUpdateCount": 27,
    "problemEventCount": 217,
    "repairAttemptCount": 109,
    "localEvaluationCount": 414,
    "localEligibleCount": 233,
    "bootstrapCompatibleCount": 0,
    "bootstrapEligibleCount": 0,
    "bootstrapStatus": "not_started",
    "bootstrapSource": null,
    "bootstrapReason": null,
    "localRejectedCount": 176,
    "topBlockingReason": "low_trade_count",
    "pendingCalibrationCandidateCount": 275,
    "pendingCalibrationCandidateIds": [
      "cand-0e6a0180",
      "cand-9f33e80b",
      "cand-772d8a1e",
      "cand-f28d2e01",
      "cand-9a5dbcc7",
      "cand-b01be933",
      "cand-0a692f84",
      "cand-4f8faae3",
      "cand-35a74bba",
      "cand-c6b25611",
      "cand-ccdae17b",
      "cand-b8102dcd",
      "cand-8a1fe27b",
      "cand-ebbdd6a9",
      "cand-80dfaaa1",
      "cand-03f30a70",
      "cand-2f290563",
      "cand-e76cded5",
      "cand-710d8bc6",
      "cand-dd7e63cf",
      "cand-949bf032",
      "cand-b14595e0",
      "cand-90dc4ec3",
      "cand-f1103886",
      "cand-77224b87",
      "cand-55f47b32",
      "cand-cb18c54a",
      "cand-8a1a7cf2",
      "cand-db12aa7d",
      "cand-eb3175fc",
      "cand-ce89005b",
      "cand-b333865d",
      "cand-14f5f8ff",
      "cand-87a7fa06",
      "cand-609d9f19",
      "cand-09a0ae17",
      "cand-fbb3fb78",
      "cand-7bff0c1a",
      "cand-6e976c42",
      "cand-eaf67b92",
      "cand-ea5075a8",
      "cand-c0d6f969",
      "cand-946579c0",
      "cand-1638111b",
      "cand-840b49c0",
      "cand-a1b63e8c",
      "cand-d3fa966c",
      "cand-af6ef21e",
      "cand-c5832df6",
      "cand-57321a8c",
      "cand-3004b0f8",
      "cand-00644032",
      "cand-6272ab0f",
      "cand-7b341ad0",
      "cand-5c90b0de",
      "cand-350b7e7b",
      "cand-05218055",
      "cand-6ebbd52a",
      "cand-9edd626e",
      "cand-5d685d8a",
      "cand-addb3d5a",
      "cand-1a03e904",
      "cand-935b6a7d",
      "cand-11e460d8",
      "cand-58484f09",
      "cand-c3549cdc",
      "cand-e000c048",
      "cand-5927e5ca",
      "cand-7ae4d6eb",
      "cand-bd3c959f",
      "cand-ad98c7fd",
      "cand-a3456179",
      "cand-fa19c7db",
      "cand-8211114e",
      "cand-737e8acc",
      "cand-9ae5abb8",
      "cand-f68c494c",
      "cand-0cb06744",
      "cand-c4540c5e",
      "cand-887ba798",
      "cand-334ff9ed",
      "cand-1e7bb092",
      "cand-940106ac",
      "cand-b1575fba",
      "cand-1c1cb560",
      "cand-2ba5ca56",
      "cand-4e158d7d",
      "cand-ee1867a5",
      "cand-ccf655ee",
      "cand-2f2f67f1",
      "cand-dd0d4883",
      "cand-9e390b78",
      "cand-2b509e63",
      "cand-a42bb737",
      "cand-ba65a405",
      "cand-95b5fcb4",
      "cand-c1decc14",
      "cand-fad40100",
      "cand-3d99c3c3",
      "cand-ed6ed300",
      "cand-36473405",
      "cand-32556840",
      "cand-056beb3f",
      "cand-fef34f1d",
      "cand-4e58abee",
      "cand-6c095f1d",
      "cand-72fdbd0a",
      "cand-1a73f98c",
      "cand-60e5fb9a",
      "cand-fbd6e1cd",
      "cand-6fa9e64c",
      "cand-b3ce6dfd",
      "cand-d7b18242",
      "cand-cddf1147",
      "cand-a2b17756",
      "cand-4106d658",
      "cand-bf2319b1",
      "cand-1be3a1ed",
      "cand-ec8276d1",
      "cand-66da2fad",
      "cand-10487d69",
      "cand-a0b082a6",
      "cand-e1c37158",
      "cand-3924bc09",
      "cand-c5a37a36",
      "cand-9f921b3b",
      "cand-976660f2",
      "cand-1fd659d1",
      "cand-1ebe3284",
      "cand-a05583cb",
      "cand-68e1f6c0",
      "cand-939bafa7",
      "cand-5dfb966e",
      "cand-ec9d7a77",
      "cand-c9bd8a69",
      "cand-cad467d1",
      "cand-30ca4ecf",
      "cand-274a3d78",
      "cand-8f6a1544",
      "cand-be21675f",
      "cand-17c07e8f",
      "cand-60166f81",
      "cand-8f82de94",
      "cand-42460886",
      "cand-9295e93d",
      "cand-5a54f71c",
      "cand-a12eacdf",
      "cand-5b236726",
      "cand-dbfe05b6",
      "cand-eb4f9103",
      "cand-294a8337",
      "cand-54d331f7",
      "cand-303f93be",
      "cand-64ceccd8",
      "cand-82301049",
      "cand-cb926322",
      "cand-9740ccd3",
      "cand-45f69d7a",
      "cand-8195e18c",
      "cand-9ad02865",
      "cand-b0561318",
      "cand-77645d5d",
      "cand-3913b48a",
      "cand-d8c529f0",
      "cand-3e0617a5",
      "cand-796b47d8",
      "cand-da5bc8a6",
      "cand-6385aa99",
      "cand-ce0fb6b8",
      "cand-f53efe87",
      "cand-541078ba",
      "cand-102cde43",
      "cand-99a518c8",
      "cand-45eae1ed",
      "cand-5fa9bbca",
      "cand-58a6bc67",
      "cand-e2e95d0b",
      "cand-e7d44996",
      "cand-4fd1f661",
      "cand-f8a32482",
      "cand-65221fbc",
      "cand-0dcbc429",
      "cand-7237f414",
      "cand-13ab4eb7",
      "cand-03a62626",
      "cand-74403bc5",
      "cand-08afa655",
      "cand-8fc0ffa2",
      "cand-6b8a91fa",
      "cand-6b160ae4",
      "cand-e4ab8440",
      "cand-292c094d",
      "cand-bf066e31",
      "cand-bf45bffc",
      "cand-33777180",
      "cand-67548c32",
      "cand-af1ed124",
      "cand-fd3f325b",
      "cand-e8320fab",
      "cand-51877b36",
      "cand-f80d7394",
      "cand-d2b04e0c",
      "cand-d865401d",
      "cand-c2337d4e",
      "cand-bd0f8191",
      "cand-2e68882f",
      "cand-94bc57ed",
      "cand-93a15ca5",
      "cand-197cf126",
      "cand-4e21422c",
      "cand-cc3ed2d8",
      "cand-ad84fefa",
      "cand-e3e4e13a",
      "cand-6d2901b8",
      "cand-c7985187",
      "cand-a3fa7fcf",
      "cand-2181b4f2",
      "cand-e803ef34",
      "cand-cc7eb308",
      "cand-8c710851",
      "cand-8045892e",
      "cand-17273829",
      "cand-e3d89e08",
      "cand-118d9dbb",
      "cand-1a318968",
      "cand-5665b571",
      "cand-80f55e73",
      "cand-74341bb6",
      "cand-6a470e0a",
      "cand-bac89ce5",
      "cand-9a0a92b6",
      "cand-91ef422b",
      "cand-63b039ec",
      "cand-5f4ecea5",
      "cand-eb5c0c9f",
      "cand-f7398180",
      "cand-b8e26ed1",
      "cand-97e78627",
      "cand-8cfb97d5",
      "cand-2c409867",
      "cand-990db2d3",
      "cand-d3505cb8",
      "cand-c99b76d2",
      "cand-49bf1eca",
      "cand-a32fd47a",
      "cand-60aab7fe",
      "cand-3f27c596",
      "cand-7d7ec144",
      "cand-dbed99a3",
      "cand-a5ddec79",
      "cand-f35eb742",
      "cand-df9c33cc",
      "cand-3bde95a6",
      "cand-5e145275",
      "cand-93924d92",
      "cand-de4d3ae4",
      "cand-6f7e7135",
      "cand-8c77c5e2",
      "cand-ed7049a5",
      "cand-cc2ebf60",
      "cand-880d9c3b",
      "cand-43144528",
      "cand-13019569",
      "cand-6125b79f",
      "cand-df4acc55",
      "cand-21300a79",
      "cand-bd0b9f0a",
      "cand-6c413d8e",
      "cand-3d990470",
      "cand-8a81d15e",
      "cand-385a5c98",
      "cand-ce602264",
      "cand-19b9feeb",
      "cand-1b5527d4",
      "cand-1430f563"
    ],
    "recentProblemKinds": [
      "local_backtest_fail",
      "local_backtest_fail",
      "local_backtest_fail",
      "local_backtest_fail",
      "local_backtest_fail"
    ],
    "recentRepairResults": [
      {
        "repairKind": "risk_logic_repair",
        "result": "success",
        "repairedCandidateId": "cand-bd0b9f0a",
        "summary": "Requested risk_logic_repair after local_backtest_fail."
      },
      {
        "repairKind": "archive_gap_redirect",
        "result": "success",
        "repairedCandidateId": "cand-6c413d8e",
        "summary": "Requested archive_gap_redirect after local_backtest_fail."
      },
      {
        "repairKind": "risk_logic_repair",
        "result": "success",
        "repairedCandidateId": "cand-3d990470",
        "summary": "Requested risk_logic_repair after local_backtest_fail."
      },
      {
        "repairKind": "risk_logic_repair",
        "result": "success",
        "repairedCandidateId": "cand-385a5c98",
        "summary": "Requested risk_logic_repair after local_backtest_fail."
      },
      {
        "repairKind": "risk_logic_repair",
        "result": "success",
        "repairedCandidateId": "cand-1430f563",
        "summary": "Requested risk_logic_repair after local_backtest_fail."
      }
    ],
    "scoreFeedbackObserved": true,
    "stage6Readiness": {
      "generatedAt": "2026-04-30T05:22:53.680Z",
      "evaluated": true,
      "passed": true,
      "mode": "deterministic",
      "countRequested": 10,
      "countCompleted": 10,
      "countFailed": 0,
      "activeChampionCandidateId": "cand-a64e2088",
      "freshBootstrapPassed": true,
      "multiIterationPassed": true,
      "rootIsolationPassed": true,
      "repairTraceabilityPassed": true,
      "calibrationQueuePassed": true,
      "scoreFeedbackPassed": true,
      "feedbackClosureRequired": false,
      "calibrationMode": "queue_only",
      "ledgerValidationPassed": true,
      "indexVerificationPassed": true,
      "rootIsolationStatus": {
        "status": "passed",
        "customStateRoot": "C:\\Users\\hanji\\AppData\\Local\\Temp\\af-stage6-state-YAZZ8Y",
        "defaultWorkspaceStateRoot": "C:\\Users\\hanji\\AppData\\Local\\Temp\\af-stage6-workspace-Nnkt1H\\state\\pi-autoresearch",
        "customContextExists": true,
        "defaultWorkspaceStateHasArtifacts": false
      },
      "repairTraceabilityStatus": {
        "status": "passed",
        "successfulRepairCount": 10,
        "successfulRepairsWithoutCandidateCount": 0
      },
      "feedbackClosureStatus": {
        "status": "passed",
        "required": false,
        "promptFeedbackObserved": true,
        "scoreBreakdownFeedbackObserved": false,
        "divergenceCount": 0,
        "confidenceUpdateCount": 0
      },
      "evidence": {
        "tempWorkspaceRoot": null,
        "tempStateRoot": null,
        "localEvaluationCount": 19,
        "headEventCount": 2,
        "archiveEventCount": 11,
        "calibrationEventCount": 2,
        "mutationBriefCount": 18,
        "problemEventCount": 18,
        "repairAttemptCount": 10,
        "deadlineBreachCount": 0
      },
      "warnings": []
    },
    "lastStage6GatePassed": true,
    "rootIsolationStatus": {
      "status": "passed",
      "customStateRoot": "C:\\Users\\hanji\\AppData\\Local\\Temp\\af-stage6-state-YAZZ8Y",
      "defaultWorkspaceStateRoot": "C:\\Users\\hanji\\AppData\\Local\\Temp\\af-stage6-workspace-Nnkt1H\\state\\pi-autoresearch",
      "customContextExists": true,
      "defaultWorkspaceStateHasArtifacts": false
    },
    "repairTraceabilityStatus": {
      "status": "passed",
      "successfulRepairCount": 10,
      "successfulRepairsWithoutCandidateCount": 0
    },
    "feedbackClosureStatus": {
      "status": "passed",
      "required": false,
      "promptFeedbackObserved": true,
      "scoreBreakdownFeedbackObserved": false,
      "divergenceCount": 0,
      "confidenceUpdateCount": 0
    },
    "nextPlannedAction": "local_compatibility_repair",
    "loopMode": "local-first",
    "defaultOperationalView": "v3_autonomous_local_first",
    "projectRoot": "C:\\Users\\hanji\\Desktop\\AF",
    "workspaceRoot": "C:\\Users\\hanji\\Desktop\\AF",
    "stateRoot": "C:\\Users\\hanji\\Desktop\\AF\\state\\pi-autoresearch",
    "traceRoot": "C:\\Users\\hanji\\Desktop\\AF\\state\\pi-autoresearch\\traces",
    "artifactRoot": "C:\\Users\\hanji\\Desktop\\AF\\state\\pi-autoresearch\\artifacts",
    "evidenceRoot": "C:\\Users\\hanji\\Desktop\\AF\\state\\pi-autoresearch\\evidence",
    "runtimeRoot": "C:\\Users\\hanji\\Desktop\\AF\\state\\pi-autoresearch\\runtime",
    "tvVerificationCount": 28,
    "tvHealth": "unavailable",
    "calibrationAutoProcess": false,
    "calibrationMode": "queue_only",
    "lastTvSurfaceFailure": {
      "candidateId": "cand-c6235b65",
      "decision": "tv_surface_failure",
      "iteration": 279,
      "tvCalibrationStatus": "surface_failure",
      "recordedAt": "2026-04-29T18:46:19.526Z"
    },
    "humanOverride": false
  },
  "verification": {
    "ok": true,
    "issues": []
  },
  "tracePath": "C:\\Users\\hanji\\Desktop\\AF\\state\\pi-autoresearch\\traces\\rebuild-indexes-2026-05-01T02-40-34-156Z-trace-fe4ce198.jsonl"
}
[2026-05-01T11:40:49.6383348+09:00] iteration 22: rebuild-indexes --verify exit=0
[2026-05-01T11:40:59.6517426+09:00] iteration 23: run-autonomous-loop start
??injected env (11) from .env // tip: ??override existing { override: true }
[autonomous.loop.start] run-autonomous-loop | Starting autonomous local-first loop | 2026-05-01T02:40:59.893Z
[iteration.started] run-autonomous-loop | Starting autonomous iteration | 2026-05-01T02:40:59.895Z
[phase.started] run-autonomous-loop | Initializing autonomous workspace | 2026-05-01T02:40:59.905Z
[phase.completed] run-autonomous-loop | Initializing autonomous workspace | 2026-05-01T02:41:02.036Z
[phase.started] run-autonomous-loop | Generating autonomous mutation candidate | 2026-05-01T02:41:03.620Z
[autonomous.mutation.request] run-autonomous-loop | Sending autonomous mutation request | 2026-05-01T02:41:03.621Z
[phase.completed] run-autonomous-loop | Generating autonomous mutation candidate | 2026-05-01T02:43:12.491Z
[phase.started] run-autonomous-loop | Evaluating autonomous candidate locally | 2026-05-01T02:43:12.492Z
[autonomous.market_context_ready] run-autonomous-loop | Local-first market context is ready | 2026-05-01T02:43:12.500Z
[autonomous.local_evaluation] run-autonomous-loop | Local autonomous evaluation completed | 2026-05-01T02:43:12.587Z
[phase.completed] run-autonomous-loop | Evaluating autonomous candidate locally | 2026-05-01T02:43:12.617Z
[phase.started] run-autonomous-loop | Updating autonomous archive views | 2026-05-01T02:43:12.618Z
[phase.completed] run-autonomous-loop | Updating autonomous archive views | 2026-05-01T02:43:12.622Z
[phase.started] run-autonomous-loop | Queueing candidate for TradingView calibration | 2026-05-01T02:43:12.622Z
[phase.completed] run-autonomous-loop | Queueing candidate for TradingView calibration | 2026-05-01T02:43:12.625Z
[phase.started] run-autonomous-loop | Selecting active autonomous champion | 2026-05-01T02:43:13.906Z
[phase.completed] run-autonomous-loop | Selecting active autonomous champion | 2026-05-01T02:43:14.652Z
[phase.started] run-autonomous-loop | Rebuilding derived autonomous views | 2026-05-01T02:43:14.655Z
[phase.completed] run-autonomous-loop | Rebuilding derived autonomous views | 2026-05-01T02:43:17.114Z
[iteration.completed] run-autonomous-loop | Autonomous iteration completed | 2026-05-01T02:43:17.114Z
{
  "countRequested": 1,
  "countCompleted": 1,
  "countFailed": 0,
  "results": [
    {
      "runId": "autonomous-1777603259903",
      "iteration": 635,
      "candidateId": "cand-cec287b8",
      "localDecision": "local_candidate_eligible",
      "activeChampionChanged": false,
      "activeChampionCandidateId": "cand-42ed2fa4"
    }
  ],
  "deadlineBreaches": [],
  "autonomousState": {
    "generatedAt": "2026-05-01T02:43:18.950Z",
    "activeChampionCandidateId": "cand-42ed2fa4",
    "activeChampionScore": 0.7879,
    "activeChampionDecision": "local_candidate_eligible",
    "championOrigin": "autonomous",
    "researchMaturity": "steady_state",
    "selectedBy": "auto_policy",
    "selectionPolicyVersion": "autonomous-local-first/v3-p0",
    "objectivePolicyVersion": "objective.qqq-120m/v1",
    "headEventCount": 2,
    "archiveEventCount": 320,
    "calibrationEventCount": 332,
    "calibrationCandidateCount": 304,
    "divergenceCount": 27,
    "localConfidenceUpdateCount": 27,
    "problemEventCount": 217,
    "repairAttemptCount": 109,
    "localEvaluationCount": 415,
    "localEligibleCount": 234,
    "bootstrapCompatibleCount": 0,
    "bootstrapEligibleCount": 0,
    "bootstrapStatus": "not_started",
    "bootstrapSource": null,
    "bootstrapReason": null,
    "localRejectedCount": 176,
    "topBlockingReason": "low_trade_count",
    "pendingCalibrationCandidateCount": 276,
    "pendingCalibrationCandidateIds": [
      "cand-0e6a0180",
      "cand-9f33e80b",
      "cand-772d8a1e",
      "cand-f28d2e01",
      "cand-9a5dbcc7",
      "cand-b01be933",
      "cand-0a692f84",
      "cand-4f8faae3",
      "cand-35a74bba",
      "cand-c6b25611",
      "cand-ccdae17b",
      "cand-b8102dcd",
      "cand-8a1fe27b",
      "cand-ebbdd6a9",
      "cand-80dfaaa1",
      "cand-03f30a70",
      "cand-2f290563",
      "cand-e76cded5",
      "cand-710d8bc6",
      "cand-dd7e63cf",
      "cand-949bf032",
      "cand-b14595e0",
      "cand-90dc4ec3",
      "cand-f1103886",
      "cand-77224b87",
      "cand-55f47b32",
      "cand-cb18c54a",
      "cand-8a1a7cf2",
      "cand-db12aa7d",
      "cand-eb3175fc",
      "cand-ce89005b",
      "cand-b333865d",
      "cand-14f5f8ff",
      "cand-87a7fa06",
      "cand-609d9f19",
      "cand-09a0ae17",
      "cand-fbb3fb78",
      "cand-7bff0c1a",
      "cand-6e976c42",
      "cand-eaf67b92",
      "cand-ea5075a8",
      "cand-c0d6f969",
      "cand-946579c0",
      "cand-1638111b",
      "cand-840b49c0",
      "cand-a1b63e8c",
      "cand-d3fa966c",
      "cand-af6ef21e",
      "cand-c5832df6",
      "cand-57321a8c",
      "cand-3004b0f8",
      "cand-00644032",
      "cand-6272ab0f",
      "cand-7b341ad0",
      "cand-5c90b0de",
      "cand-350b7e7b",
      "cand-05218055",
      "cand-6ebbd52a",
      "cand-9edd626e",
      "cand-5d685d8a",
      "cand-addb3d5a",
      "cand-1a03e904",
      "cand-935b6a7d",
      "cand-11e460d8",
      "cand-58484f09",
      "cand-c3549cdc",
      "cand-e000c048",
      "cand-5927e5ca",
      "cand-7ae4d6eb",
      "cand-bd3c959f",
      "cand-ad98c7fd",
      "cand-a3456179",
      "cand-fa19c7db",
      "cand-8211114e",
      "cand-737e8acc",
      "cand-9ae5abb8",
      "cand-f68c494c",
      "cand-0cb06744",
      "cand-c4540c5e",
      "cand-887ba798",
      "cand-334ff9ed",
      "cand-1e7bb092",
      "cand-940106ac",
      "cand-b1575fba",
      "cand-1c1cb560",
      "cand-2ba5ca56",
      "cand-4e158d7d",
      "cand-ee1867a5",
      "cand-ccf655ee",
      "cand-2f2f67f1",
      "cand-dd0d4883",
      "cand-9e390b78",
      "cand-2b509e63",
      "cand-a42bb737",
      "cand-ba65a405",
      "cand-95b5fcb4",
      "cand-c1decc14",
      "cand-fad40100",
      "cand-3d99c3c3",
      "cand-ed6ed300",
      "cand-36473405",
      "cand-32556840",
      "cand-056beb3f",
      "cand-fef34f1d",
      "cand-4e58abee",
      "cand-6c095f1d",
      "cand-72fdbd0a",
      "cand-1a73f98c",
      "cand-60e5fb9a",
      "cand-fbd6e1cd",
      "cand-6fa9e64c",
      "cand-b3ce6dfd",
      "cand-d7b18242",
      "cand-cddf1147",
      "cand-a2b17756",
      "cand-4106d658",
      "cand-bf2319b1",
      "cand-1be3a1ed",
      "cand-ec8276d1",
      "cand-66da2fad",
      "cand-10487d69",
      "cand-a0b082a6",
      "cand-e1c37158",
      "cand-3924bc09",
      "cand-c5a37a36",
      "cand-9f921b3b",
      "cand-976660f2",
      "cand-1fd659d1",
      "cand-1ebe3284",
      "cand-a05583cb",
      "cand-68e1f6c0",
      "cand-939bafa7",
      "cand-5dfb966e",
      "cand-ec9d7a77",
      "cand-c9bd8a69",
      "cand-cad467d1",
      "cand-30ca4ecf",
      "cand-274a3d78",
      "cand-8f6a1544",
      "cand-be21675f",
      "cand-17c07e8f",
      "cand-60166f81",
      "cand-8f82de94",
      "cand-42460886",
      "cand-9295e93d",
      "cand-5a54f71c",
      "cand-a12eacdf",
      "cand-5b236726",
      "cand-dbfe05b6",
      "cand-eb4f9103",
      "cand-294a8337",
      "cand-54d331f7",
      "cand-303f93be",
      "cand-64ceccd8",
      "cand-82301049",
      "cand-cb926322",
      "cand-9740ccd3",
      "cand-45f69d7a",
      "cand-8195e18c",
      "cand-9ad02865",
      "cand-b0561318",
      "cand-77645d5d",
      "cand-3913b48a",
      "cand-d8c529f0",
      "cand-3e0617a5",
      "cand-796b47d8",
      "cand-da5bc8a6",
      "cand-6385aa99",
      "cand-ce0fb6b8",
      "cand-f53efe87",
      "cand-541078ba",
      "cand-102cde43",
      "cand-99a518c8",
      "cand-45eae1ed",
      "cand-5fa9bbca",
      "cand-58a6bc67",
      "cand-e2e95d0b",
      "cand-e7d44996",
      "cand-4fd1f661",
      "cand-f8a32482",
      "cand-65221fbc",
      "cand-0dcbc429",
      "cand-7237f414",
      "cand-13ab4eb7",
      "cand-03a62626",
      "cand-74403bc5",
      "cand-08afa655",
      "cand-8fc0ffa2",
      "cand-6b8a91fa",
      "cand-6b160ae4",
      "cand-e4ab8440",
      "cand-292c094d",
      "cand-bf066e31",
      "cand-bf45bffc",
      "cand-33777180",
      "cand-67548c32",
      "cand-af1ed124",
      "cand-fd3f325b",
      "cand-e8320fab",
      "cand-51877b36",
      "cand-f80d7394",
      "cand-d2b04e0c",
      "cand-d865401d",
      "cand-c2337d4e",
      "cand-bd0f8191",
      "cand-2e68882f",
      "cand-94bc57ed",
      "cand-93a15ca5",
      "cand-197cf126",
      "cand-4e21422c",
      "cand-cc3ed2d8",
      "cand-ad84fefa",
      "cand-e3e4e13a",
      "cand-6d2901b8",
      "cand-c7985187",
      "cand-a3fa7fcf",
      "cand-2181b4f2",
      "cand-e803ef34",
      "cand-cc7eb308",
      "cand-8c710851",
      "cand-8045892e",
      "cand-17273829",
      "cand-e3d89e08",
      "cand-118d9dbb",
      "cand-1a318968",
      "cand-5665b571",
      "cand-80f55e73",
      "cand-74341bb6",
      "cand-6a470e0a",
      "cand-bac89ce5",
      "cand-9a0a92b6",
      "cand-91ef422b",
      "cand-63b039ec",
      "cand-5f4ecea5",
      "cand-eb5c0c9f",
      "cand-f7398180",
      "cand-b8e26ed1",
      "cand-97e78627",
      "cand-8cfb97d5",
      "cand-2c409867",
      "cand-990db2d3",
      "cand-d3505cb8",
      "cand-c99b76d2",
      "cand-49bf1eca",
      "cand-a32fd47a",
      "cand-60aab7fe",
      "cand-3f27c596",
      "cand-7d7ec144",
      "cand-dbed99a3",
      "cand-a5ddec79",
      "cand-f35eb742",
      "cand-df9c33cc",
      "cand-3bde95a6",
      "cand-5e145275",
      "cand-93924d92",
      "cand-de4d3ae4",
      "cand-6f7e7135",
      "cand-8c77c5e2",
      "cand-ed7049a5",
      "cand-cc2ebf60",
      "cand-880d9c3b",
      "cand-43144528",
      "cand-13019569",
      "cand-6125b79f",
      "cand-df4acc55",
      "cand-21300a79",
      "cand-bd0b9f0a",
      "cand-6c413d8e",
      "cand-3d990470",
      "cand-8a81d15e",
      "cand-385a5c98",
      "cand-ce602264",
      "cand-19b9feeb",
      "cand-1b5527d4",
      "cand-1430f563",
      "cand-cec287b8"
    ],
    "recentProblemKinds": [
      "local_backtest_fail",
      "local_backtest_fail",
      "local_backtest_fail",
      "local_backtest_fail",
      "local_backtest_fail"
    ],
    "recentRepairResults": [
      {
        "repairKind": "risk_logic_repair",
        "result": "success",
        "repairedCandidateId": "cand-bd0b9f0a",
        "summary": "Requested risk_logic_repair after local_backtest_fail."
      },
      {
        "repairKind": "archive_gap_redirect",
        "result": "success",
        "repairedCandidateId": "cand-6c413d8e",
        "summary": "Requested archive_gap_redirect after local_backtest_fail."
      },
      {
        "repairKind": "risk_logic_repair",
        "result": "success",
        "repairedCandidateId": "cand-3d990470",
        "summary": "Requested risk_logic_repair after local_backtest_fail."
      },
      {
        "repairKind": "risk_logic_repair",
        "result": "success",
        "repairedCandidateId": "cand-385a5c98",
        "summary": "Requested risk_logic_repair after local_backtest_fail."
      },
      {
        "repairKind": "risk_logic_repair",
        "result": "success",
        "repairedCandidateId": "cand-1430f563",
        "summary": "Requested risk_logic_repair after local_backtest_fail."
      }
    ],
    "scoreFeedbackObserved": true,
    "stage6Readiness": {
      "generatedAt": "2026-04-30T05:22:53.680Z",
      "evaluated": true,
      "passed": true,
      "mode": "deterministic",
      "countRequested": 10,
      "countCompleted": 10,
      "countFailed": 0,
      "activeChampionCandidateId": "cand-a64e2088",
      "freshBootstrapPassed": true,
      "multiIterationPassed": true,
      "rootIsolationPassed": true,
      "repairTraceabilityPassed": true,
      "calibrationQueuePassed": true,
      "scoreFeedbackPassed": true,
      "feedbackClosureRequired": false,
      "calibrationMode": "queue_only",
      "ledgerValidationPassed": true,
      "indexVerificationPassed": true,
      "rootIsolationStatus": {
        "status": "passed",
        "customStateRoot": "C:\\Users\\hanji\\AppData\\Local\\Temp\\af-stage6-state-YAZZ8Y",
        "defaultWorkspaceStateRoot": "C:\\Users\\hanji\\AppData\\Local\\Temp\\af-stage6-workspace-Nnkt1H\\state\\pi-autoresearch",
        "customContextExists": true,
        "defaultWorkspaceStateHasArtifacts": false
      },
      "repairTraceabilityStatus": {
        "status": "passed",
        "successfulRepairCount": 10,
        "successfulRepairsWithoutCandidateCount": 0
      },
      "feedbackClosureStatus": {
        "status": "passed",
        "required": false,
        "promptFeedbackObserved": true,
        "scoreBreakdownFeedbackObserved": false,
        "divergenceCount": 0,
        "confidenceUpdateCount": 0
      },
      "evidence": {
        "tempWorkspaceRoot": null,
        "tempStateRoot": null,
        "localEvaluationCount": 19,
        "headEventCount": 2,
        "archiveEventCount": 11,
        "calibrationEventCount": 2,
        "mutationBriefCount": 18,
        "problemEventCount": 18,
        "repairAttemptCount": 10,
        "deadlineBreachCount": 0
      },
      "warnings": []
    },
    "lastStage6GatePassed": true,
    "rootIsolationStatus": {
      "status": "passed",
      "customStateRoot": "C:\\Users\\hanji\\AppData\\Local\\Temp\\af-stage6-state-YAZZ8Y",
      "defaultWorkspaceStateRoot": "C:\\Users\\hanji\\AppData\\Local\\Temp\\af-stage6-workspace-Nnkt1H\\state\\pi-autoresearch",
      "customContextExists": true,
      "defaultWorkspaceStateHasArtifacts": false
    },
    "repairTraceabilityStatus": {
      "status": "passed",
      "successfulRepairCount": 10,
      "successfulRepairsWithoutCandidateCount": 0
    },
    "feedbackClosureStatus": {
      "status": "passed",
      "required": false,
      "promptFeedbackObserved": true,
      "scoreBreakdownFeedbackObserved": false,
      "divergenceCount": 0,
      "confidenceUpdateCount": 0
    },
    "nextPlannedAction": "local_compatibility_repair",
    "loopMode": "local-first",
    "defaultOperationalView": "v3_autonomous_local_first",
    "projectRoot": "C:\\Users\\hanji\\Desktop\\AF",
    "workspaceRoot": "C:\\Users\\hanji\\Desktop\\AF",
    "stateRoot": "C:\\Users\\hanji\\Desktop\\AF\\state\\pi-autoresearch",
    "traceRoot": "C:\\Users\\hanji\\Desktop\\AF\\state\\pi-autoresearch\\traces",
    "artifactRoot": "C:\\Users\\hanji\\Desktop\\AF\\state\\pi-autoresearch\\artifacts",
    "evidenceRoot": "C:\\Users\\hanji\\Desktop\\AF\\state\\pi-autoresearch\\evidence",
    "runtimeRoot": "C:\\Users\\hanji\\Desktop\\AF\\state\\pi-autoresearch\\runtime",
    "tvVerificationCount": 28,
    "tvHealth": "unavailable",
    "calibrationAutoProcess": false,
    "calibrationMode": "queue_only",
    "lastTvSurfaceFailure": {
      "candidateId": "cand-c6235b65",
      "decision": "tv_surface_failure",
      "iteration": 279,
      "tvCalibrationStatus": "surface_failure",
      "recordedAt": "2026-04-29T18:46:19.526Z"
    },
    "humanOverride": false
  },
  "tracePath": "C:\\Users\\hanji\\Desktop\\AF\\state\\pi-autoresearch\\traces\\run-autonomous-loop-2026-05-01T02-40-59-892Z-trace-1a92dc9d.jsonl"
}
[2026-05-01T11:43:19.8954625+09:00] iteration 23: run-autonomous-loop exit=0
[2026-05-01T11:43:19.8969667+09:00] iteration 23: validate-ledger start
??injected env (11) from .env // tip: ??multiple files { path: ['.env.local', '.env'] }
[ledger.validation] validate-ledger | Ledger validation completed | 2026-05-01T02:43:24.411Z
{
  "ok": true,
  "errorCount": 0,
  "warningCount": 6,
  "issues": [
    {
      "severity": "warning",
      "scope": "experiment-record-meta",
      "recordId": "cand-f918d6d8",
      "message": "recordHash does not match the serialized experiment record."
    },
    {
      "severity": "warning",
      "scope": "experiment-record-meta",
      "recordId": "cand-3f99a396",
      "message": "recordHash does not match the serialized experiment record."
    },
    {
      "severity": "warning",
      "scope": "experiment-record-meta",
      "recordId": "cand-93a71a19",
      "message": "recordHash does not match the serialized experiment record."
    },
    {
      "severity": "warning",
      "scope": "experiment-record-meta",
      "recordId": "cand-560e2d3b",
      "message": "recordHash does not match the serialized experiment record."
    },
    {
      "severity": "warning",
      "scope": "experiment-record-meta",
      "recordId": "cand-24b4021d",
      "message": "recordHash does not match the serialized experiment record."
    },
    {
      "severity": "warning",
      "scope": "candidate-dedup",
      "recordId": "bfee8f4eb7eabba2047b8b2270beef764a3942811cda8134d75c15c171c0c26a",
      "message": "Duplicate candidate source hash detected across ids: cand-2a5e6ffe, cand-51397d04, cand-9cbc4c5f, cand-a93778fa, cand-bbb67c15, cand-fdc1ae65"
    }
  ],
  "summary": {
    "experiments": 635,
    "candidates": 585,
    "taskBatches": 131
  },
  "stateRoot": "C:\\Users\\hanji\\Desktop\\AF\\state\\pi-autoresearch",
  "tracePath": "C:\\Users\\hanji\\Desktop\\AF\\state\\pi-autoresearch\\traces\\validate-ledger-2026-05-01T02-43-20-163Z-trace-510ddaf6.jsonl"
}
[2026-05-01T11:43:24.4858095+09:00] iteration 23: validate-ledger exit=0
[2026-05-01T11:43:24.4863116+09:00] iteration 23: rebuild-indexes --verify start
??injected env (11) from .env // tip: ??custom filepath { path: '/custom/path/.env' }
[?몃뜳???ъ깮???쒖옉] ?몃뜳???ъ깮??| ?뚯깮 ?몃뜳?ㅻ? ?ъ깮?깊빀?덈떎. state: C:\Users\hanji\Desktop\AF\state\pi-autoresearch | 2026-05-01T02:43:27.046Z
[?몃뜳???ъ깮???꾨즺] ?몃뜳???ъ깮??| ?뚯깮 ?몃뜳???ъ깮?깆쓣 留덉낀?듬땲?? state: C:\Users\hanji\Desktop\AF\state\pi-autoresearch | 2026-05-01T02:43:39.429Z
{
  "rebuilt": true,
  "stateRoot": "C:\\Users\\hanji\\Desktop\\AF\\state\\pi-autoresearch",
  "autonomousState": {
    "generatedAt": "2026-05-01T02:43:31.227Z",
    "activeChampionCandidateId": "cand-42ed2fa4",
    "activeChampionScore": 0.7879,
    "activeChampionDecision": "local_candidate_eligible",
    "championOrigin": "autonomous",
    "researchMaturity": "steady_state",
    "selectedBy": "auto_policy",
    "selectionPolicyVersion": "autonomous-local-first/v3-p0",
    "objectivePolicyVersion": "objective.qqq-120m/v1",
    "headEventCount": 2,
    "archiveEventCount": 320,
    "calibrationEventCount": 332,
    "calibrationCandidateCount": 304,
    "divergenceCount": 27,
    "localConfidenceUpdateCount": 27,
    "problemEventCount": 217,
    "repairAttemptCount": 109,
    "localEvaluationCount": 415,
    "localEligibleCount": 234,
    "bootstrapCompatibleCount": 0,
    "bootstrapEligibleCount": 0,
    "bootstrapStatus": "not_started",
    "bootstrapSource": null,
    "bootstrapReason": null,
    "localRejectedCount": 176,
    "topBlockingReason": "low_trade_count",
    "pendingCalibrationCandidateCount": 276,
    "pendingCalibrationCandidateIds": [
      "cand-0e6a0180",
      "cand-9f33e80b",
      "cand-772d8a1e",
      "cand-f28d2e01",
      "cand-9a5dbcc7",
      "cand-b01be933",
      "cand-0a692f84",
      "cand-4f8faae3",
      "cand-35a74bba",
      "cand-c6b25611",
      "cand-ccdae17b",
      "cand-b8102dcd",
      "cand-8a1fe27b",
      "cand-ebbdd6a9",
      "cand-80dfaaa1",
      "cand-03f30a70",
      "cand-2f290563",
      "cand-e76cded5",
      "cand-710d8bc6",
      "cand-dd7e63cf",
      "cand-949bf032",
      "cand-b14595e0",
      "cand-90dc4ec3",
      "cand-f1103886",
      "cand-77224b87",
      "cand-55f47b32",
      "cand-cb18c54a",
      "cand-8a1a7cf2",
      "cand-db12aa7d",
      "cand-eb3175fc",
      "cand-ce89005b",
      "cand-b333865d",
      "cand-14f5f8ff",
      "cand-87a7fa06",
      "cand-609d9f19",
      "cand-09a0ae17",
      "cand-fbb3fb78",
      "cand-7bff0c1a",
      "cand-6e976c42",
      "cand-eaf67b92",
      "cand-ea5075a8",
      "cand-c0d6f969",
      "cand-946579c0",
      "cand-1638111b",
      "cand-840b49c0",
      "cand-a1b63e8c",
      "cand-d3fa966c",
      "cand-af6ef21e",
      "cand-c5832df6",
      "cand-57321a8c",
      "cand-3004b0f8",
      "cand-00644032",
      "cand-6272ab0f",
      "cand-7b341ad0",
      "cand-5c90b0de",
      "cand-350b7e7b",
      "cand-05218055",
      "cand-6ebbd52a",
      "cand-9edd626e",
      "cand-5d685d8a",
      "cand-addb3d5a",
      "cand-1a03e904",
      "cand-935b6a7d",
      "cand-11e460d8",
      "cand-58484f09",
      "cand-c3549cdc",
      "cand-e000c048",
      "cand-5927e5ca",
      "cand-7ae4d6eb",
      "cand-bd3c959f",
      "cand-ad98c7fd",
      "cand-a3456179",
      "cand-fa19c7db",
      "cand-8211114e",
      "cand-737e8acc",
      "cand-9ae5abb8",
      "cand-f68c494c",
      "cand-0cb06744",
      "cand-c4540c5e",
      "cand-887ba798",
      "cand-334ff9ed",
      "cand-1e7bb092",
      "cand-940106ac",
      "cand-b1575fba",
      "cand-1c1cb560",
      "cand-2ba5ca56",
      "cand-4e158d7d",
      "cand-ee1867a5",
      "cand-ccf655ee",
      "cand-2f2f67f1",
      "cand-dd0d4883",
      "cand-9e390b78",
      "cand-2b509e63",
      "cand-a42bb737",
      "cand-ba65a405",
      "cand-95b5fcb4",
      "cand-c1decc14",
      "cand-fad40100",
      "cand-3d99c3c3",
      "cand-ed6ed300",
      "cand-36473405",
      "cand-32556840",
      "cand-056beb3f",
      "cand-fef34f1d",
      "cand-4e58abee",
      "cand-6c095f1d",
      "cand-72fdbd0a",
      "cand-1a73f98c",
      "cand-60e5fb9a",
      "cand-fbd6e1cd",
      "cand-6fa9e64c",
      "cand-b3ce6dfd",
      "cand-d7b18242",
      "cand-cddf1147",
      "cand-a2b17756",
      "cand-4106d658",
      "cand-bf2319b1",
      "cand-1be3a1ed",
      "cand-ec8276d1",
      "cand-66da2fad",
      "cand-10487d69",
      "cand-a0b082a6",
      "cand-e1c37158",
      "cand-3924bc09",
      "cand-c5a37a36",
      "cand-9f921b3b",
      "cand-976660f2",
      "cand-1fd659d1",
      "cand-1ebe3284",
      "cand-a05583cb",
      "cand-68e1f6c0",
      "cand-939bafa7",
      "cand-5dfb966e",
      "cand-ec9d7a77",
      "cand-c9bd8a69",
      "cand-cad467d1",
      "cand-30ca4ecf",
      "cand-274a3d78",
      "cand-8f6a1544",
      "cand-be21675f",
      "cand-17c07e8f",
      "cand-60166f81",
      "cand-8f82de94",
      "cand-42460886",
      "cand-9295e93d",
      "cand-5a54f71c",
      "cand-a12eacdf",
      "cand-5b236726",
      "cand-dbfe05b6",
      "cand-eb4f9103",
      "cand-294a8337",
      "cand-54d331f7",
      "cand-303f93be",
      "cand-64ceccd8",
      "cand-82301049",
      "cand-cb926322",
      "cand-9740ccd3",
      "cand-45f69d7a",
      "cand-8195e18c",
      "cand-9ad02865",
      "cand-b0561318",
      "cand-77645d5d",
      "cand-3913b48a",
      "cand-d8c529f0",
      "cand-3e0617a5",
      "cand-796b47d8",
      "cand-da5bc8a6",
      "cand-6385aa99",
      "cand-ce0fb6b8",
      "cand-f53efe87",
      "cand-541078ba",
      "cand-102cde43",
      "cand-99a518c8",
      "cand-45eae1ed",
      "cand-5fa9bbca",
      "cand-58a6bc67",
      "cand-e2e95d0b",
      "cand-e7d44996",
      "cand-4fd1f661",
      "cand-f8a32482",
      "cand-65221fbc",
      "cand-0dcbc429",
      "cand-7237f414",
      "cand-13ab4eb7",
      "cand-03a62626",
      "cand-74403bc5",
      "cand-08afa655",
      "cand-8fc0ffa2",
      "cand-6b8a91fa",
      "cand-6b160ae4",
      "cand-e4ab8440",
      "cand-292c094d",
      "cand-bf066e31",
      "cand-bf45bffc",
      "cand-33777180",
      "cand-67548c32",
      "cand-af1ed124",
      "cand-fd3f325b",
      "cand-e8320fab",
      "cand-51877b36",
      "cand-f80d7394",
      "cand-d2b04e0c",
      "cand-d865401d",
      "cand-c2337d4e",
      "cand-bd0f8191",
      "cand-2e68882f",
      "cand-94bc57ed",
      "cand-93a15ca5",
      "cand-197cf126",
      "cand-4e21422c",
      "cand-cc3ed2d8",
      "cand-ad84fefa",
      "cand-e3e4e13a",
      "cand-6d2901b8",
      "cand-c7985187",
      "cand-a3fa7fcf",
      "cand-2181b4f2",
      "cand-e803ef34",
      "cand-cc7eb308",
      "cand-8c710851",
      "cand-8045892e",
      "cand-17273829",
      "cand-e3d89e08",
      "cand-118d9dbb",
      "cand-1a318968",
      "cand-5665b571",
      "cand-80f55e73",
      "cand-74341bb6",
      "cand-6a470e0a",
      "cand-bac89ce5",
      "cand-9a0a92b6",
      "cand-91ef422b",
      "cand-63b039ec",
      "cand-5f4ecea5",
      "cand-eb5c0c9f",
      "cand-f7398180",
      "cand-b8e26ed1",
      "cand-97e78627",
      "cand-8cfb97d5",
      "cand-2c409867",
      "cand-990db2d3",
      "cand-d3505cb8",
      "cand-c99b76d2",
      "cand-49bf1eca",
      "cand-a32fd47a",
      "cand-60aab7fe",
      "cand-3f27c596",
      "cand-7d7ec144",
      "cand-dbed99a3",
      "cand-a5ddec79",
      "cand-f35eb742",
      "cand-df9c33cc",
      "cand-3bde95a6",
      "cand-5e145275",
      "cand-93924d92",
      "cand-de4d3ae4",
      "cand-6f7e7135",
      "cand-8c77c5e2",
      "cand-ed7049a5",
      "cand-cc2ebf60",
      "cand-880d9c3b",
      "cand-43144528",
      "cand-13019569",
      "cand-6125b79f",
      "cand-df4acc55",
      "cand-21300a79",
      "cand-bd0b9f0a",
      "cand-6c413d8e",
      "cand-3d990470",
      "cand-8a81d15e",
      "cand-385a5c98",
      "cand-ce602264",
      "cand-19b9feeb",
      "cand-1b5527d4",
      "cand-1430f563",
      "cand-cec287b8"
    ],
    "recentProblemKinds": [
      "local_backtest_fail",
      "local_backtest_fail",
      "local_backtest_fail",
      "local_backtest_fail",
      "local_backtest_fail"
    ],
    "recentRepairResults": [
      {
        "repairKind": "risk_logic_repair",
        "result": "success",
        "repairedCandidateId": "cand-bd0b9f0a",
        "summary": "Requested risk_logic_repair after local_backtest_fail."
      },
      {
        "repairKind": "archive_gap_redirect",
        "result": "success",
        "repairedCandidateId": "cand-6c413d8e",
        "summary": "Requested archive_gap_redirect after local_backtest_fail."
      },
      {
        "repairKind": "risk_logic_repair",
        "result": "success",
        "repairedCandidateId": "cand-3d990470",
        "summary": "Requested risk_logic_repair after local_backtest_fail."
      },
      {
        "repairKind": "risk_logic_repair",
        "result": "success",
        "repairedCandidateId": "cand-385a5c98",
        "summary": "Requested risk_logic_repair after local_backtest_fail."
      },
      {
        "repairKind": "risk_logic_repair",
        "result": "success",
        "repairedCandidateId": "cand-1430f563",
        "summary": "Requested risk_logic_repair after local_backtest_fail."
      }
    ],
    "scoreFeedbackObserved": true,
    "stage6Readiness": {
      "generatedAt": "2026-04-30T05:22:53.680Z",
      "evaluated": true,
      "passed": true,
      "mode": "deterministic",
      "countRequested": 10,
      "countCompleted": 10,
      "countFailed": 0,
      "activeChampionCandidateId": "cand-a64e2088",
      "freshBootstrapPassed": true,
      "multiIterationPassed": true,
      "rootIsolationPassed": true,
      "repairTraceabilityPassed": true,
      "calibrationQueuePassed": true,
      "scoreFeedbackPassed": true,
      "feedbackClosureRequired": false,
      "calibrationMode": "queue_only",
      "ledgerValidationPassed": true,
      "indexVerificationPassed": true,
      "rootIsolationStatus": {
        "status": "passed",
        "customStateRoot": "C:\\Users\\hanji\\AppData\\Local\\Temp\\af-stage6-state-YAZZ8Y",
        "defaultWorkspaceStateRoot": "C:\\Users\\hanji\\AppData\\Local\\Temp\\af-stage6-workspace-Nnkt1H\\state\\pi-autoresearch",
        "customContextExists": true,
        "defaultWorkspaceStateHasArtifacts": false
      },
      "repairTraceabilityStatus": {
        "status": "passed",
        "successfulRepairCount": 10,
        "successfulRepairsWithoutCandidateCount": 0
      },
      "feedbackClosureStatus": {
        "status": "passed",
        "required": false,
        "promptFeedbackObserved": true,
        "scoreBreakdownFeedbackObserved": false,
        "divergenceCount": 0,
        "confidenceUpdateCount": 0
      },
      "evidence": {
        "tempWorkspaceRoot": null,
        "tempStateRoot": null,
        "localEvaluationCount": 19,
        "headEventCount": 2,
        "archiveEventCount": 11,
        "calibrationEventCount": 2,
        "mutationBriefCount": 18,
        "problemEventCount": 18,
        "repairAttemptCount": 10,
        "deadlineBreachCount": 0
      },
      "warnings": []
    },
    "lastStage6GatePassed": true,
    "rootIsolationStatus": {
      "status": "passed",
      "customStateRoot": "C:\\Users\\hanji\\AppData\\Local\\Temp\\af-stage6-state-YAZZ8Y",
      "defaultWorkspaceStateRoot": "C:\\Users\\hanji\\AppData\\Local\\Temp\\af-stage6-workspace-Nnkt1H\\state\\pi-autoresearch",
      "customContextExists": true,
      "defaultWorkspaceStateHasArtifacts": false
    },
    "repairTraceabilityStatus": {
      "status": "passed",
      "successfulRepairCount": 10,
      "successfulRepairsWithoutCandidateCount": 0
    },
    "feedbackClosureStatus": {
      "status": "passed",
      "required": false,
      "promptFeedbackObserved": true,
      "scoreBreakdownFeedbackObserved": false,
      "divergenceCount": 0,
      "confidenceUpdateCount": 0
    },
    "nextPlannedAction": "local_compatibility_repair",
    "loopMode": "local-first",
    "defaultOperationalView": "v3_autonomous_local_first",
    "projectRoot": "C:\\Users\\hanji\\Desktop\\AF",
    "workspaceRoot": "C:\\Users\\hanji\\Desktop\\AF",
    "stateRoot": "C:\\Users\\hanji\\Desktop\\AF\\state\\pi-autoresearch",
    "traceRoot": "C:\\Users\\hanji\\Desktop\\AF\\state\\pi-autoresearch\\traces",
    "artifactRoot": "C:\\Users\\hanji\\Desktop\\AF\\state\\pi-autoresearch\\artifacts",
    "evidenceRoot": "C:\\Users\\hanji\\Desktop\\AF\\state\\pi-autoresearch\\evidence",
    "runtimeRoot": "C:\\Users\\hanji\\Desktop\\AF\\state\\pi-autoresearch\\runtime",
    "tvVerificationCount": 28,
    "tvHealth": "unavailable",
    "calibrationAutoProcess": false,
    "calibrationMode": "queue_only",
    "lastTvSurfaceFailure": {
      "candidateId": "cand-c6235b65",
      "decision": "tv_surface_failure",
      "iteration": 279,
      "tvCalibrationStatus": "surface_failure",
      "recordedAt": "2026-04-29T18:46:19.526Z"
    },
    "humanOverride": false
  },
  "verification": {
    "ok": true,
    "issues": []
  },
  "tracePath": "C:\\Users\\hanji\\Desktop\\AF\\state\\pi-autoresearch\\traces\\rebuild-indexes-2026-05-01T02-43-24-740Z-trace-ab1dd512.jsonl"
}
[2026-05-01T11:43:39.6467342+09:00] iteration 23: rebuild-indexes --verify exit=0
[2026-05-01T11:43:49.6639892+09:00] iteration 24: run-autonomous-loop start
??injected env (11) from .env // tip: ??override existing { override: true }
[autonomous.loop.start] run-autonomous-loop | Starting autonomous local-first loop | 2026-05-01T02:43:49.934Z
[iteration.started] run-autonomous-loop | Starting autonomous iteration | 2026-05-01T02:43:49.937Z
[phase.started] run-autonomous-loop | Initializing autonomous workspace | 2026-05-01T02:43:49.948Z
[phase.completed] run-autonomous-loop | Initializing autonomous workspace | 2026-05-01T02:43:52.260Z
[phase.started] run-autonomous-loop | Generating autonomous mutation candidate | 2026-05-01T02:43:53.952Z
[autonomous.mutation.request] run-autonomous-loop | Sending autonomous mutation request | 2026-05-01T02:43:53.953Z
[phase.completed] run-autonomous-loop | Generating autonomous mutation candidate | 2026-05-01T02:45:55.255Z
[phase.started] run-autonomous-loop | Evaluating autonomous candidate locally | 2026-05-01T02:45:55.255Z
[autonomous.market_context_ready] run-autonomous-loop | Local-first market context is ready | 2026-05-01T02:45:55.262Z
[autonomous.local_evaluation] run-autonomous-loop | Local autonomous evaluation completed | 2026-05-01T02:45:55.321Z
[phase.completed] run-autonomous-loop | Evaluating autonomous candidate locally | 2026-05-01T02:45:55.336Z
[phase.started] run-autonomous-loop | Updating autonomous archive views | 2026-05-01T02:45:55.337Z
[phase.completed] run-autonomous-loop | Updating autonomous archive views | 2026-05-01T02:45:55.340Z
[phase.started] run-autonomous-loop | Queueing candidate for TradingView calibration | 2026-05-01T02:45:55.340Z
[phase.completed] run-autonomous-loop | Queueing candidate for TradingView calibration | 2026-05-01T02:45:55.344Z
[phase.started] run-autonomous-loop | Selecting active autonomous champion | 2026-05-01T02:45:56.659Z
[phase.completed] run-autonomous-loop | Selecting active autonomous champion | 2026-05-01T02:45:57.470Z
[phase.started] run-autonomous-loop | Rebuilding derived autonomous views | 2026-05-01T02:45:57.471Z
[phase.completed] run-autonomous-loop | Rebuilding derived autonomous views | 2026-05-01T02:46:00.107Z
[iteration.completed] run-autonomous-loop | Autonomous iteration completed | 2026-05-01T02:46:00.108Z
{
  "countRequested": 1,
  "countCompleted": 1,
  "countFailed": 0,
  "results": [
    {
      "runId": "autonomous-1777603429946",
      "iteration": 636,
      "candidateId": "cand-20c62eb7",
      "localDecision": "local_candidate_eligible",
      "activeChampionChanged": false,
      "activeChampionCandidateId": "cand-42ed2fa4"
    }
  ],
  "deadlineBreaches": [],
  "autonomousState": {
    "generatedAt": "2026-05-01T02:46:01.915Z",
    "activeChampionCandidateId": "cand-42ed2fa4",
    "activeChampionScore": 0.7879,
    "activeChampionDecision": "local_candidate_eligible",
    "championOrigin": "autonomous",
    "researchMaturity": "steady_state",
    "selectedBy": "auto_policy",
    "selectionPolicyVersion": "autonomous-local-first/v3-p0",
    "objectivePolicyVersion": "objective.qqq-120m/v1",
    "headEventCount": 2,
    "archiveEventCount": 321,
    "calibrationEventCount": 333,
    "calibrationCandidateCount": 305,
    "divergenceCount": 27,
    "localConfidenceUpdateCount": 27,
    "problemEventCount": 217,
    "repairAttemptCount": 109,
    "localEvaluationCount": 416,
    "localEligibleCount": 235,
    "bootstrapCompatibleCount": 0,
    "bootstrapEligibleCount": 0,
    "bootstrapStatus": "not_started",
    "bootstrapSource": null,
    "bootstrapReason": null,
    "localRejectedCount": 176,
    "topBlockingReason": "low_trade_count",
    "pendingCalibrationCandidateCount": 277,
    "pendingCalibrationCandidateIds": [
      "cand-0e6a0180",
      "cand-9f33e80b",
      "cand-772d8a1e",
      "cand-f28d2e01",
      "cand-9a5dbcc7",
      "cand-b01be933",
      "cand-0a692f84",
      "cand-4f8faae3",
      "cand-35a74bba",
      "cand-c6b25611",
      "cand-ccdae17b",
      "cand-b8102dcd",
      "cand-8a1fe27b",
      "cand-ebbdd6a9",
      "cand-80dfaaa1",
      "cand-03f30a70",
      "cand-2f290563",
      "cand-e76cded5",
      "cand-710d8bc6",
      "cand-dd7e63cf",
      "cand-949bf032",
      "cand-b14595e0",
      "cand-90dc4ec3",
      "cand-f1103886",
      "cand-77224b87",
      "cand-55f47b32",
      "cand-cb18c54a",
      "cand-8a1a7cf2",
      "cand-db12aa7d",
      "cand-eb3175fc",
      "cand-ce89005b",
      "cand-b333865d",
      "cand-14f5f8ff",
      "cand-87a7fa06",
      "cand-609d9f19",
      "cand-09a0ae17",
      "cand-fbb3fb78",
      "cand-7bff0c1a",
      "cand-6e976c42",
      "cand-eaf67b92",
      "cand-ea5075a8",
      "cand-c0d6f969",
      "cand-946579c0",
      "cand-1638111b",
      "cand-840b49c0",
      "cand-a1b63e8c",
      "cand-d3fa966c",
      "cand-af6ef21e",
      "cand-c5832df6",
      "cand-57321a8c",
      "cand-3004b0f8",
      "cand-00644032",
      "cand-6272ab0f",
      "cand-7b341ad0",
      "cand-5c90b0de",
      "cand-350b7e7b",
      "cand-05218055",
      "cand-6ebbd52a",
      "cand-9edd626e",
      "cand-5d685d8a",
      "cand-addb3d5a",
      "cand-1a03e904",
      "cand-935b6a7d",
      "cand-11e460d8",
      "cand-58484f09",
      "cand-c3549cdc",
      "cand-e000c048",
      "cand-5927e5ca",
      "cand-7ae4d6eb",
      "cand-bd3c959f",
      "cand-ad98c7fd",
      "cand-a3456179",
      "cand-fa19c7db",
      "cand-8211114e",
      "cand-737e8acc",
      "cand-9ae5abb8",
      "cand-f68c494c",
      "cand-0cb06744",
      "cand-c4540c5e",
      "cand-887ba798",
      "cand-334ff9ed",
      "cand-1e7bb092",
      "cand-940106ac",
      "cand-b1575fba",
      "cand-1c1cb560",
      "cand-2ba5ca56",
      "cand-4e158d7d",
      "cand-ee1867a5",
      "cand-ccf655ee",
      "cand-2f2f67f1",
      "cand-dd0d4883",
      "cand-9e390b78",
      "cand-2b509e63",
      "cand-a42bb737",
      "cand-ba65a405",
      "cand-95b5fcb4",
      "cand-c1decc14",
      "cand-fad40100",
      "cand-3d99c3c3",
      "cand-ed6ed300",
      "cand-36473405",
      "cand-32556840",
      "cand-056beb3f",
      "cand-fef34f1d",
      "cand-4e58abee",
      "cand-6c095f1d",
      "cand-72fdbd0a",
      "cand-1a73f98c",
      "cand-60e5fb9a",
      "cand-fbd6e1cd",
      "cand-6fa9e64c",
      "cand-b3ce6dfd",
      "cand-d7b18242",
      "cand-cddf1147",
      "cand-a2b17756",
      "cand-4106d658",
      "cand-bf2319b1",
      "cand-1be3a1ed",
      "cand-ec8276d1",
      "cand-66da2fad",
      "cand-10487d69",
      "cand-a0b082a6",
      "cand-e1c37158",
      "cand-3924bc09",
      "cand-c5a37a36",
      "cand-9f921b3b",
      "cand-976660f2",
      "cand-1fd659d1",
      "cand-1ebe3284",
      "cand-a05583cb",
      "cand-68e1f6c0",
      "cand-939bafa7",
      "cand-5dfb966e",
      "cand-ec9d7a77",
      "cand-c9bd8a69",
      "cand-cad467d1",
      "cand-30ca4ecf",
      "cand-274a3d78",
      "cand-8f6a1544",
      "cand-be21675f",
      "cand-17c07e8f",
      "cand-60166f81",
      "cand-8f82de94",
      "cand-42460886",
      "cand-9295e93d",
      "cand-5a54f71c",
      "cand-a12eacdf",
      "cand-5b236726",
      "cand-dbfe05b6",
      "cand-eb4f9103",
      "cand-294a8337",
      "cand-54d331f7",
      "cand-303f93be",
      "cand-64ceccd8",
      "cand-82301049",
      "cand-cb926322",
      "cand-9740ccd3",
      "cand-45f69d7a",
      "cand-8195e18c",
      "cand-9ad02865",
      "cand-b0561318",
      "cand-77645d5d",
      "cand-3913b48a",
      "cand-d8c529f0",
      "cand-3e0617a5",
      "cand-796b47d8",
      "cand-da5bc8a6",
      "cand-6385aa99",
      "cand-ce0fb6b8",
      "cand-f53efe87",
      "cand-541078ba",
      "cand-102cde43",
      "cand-99a518c8",
      "cand-45eae1ed",
      "cand-5fa9bbca",
      "cand-58a6bc67",
      "cand-e2e95d0b",
      "cand-e7d44996",
      "cand-4fd1f661",
      "cand-f8a32482",
      "cand-65221fbc",
      "cand-0dcbc429",
      "cand-7237f414",
      "cand-13ab4eb7",
      "cand-03a62626",
      "cand-74403bc5",
      "cand-08afa655",
      "cand-8fc0ffa2",
      "cand-6b8a91fa",
      "cand-6b160ae4",
      "cand-e4ab8440",
      "cand-292c094d",
      "cand-bf066e31",
      "cand-bf45bffc",
      "cand-33777180",
      "cand-67548c32",
      "cand-af1ed124",
      "cand-fd3f325b",
      "cand-e8320fab",
      "cand-51877b36",
      "cand-f80d7394",
      "cand-d2b04e0c",
      "cand-d865401d",
      "cand-c2337d4e",
      "cand-bd0f8191",
      "cand-2e68882f",
      "cand-94bc57ed",
      "cand-93a15ca5",
      "cand-197cf126",
      "cand-4e21422c",
      "cand-cc3ed2d8",
      "cand-ad84fefa",
      "cand-e3e4e13a",
      "cand-6d2901b8",
      "cand-c7985187",
      "cand-a3fa7fcf",
      "cand-2181b4f2",
      "cand-e803ef34",
      "cand-cc7eb308",
      "cand-8c710851",
      "cand-8045892e",
      "cand-17273829",
      "cand-e3d89e08",
      "cand-118d9dbb",
      "cand-1a318968",
      "cand-5665b571",
      "cand-80f55e73",
      "cand-74341bb6",
      "cand-6a470e0a",
      "cand-bac89ce5",
      "cand-9a0a92b6",
      "cand-91ef422b",
      "cand-63b039ec",
      "cand-5f4ecea5",
      "cand-eb5c0c9f",
      "cand-f7398180",
      "cand-b8e26ed1",
      "cand-97e78627",
      "cand-8cfb97d5",
      "cand-2c409867",
      "cand-990db2d3",
      "cand-d3505cb8",
      "cand-c99b76d2",
      "cand-49bf1eca",
      "cand-a32fd47a",
      "cand-60aab7fe",
      "cand-3f27c596",
      "cand-7d7ec144",
      "cand-dbed99a3",
      "cand-a5ddec79",
      "cand-f35eb742",
      "cand-df9c33cc",
      "cand-3bde95a6",
      "cand-5e145275",
      "cand-93924d92",
      "cand-de4d3ae4",
      "cand-6f7e7135",
      "cand-8c77c5e2",
      "cand-ed7049a5",
      "cand-cc2ebf60",
      "cand-880d9c3b",
      "cand-43144528",
      "cand-13019569",
      "cand-6125b79f",
      "cand-df4acc55",
      "cand-21300a79",
      "cand-bd0b9f0a",
      "cand-6c413d8e",
      "cand-3d990470",
      "cand-8a81d15e",
      "cand-385a5c98",
      "cand-ce602264",
      "cand-19b9feeb",
      "cand-1b5527d4",
      "cand-1430f563",
      "cand-cec287b8",
      "cand-20c62eb7"
    ],
    "recentProblemKinds": [
      "local_backtest_fail",
      "local_backtest_fail",
      "local_backtest_fail",
      "local_backtest_fail",
      "local_backtest_fail"
    ],
    "recentRepairResults": [
      {
        "repairKind": "risk_logic_repair",
        "result": "success",
        "repairedCandidateId": "cand-bd0b9f0a",
        "summary": "Requested risk_logic_repair after local_backtest_fail."
      },
      {
        "repairKind": "archive_gap_redirect",
        "result": "success",
        "repairedCandidateId": "cand-6c413d8e",
        "summary": "Requested archive_gap_redirect after local_backtest_fail."
      },
      {
        "repairKind": "risk_logic_repair",
        "result": "success",
        "repairedCandidateId": "cand-3d990470",
        "summary": "Requested risk_logic_repair after local_backtest_fail."
      },
      {
        "repairKind": "risk_logic_repair",
        "result": "success",
        "repairedCandidateId": "cand-385a5c98",
        "summary": "Requested risk_logic_repair after local_backtest_fail."
      },
      {
        "repairKind": "risk_logic_repair",
        "result": "success",
        "repairedCandidateId": "cand-1430f563",
        "summary": "Requested risk_logic_repair after local_backtest_fail."
      }
    ],
    "scoreFeedbackObserved": true,
    "stage6Readiness": {
      "generatedAt": "2026-04-30T05:22:53.680Z",
      "evaluated": true,
      "passed": true,
      "mode": "deterministic",
      "countRequested": 10,
      "countCompleted": 10,
      "countFailed": 0,
      "activeChampionCandidateId": "cand-a64e2088",
      "freshBootstrapPassed": true,
      "multiIterationPassed": true,
      "rootIsolationPassed": true,
      "repairTraceabilityPassed": true,
      "calibrationQueuePassed": true,
      "scoreFeedbackPassed": true,
      "feedbackClosureRequired": false,
      "calibrationMode": "queue_only",
      "ledgerValidationPassed": true,
      "indexVerificationPassed": true,
      "rootIsolationStatus": {
        "status": "passed",
        "customStateRoot": "C:\\Users\\hanji\\AppData\\Local\\Temp\\af-stage6-state-YAZZ8Y",
        "defaultWorkspaceStateRoot": "C:\\Users\\hanji\\AppData\\Local\\Temp\\af-stage6-workspace-Nnkt1H\\state\\pi-autoresearch",
        "customContextExists": true,
        "defaultWorkspaceStateHasArtifacts": false
      },
      "repairTraceabilityStatus": {
        "status": "passed",
        "successfulRepairCount": 10,
        "successfulRepairsWithoutCandidateCount": 0
      },
      "feedbackClosureStatus": {
        "status": "passed",
        "required": false,
        "promptFeedbackObserved": true,
        "scoreBreakdownFeedbackObserved": false,
        "divergenceCount": 0,
        "confidenceUpdateCount": 0
      },
      "evidence": {
        "tempWorkspaceRoot": null,
        "tempStateRoot": null,
        "localEvaluationCount": 19,
        "headEventCount": 2,
        "archiveEventCount": 11,
        "calibrationEventCount": 2,
        "mutationBriefCount": 18,
        "problemEventCount": 18,
        "repairAttemptCount": 10,
        "deadlineBreachCount": 0
      },
      "warnings": []
    },
    "lastStage6GatePassed": true,
    "rootIsolationStatus": {
      "status": "passed",
      "customStateRoot": "C:\\Users\\hanji\\AppData\\Local\\Temp\\af-stage6-state-YAZZ8Y",
      "defaultWorkspaceStateRoot": "C:\\Users\\hanji\\AppData\\Local\\Temp\\af-stage6-workspace-Nnkt1H\\state\\pi-autoresearch",
      "customContextExists": true,
      "defaultWorkspaceStateHasArtifacts": false
    },
    "repairTraceabilityStatus": {
      "status": "passed",
      "successfulRepairCount": 10,
      "successfulRepairsWithoutCandidateCount": 0
    },
    "feedbackClosureStatus": {
      "status": "passed",
      "required": false,
      "promptFeedbackObserved": true,
      "scoreBreakdownFeedbackObserved": false,
      "divergenceCount": 0,
      "confidenceUpdateCount": 0
    },
    "nextPlannedAction": "local_compatibility_repair",
    "loopMode": "local-first",
    "defaultOperationalView": "v3_autonomous_local_first",
    "projectRoot": "C:\\Users\\hanji\\Desktop\\AF",
    "workspaceRoot": "C:\\Users\\hanji\\Desktop\\AF",
    "stateRoot": "C:\\Users\\hanji\\Desktop\\AF\\state\\pi-autoresearch",
    "traceRoot": "C:\\Users\\hanji\\Desktop\\AF\\state\\pi-autoresearch\\traces",
    "artifactRoot": "C:\\Users\\hanji\\Desktop\\AF\\state\\pi-autoresearch\\artifacts",
    "evidenceRoot": "C:\\Users\\hanji\\Desktop\\AF\\state\\pi-autoresearch\\evidence",
    "runtimeRoot": "C:\\Users\\hanji\\Desktop\\AF\\state\\pi-autoresearch\\runtime",
    "tvVerificationCount": 28,
    "tvHealth": "unavailable",
    "calibrationAutoProcess": false,
    "calibrationMode": "queue_only",
    "lastTvSurfaceFailure": {
      "candidateId": "cand-c6235b65",
      "decision": "tv_surface_failure",
      "iteration": 279,
      "tvCalibrationStatus": "surface_failure",
      "recordedAt": "2026-04-29T18:46:19.526Z"
    },
    "humanOverride": false
  },
  "tracePath": "C:\\Users\\hanji\\Desktop\\AF\\state\\pi-autoresearch\\traces\\run-autonomous-loop-2026-05-01T02-43-49-934Z-trace-8e1267f7.jsonl"
}
[2026-05-01T11:46:02.8443938+09:00] iteration 24: run-autonomous-loop exit=0
[2026-05-01T11:46:02.8443938+09:00] iteration 24: validate-ledger start
??injected env (11) from .env // tip: ??secrets for agents [www.dotenvx.com]
[ledger.validation] validate-ledger | Ledger validation completed | 2026-05-01T02:46:07.375Z
{
  "ok": true,
  "errorCount": 0,
  "warningCount": 6,
  "issues": [
    {
      "severity": "warning",
      "scope": "experiment-record-meta",
      "recordId": "cand-f918d6d8",
      "message": "recordHash does not match the serialized experiment record."
    },
    {
      "severity": "warning",
      "scope": "experiment-record-meta",
      "recordId": "cand-3f99a396",
      "message": "recordHash does not match the serialized experiment record."
    },
    {
      "severity": "warning",
      "scope": "experiment-record-meta",
      "recordId": "cand-93a71a19",
      "message": "recordHash does not match the serialized experiment record."
    },
    {
      "severity": "warning",
      "scope": "experiment-record-meta",
      "recordId": "cand-560e2d3b",
      "message": "recordHash does not match the serialized experiment record."
    },
    {
      "severity": "warning",
      "scope": "experiment-record-meta",
      "recordId": "cand-24b4021d",
      "message": "recordHash does not match the serialized experiment record."
    },
    {
      "severity": "warning",
      "scope": "candidate-dedup",
      "recordId": "bfee8f4eb7eabba2047b8b2270beef764a3942811cda8134d75c15c171c0c26a",
      "message": "Duplicate candidate source hash detected across ids: cand-2a5e6ffe, cand-51397d04, cand-9cbc4c5f, cand-a93778fa, cand-bbb67c15, cand-fdc1ae65"
    }
  ],
  "summary": {
    "experiments": 636,
    "candidates": 586,
    "taskBatches": 131
  },
  "stateRoot": "C:\\Users\\hanji\\Desktop\\AF\\state\\pi-autoresearch",
  "tracePath": "C:\\Users\\hanji\\Desktop\\AF\\state\\pi-autoresearch\\traces\\validate-ledger-2026-05-01T02-46-03-115Z-trace-af7c6361.jsonl"
}
[2026-05-01T11:46:07.4514681+09:00] iteration 24: validate-ledger exit=0
[2026-05-01T11:46:07.4524684+09:00] iteration 24: rebuild-indexes --verify start
??injected env (11) from .env // tip: ??suppress logs { quiet: true }
[?몃뜳???ъ깮???쒖옉] ?몃뜳???ъ깮??| ?뚯깮 ?몃뜳?ㅻ? ?ъ깮?깊빀?덈떎. state: C:\Users\hanji\Desktop\AF\state\pi-autoresearch | 2026-05-01T02:46:10.189Z
[?몃뜳???ъ깮???꾨즺] ?몃뜳???ъ깮??| ?뚯깮 ?몃뜳???ъ깮?깆쓣 留덉낀?듬땲?? state: C:\Users\hanji\Desktop\AF\state\pi-autoresearch | 2026-05-01T02:46:23.066Z
{
  "rebuilt": true,
  "stateRoot": "C:\\Users\\hanji\\Desktop\\AF\\state\\pi-autoresearch",
  "autonomousState": {
    "generatedAt": "2026-05-01T02:46:14.533Z",
    "activeChampionCandidateId": "cand-42ed2fa4",
    "activeChampionScore": 0.7879,
    "activeChampionDecision": "local_candidate_eligible",
    "championOrigin": "autonomous",
    "researchMaturity": "steady_state",
    "selectedBy": "auto_policy",
    "selectionPolicyVersion": "autonomous-local-first/v3-p0",
    "objectivePolicyVersion": "objective.qqq-120m/v1",
    "headEventCount": 2,
    "archiveEventCount": 321,
    "calibrationEventCount": 333,
    "calibrationCandidateCount": 305,
    "divergenceCount": 27,
    "localConfidenceUpdateCount": 27,
    "problemEventCount": 217,
    "repairAttemptCount": 109,
    "localEvaluationCount": 416,
    "localEligibleCount": 235,
    "bootstrapCompatibleCount": 0,
    "bootstrapEligibleCount": 0,
    "bootstrapStatus": "not_started",
    "bootstrapSource": null,
    "bootstrapReason": null,
    "localRejectedCount": 176,
    "topBlockingReason": "low_trade_count",
    "pendingCalibrationCandidateCount": 277,
    "pendingCalibrationCandidateIds": [
      "cand-0e6a0180",
      "cand-9f33e80b",
      "cand-772d8a1e",
      "cand-f28d2e01",
      "cand-9a5dbcc7",
      "cand-b01be933",
      "cand-0a692f84",
      "cand-4f8faae3",
      "cand-35a74bba",
      "cand-c6b25611",
      "cand-ccdae17b",
      "cand-b8102dcd",
      "cand-8a1fe27b",
      "cand-ebbdd6a9",
      "cand-80dfaaa1",
      "cand-03f30a70",
      "cand-2f290563",
      "cand-e76cded5",
      "cand-710d8bc6",
      "cand-dd7e63cf",
      "cand-949bf032",
      "cand-b14595e0",
      "cand-90dc4ec3",
      "cand-f1103886",
      "cand-77224b87",
      "cand-55f47b32",
      "cand-cb18c54a",
      "cand-8a1a7cf2",
      "cand-db12aa7d",
      "cand-eb3175fc",
      "cand-ce89005b",
      "cand-b333865d",
      "cand-14f5f8ff",
      "cand-87a7fa06",
      "cand-609d9f19",
      "cand-09a0ae17",
      "cand-fbb3fb78",
      "cand-7bff0c1a",
      "cand-6e976c42",
      "cand-eaf67b92",
      "cand-ea5075a8",
      "cand-c0d6f969",
      "cand-946579c0",
      "cand-1638111b",
      "cand-840b49c0",
      "cand-a1b63e8c",
      "cand-d3fa966c",
      "cand-af6ef21e",
      "cand-c5832df6",
      "cand-57321a8c",
      "cand-3004b0f8",
      "cand-00644032",
      "cand-6272ab0f",
      "cand-7b341ad0",
      "cand-5c90b0de",
      "cand-350b7e7b",
      "cand-05218055",
      "cand-6ebbd52a",
      "cand-9edd626e",
      "cand-5d685d8a",
      "cand-addb3d5a",
      "cand-1a03e904",
      "cand-935b6a7d",
      "cand-11e460d8",
      "cand-58484f09",
      "cand-c3549cdc",
      "cand-e000c048",
      "cand-5927e5ca",
      "cand-7ae4d6eb",
      "cand-bd3c959f",
      "cand-ad98c7fd",
      "cand-a3456179",
      "cand-fa19c7db",
      "cand-8211114e",
      "cand-737e8acc",
      "cand-9ae5abb8",
      "cand-f68c494c",
      "cand-0cb06744",
      "cand-c4540c5e",
      "cand-887ba798",
      "cand-334ff9ed",
      "cand-1e7bb092",
      "cand-940106ac",
      "cand-b1575fba",
      "cand-1c1cb560",
      "cand-2ba5ca56",
      "cand-4e158d7d",
      "cand-ee1867a5",
      "cand-ccf655ee",
      "cand-2f2f67f1",
      "cand-dd0d4883",
      "cand-9e390b78",
      "cand-2b509e63",
      "cand-a42bb737",
      "cand-ba65a405",
      "cand-95b5fcb4",
      "cand-c1decc14",
      "cand-fad40100",
      "cand-3d99c3c3",
      "cand-ed6ed300",
      "cand-36473405",
      "cand-32556840",
      "cand-056beb3f",
      "cand-fef34f1d",
      "cand-4e58abee",
      "cand-6c095f1d",
      "cand-72fdbd0a",
      "cand-1a73f98c",
      "cand-60e5fb9a",
      "cand-fbd6e1cd",
      "cand-6fa9e64c",
      "cand-b3ce6dfd",
      "cand-d7b18242",
      "cand-cddf1147",
      "cand-a2b17756",
      "cand-4106d658",
      "cand-bf2319b1",
      "cand-1be3a1ed",
      "cand-ec8276d1",
      "cand-66da2fad",
      "cand-10487d69",
      "cand-a0b082a6",
      "cand-e1c37158",
      "cand-3924bc09",
      "cand-c5a37a36",
      "cand-9f921b3b",
      "cand-976660f2",
      "cand-1fd659d1",
      "cand-1ebe3284",
      "cand-a05583cb",
      "cand-68e1f6c0",
      "cand-939bafa7",
      "cand-5dfb966e",
      "cand-ec9d7a77",
      "cand-c9bd8a69",
      "cand-cad467d1",
      "cand-30ca4ecf",
      "cand-274a3d78",
      "cand-8f6a1544",
      "cand-be21675f",
      "cand-17c07e8f",
      "cand-60166f81",
      "cand-8f82de94",
      "cand-42460886",
      "cand-9295e93d",
      "cand-5a54f71c",
      "cand-a12eacdf",
      "cand-5b236726",
      "cand-dbfe05b6",
      "cand-eb4f9103",
      "cand-294a8337",
      "cand-54d331f7",
      "cand-303f93be",
      "cand-64ceccd8",
      "cand-82301049",
      "cand-cb926322",
      "cand-9740ccd3",
      "cand-45f69d7a",
      "cand-8195e18c",
      "cand-9ad02865",
      "cand-b0561318",
      "cand-77645d5d",
      "cand-3913b48a",
      "cand-d8c529f0",
      "cand-3e0617a5",
      "cand-796b47d8",
      "cand-da5bc8a6",
      "cand-6385aa99",
      "cand-ce0fb6b8",
      "cand-f53efe87",
      "cand-541078ba",
      "cand-102cde43",
      "cand-99a518c8",
      "cand-45eae1ed",
      "cand-5fa9bbca",
      "cand-58a6bc67",
      "cand-e2e95d0b",
      "cand-e7d44996",
      "cand-4fd1f661",
      "cand-f8a32482",
      "cand-65221fbc",
      "cand-0dcbc429",
      "cand-7237f414",
      "cand-13ab4eb7",
      "cand-03a62626",
      "cand-74403bc5",
      "cand-08afa655",
      "cand-8fc0ffa2",
      "cand-6b8a91fa",
      "cand-6b160ae4",
      "cand-e4ab8440",
      "cand-292c094d",
      "cand-bf066e31",
      "cand-bf45bffc",
      "cand-33777180",
      "cand-67548c32",
      "cand-af1ed124",
      "cand-fd3f325b",
      "cand-e8320fab",
      "cand-51877b36",
      "cand-f80d7394",
      "cand-d2b04e0c",
      "cand-d865401d",
      "cand-c2337d4e",
      "cand-bd0f8191",
      "cand-2e68882f",
      "cand-94bc57ed",
      "cand-93a15ca5",
      "cand-197cf126",
      "cand-4e21422c",
      "cand-cc3ed2d8",
      "cand-ad84fefa",
      "cand-e3e4e13a",
      "cand-6d2901b8",
      "cand-c7985187",
      "cand-a3fa7fcf",
      "cand-2181b4f2",
      "cand-e803ef34",
      "cand-cc7eb308",
      "cand-8c710851",
      "cand-8045892e",
      "cand-17273829",
      "cand-e3d89e08",
      "cand-118d9dbb",
      "cand-1a318968",
      "cand-5665b571",
      "cand-80f55e73",
      "cand-74341bb6",
      "cand-6a470e0a",
      "cand-bac89ce5",
      "cand-9a0a92b6",
      "cand-91ef422b",
      "cand-63b039ec",
      "cand-5f4ecea5",
      "cand-eb5c0c9f",
      "cand-f7398180",
      "cand-b8e26ed1",
      "cand-97e78627",
      "cand-8cfb97d5",
      "cand-2c409867",
      "cand-990db2d3",
      "cand-d3505cb8",
      "cand-c99b76d2",
      "cand-49bf1eca",
      "cand-a32fd47a",
      "cand-60aab7fe",
      "cand-3f27c596",
      "cand-7d7ec144",
      "cand-dbed99a3",
      "cand-a5ddec79",
      "cand-f35eb742",
      "cand-df9c33cc",
      "cand-3bde95a6",
      "cand-5e145275",
      "cand-93924d92",
      "cand-de4d3ae4",
      "cand-6f7e7135",
      "cand-8c77c5e2",
      "cand-ed7049a5",
      "cand-cc2ebf60",
      "cand-880d9c3b",
      "cand-43144528",
      "cand-13019569",
      "cand-6125b79f",
      "cand-df4acc55",
      "cand-21300a79",
      "cand-bd0b9f0a",
      "cand-6c413d8e",
      "cand-3d990470",
      "cand-8a81d15e",
      "cand-385a5c98",
      "cand-ce602264",
      "cand-19b9feeb",
      "cand-1b5527d4",
      "cand-1430f563",
      "cand-cec287b8",
      "cand-20c62eb7"
    ],
    "recentProblemKinds": [
      "local_backtest_fail",
      "local_backtest_fail",
      "local_backtest_fail",
      "local_backtest_fail",
      "local_backtest_fail"
    ],
    "recentRepairResults": [
      {
        "repairKind": "risk_logic_repair",
        "result": "success",
        "repairedCandidateId": "cand-bd0b9f0a",
        "summary": "Requested risk_logic_repair after local_backtest_fail."
      },
      {
        "repairKind": "archive_gap_redirect",
        "result": "success",
        "repairedCandidateId": "cand-6c413d8e",
        "summary": "Requested archive_gap_redirect after local_backtest_fail."
      },
      {
        "repairKind": "risk_logic_repair",
        "result": "success",
        "repairedCandidateId": "cand-3d990470",
        "summary": "Requested risk_logic_repair after local_backtest_fail."
      },
      {
        "repairKind": "risk_logic_repair",
        "result": "success",
        "repairedCandidateId": "cand-385a5c98",
        "summary": "Requested risk_logic_repair after local_backtest_fail."
      },
      {
        "repairKind": "risk_logic_repair",
        "result": "success",
        "repairedCandidateId": "cand-1430f563",
        "summary": "Requested risk_logic_repair after local_backtest_fail."
      }
    ],
    "scoreFeedbackObserved": true,
    "stage6Readiness": {
      "generatedAt": "2026-04-30T05:22:53.680Z",
      "evaluated": true,
      "passed": true,
      "mode": "deterministic",
      "countRequested": 10,
      "countCompleted": 10,
      "countFailed": 0,
      "activeChampionCandidateId": "cand-a64e2088",
      "freshBootstrapPassed": true,
      "multiIterationPassed": true,
      "rootIsolationPassed": true,
      "repairTraceabilityPassed": true,
      "calibrationQueuePassed": true,
      "scoreFeedbackPassed": true,
      "feedbackClosureRequired": false,
      "calibrationMode": "queue_only",
      "ledgerValidationPassed": true,
      "indexVerificationPassed": true,
      "rootIsolationStatus": {
        "status": "passed",
        "customStateRoot": "C:\\Users\\hanji\\AppData\\Local\\Temp\\af-stage6-state-YAZZ8Y",
        "defaultWorkspaceStateRoot": "C:\\Users\\hanji\\AppData\\Local\\Temp\\af-stage6-workspace-Nnkt1H\\state\\pi-autoresearch",
        "customContextExists": true,
        "defaultWorkspaceStateHasArtifacts": false
      },
      "repairTraceabilityStatus": {
        "status": "passed",
        "successfulRepairCount": 10,
        "successfulRepairsWithoutCandidateCount": 0
      },
      "feedbackClosureStatus": {
        "status": "passed",
        "required": false,
        "promptFeedbackObserved": true,
        "scoreBreakdownFeedbackObserved": false,
        "divergenceCount": 0,
        "confidenceUpdateCount": 0
      },
      "evidence": {
        "tempWorkspaceRoot": null,
        "tempStateRoot": null,
        "localEvaluationCount": 19,
        "headEventCount": 2,
        "archiveEventCount": 11,
        "calibrationEventCount": 2,
        "mutationBriefCount": 18,
        "problemEventCount": 18,
        "repairAttemptCount": 10,
        "deadlineBreachCount": 0
      },
      "warnings": []
    },
    "lastStage6GatePassed": true,
    "rootIsolationStatus": {
      "status": "passed",
      "customStateRoot": "C:\\Users\\hanji\\AppData\\Local\\Temp\\af-stage6-state-YAZZ8Y",
      "defaultWorkspaceStateRoot": "C:\\Users\\hanji\\AppData\\Local\\Temp\\af-stage6-workspace-Nnkt1H\\state\\pi-autoresearch",
      "customContextExists": true,
      "defaultWorkspaceStateHasArtifacts": false
    },
    "repairTraceabilityStatus": {
      "status": "passed",
      "successfulRepairCount": 10,
      "successfulRepairsWithoutCandidateCount": 0
    },
    "feedbackClosureStatus": {
      "status": "passed",
      "required": false,
      "promptFeedbackObserved": true,
      "scoreBreakdownFeedbackObserved": false,
      "divergenceCount": 0,
      "confidenceUpdateCount": 0
    },
    "nextPlannedAction": "local_compatibility_repair",
    "loopMode": "local-first",
    "defaultOperationalView": "v3_autonomous_local_first",
    "projectRoot": "C:\\Users\\hanji\\Desktop\\AF",
    "workspaceRoot": "C:\\Users\\hanji\\Desktop\\AF",
    "stateRoot": "C:\\Users\\hanji\\Desktop\\AF\\state\\pi-autoresearch",
    "traceRoot": "C:\\Users\\hanji\\Desktop\\AF\\state\\pi-autoresearch\\traces",
    "artifactRoot": "C:\\Users\\hanji\\Desktop\\AF\\state\\pi-autoresearch\\artifacts",
    "evidenceRoot": "C:\\Users\\hanji\\Desktop\\AF\\state\\pi-autoresearch\\evidence",
    "runtimeRoot": "C:\\Users\\hanji\\Desktop\\AF\\state\\pi-autoresearch\\runtime",
    "tvVerificationCount": 28,
    "tvHealth": "unavailable",
    "calibrationAutoProcess": false,
    "calibrationMode": "queue_only",
    "lastTvSurfaceFailure": {
      "candidateId": "cand-c6235b65",
      "decision": "tv_surface_failure",
      "iteration": 279,
      "tvCalibrationStatus": "surface_failure",
      "recordedAt": "2026-04-29T18:46:19.526Z"
    },
    "humanOverride": false
  },
  "verification": {
    "ok": true,
    "issues": []
  },
  "tracePath": "C:\\Users\\hanji\\Desktop\\AF\\state\\pi-autoresearch\\traces\\rebuild-indexes-2026-05-01T02-46-07-695Z-trace-340a78ec.jsonl"
}
[2026-05-01T11:46:23.2797691+09:00] iteration 24: rebuild-indexes --verify exit=0
[2026-05-01T11:46:33.2918381+09:00] stop file detected; exiting
[2026-05-01T11:46:33.2958359+09:00] autonomous forever loop stopped
