[2026-05-01T01:31:04.8309530+09:00] autonomous forever loop started; pid=17004; project=C:\Users\hanji\Desktop\AF
[2026-05-01T01:31:04.8350841+09:00] stop file: C:\Users\hanji\Desktop\AF\state\pi-autoresearch\runtime\STOP_AUTONOMOUS_LOOP
[2026-05-01T01:31:04.8651784+09:00] iteration 1: run-autonomous-loop start
??injected env (11) from .env // tip: ??custom filepath { path: '/custom/path/.env' }
[autonomous.loop.start] run-autonomous-loop | Starting autonomous local-first loop | 2026-04-30T16:31:05.221Z
[iteration.started] run-autonomous-loop | Starting autonomous iteration | 2026-04-30T16:31:05.224Z
[phase.started] run-autonomous-loop | Initializing autonomous workspace | 2026-04-30T16:31:05.227Z
[phase.completed] run-autonomous-loop | Initializing autonomous workspace | 2026-04-30T16:31:07.278Z
[phase.started] run-autonomous-loop | Generating autonomous mutation candidate | 2026-04-30T16:31:08.989Z
[autonomous.mutation.request] run-autonomous-loop | Sending autonomous mutation request | 2026-04-30T16:31:08.990Z
[phase.completed] run-autonomous-loop | Generating autonomous mutation candidate | 2026-04-30T16:33:23.138Z
[phase.started] run-autonomous-loop | Evaluating autonomous candidate locally | 2026-04-30T16:33:23.139Z
[autonomous.market_context_ready] run-autonomous-loop | Local-first market context is ready | 2026-04-30T16:33:23.146Z
[autonomous.local_evaluation] run-autonomous-loop | Local autonomous evaluation completed | 2026-04-30T16:33:23.197Z
[phase.completed] run-autonomous-loop | Evaluating autonomous candidate locally | 2026-04-30T16:33:23.216Z
[phase.started] run-autonomous-loop | Repairing autonomous candidate after local failure | 2026-04-30T16:33:23.217Z
[phase.completed] run-autonomous-loop | Repairing autonomous candidate after local failure | 2026-04-30T16:35:23.068Z
[phase.started] run-autonomous-loop | Evaluating repaired autonomous candidate locally | 2026-04-30T16:35:23.971Z
[autonomous.market_context_ready] run-autonomous-loop | Local-first market context is ready | 2026-04-30T16:35:23.976Z
[autonomous.local_evaluation] run-autonomous-loop | Local autonomous evaluation completed | 2026-04-30T16:35:24.011Z
[phase.completed] run-autonomous-loop | Evaluating repaired autonomous candidate locally | 2026-04-30T16:35:24.027Z
[phase.started] run-autonomous-loop | Updating autonomous archive views | 2026-04-30T16:35:24.027Z
[phase.completed] run-autonomous-loop | Updating autonomous archive views | 2026-04-30T16:35:24.030Z
[phase.started] run-autonomous-loop | Queueing candidate for TradingView calibration | 2026-04-30T16:35:24.031Z
[phase.completed] run-autonomous-loop | Queueing candidate for TradingView calibration | 2026-04-30T16:35:24.034Z
[phase.started] run-autonomous-loop | Selecting active autonomous champion | 2026-04-30T16:35:24.871Z
[phase.completed] run-autonomous-loop | Selecting active autonomous champion | 2026-04-30T16:35:25.432Z
[phase.started] run-autonomous-loop | Rebuilding derived autonomous views | 2026-04-30T16:35:25.434Z
[phase.completed] run-autonomous-loop | Rebuilding derived autonomous views | 2026-04-30T16:35:27.331Z
[iteration.completed] run-autonomous-loop | Autonomous iteration completed | 2026-04-30T16:35:27.332Z
{
  "countRequested": 1,
  "countCompleted": 1,
  "countFailed": 0,
  "results": [
    {
      "runId": "autonomous-1777566665225",
      "iteration": 556,
      "candidateId": "cand-e3d89e08",
      "localDecision": "local_candidate_rejected",
      "activeChampionChanged": false,
      "activeChampionCandidateId": "cand-42ed2fa4"
    }
  ],
  "deadlineBreaches": [],
  "autonomousState": {
    "generatedAt": "2026-04-30T16:35:28.874Z",
    "activeChampionCandidateId": "cand-42ed2fa4",
    "activeChampionScore": 0.7879,
    "activeChampionDecision": "local_candidate_eligible",
    "championOrigin": "autonomous",
    "researchMaturity": "steady_state",
    "selectedBy": "auto_policy",
    "selectionPolicyVersion": "autonomous-local-first/v3-p0",
    "objectivePolicyVersion": "objective.qqq-120m/v1",
    "headEventCount": 2,
    "archiveEventCount": 262,
    "calibrationEventCount": 279,
    "calibrationCandidateCount": 251,
    "divergenceCount": 27,
    "localConfidenceUpdateCount": 27,
    "problemEventCount": 143,
    "repairAttemptCount": 70,
    "localEvaluationCount": 337,
    "localEligibleCount": 203,
    "bootstrapCompatibleCount": 0,
    "bootstrapEligibleCount": 0,
    "bootstrapStatus": "not_started",
    "bootstrapSource": null,
    "bootstrapReason": null,
    "localRejectedCount": 129,
    "topBlockingReason": "low_trade_count",
    "pendingCalibrationCandidateCount": 223,
    "pendingCalibrationCandidateIds": [
      "cand-0e6a0180",
      "cand-9f33e80b",
      "cand-772d8a1e",
      "cand-f28d2e01",
      "cand-9a5dbcc7",
      "cand-b01be933",
      "cand-0a692f84",
      "cand-4f8faae3",
      "cand-35a74bba",
      "cand-c6b25611",
      "cand-ccdae17b",
      "cand-b8102dcd",
      "cand-8a1fe27b",
      "cand-ebbdd6a9",
      "cand-80dfaaa1",
      "cand-03f30a70",
      "cand-2f290563",
      "cand-e76cded5",
      "cand-710d8bc6",
      "cand-dd7e63cf",
      "cand-949bf032",
      "cand-b14595e0",
      "cand-90dc4ec3",
      "cand-f1103886",
      "cand-77224b87",
      "cand-55f47b32",
      "cand-cb18c54a",
      "cand-8a1a7cf2",
      "cand-db12aa7d",
      "cand-eb3175fc",
      "cand-ce89005b",
      "cand-b333865d",
      "cand-14f5f8ff",
      "cand-87a7fa06",
      "cand-609d9f19",
      "cand-09a0ae17",
      "cand-fbb3fb78",
      "cand-7bff0c1a",
      "cand-6e976c42",
      "cand-eaf67b92",
      "cand-ea5075a8",
      "cand-c0d6f969",
      "cand-946579c0",
      "cand-1638111b",
      "cand-840b49c0",
      "cand-a1b63e8c",
      "cand-d3fa966c",
      "cand-af6ef21e",
      "cand-c5832df6",
      "cand-57321a8c",
      "cand-3004b0f8",
      "cand-00644032",
      "cand-6272ab0f",
      "cand-7b341ad0",
      "cand-5c90b0de",
      "cand-350b7e7b",
      "cand-05218055",
      "cand-6ebbd52a",
      "cand-9edd626e",
      "cand-5d685d8a",
      "cand-addb3d5a",
      "cand-1a03e904",
      "cand-935b6a7d",
      "cand-11e460d8",
      "cand-58484f09",
      "cand-c3549cdc",
      "cand-e000c048",
      "cand-5927e5ca",
      "cand-7ae4d6eb",
      "cand-bd3c959f",
      "cand-ad98c7fd",
      "cand-a3456179",
      "cand-fa19c7db",
      "cand-8211114e",
      "cand-737e8acc",
      "cand-9ae5abb8",
      "cand-f68c494c",
      "cand-0cb06744",
      "cand-c4540c5e",
      "cand-887ba798",
      "cand-334ff9ed",
      "cand-1e7bb092",
      "cand-940106ac",
      "cand-b1575fba",
      "cand-1c1cb560",
      "cand-2ba5ca56",
      "cand-4e158d7d",
      "cand-ee1867a5",
      "cand-ccf655ee",
      "cand-2f2f67f1",
      "cand-dd0d4883",
      "cand-9e390b78",
      "cand-2b509e63",
      "cand-a42bb737",
      "cand-ba65a405",
      "cand-95b5fcb4",
      "cand-c1decc14",
      "cand-fad40100",
      "cand-3d99c3c3",
      "cand-ed6ed300",
      "cand-36473405",
      "cand-32556840",
      "cand-056beb3f",
      "cand-fef34f1d",
      "cand-4e58abee",
      "cand-6c095f1d",
      "cand-72fdbd0a",
      "cand-1a73f98c",
      "cand-60e5fb9a",
      "cand-fbd6e1cd",
      "cand-6fa9e64c",
      "cand-b3ce6dfd",
      "cand-d7b18242",
      "cand-cddf1147",
      "cand-a2b17756",
      "cand-4106d658",
      "cand-bf2319b1",
      "cand-1be3a1ed",
      "cand-ec8276d1",
      "cand-66da2fad",
      "cand-10487d69",
      "cand-a0b082a6",
      "cand-e1c37158",
      "cand-3924bc09",
      "cand-c5a37a36",
      "cand-9f921b3b",
      "cand-976660f2",
      "cand-1fd659d1",
      "cand-1ebe3284",
      "cand-a05583cb",
      "cand-68e1f6c0",
      "cand-939bafa7",
      "cand-5dfb966e",
      "cand-ec9d7a77",
      "cand-c9bd8a69",
      "cand-cad467d1",
      "cand-30ca4ecf",
      "cand-274a3d78",
      "cand-8f6a1544",
      "cand-be21675f",
      "cand-17c07e8f",
      "cand-60166f81",
      "cand-8f82de94",
      "cand-42460886",
      "cand-9295e93d",
      "cand-5a54f71c",
      "cand-a12eacdf",
      "cand-5b236726",
      "cand-dbfe05b6",
      "cand-eb4f9103",
      "cand-294a8337",
      "cand-54d331f7",
      "cand-303f93be",
      "cand-64ceccd8",
      "cand-82301049",
      "cand-cb926322",
      "cand-9740ccd3",
      "cand-45f69d7a",
      "cand-8195e18c",
      "cand-9ad02865",
      "cand-b0561318",
      "cand-77645d5d",
      "cand-3913b48a",
      "cand-d8c529f0",
      "cand-3e0617a5",
      "cand-796b47d8",
      "cand-da5bc8a6",
      "cand-6385aa99",
      "cand-ce0fb6b8",
      "cand-f53efe87",
      "cand-541078ba",
      "cand-102cde43",
      "cand-99a518c8",
      "cand-45eae1ed",
      "cand-5fa9bbca",
      "cand-58a6bc67",
      "cand-e2e95d0b",
      "cand-e7d44996",
      "cand-4fd1f661",
      "cand-f8a32482",
      "cand-65221fbc",
      "cand-0dcbc429",
      "cand-7237f414",
      "cand-13ab4eb7",
      "cand-03a62626",
      "cand-74403bc5",
      "cand-08afa655",
      "cand-8fc0ffa2",
      "cand-6b8a91fa",
      "cand-6b160ae4",
      "cand-e4ab8440",
      "cand-292c094d",
      "cand-bf066e31",
      "cand-bf45bffc",
      "cand-33777180",
      "cand-67548c32",
      "cand-af1ed124",
      "cand-fd3f325b",
      "cand-e8320fab",
      "cand-51877b36",
      "cand-f80d7394",
      "cand-d2b04e0c",
      "cand-d865401d",
      "cand-c2337d4e",
      "cand-bd0f8191",
      "cand-2e68882f",
      "cand-94bc57ed",
      "cand-93a15ca5",
      "cand-197cf126",
      "cand-4e21422c",
      "cand-cc3ed2d8",
      "cand-ad84fefa",
      "cand-e3e4e13a",
      "cand-6d2901b8",
      "cand-c7985187",
      "cand-a3fa7fcf",
      "cand-2181b4f2",
      "cand-e803ef34",
      "cand-cc7eb308",
      "cand-8c710851",
      "cand-8045892e",
      "cand-17273829",
      "cand-e3d89e08"
    ],
    "recentProblemKinds": [
      "local_backtest_fail",
      "local_backtest_fail",
      "local_backtest_fail",
      "local_backtest_fail",
      "local_backtest_fail"
    ],
    "recentRepairResults": [
      {
        "repairKind": "entry_frequency_repair",
        "result": "success",
        "repairedCandidateId": "cand-8c710851",
        "summary": "Requested entry_frequency_repair after local_backtest_fail."
      },
      {
        "repairKind": "entry_frequency_repair",
        "result": "success",
        "repairedCandidateId": "cand-8045892e",
        "summary": "Requested entry_frequency_repair after local_backtest_fail."
      },
      {
        "repairKind": "entry_frequency_repair",
        "result": "success",
        "repairedCandidateId": "cand-17273829",
        "summary": "Requested entry_frequency_repair after local_backtest_fail."
      },
      {
        "repairKind": "entry_frequency_repair",
        "result": "success",
        "repairedCandidateId": "cand-75d19c10",
        "summary": "Requested entry_frequency_repair after local_backtest_fail."
      },
      {
        "repairKind": "entry_frequency_repair",
        "result": "success",
        "repairedCandidateId": "cand-e3d89e08",
        "summary": "Requested entry_frequency_repair after local_backtest_fail."
      }
    ],
    "scoreFeedbackObserved": true,
    "stage6Readiness": {
      "generatedAt": "2026-04-30T05:22:53.680Z",
      "evaluated": true,
      "passed": true,
      "mode": "deterministic",
      "countRequested": 10,
      "countCompleted": 10,
      "countFailed": 0,
      "activeChampionCandidateId": "cand-a64e2088",
      "freshBootstrapPassed": true,
      "multiIterationPassed": true,
      "rootIsolationPassed": true,
      "repairTraceabilityPassed": true,
      "calibrationQueuePassed": true,
      "scoreFeedbackPassed": true,
      "feedbackClosureRequired": false,
      "calibrationMode": "queue_only",
      "ledgerValidationPassed": true,
      "indexVerificationPassed": true,
      "rootIsolationStatus": {
        "status": "passed",
        "customStateRoot": "C:\\Users\\hanji\\AppData\\Local\\Temp\\af-stage6-state-YAZZ8Y",
        "defaultWorkspaceStateRoot": "C:\\Users\\hanji\\AppData\\Local\\Temp\\af-stage6-workspace-Nnkt1H\\state\\pi-autoresearch",
        "customContextExists": true,
        "defaultWorkspaceStateHasArtifacts": false
      },
      "repairTraceabilityStatus": {
        "status": "passed",
        "successfulRepairCount": 10,
        "successfulRepairsWithoutCandidateCount": 0
      },
      "feedbackClosureStatus": {
        "status": "passed",
        "required": false,
        "promptFeedbackObserved": true,
        "scoreBreakdownFeedbackObserved": false,
        "divergenceCount": 0,
        "confidenceUpdateCount": 0
      },
      "evidence": {
        "tempWorkspaceRoot": null,
        "tempStateRoot": null,
        "localEvaluationCount": 19,
        "headEventCount": 2,
        "archiveEventCount": 11,
        "calibrationEventCount": 2,
        "mutationBriefCount": 18,
        "problemEventCount": 18,
        "repairAttemptCount": 10,
        "deadlineBreachCount": 0
      },
      "warnings": []
    },
    "lastStage6GatePassed": true,
    "rootIsolationStatus": {
      "status": "passed",
      "customStateRoot": "C:\\Users\\hanji\\AppData\\Local\\Temp\\af-stage6-state-YAZZ8Y",
      "defaultWorkspaceStateRoot": "C:\\Users\\hanji\\AppData\\Local\\Temp\\af-stage6-workspace-Nnkt1H\\state\\pi-autoresearch",
      "customContextExists": true,
      "defaultWorkspaceStateHasArtifacts": false
    },
    "repairTraceabilityStatus": {
      "status": "passed",
      "successfulRepairCount": 10,
      "successfulRepairsWithoutCandidateCount": 0
    },
    "feedbackClosureStatus": {
      "status": "passed",
      "required": false,
      "promptFeedbackObserved": true,
      "scoreBreakdownFeedbackObserved": false,
      "divergenceCount": 0,
      "confidenceUpdateCount": 0
    },
    "nextPlannedAction": "local_compatibility_repair",
    "loopMode": "local-first",
    "defaultOperationalView": "v3_autonomous_local_first",
    "projectRoot": "C:\\Users\\hanji\\Desktop\\AF",
    "workspaceRoot": "C:\\Users\\hanji\\Desktop\\AF",
    "stateRoot": "C:\\Users\\hanji\\Desktop\\AF\\state\\pi-autoresearch",
    "traceRoot": "C:\\Users\\hanji\\Desktop\\AF\\state\\pi-autoresearch\\traces",
    "artifactRoot": "C:\\Users\\hanji\\Desktop\\AF\\state\\pi-autoresearch\\artifacts",
    "evidenceRoot": "C:\\Users\\hanji\\Desktop\\AF\\state\\pi-autoresearch\\evidence",
    "runtimeRoot": "C:\\Users\\hanji\\Desktop\\AF\\state\\pi-autoresearch\\runtime",
    "tvVerificationCount": 28,
    "tvHealth": "unavailable",
    "calibrationAutoProcess": false,
    "calibrationMode": "queue_only",
    "lastTvSurfaceFailure": {
      "candidateId": "cand-c6235b65",
      "decision": "tv_surface_failure",
      "iteration": 279,
      "tvCalibrationStatus": "surface_failure",
      "recordedAt": "2026-04-29T18:46:19.526Z"
    },
    "humanOverride": false
  },
  "tracePath": "C:\\Users\\hanji\\Desktop\\AF\\state\\pi-autoresearch\\traces\\run-autonomous-loop-2026-04-30T16-31-05-220Z-trace-7ba982f2.jsonl"
}
[2026-05-01T01:35:29.4583369+09:00] iteration 1: run-autonomous-loop exit=0
[2026-05-01T01:35:29.4613389+09:00] iteration 1: validate-ledger start
??injected env (11) from .env // tip: ??override existing { override: true }
[ledger.validation] validate-ledger | Ledger validation completed | 2026-04-30T16:35:32.471Z
{
  "ok": true,
  "errorCount": 0,
  "warningCount": 6,
  "issues": [
    {
      "severity": "warning",
      "scope": "experiment-record-meta",
      "recordId": "cand-f918d6d8",
      "message": "recordHash does not match the serialized experiment record."
    },
    {
      "severity": "warning",
      "scope": "experiment-record-meta",
      "recordId": "cand-3f99a396",
      "message": "recordHash does not match the serialized experiment record."
    },
    {
      "severity": "warning",
      "scope": "experiment-record-meta",
      "recordId": "cand-93a71a19",
      "message": "recordHash does not match the serialized experiment record."
    },
    {
      "severity": "warning",
      "scope": "experiment-record-meta",
      "recordId": "cand-560e2d3b",
      "message": "recordHash does not match the serialized experiment record."
    },
    {
      "severity": "warning",
      "scope": "experiment-record-meta",
      "recordId": "cand-24b4021d",
      "message": "recordHash does not match the serialized experiment record."
    },
    {
      "severity": "warning",
      "scope": "candidate-dedup",
      "recordId": "bfee8f4eb7eabba2047b8b2270beef764a3942811cda8134d75c15c171c0c26a",
      "message": "Duplicate candidate source hash detected across ids: cand-2a5e6ffe, cand-51397d04, cand-9cbc4c5f, cand-a93778fa, cand-bbb67c15, cand-fdc1ae65"
    }
  ],
  "summary": {
    "experiments": 557,
    "candidates": 507,
    "taskBatches": 131
  },
  "stateRoot": "C:\\Users\\hanji\\Desktop\\AF\\state\\pi-autoresearch",
  "tracePath": "C:\\Users\\hanji\\Desktop\\AF\\state\\pi-autoresearch\\traces\\validate-ledger-2026-04-30T16-35-29-730Z-trace-5c023620.jsonl"
}
[2026-05-01T01:35:32.6354217+09:00] iteration 1: validate-ledger exit=0
[2026-05-01T01:35:32.6364980+09:00] iteration 1: rebuild-indexes --verify start
??injected env (11) from .env // tip: ??encrypted .env [www.dotenvx.com]
[?몃뜳???ъ깮???쒖옉] ?몃뜳???ъ깮??| ?뚯깮 ?몃뜳?ㅻ? ?ъ깮?깊빀?덈떎. state: C:\Users\hanji\Desktop\AF\state\pi-autoresearch | 2026-04-30T16:35:34.557Z
[?몃뜳???ъ깮???꾨즺] ?몃뜳???ъ깮??| ?뚯깮 ?몃뜳???ъ깮?깆쓣 留덉낀?듬땲?? state: C:\Users\hanji\Desktop\AF\state\pi-autoresearch | 2026-04-30T16:35:43.269Z
{
  "rebuilt": true,
  "stateRoot": "C:\\Users\\hanji\\Desktop\\AF\\state\\pi-autoresearch",
  "autonomousState": {
    "generatedAt": "2026-04-30T16:35:37.443Z",
    "activeChampionCandidateId": "cand-42ed2fa4",
    "activeChampionScore": 0.7879,
    "activeChampionDecision": "local_candidate_eligible",
    "championOrigin": "autonomous",
    "researchMaturity": "steady_state",
    "selectedBy": "auto_policy",
    "selectionPolicyVersion": "autonomous-local-first/v3-p0",
    "objectivePolicyVersion": "objective.qqq-120m/v1",
    "headEventCount": 2,
    "archiveEventCount": 262,
    "calibrationEventCount": 279,
    "calibrationCandidateCount": 251,
    "divergenceCount": 27,
    "localConfidenceUpdateCount": 27,
    "problemEventCount": 143,
    "repairAttemptCount": 70,
    "localEvaluationCount": 337,
    "localEligibleCount": 203,
    "bootstrapCompatibleCount": 0,
    "bootstrapEligibleCount": 0,
    "bootstrapStatus": "not_started",
    "bootstrapSource": null,
    "bootstrapReason": null,
    "localRejectedCount": 129,
    "topBlockingReason": "low_trade_count",
    "pendingCalibrationCandidateCount": 223,
    "pendingCalibrationCandidateIds": [
      "cand-0e6a0180",
      "cand-9f33e80b",
      "cand-772d8a1e",
      "cand-f28d2e01",
      "cand-9a5dbcc7",
      "cand-b01be933",
      "cand-0a692f84",
      "cand-4f8faae3",
      "cand-35a74bba",
      "cand-c6b25611",
      "cand-ccdae17b",
      "cand-b8102dcd",
      "cand-8a1fe27b",
      "cand-ebbdd6a9",
      "cand-80dfaaa1",
      "cand-03f30a70",
      "cand-2f290563",
      "cand-e76cded5",
      "cand-710d8bc6",
      "cand-dd7e63cf",
      "cand-949bf032",
      "cand-b14595e0",
      "cand-90dc4ec3",
      "cand-f1103886",
      "cand-77224b87",
      "cand-55f47b32",
      "cand-cb18c54a",
      "cand-8a1a7cf2",
      "cand-db12aa7d",
      "cand-eb3175fc",
      "cand-ce89005b",
      "cand-b333865d",
      "cand-14f5f8ff",
      "cand-87a7fa06",
      "cand-609d9f19",
      "cand-09a0ae17",
      "cand-fbb3fb78",
      "cand-7bff0c1a",
      "cand-6e976c42",
      "cand-eaf67b92",
      "cand-ea5075a8",
      "cand-c0d6f969",
      "cand-946579c0",
      "cand-1638111b",
      "cand-840b49c0",
      "cand-a1b63e8c",
      "cand-d3fa966c",
      "cand-af6ef21e",
      "cand-c5832df6",
      "cand-57321a8c",
      "cand-3004b0f8",
      "cand-00644032",
      "cand-6272ab0f",
      "cand-7b341ad0",
      "cand-5c90b0de",
      "cand-350b7e7b",
      "cand-05218055",
      "cand-6ebbd52a",
      "cand-9edd626e",
      "cand-5d685d8a",
      "cand-addb3d5a",
      "cand-1a03e904",
      "cand-935b6a7d",
      "cand-11e460d8",
      "cand-58484f09",
      "cand-c3549cdc",
      "cand-e000c048",
      "cand-5927e5ca",
      "cand-7ae4d6eb",
      "cand-bd3c959f",
      "cand-ad98c7fd",
      "cand-a3456179",
      "cand-fa19c7db",
      "cand-8211114e",
      "cand-737e8acc",
      "cand-9ae5abb8",
      "cand-f68c494c",
      "cand-0cb06744",
      "cand-c4540c5e",
      "cand-887ba798",
      "cand-334ff9ed",
      "cand-1e7bb092",
      "cand-940106ac",
      "cand-b1575fba",
      "cand-1c1cb560",
      "cand-2ba5ca56",
      "cand-4e158d7d",
      "cand-ee1867a5",
      "cand-ccf655ee",
      "cand-2f2f67f1",
      "cand-dd0d4883",
      "cand-9e390b78",
      "cand-2b509e63",
      "cand-a42bb737",
      "cand-ba65a405",
      "cand-95b5fcb4",
      "cand-c1decc14",
      "cand-fad40100",
      "cand-3d99c3c3",
      "cand-ed6ed300",
      "cand-36473405",
      "cand-32556840",
      "cand-056beb3f",
      "cand-fef34f1d",
      "cand-4e58abee",
      "cand-6c095f1d",
      "cand-72fdbd0a",
      "cand-1a73f98c",
      "cand-60e5fb9a",
      "cand-fbd6e1cd",
      "cand-6fa9e64c",
      "cand-b3ce6dfd",
      "cand-d7b18242",
      "cand-cddf1147",
      "cand-a2b17756",
      "cand-4106d658",
      "cand-bf2319b1",
      "cand-1be3a1ed",
      "cand-ec8276d1",
      "cand-66da2fad",
      "cand-10487d69",
      "cand-a0b082a6",
      "cand-e1c37158",
      "cand-3924bc09",
      "cand-c5a37a36",
      "cand-9f921b3b",
      "cand-976660f2",
      "cand-1fd659d1",
      "cand-1ebe3284",
      "cand-a05583cb",
      "cand-68e1f6c0",
      "cand-939bafa7",
      "cand-5dfb966e",
      "cand-ec9d7a77",
      "cand-c9bd8a69",
      "cand-cad467d1",
      "cand-30ca4ecf",
      "cand-274a3d78",
      "cand-8f6a1544",
      "cand-be21675f",
      "cand-17c07e8f",
      "cand-60166f81",
      "cand-8f82de94",
      "cand-42460886",
      "cand-9295e93d",
      "cand-5a54f71c",
      "cand-a12eacdf",
      "cand-5b236726",
      "cand-dbfe05b6",
      "cand-eb4f9103",
      "cand-294a8337",
      "cand-54d331f7",
      "cand-303f93be",
      "cand-64ceccd8",
      "cand-82301049",
      "cand-cb926322",
      "cand-9740ccd3",
      "cand-45f69d7a",
      "cand-8195e18c",
      "cand-9ad02865",
      "cand-b0561318",
      "cand-77645d5d",
      "cand-3913b48a",
      "cand-d8c529f0",
      "cand-3e0617a5",
      "cand-796b47d8",
      "cand-da5bc8a6",
      "cand-6385aa99",
      "cand-ce0fb6b8",
      "cand-f53efe87",
      "cand-541078ba",
      "cand-102cde43",
      "cand-99a518c8",
      "cand-45eae1ed",
      "cand-5fa9bbca",
      "cand-58a6bc67",
      "cand-e2e95d0b",
      "cand-e7d44996",
      "cand-4fd1f661",
      "cand-f8a32482",
      "cand-65221fbc",
      "cand-0dcbc429",
      "cand-7237f414",
      "cand-13ab4eb7",
      "cand-03a62626",
      "cand-74403bc5",
      "cand-08afa655",
      "cand-8fc0ffa2",
      "cand-6b8a91fa",
      "cand-6b160ae4",
      "cand-e4ab8440",
      "cand-292c094d",
      "cand-bf066e31",
      "cand-bf45bffc",
      "cand-33777180",
      "cand-67548c32",
      "cand-af1ed124",
      "cand-fd3f325b",
      "cand-e8320fab",
      "cand-51877b36",
      "cand-f80d7394",
      "cand-d2b04e0c",
      "cand-d865401d",
      "cand-c2337d4e",
      "cand-bd0f8191",
      "cand-2e68882f",
      "cand-94bc57ed",
      "cand-93a15ca5",
      "cand-197cf126",
      "cand-4e21422c",
      "cand-cc3ed2d8",
      "cand-ad84fefa",
      "cand-e3e4e13a",
      "cand-6d2901b8",
      "cand-c7985187",
      "cand-a3fa7fcf",
      "cand-2181b4f2",
      "cand-e803ef34",
      "cand-cc7eb308",
      "cand-8c710851",
      "cand-8045892e",
      "cand-17273829",
      "cand-e3d89e08"
    ],
    "recentProblemKinds": [
      "local_backtest_fail",
      "local_backtest_fail",
      "local_backtest_fail",
      "local_backtest_fail",
      "local_backtest_fail"
    ],
    "recentRepairResults": [
      {
        "repairKind": "entry_frequency_repair",
        "result": "success",
        "repairedCandidateId": "cand-8c710851",
        "summary": "Requested entry_frequency_repair after local_backtest_fail."
      },
      {
        "repairKind": "entry_frequency_repair",
        "result": "success",
        "repairedCandidateId": "cand-8045892e",
        "summary": "Requested entry_frequency_repair after local_backtest_fail."
      },
      {
        "repairKind": "entry_frequency_repair",
        "result": "success",
        "repairedCandidateId": "cand-17273829",
        "summary": "Requested entry_frequency_repair after local_backtest_fail."
      },
      {
        "repairKind": "entry_frequency_repair",
        "result": "success",
        "repairedCandidateId": "cand-75d19c10",
        "summary": "Requested entry_frequency_repair after local_backtest_fail."
      },
      {
        "repairKind": "entry_frequency_repair",
        "result": "success",
        "repairedCandidateId": "cand-e3d89e08",
        "summary": "Requested entry_frequency_repair after local_backtest_fail."
      }
    ],
    "scoreFeedbackObserved": true,
    "stage6Readiness": {
      "generatedAt": "2026-04-30T05:22:53.680Z",
      "evaluated": true,
      "passed": true,
      "mode": "deterministic",
      "countRequested": 10,
      "countCompleted": 10,
      "countFailed": 0,
      "activeChampionCandidateId": "cand-a64e2088",
      "freshBootstrapPassed": true,
      "multiIterationPassed": true,
      "rootIsolationPassed": true,
      "repairTraceabilityPassed": true,
      "calibrationQueuePassed": true,
      "scoreFeedbackPassed": true,
      "feedbackClosureRequired": false,
      "calibrationMode": "queue_only",
      "ledgerValidationPassed": true,
      "indexVerificationPassed": true,
      "rootIsolationStatus": {
        "status": "passed",
        "customStateRoot": "C:\\Users\\hanji\\AppData\\Local\\Temp\\af-stage6-state-YAZZ8Y",
        "defaultWorkspaceStateRoot": "C:\\Users\\hanji\\AppData\\Local\\Temp\\af-stage6-workspace-Nnkt1H\\state\\pi-autoresearch",
        "customContextExists": true,
        "defaultWorkspaceStateHasArtifacts": false
      },
      "repairTraceabilityStatus": {
        "status": "passed",
        "successfulRepairCount": 10,
        "successfulRepairsWithoutCandidateCount": 0
      },
      "feedbackClosureStatus": {
        "status": "passed",
        "required": false,
        "promptFeedbackObserved": true,
        "scoreBreakdownFeedbackObserved": false,
        "divergenceCount": 0,
        "confidenceUpdateCount": 0
      },
      "evidence": {
        "tempWorkspaceRoot": null,
        "tempStateRoot": null,
        "localEvaluationCount": 19,
        "headEventCount": 2,
        "archiveEventCount": 11,
        "calibrationEventCount": 2,
        "mutationBriefCount": 18,
        "problemEventCount": 18,
        "repairAttemptCount": 10,
        "deadlineBreachCount": 0
      },
      "warnings": []
    },
    "lastStage6GatePassed": true,
    "rootIsolationStatus": {
      "status": "passed",
      "customStateRoot": "C:\\Users\\hanji\\AppData\\Local\\Temp\\af-stage6-state-YAZZ8Y",
      "defaultWorkspaceStateRoot": "C:\\Users\\hanji\\AppData\\Local\\Temp\\af-stage6-workspace-Nnkt1H\\state\\pi-autoresearch",
      "customContextExists": true,
      "defaultWorkspaceStateHasArtifacts": false
    },
    "repairTraceabilityStatus": {
      "status": "passed",
      "successfulRepairCount": 10,
      "successfulRepairsWithoutCandidateCount": 0
    },
    "feedbackClosureStatus": {
      "status": "passed",
      "required": false,
      "promptFeedbackObserved": true,
      "scoreBreakdownFeedbackObserved": false,
      "divergenceCount": 0,
      "confidenceUpdateCount": 0
    },
    "nextPlannedAction": "local_compatibility_repair",
    "loopMode": "local-first",
    "defaultOperationalView": "v3_autonomous_local_first",
    "projectRoot": "C:\\Users\\hanji\\Desktop\\AF",
    "workspaceRoot": "C:\\Users\\hanji\\Desktop\\AF",
    "stateRoot": "C:\\Users\\hanji\\Desktop\\AF\\state\\pi-autoresearch",
    "traceRoot": "C:\\Users\\hanji\\Desktop\\AF\\state\\pi-autoresearch\\traces",
    "artifactRoot": "C:\\Users\\hanji\\Desktop\\AF\\state\\pi-autoresearch\\artifacts",
    "evidenceRoot": "C:\\Users\\hanji\\Desktop\\AF\\state\\pi-autoresearch\\evidence",
    "runtimeRoot": "C:\\Users\\hanji\\Desktop\\AF\\state\\pi-autoresearch\\runtime",
    "tvVerificationCount": 28,
    "tvHealth": "unavailable",
    "calibrationAutoProcess": false,
    "calibrationMode": "queue_only",
    "lastTvSurfaceFailure": {
      "candidateId": "cand-c6235b65",
      "decision": "tv_surface_failure",
      "iteration": 279,
      "tvCalibrationStatus": "surface_failure",
      "recordedAt": "2026-04-29T18:46:19.526Z"
    },
    "humanOverride": false
  },
  "verification": {
    "ok": true,
    "issues": []
  },
  "tracePath": "C:\\Users\\hanji\\Desktop\\AF\\state\\pi-autoresearch\\traces\\rebuild-indexes-2026-04-30T16-35-32-881Z-trace-2ecc35f5.jsonl"
}
[2026-05-01T01:35:43.4857593+09:00] iteration 1: rebuild-indexes --verify exit=0
[2026-05-01T01:35:53.5061549+09:00] iteration 2: run-autonomous-loop start
??injected env (11) from .env // tip: ??custom filepath { path: '/custom/path/.env' }
[autonomous.loop.start] run-autonomous-loop | Starting autonomous local-first loop | 2026-04-30T16:35:53.775Z
[iteration.started] run-autonomous-loop | Starting autonomous iteration | 2026-04-30T16:35:53.777Z
[phase.started] run-autonomous-loop | Initializing autonomous workspace | 2026-04-30T16:35:53.786Z
[phase.completed] run-autonomous-loop | Initializing autonomous workspace | 2026-04-30T16:35:55.562Z
[phase.started] run-autonomous-loop | Generating autonomous mutation candidate | 2026-04-30T16:35:56.785Z
[autonomous.mutation.request] run-autonomous-loop | Sending autonomous mutation request | 2026-04-30T16:35:56.786Z
[phase.completed] run-autonomous-loop | Generating autonomous mutation candidate | 2026-04-30T16:38:01.139Z
[phase.started] run-autonomous-loop | Evaluating autonomous candidate locally | 2026-04-30T16:38:01.140Z
[autonomous.market_context_ready] run-autonomous-loop | Local-first market context is ready | 2026-04-30T16:38:01.147Z
[autonomous.local_evaluation] run-autonomous-loop | Local autonomous evaluation completed | 2026-04-30T16:38:01.198Z
[phase.completed] run-autonomous-loop | Evaluating autonomous candidate locally | 2026-04-30T16:38:01.214Z
[phase.started] run-autonomous-loop | Repairing autonomous candidate after local failure | 2026-04-30T16:38:01.215Z
[phase.completed] run-autonomous-loop | Repairing autonomous candidate after local failure | 2026-04-30T16:39:51.037Z
[phase.started] run-autonomous-loop | Evaluating repaired autonomous candidate locally | 2026-04-30T16:39:51.940Z
[autonomous.market_context_ready] run-autonomous-loop | Local-first market context is ready | 2026-04-30T16:39:51.945Z
[autonomous.local_evaluation] run-autonomous-loop | Local autonomous evaluation completed | 2026-04-30T16:39:51.982Z
[phase.completed] run-autonomous-loop | Evaluating repaired autonomous candidate locally | 2026-04-30T16:39:52.005Z
[phase.started] run-autonomous-loop | Updating autonomous archive views | 2026-04-30T16:39:52.006Z
[phase.completed] run-autonomous-loop | Updating autonomous archive views | 2026-04-30T16:39:52.009Z
[phase.started] run-autonomous-loop | Queueing candidate for TradingView calibration | 2026-04-30T16:39:52.010Z
[phase.completed] run-autonomous-loop | Queueing candidate for TradingView calibration | 2026-04-30T16:39:52.013Z
[phase.started] run-autonomous-loop | Selecting active autonomous champion | 2026-04-30T16:39:52.825Z
[phase.completed] run-autonomous-loop | Selecting active autonomous champion | 2026-04-30T16:39:53.293Z
[phase.started] run-autonomous-loop | Rebuilding derived autonomous views | 2026-04-30T16:39:53.297Z
[phase.completed] run-autonomous-loop | Rebuilding derived autonomous views | 2026-04-30T16:39:54.963Z
[iteration.completed] run-autonomous-loop | Autonomous iteration completed | 2026-04-30T16:39:54.963Z
{
  "countRequested": 1,
  "countCompleted": 1,
  "countFailed": 0,
  "results": [
    {
      "runId": "autonomous-1777566953785",
      "iteration": 558,
      "candidateId": "cand-118d9dbb",
      "localDecision": "local_candidate_rejected",
      "activeChampionChanged": false,
      "activeChampionCandidateId": "cand-42ed2fa4"
    }
  ],
  "deadlineBreaches": [],
  "autonomousState": {
    "generatedAt": "2026-04-30T16:39:56.463Z",
    "activeChampionCandidateId": "cand-42ed2fa4",
    "activeChampionScore": 0.7879,
    "activeChampionDecision": "local_candidate_eligible",
    "championOrigin": "autonomous",
    "researchMaturity": "steady_state",
    "selectedBy": "auto_policy",
    "selectionPolicyVersion": "autonomous-local-first/v3-p0",
    "objectivePolicyVersion": "objective.qqq-120m/v1",
    "headEventCount": 2,
    "archiveEventCount": 263,
    "calibrationEventCount": 280,
    "calibrationCandidateCount": 252,
    "divergenceCount": 27,
    "localConfidenceUpdateCount": 27,
    "problemEventCount": 145,
    "repairAttemptCount": 71,
    "localEvaluationCount": 339,
    "localEligibleCount": 203,
    "bootstrapCompatibleCount": 0,
    "bootstrapEligibleCount": 0,
    "bootstrapStatus": "not_started",
    "bootstrapSource": null,
    "bootstrapReason": null,
    "localRejectedCount": 131,
    "topBlockingReason": "low_trade_count",
    "pendingCalibrationCandidateCount": 224,
    "pendingCalibrationCandidateIds": [
      "cand-0e6a0180",
      "cand-9f33e80b",
      "cand-772d8a1e",
      "cand-f28d2e01",
      "cand-9a5dbcc7",
      "cand-b01be933",
      "cand-0a692f84",
      "cand-4f8faae3",
      "cand-35a74bba",
      "cand-c6b25611",
      "cand-ccdae17b",
      "cand-b8102dcd",
      "cand-8a1fe27b",
      "cand-ebbdd6a9",
      "cand-80dfaaa1",
      "cand-03f30a70",
      "cand-2f290563",
      "cand-e76cded5",
      "cand-710d8bc6",
      "cand-dd7e63cf",
      "cand-949bf032",
      "cand-b14595e0",
      "cand-90dc4ec3",
      "cand-f1103886",
      "cand-77224b87",
      "cand-55f47b32",
      "cand-cb18c54a",
      "cand-8a1a7cf2",
      "cand-db12aa7d",
      "cand-eb3175fc",
      "cand-ce89005b",
      "cand-b333865d",
      "cand-14f5f8ff",
      "cand-87a7fa06",
      "cand-609d9f19",
      "cand-09a0ae17",
      "cand-fbb3fb78",
      "cand-7bff0c1a",
      "cand-6e976c42",
      "cand-eaf67b92",
      "cand-ea5075a8",
      "cand-c0d6f969",
      "cand-946579c0",
      "cand-1638111b",
      "cand-840b49c0",
      "cand-a1b63e8c",
      "cand-d3fa966c",
      "cand-af6ef21e",
      "cand-c5832df6",
      "cand-57321a8c",
      "cand-3004b0f8",
      "cand-00644032",
      "cand-6272ab0f",
      "cand-7b341ad0",
      "cand-5c90b0de",
      "cand-350b7e7b",
      "cand-05218055",
      "cand-6ebbd52a",
      "cand-9edd626e",
      "cand-5d685d8a",
      "cand-addb3d5a",
      "cand-1a03e904",
      "cand-935b6a7d",
      "cand-11e460d8",
      "cand-58484f09",
      "cand-c3549cdc",
      "cand-e000c048",
      "cand-5927e5ca",
      "cand-7ae4d6eb",
      "cand-bd3c959f",
      "cand-ad98c7fd",
      "cand-a3456179",
      "cand-fa19c7db",
      "cand-8211114e",
      "cand-737e8acc",
      "cand-9ae5abb8",
      "cand-f68c494c",
      "cand-0cb06744",
      "cand-c4540c5e",
      "cand-887ba798",
      "cand-334ff9ed",
      "cand-1e7bb092",
      "cand-940106ac",
      "cand-b1575fba",
      "cand-1c1cb560",
      "cand-2ba5ca56",
      "cand-4e158d7d",
      "cand-ee1867a5",
      "cand-ccf655ee",
      "cand-2f2f67f1",
      "cand-dd0d4883",
      "cand-9e390b78",
      "cand-2b509e63",
      "cand-a42bb737",
      "cand-ba65a405",
      "cand-95b5fcb4",
      "cand-c1decc14",
      "cand-fad40100",
      "cand-3d99c3c3",
      "cand-ed6ed300",
      "cand-36473405",
      "cand-32556840",
      "cand-056beb3f",
      "cand-fef34f1d",
      "cand-4e58abee",
      "cand-6c095f1d",
      "cand-72fdbd0a",
      "cand-1a73f98c",
      "cand-60e5fb9a",
      "cand-fbd6e1cd",
      "cand-6fa9e64c",
      "cand-b3ce6dfd",
      "cand-d7b18242",
      "cand-cddf1147",
      "cand-a2b17756",
      "cand-4106d658",
      "cand-bf2319b1",
      "cand-1be3a1ed",
      "cand-ec8276d1",
      "cand-66da2fad",
      "cand-10487d69",
      "cand-a0b082a6",
      "cand-e1c37158",
      "cand-3924bc09",
      "cand-c5a37a36",
      "cand-9f921b3b",
      "cand-976660f2",
      "cand-1fd659d1",
      "cand-1ebe3284",
      "cand-a05583cb",
      "cand-68e1f6c0",
      "cand-939bafa7",
      "cand-5dfb966e",
      "cand-ec9d7a77",
      "cand-c9bd8a69",
      "cand-cad467d1",
      "cand-30ca4ecf",
      "cand-274a3d78",
      "cand-8f6a1544",
      "cand-be21675f",
      "cand-17c07e8f",
      "cand-60166f81",
      "cand-8f82de94",
      "cand-42460886",
      "cand-9295e93d",
      "cand-5a54f71c",
      "cand-a12eacdf",
      "cand-5b236726",
      "cand-dbfe05b6",
      "cand-eb4f9103",
      "cand-294a8337",
      "cand-54d331f7",
      "cand-303f93be",
      "cand-64ceccd8",
      "cand-82301049",
      "cand-cb926322",
      "cand-9740ccd3",
      "cand-45f69d7a",
      "cand-8195e18c",
      "cand-9ad02865",
      "cand-b0561318",
      "cand-77645d5d",
      "cand-3913b48a",
      "cand-d8c529f0",
      "cand-3e0617a5",
      "cand-796b47d8",
      "cand-da5bc8a6",
      "cand-6385aa99",
      "cand-ce0fb6b8",
      "cand-f53efe87",
      "cand-541078ba",
      "cand-102cde43",
      "cand-99a518c8",
      "cand-45eae1ed",
      "cand-5fa9bbca",
      "cand-58a6bc67",
      "cand-e2e95d0b",
      "cand-e7d44996",
      "cand-4fd1f661",
      "cand-f8a32482",
      "cand-65221fbc",
      "cand-0dcbc429",
      "cand-7237f414",
      "cand-13ab4eb7",
      "cand-03a62626",
      "cand-74403bc5",
      "cand-08afa655",
      "cand-8fc0ffa2",
      "cand-6b8a91fa",
      "cand-6b160ae4",
      "cand-e4ab8440",
      "cand-292c094d",
      "cand-bf066e31",
      "cand-bf45bffc",
      "cand-33777180",
      "cand-67548c32",
      "cand-af1ed124",
      "cand-fd3f325b",
      "cand-e8320fab",
      "cand-51877b36",
      "cand-f80d7394",
      "cand-d2b04e0c",
      "cand-d865401d",
      "cand-c2337d4e",
      "cand-bd0f8191",
      "cand-2e68882f",
      "cand-94bc57ed",
      "cand-93a15ca5",
      "cand-197cf126",
      "cand-4e21422c",
      "cand-cc3ed2d8",
      "cand-ad84fefa",
      "cand-e3e4e13a",
      "cand-6d2901b8",
      "cand-c7985187",
      "cand-a3fa7fcf",
      "cand-2181b4f2",
      "cand-e803ef34",
      "cand-cc7eb308",
      "cand-8c710851",
      "cand-8045892e",
      "cand-17273829",
      "cand-e3d89e08",
      "cand-118d9dbb"
    ],
    "recentProblemKinds": [
      "local_backtest_fail",
      "local_backtest_fail",
      "local_backtest_fail",
      "local_backtest_fail",
      "local_backtest_fail"
    ],
    "recentRepairResults": [
      {
        "repairKind": "entry_frequency_repair",
        "result": "success",
        "repairedCandidateId": "cand-8045892e",
        "summary": "Requested entry_frequency_repair after local_backtest_fail."
      },
      {
        "repairKind": "entry_frequency_repair",
        "result": "success",
        "repairedCandidateId": "cand-17273829",
        "summary": "Requested entry_frequency_repair after local_backtest_fail."
      },
      {
        "repairKind": "entry_frequency_repair",
        "result": "success",
        "repairedCandidateId": "cand-75d19c10",
        "summary": "Requested entry_frequency_repair after local_backtest_fail."
      },
      {
        "repairKind": "entry_frequency_repair",
        "result": "success",
        "repairedCandidateId": "cand-e3d89e08",
        "summary": "Requested entry_frequency_repair after local_backtest_fail."
      },
      {
        "repairKind": "entry_frequency_repair",
        "result": "success",
        "repairedCandidateId": "cand-118d9dbb",
        "summary": "Requested entry_frequency_repair after local_backtest_fail."
      }
    ],
    "scoreFeedbackObserved": true,
    "stage6Readiness": {
      "generatedAt": "2026-04-30T05:22:53.680Z",
      "evaluated": true,
      "passed": true,
      "mode": "deterministic",
      "countRequested": 10,
      "countCompleted": 10,
      "countFailed": 0,
      "activeChampionCandidateId": "cand-a64e2088",
      "freshBootstrapPassed": true,
      "multiIterationPassed": true,
      "rootIsolationPassed": true,
      "repairTraceabilityPassed": true,
      "calibrationQueuePassed": true,
      "scoreFeedbackPassed": true,
      "feedbackClosureRequired": false,
      "calibrationMode": "queue_only",
      "ledgerValidationPassed": true,
      "indexVerificationPassed": true,
      "rootIsolationStatus": {
        "status": "passed",
        "customStateRoot": "C:\\Users\\hanji\\AppData\\Local\\Temp\\af-stage6-state-YAZZ8Y",
        "defaultWorkspaceStateRoot": "C:\\Users\\hanji\\AppData\\Local\\Temp\\af-stage6-workspace-Nnkt1H\\state\\pi-autoresearch",
        "customContextExists": true,
        "defaultWorkspaceStateHasArtifacts": false
      },
      "repairTraceabilityStatus": {
        "status": "passed",
        "successfulRepairCount": 10,
        "successfulRepairsWithoutCandidateCount": 0
      },
      "feedbackClosureStatus": {
        "status": "passed",
        "required": false,
        "promptFeedbackObserved": true,
        "scoreBreakdownFeedbackObserved": false,
        "divergenceCount": 0,
        "confidenceUpdateCount": 0
      },
      "evidence": {
        "tempWorkspaceRoot": null,
        "tempStateRoot": null,
        "localEvaluationCount": 19,
        "headEventCount": 2,
        "archiveEventCount": 11,
        "calibrationEventCount": 2,
        "mutationBriefCount": 18,
        "problemEventCount": 18,
        "repairAttemptCount": 10,
        "deadlineBreachCount": 0
      },
      "warnings": []
    },
    "lastStage6GatePassed": true,
    "rootIsolationStatus": {
      "status": "passed",
      "customStateRoot": "C:\\Users\\hanji\\AppData\\Local\\Temp\\af-stage6-state-YAZZ8Y",
      "defaultWorkspaceStateRoot": "C:\\Users\\hanji\\AppData\\Local\\Temp\\af-stage6-workspace-Nnkt1H\\state\\pi-autoresearch",
      "customContextExists": true,
      "defaultWorkspaceStateHasArtifacts": false
    },
    "repairTraceabilityStatus": {
      "status": "passed",
      "successfulRepairCount": 10,
      "successfulRepairsWithoutCandidateCount": 0
    },
    "feedbackClosureStatus": {
      "status": "passed",
      "required": false,
      "promptFeedbackObserved": true,
      "scoreBreakdownFeedbackObserved": false,
      "divergenceCount": 0,
      "confidenceUpdateCount": 0
    },
    "nextPlannedAction": "local_compatibility_repair",
    "loopMode": "local-first",
    "defaultOperationalView": "v3_autonomous_local_first",
    "projectRoot": "C:\\Users\\hanji\\Desktop\\AF",
    "workspaceRoot": "C:\\Users\\hanji\\Desktop\\AF",
    "stateRoot": "C:\\Users\\hanji\\Desktop\\AF\\state\\pi-autoresearch",
    "traceRoot": "C:\\Users\\hanji\\Desktop\\AF\\state\\pi-autoresearch\\traces",
    "artifactRoot": "C:\\Users\\hanji\\Desktop\\AF\\state\\pi-autoresearch\\artifacts",
    "evidenceRoot": "C:\\Users\\hanji\\Desktop\\AF\\state\\pi-autoresearch\\evidence",
    "runtimeRoot": "C:\\Users\\hanji\\Desktop\\AF\\state\\pi-autoresearch\\runtime",
    "tvVerificationCount": 28,
    "tvHealth": "unavailable",
    "calibrationAutoProcess": false,
    "calibrationMode": "queue_only",
    "lastTvSurfaceFailure": {
      "candidateId": "cand-c6235b65",
      "decision": "tv_surface_failure",
      "iteration": 279,
      "tvCalibrationStatus": "surface_failure",
      "recordedAt": "2026-04-29T18:46:19.526Z"
    },
    "humanOverride": false
  },
  "tracePath": "C:\\Users\\hanji\\Desktop\\AF\\state\\pi-autoresearch\\traces\\run-autonomous-loop-2026-04-30T16-35-53-775Z-trace-07670bb8.jsonl"
}
[2026-05-01T01:39:57.0513118+09:00] iteration 2: run-autonomous-loop exit=0
[2026-05-01T01:39:57.0523180+09:00] iteration 2: validate-ledger start
??injected env (11) from .env // tip: ??enable debugging { debug: true }
[ledger.validation] validate-ledger | Ledger validation completed | 2026-04-30T16:40:00.109Z
{
  "ok": true,
  "errorCount": 0,
  "warningCount": 6,
  "issues": [
    {
      "severity": "warning",
      "scope": "experiment-record-meta",
      "recordId": "cand-f918d6d8",
      "message": "recordHash does not match the serialized experiment record."
    },
    {
      "severity": "warning",
      "scope": "experiment-record-meta",
      "recordId": "cand-3f99a396",
      "message": "recordHash does not match the serialized experiment record."
    },
    {
      "severity": "warning",
      "scope": "experiment-record-meta",
      "recordId": "cand-93a71a19",
      "message": "recordHash does not match the serialized experiment record."
    },
    {
      "severity": "warning",
      "scope": "experiment-record-meta",
      "recordId": "cand-560e2d3b",
      "message": "recordHash does not match the serialized experiment record."
    },
    {
      "severity": "warning",
      "scope": "experiment-record-meta",
      "recordId": "cand-24b4021d",
      "message": "recordHash does not match the serialized experiment record."
    },
    {
      "severity": "warning",
      "scope": "candidate-dedup",
      "recordId": "bfee8f4eb7eabba2047b8b2270beef764a3942811cda8134d75c15c171c0c26a",
      "message": "Duplicate candidate source hash detected across ids: cand-2a5e6ffe, cand-51397d04, cand-9cbc4c5f, cand-a93778fa, cand-bbb67c15, cand-fdc1ae65"
    }
  ],
  "summary": {
    "experiments": 559,
    "candidates": 509,
    "taskBatches": 131
  },
  "stateRoot": "C:\\Users\\hanji\\Desktop\\AF\\state\\pi-autoresearch",
  "tracePath": "C:\\Users\\hanji\\Desktop\\AF\\state\\pi-autoresearch\\traces\\validate-ledger-2026-04-30T16-39-57-322Z-trace-ea58e0c9.jsonl"
}
[2026-05-01T01:40:00.2618393+09:00] iteration 2: validate-ledger exit=0
[2026-05-01T01:40:00.2623408+09:00] iteration 2: rebuild-indexes --verify start
??injected env (11) from .env // tip: ??secrets for agents [www.dotenvx.com]
[?몃뜳???ъ깮???쒖옉] ?몃뜳???ъ깮??| ?뚯깮 ?몃뜳?ㅻ? ?ъ깮?깊빀?덈떎. state: C:\Users\hanji\Desktop\AF\state\pi-autoresearch | 2026-04-30T16:40:02.165Z
[?몃뜳???ъ깮???꾨즺] ?몃뜳???ъ깮??| ?뚯깮 ?몃뜳???ъ깮?깆쓣 留덉낀?듬땲?? state: C:\Users\hanji\Desktop\AF\state\pi-autoresearch | 2026-04-30T16:40:11.634Z
{
  "rebuilt": true,
  "stateRoot": "C:\\Users\\hanji\\Desktop\\AF\\state\\pi-autoresearch",
  "autonomousState": {
    "generatedAt": "2026-04-30T16:40:05.202Z",
    "activeChampionCandidateId": "cand-42ed2fa4",
    "activeChampionScore": 0.7879,
    "activeChampionDecision": "local_candidate_eligible",
    "championOrigin": "autonomous",
    "researchMaturity": "steady_state",
    "selectedBy": "auto_policy",
    "selectionPolicyVersion": "autonomous-local-first/v3-p0",
    "objectivePolicyVersion": "objective.qqq-120m/v1",
    "headEventCount": 2,
    "archiveEventCount": 263,
    "calibrationEventCount": 280,
    "calibrationCandidateCount": 252,
    "divergenceCount": 27,
    "localConfidenceUpdateCount": 27,
    "problemEventCount": 145,
    "repairAttemptCount": 71,
    "localEvaluationCount": 339,
    "localEligibleCount": 203,
    "bootstrapCompatibleCount": 0,
    "bootstrapEligibleCount": 0,
    "bootstrapStatus": "not_started",
    "bootstrapSource": null,
    "bootstrapReason": null,
    "localRejectedCount": 131,
    "topBlockingReason": "low_trade_count",
    "pendingCalibrationCandidateCount": 224,
    "pendingCalibrationCandidateIds": [
      "cand-0e6a0180",
      "cand-9f33e80b",
      "cand-772d8a1e",
      "cand-f28d2e01",
      "cand-9a5dbcc7",
      "cand-b01be933",
      "cand-0a692f84",
      "cand-4f8faae3",
      "cand-35a74bba",
      "cand-c6b25611",
      "cand-ccdae17b",
      "cand-b8102dcd",
      "cand-8a1fe27b",
      "cand-ebbdd6a9",
      "cand-80dfaaa1",
      "cand-03f30a70",
      "cand-2f290563",
      "cand-e76cded5",
      "cand-710d8bc6",
      "cand-dd7e63cf",
      "cand-949bf032",
      "cand-b14595e0",
      "cand-90dc4ec3",
      "cand-f1103886",
      "cand-77224b87",
      "cand-55f47b32",
      "cand-cb18c54a",
      "cand-8a1a7cf2",
      "cand-db12aa7d",
      "cand-eb3175fc",
      "cand-ce89005b",
      "cand-b333865d",
      "cand-14f5f8ff",
      "cand-87a7fa06",
      "cand-609d9f19",
      "cand-09a0ae17",
      "cand-fbb3fb78",
      "cand-7bff0c1a",
      "cand-6e976c42",
      "cand-eaf67b92",
      "cand-ea5075a8",
      "cand-c0d6f969",
      "cand-946579c0",
      "cand-1638111b",
      "cand-840b49c0",
      "cand-a1b63e8c",
      "cand-d3fa966c",
      "cand-af6ef21e",
      "cand-c5832df6",
      "cand-57321a8c",
      "cand-3004b0f8",
      "cand-00644032",
      "cand-6272ab0f",
      "cand-7b341ad0",
      "cand-5c90b0de",
      "cand-350b7e7b",
      "cand-05218055",
      "cand-6ebbd52a",
      "cand-9edd626e",
      "cand-5d685d8a",
      "cand-addb3d5a",
      "cand-1a03e904",
      "cand-935b6a7d",
      "cand-11e460d8",
      "cand-58484f09",
      "cand-c3549cdc",
      "cand-e000c048",
      "cand-5927e5ca",
      "cand-7ae4d6eb",
      "cand-bd3c959f",
      "cand-ad98c7fd",
      "cand-a3456179",
      "cand-fa19c7db",
      "cand-8211114e",
      "cand-737e8acc",
      "cand-9ae5abb8",
      "cand-f68c494c",
      "cand-0cb06744",
      "cand-c4540c5e",
      "cand-887ba798",
      "cand-334ff9ed",
      "cand-1e7bb092",
      "cand-940106ac",
      "cand-b1575fba",
      "cand-1c1cb560",
      "cand-2ba5ca56",
      "cand-4e158d7d",
      "cand-ee1867a5",
      "cand-ccf655ee",
      "cand-2f2f67f1",
      "cand-dd0d4883",
      "cand-9e390b78",
      "cand-2b509e63",
      "cand-a42bb737",
      "cand-ba65a405",
      "cand-95b5fcb4",
      "cand-c1decc14",
      "cand-fad40100",
      "cand-3d99c3c3",
      "cand-ed6ed300",
      "cand-36473405",
      "cand-32556840",
      "cand-056beb3f",
      "cand-fef34f1d",
      "cand-4e58abee",
      "cand-6c095f1d",
      "cand-72fdbd0a",
      "cand-1a73f98c",
      "cand-60e5fb9a",
      "cand-fbd6e1cd",
      "cand-6fa9e64c",
      "cand-b3ce6dfd",
      "cand-d7b18242",
      "cand-cddf1147",
      "cand-a2b17756",
      "cand-4106d658",
      "cand-bf2319b1",
      "cand-1be3a1ed",
      "cand-ec8276d1",
      "cand-66da2fad",
      "cand-10487d69",
      "cand-a0b082a6",
      "cand-e1c37158",
      "cand-3924bc09",
      "cand-c5a37a36",
      "cand-9f921b3b",
      "cand-976660f2",
      "cand-1fd659d1",
      "cand-1ebe3284",
      "cand-a05583cb",
      "cand-68e1f6c0",
      "cand-939bafa7",
      "cand-5dfb966e",
      "cand-ec9d7a77",
      "cand-c9bd8a69",
      "cand-cad467d1",
      "cand-30ca4ecf",
      "cand-274a3d78",
      "cand-8f6a1544",
      "cand-be21675f",
      "cand-17c07e8f",
      "cand-60166f81",
      "cand-8f82de94",
      "cand-42460886",
      "cand-9295e93d",
      "cand-5a54f71c",
      "cand-a12eacdf",
      "cand-5b236726",
      "cand-dbfe05b6",
      "cand-eb4f9103",
      "cand-294a8337",
      "cand-54d331f7",
      "cand-303f93be",
      "cand-64ceccd8",
      "cand-82301049",
      "cand-cb926322",
      "cand-9740ccd3",
      "cand-45f69d7a",
      "cand-8195e18c",
      "cand-9ad02865",
      "cand-b0561318",
      "cand-77645d5d",
      "cand-3913b48a",
      "cand-d8c529f0",
      "cand-3e0617a5",
      "cand-796b47d8",
      "cand-da5bc8a6",
      "cand-6385aa99",
      "cand-ce0fb6b8",
      "cand-f53efe87",
      "cand-541078ba",
      "cand-102cde43",
      "cand-99a518c8",
      "cand-45eae1ed",
      "cand-5fa9bbca",
      "cand-58a6bc67",
      "cand-e2e95d0b",
      "cand-e7d44996",
      "cand-4fd1f661",
      "cand-f8a32482",
      "cand-65221fbc",
      "cand-0dcbc429",
      "cand-7237f414",
      "cand-13ab4eb7",
      "cand-03a62626",
      "cand-74403bc5",
      "cand-08afa655",
      "cand-8fc0ffa2",
      "cand-6b8a91fa",
      "cand-6b160ae4",
      "cand-e4ab8440",
      "cand-292c094d",
      "cand-bf066e31",
      "cand-bf45bffc",
      "cand-33777180",
      "cand-67548c32",
      "cand-af1ed124",
      "cand-fd3f325b",
      "cand-e8320fab",
      "cand-51877b36",
      "cand-f80d7394",
      "cand-d2b04e0c",
      "cand-d865401d",
      "cand-c2337d4e",
      "cand-bd0f8191",
      "cand-2e68882f",
      "cand-94bc57ed",
      "cand-93a15ca5",
      "cand-197cf126",
      "cand-4e21422c",
      "cand-cc3ed2d8",
      "cand-ad84fefa",
      "cand-e3e4e13a",
      "cand-6d2901b8",
      "cand-c7985187",
      "cand-a3fa7fcf",
      "cand-2181b4f2",
      "cand-e803ef34",
      "cand-cc7eb308",
      "cand-8c710851",
      "cand-8045892e",
      "cand-17273829",
      "cand-e3d89e08",
      "cand-118d9dbb"
    ],
    "recentProblemKinds": [
      "local_backtest_fail",
      "local_backtest_fail",
      "local_backtest_fail",
      "local_backtest_fail",
      "local_backtest_fail"
    ],
    "recentRepairResults": [
      {
        "repairKind": "entry_frequency_repair",
        "result": "success",
        "repairedCandidateId": "cand-8045892e",
        "summary": "Requested entry_frequency_repair after local_backtest_fail."
      },
      {
        "repairKind": "entry_frequency_repair",
        "result": "success",
        "repairedCandidateId": "cand-17273829",
        "summary": "Requested entry_frequency_repair after local_backtest_fail."
      },
      {
        "repairKind": "entry_frequency_repair",
        "result": "success",
        "repairedCandidateId": "cand-75d19c10",
        "summary": "Requested entry_frequency_repair after local_backtest_fail."
      },
      {
        "repairKind": "entry_frequency_repair",
        "result": "success",
        "repairedCandidateId": "cand-e3d89e08",
        "summary": "Requested entry_frequency_repair after local_backtest_fail."
      },
      {
        "repairKind": "entry_frequency_repair",
        "result": "success",
        "repairedCandidateId": "cand-118d9dbb",
        "summary": "Requested entry_frequency_repair after local_backtest_fail."
      }
    ],
    "scoreFeedbackObserved": true,
    "stage6Readiness": {
      "generatedAt": "2026-04-30T05:22:53.680Z",
      "evaluated": true,
      "passed": true,
      "mode": "deterministic",
      "countRequested": 10,
      "countCompleted": 10,
      "countFailed": 0,
      "activeChampionCandidateId": "cand-a64e2088",
      "freshBootstrapPassed": true,
      "multiIterationPassed": true,
      "rootIsolationPassed": true,
      "repairTraceabilityPassed": true,
      "calibrationQueuePassed": true,
      "scoreFeedbackPassed": true,
      "feedbackClosureRequired": false,
      "calibrationMode": "queue_only",
      "ledgerValidationPassed": true,
      "indexVerificationPassed": true,
      "rootIsolationStatus": {
        "status": "passed",
        "customStateRoot": "C:\\Users\\hanji\\AppData\\Local\\Temp\\af-stage6-state-YAZZ8Y",
        "defaultWorkspaceStateRoot": "C:\\Users\\hanji\\AppData\\Local\\Temp\\af-stage6-workspace-Nnkt1H\\state\\pi-autoresearch",
        "customContextExists": true,
        "defaultWorkspaceStateHasArtifacts": false
      },
      "repairTraceabilityStatus": {
        "status": "passed",
        "successfulRepairCount": 10,
        "successfulRepairsWithoutCandidateCount": 0
      },
      "feedbackClosureStatus": {
        "status": "passed",
        "required": false,
        "promptFeedbackObserved": true,
        "scoreBreakdownFeedbackObserved": false,
        "divergenceCount": 0,
        "confidenceUpdateCount": 0
      },
      "evidence": {
        "tempWorkspaceRoot": null,
        "tempStateRoot": null,
        "localEvaluationCount": 19,
        "headEventCount": 2,
        "archiveEventCount": 11,
        "calibrationEventCount": 2,
        "mutationBriefCount": 18,
        "problemEventCount": 18,
        "repairAttemptCount": 10,
        "deadlineBreachCount": 0
      },
      "warnings": []
    },
    "lastStage6GatePassed": true,
    "rootIsolationStatus": {
      "status": "passed",
      "customStateRoot": "C:\\Users\\hanji\\AppData\\Local\\Temp\\af-stage6-state-YAZZ8Y",
      "defaultWorkspaceStateRoot": "C:\\Users\\hanji\\AppData\\Local\\Temp\\af-stage6-workspace-Nnkt1H\\state\\pi-autoresearch",
      "customContextExists": true,
      "defaultWorkspaceStateHasArtifacts": false
    },
    "repairTraceabilityStatus": {
      "status": "passed",
      "successfulRepairCount": 10,
      "successfulRepairsWithoutCandidateCount": 0
    },
    "feedbackClosureStatus": {
      "status": "passed",
      "required": false,
      "promptFeedbackObserved": true,
      "scoreBreakdownFeedbackObserved": false,
      "divergenceCount": 0,
      "confidenceUpdateCount": 0
    },
    "nextPlannedAction": "local_compatibility_repair",
    "loopMode": "local-first",
    "defaultOperationalView": "v3_autonomous_local_first",
    "projectRoot": "C:\\Users\\hanji\\Desktop\\AF",
    "workspaceRoot": "C:\\Users\\hanji\\Desktop\\AF",
    "stateRoot": "C:\\Users\\hanji\\Desktop\\AF\\state\\pi-autoresearch",
    "traceRoot": "C:\\Users\\hanji\\Desktop\\AF\\state\\pi-autoresearch\\traces",
    "artifactRoot": "C:\\Users\\hanji\\Desktop\\AF\\state\\pi-autoresearch\\artifacts",
    "evidenceRoot": "C:\\Users\\hanji\\Desktop\\AF\\state\\pi-autoresearch\\evidence",
    "runtimeRoot": "C:\\Users\\hanji\\Desktop\\AF\\state\\pi-autoresearch\\runtime",
    "tvVerificationCount": 28,
    "tvHealth": "unavailable",
    "calibrationAutoProcess": false,
    "calibrationMode": "queue_only",
    "lastTvSurfaceFailure": {
      "candidateId": "cand-c6235b65",
      "decision": "tv_surface_failure",
      "iteration": 279,
      "tvCalibrationStatus": "surface_failure",
      "recordedAt": "2026-04-29T18:46:19.526Z"
    },
    "humanOverride": false
  },
  "verification": {
    "ok": true,
    "issues": []
  },
  "tracePath": "C:\\Users\\hanji\\Desktop\\AF\\state\\pi-autoresearch\\traces\\rebuild-indexes-2026-04-30T16-40-00-518Z-trace-51ad57bc.jsonl"
}
[2026-05-01T01:40:11.8536664+09:00] iteration 2: rebuild-indexes --verify exit=0
[2026-05-01T01:40:21.8722066+09:00] iteration 3: run-autonomous-loop start
??injected env (11) from .env // tip: ??override existing { override: true }
[autonomous.loop.start] run-autonomous-loop | Starting autonomous local-first loop | 2026-04-30T16:40:22.139Z
[iteration.started] run-autonomous-loop | Starting autonomous iteration | 2026-04-30T16:40:22.140Z
[phase.started] run-autonomous-loop | Initializing autonomous workspace | 2026-04-30T16:40:22.151Z
[phase.completed] run-autonomous-loop | Initializing autonomous workspace | 2026-04-30T16:40:23.825Z
[phase.started] run-autonomous-loop | Generating autonomous mutation candidate | 2026-04-30T16:40:24.999Z
[autonomous.mutation.request] run-autonomous-loop | Sending autonomous mutation request | 2026-04-30T16:40:25.000Z
[phase.failed] run-autonomous-loop | Generating autonomous mutation candidate | 2026-04-30T16:42:55.009Z
[iteration.failed] run-autonomous-loop | Autonomous iteration ended in failure | 2026-04-30T16:42:56.601Z
{
  "countRequested": 1,
  "countCompleted": 1,
  "countFailed": 1,
  "results": [
    {
      "runId": "autonomous-1777567222149",
      "iteration": 560,
      "candidateId": null,
      "localDecision": null,
      "activeChampionChanged": false,
      "activeChampionCandidateId": null
    }
  ],
  "deadlineBreaches": [],
  "autonomousState": {
    "generatedAt": "2026-04-30T16:42:58.029Z",
    "activeChampionCandidateId": "cand-42ed2fa4",
    "activeChampionScore": 0.7879,
    "activeChampionDecision": "local_candidate_eligible",
    "championOrigin": "autonomous",
    "researchMaturity": "steady_state",
    "selectedBy": "auto_policy",
    "selectionPolicyVersion": "autonomous-local-first/v3-p0",
    "objectivePolicyVersion": "objective.qqq-120m/v1",
    "headEventCount": 2,
    "archiveEventCount": 263,
    "calibrationEventCount": 280,
    "calibrationCandidateCount": 252,
    "divergenceCount": 27,
    "localConfidenceUpdateCount": 27,
    "problemEventCount": 146,
    "repairAttemptCount": 71,
    "localEvaluationCount": 339,
    "localEligibleCount": 203,
    "bootstrapCompatibleCount": 0,
    "bootstrapEligibleCount": 0,
    "bootstrapStatus": "not_started",
    "bootstrapSource": null,
    "bootstrapReason": null,
    "localRejectedCount": 131,
    "topBlockingReason": "low_trade_count",
    "pendingCalibrationCandidateCount": 224,
    "pendingCalibrationCandidateIds": [
      "cand-0e6a0180",
      "cand-9f33e80b",
      "cand-772d8a1e",
      "cand-f28d2e01",
      "cand-9a5dbcc7",
      "cand-b01be933",
      "cand-0a692f84",
      "cand-4f8faae3",
      "cand-35a74bba",
      "cand-c6b25611",
      "cand-ccdae17b",
      "cand-b8102dcd",
      "cand-8a1fe27b",
      "cand-ebbdd6a9",
      "cand-80dfaaa1",
      "cand-03f30a70",
      "cand-2f290563",
      "cand-e76cded5",
      "cand-710d8bc6",
      "cand-dd7e63cf",
      "cand-949bf032",
      "cand-b14595e0",
      "cand-90dc4ec3",
      "cand-f1103886",
      "cand-77224b87",
      "cand-55f47b32",
      "cand-cb18c54a",
      "cand-8a1a7cf2",
      "cand-db12aa7d",
      "cand-eb3175fc",
      "cand-ce89005b",
      "cand-b333865d",
      "cand-14f5f8ff",
      "cand-87a7fa06",
      "cand-609d9f19",
      "cand-09a0ae17",
      "cand-fbb3fb78",
      "cand-7bff0c1a",
      "cand-6e976c42",
      "cand-eaf67b92",
      "cand-ea5075a8",
      "cand-c0d6f969",
      "cand-946579c0",
      "cand-1638111b",
      "cand-840b49c0",
      "cand-a1b63e8c",
      "cand-d3fa966c",
      "cand-af6ef21e",
      "cand-c5832df6",
      "cand-57321a8c",
      "cand-3004b0f8",
      "cand-00644032",
      "cand-6272ab0f",
      "cand-7b341ad0",
      "cand-5c90b0de",
      "cand-350b7e7b",
      "cand-05218055",
      "cand-6ebbd52a",
      "cand-9edd626e",
      "cand-5d685d8a",
      "cand-addb3d5a",
      "cand-1a03e904",
      "cand-935b6a7d",
      "cand-11e460d8",
      "cand-58484f09",
      "cand-c3549cdc",
      "cand-e000c048",
      "cand-5927e5ca",
      "cand-7ae4d6eb",
      "cand-bd3c959f",
      "cand-ad98c7fd",
      "cand-a3456179",
      "cand-fa19c7db",
      "cand-8211114e",
      "cand-737e8acc",
      "cand-9ae5abb8",
      "cand-f68c494c",
      "cand-0cb06744",
      "cand-c4540c5e",
      "cand-887ba798",
      "cand-334ff9ed",
      "cand-1e7bb092",
      "cand-940106ac",
      "cand-b1575fba",
      "cand-1c1cb560",
      "cand-2ba5ca56",
      "cand-4e158d7d",
      "cand-ee1867a5",
      "cand-ccf655ee",
      "cand-2f2f67f1",
      "cand-dd0d4883",
      "cand-9e390b78",
      "cand-2b509e63",
      "cand-a42bb737",
      "cand-ba65a405",
      "cand-95b5fcb4",
      "cand-c1decc14",
      "cand-fad40100",
      "cand-3d99c3c3",
      "cand-ed6ed300",
      "cand-36473405",
      "cand-32556840",
      "cand-056beb3f",
      "cand-fef34f1d",
      "cand-4e58abee",
      "cand-6c095f1d",
      "cand-72fdbd0a",
      "cand-1a73f98c",
      "cand-60e5fb9a",
      "cand-fbd6e1cd",
      "cand-6fa9e64c",
      "cand-b3ce6dfd",
      "cand-d7b18242",
      "cand-cddf1147",
      "cand-a2b17756",
      "cand-4106d658",
      "cand-bf2319b1",
      "cand-1be3a1ed",
      "cand-ec8276d1",
      "cand-66da2fad",
      "cand-10487d69",
      "cand-a0b082a6",
      "cand-e1c37158",
      "cand-3924bc09",
      "cand-c5a37a36",
      "cand-9f921b3b",
      "cand-976660f2",
      "cand-1fd659d1",
      "cand-1ebe3284",
      "cand-a05583cb",
      "cand-68e1f6c0",
      "cand-939bafa7",
      "cand-5dfb966e",
      "cand-ec9d7a77",
      "cand-c9bd8a69",
      "cand-cad467d1",
      "cand-30ca4ecf",
      "cand-274a3d78",
      "cand-8f6a1544",
      "cand-be21675f",
      "cand-17c07e8f",
      "cand-60166f81",
      "cand-8f82de94",
      "cand-42460886",
      "cand-9295e93d",
      "cand-5a54f71c",
      "cand-a12eacdf",
      "cand-5b236726",
      "cand-dbfe05b6",
      "cand-eb4f9103",
      "cand-294a8337",
      "cand-54d331f7",
      "cand-303f93be",
      "cand-64ceccd8",
      "cand-82301049",
      "cand-cb926322",
      "cand-9740ccd3",
      "cand-45f69d7a",
      "cand-8195e18c",
      "cand-9ad02865",
      "cand-b0561318",
      "cand-77645d5d",
      "cand-3913b48a",
      "cand-d8c529f0",
      "cand-3e0617a5",
      "cand-796b47d8",
      "cand-da5bc8a6",
      "cand-6385aa99",
      "cand-ce0fb6b8",
      "cand-f53efe87",
      "cand-541078ba",
      "cand-102cde43",
      "cand-99a518c8",
      "cand-45eae1ed",
      "cand-5fa9bbca",
      "cand-58a6bc67",
      "cand-e2e95d0b",
      "cand-e7d44996",
      "cand-4fd1f661",
      "cand-f8a32482",
      "cand-65221fbc",
      "cand-0dcbc429",
      "cand-7237f414",
      "cand-13ab4eb7",
      "cand-03a62626",
      "cand-74403bc5",
      "cand-08afa655",
      "cand-8fc0ffa2",
      "cand-6b8a91fa",
      "cand-6b160ae4",
      "cand-e4ab8440",
      "cand-292c094d",
      "cand-bf066e31",
      "cand-bf45bffc",
      "cand-33777180",
      "cand-67548c32",
      "cand-af1ed124",
      "cand-fd3f325b",
      "cand-e8320fab",
      "cand-51877b36",
      "cand-f80d7394",
      "cand-d2b04e0c",
      "cand-d865401d",
      "cand-c2337d4e",
      "cand-bd0f8191",
      "cand-2e68882f",
      "cand-94bc57ed",
      "cand-93a15ca5",
      "cand-197cf126",
      "cand-4e21422c",
      "cand-cc3ed2d8",
      "cand-ad84fefa",
      "cand-e3e4e13a",
      "cand-6d2901b8",
      "cand-c7985187",
      "cand-a3fa7fcf",
      "cand-2181b4f2",
      "cand-e803ef34",
      "cand-cc7eb308",
      "cand-8c710851",
      "cand-8045892e",
      "cand-17273829",
      "cand-e3d89e08",
      "cand-118d9dbb"
    ],
    "recentProblemKinds": [
      "local_backtest_fail",
      "local_backtest_fail",
      "local_backtest_fail",
      "local_backtest_fail",
      "mutation_generation_fail"
    ],
    "recentRepairResults": [
      {
        "repairKind": "entry_frequency_repair",
        "result": "success",
        "repairedCandidateId": "cand-8045892e",
        "summary": "Requested entry_frequency_repair after local_backtest_fail."
      },
      {
        "repairKind": "entry_frequency_repair",
        "result": "success",
        "repairedCandidateId": "cand-17273829",
        "summary": "Requested entry_frequency_repair after local_backtest_fail."
      },
      {
        "repairKind": "entry_frequency_repair",
        "result": "success",
        "repairedCandidateId": "cand-75d19c10",
        "summary": "Requested entry_frequency_repair after local_backtest_fail."
      },
      {
        "repairKind": "entry_frequency_repair",
        "result": "success",
        "repairedCandidateId": "cand-e3d89e08",
        "summary": "Requested entry_frequency_repair after local_backtest_fail."
      },
      {
        "repairKind": "entry_frequency_repair",
        "result": "success",
        "repairedCandidateId": "cand-118d9dbb",
        "summary": "Requested entry_frequency_repair after local_backtest_fail."
      }
    ],
    "scoreFeedbackObserved": true,
    "stage6Readiness": {
      "generatedAt": "2026-04-30T05:22:53.680Z",
      "evaluated": true,
      "passed": true,
      "mode": "deterministic",
      "countRequested": 10,
      "countCompleted": 10,
      "countFailed": 0,
      "activeChampionCandidateId": "cand-a64e2088",
      "freshBootstrapPassed": true,
      "multiIterationPassed": true,
      "rootIsolationPassed": true,
      "repairTraceabilityPassed": true,
      "calibrationQueuePassed": true,
      "scoreFeedbackPassed": true,
      "feedbackClosureRequired": false,
      "calibrationMode": "queue_only",
      "ledgerValidationPassed": true,
      "indexVerificationPassed": true,
      "rootIsolationStatus": {
        "status": "passed",
        "customStateRoot": "C:\\Users\\hanji\\AppData\\Local\\Temp\\af-stage6-state-YAZZ8Y",
        "defaultWorkspaceStateRoot": "C:\\Users\\hanji\\AppData\\Local\\Temp\\af-stage6-workspace-Nnkt1H\\state\\pi-autoresearch",
        "customContextExists": true,
        "defaultWorkspaceStateHasArtifacts": false
      },
      "repairTraceabilityStatus": {
        "status": "passed",
        "successfulRepairCount": 10,
        "successfulRepairsWithoutCandidateCount": 0
      },
      "feedbackClosureStatus": {
        "status": "passed",
        "required": false,
        "promptFeedbackObserved": true,
        "scoreBreakdownFeedbackObserved": false,
        "divergenceCount": 0,
        "confidenceUpdateCount": 0
      },
      "evidence": {
        "tempWorkspaceRoot": null,
        "tempStateRoot": null,
        "localEvaluationCount": 19,
        "headEventCount": 2,
        "archiveEventCount": 11,
        "calibrationEventCount": 2,
        "mutationBriefCount": 18,
        "problemEventCount": 18,
        "repairAttemptCount": 10,
        "deadlineBreachCount": 0
      },
      "warnings": []
    },
    "lastStage6GatePassed": true,
    "rootIsolationStatus": {
      "status": "passed",
      "customStateRoot": "C:\\Users\\hanji\\AppData\\Local\\Temp\\af-stage6-state-YAZZ8Y",
      "defaultWorkspaceStateRoot": "C:\\Users\\hanji\\AppData\\Local\\Temp\\af-stage6-workspace-Nnkt1H\\state\\pi-autoresearch",
      "customContextExists": true,
      "defaultWorkspaceStateHasArtifacts": false
    },
    "repairTraceabilityStatus": {
      "status": "passed",
      "successfulRepairCount": 10,
      "successfulRepairsWithoutCandidateCount": 0
    },
    "feedbackClosureStatus": {
      "status": "passed",
      "required": false,
      "promptFeedbackObserved": true,
      "scoreBreakdownFeedbackObserved": false,
      "divergenceCount": 0,
      "confidenceUpdateCount": 0
    },
    "nextPlannedAction": "local_compatibility_repair",
    "loopMode": "local-first",
    "defaultOperationalView": "v3_autonomous_local_first",
    "projectRoot": "C:\\Users\\hanji\\Desktop\\AF",
    "workspaceRoot": "C:\\Users\\hanji\\Desktop\\AF",
    "stateRoot": "C:\\Users\\hanji\\Desktop\\AF\\state\\pi-autoresearch",
    "traceRoot": "C:\\Users\\hanji\\Desktop\\AF\\state\\pi-autoresearch\\traces",
    "artifactRoot": "C:\\Users\\hanji\\Desktop\\AF\\state\\pi-autoresearch\\artifacts",
    "evidenceRoot": "C:\\Users\\hanji\\Desktop\\AF\\state\\pi-autoresearch\\evidence",
    "runtimeRoot": "C:\\Users\\hanji\\Desktop\\AF\\state\\pi-autoresearch\\runtime",
    "tvVerificationCount": 28,
    "tvHealth": "unavailable",
    "calibrationAutoProcess": false,
    "calibrationMode": "queue_only",
    "lastTvSurfaceFailure": {
      "candidateId": "cand-c6235b65",
      "decision": "tv_surface_failure",
      "iteration": 279,
      "tvCalibrationStatus": "surface_failure",
      "recordedAt": "2026-04-29T18:46:19.526Z"
    },
    "humanOverride": false
  },
  "tracePath": "C:\\Users\\hanji\\Desktop\\AF\\state\\pi-autoresearch\\traces\\run-autonomous-loop-2026-04-30T16-40-22-138Z-trace-5eca79ca.jsonl"
}
[2026-05-01T01:42:58.6067366+09:00] iteration 3: run-autonomous-loop exit=0
[2026-05-01T01:42:58.6073478+09:00] iteration 3: validate-ledger start
??injected env (11) from .env // tip: ??custom filepath { path: '/custom/path/.env' }
[ledger.validation] validate-ledger | Ledger validation completed | 2026-04-30T16:43:01.506Z
{
  "ok": true,
  "errorCount": 0,
  "warningCount": 6,
  "issues": [
    {
      "severity": "warning",
      "scope": "experiment-record-meta",
      "recordId": "cand-f918d6d8",
      "message": "recordHash does not match the serialized experiment record."
    },
    {
      "severity": "warning",
      "scope": "experiment-record-meta",
      "recordId": "cand-3f99a396",
      "message": "recordHash does not match the serialized experiment record."
    },
    {
      "severity": "warning",
      "scope": "experiment-record-meta",
      "recordId": "cand-93a71a19",
      "message": "recordHash does not match the serialized experiment record."
    },
    {
      "severity": "warning",
      "scope": "experiment-record-meta",
      "recordId": "cand-560e2d3b",
      "message": "recordHash does not match the serialized experiment record."
    },
    {
      "severity": "warning",
      "scope": "experiment-record-meta",
      "recordId": "cand-24b4021d",
      "message": "recordHash does not match the serialized experiment record."
    },
    {
      "severity": "warning",
      "scope": "candidate-dedup",
      "recordId": "bfee8f4eb7eabba2047b8b2270beef764a3942811cda8134d75c15c171c0c26a",
      "message": "Duplicate candidate source hash detected across ids: cand-2a5e6ffe, cand-51397d04, cand-9cbc4c5f, cand-a93778fa, cand-bbb67c15, cand-fdc1ae65"
    }
  ],
  "summary": {
    "experiments": 559,
    "candidates": 509,
    "taskBatches": 131
  },
  "stateRoot": "C:\\Users\\hanji\\Desktop\\AF\\state\\pi-autoresearch",
  "tracePath": "C:\\Users\\hanji\\Desktop\\AF\\state\\pi-autoresearch\\traces\\validate-ledger-2026-04-30T16-42-58-842Z-trace-f2aaf4ad.jsonl"
}
[2026-05-01T01:43:01.6503452+09:00] iteration 3: validate-ledger exit=0
[2026-05-01T01:43:01.6508177+09:00] iteration 3: rebuild-indexes --verify start
??injected env (11) from .env // tip: ??multiple files { path: ['.env.local', '.env'] }
[?몃뜳???ъ깮???쒖옉] ?몃뜳???ъ깮??| ?뚯깮 ?몃뜳?ㅻ? ?ъ깮?깊빀?덈떎. state: C:\Users\hanji\Desktop\AF\state\pi-autoresearch | 2026-04-30T16:43:03.455Z
[?몃뜳???ъ깮???꾨즺] ?몃뜳???ъ깮??| ?뚯깮 ?몃뜳???ъ깮?깆쓣 留덉낀?듬땲?? state: C:\Users\hanji\Desktop\AF\state\pi-autoresearch | 2026-04-30T16:43:12.321Z
{
  "rebuilt": true,
  "stateRoot": "C:\\Users\\hanji\\Desktop\\AF\\state\\pi-autoresearch",
  "autonomousState": {
    "generatedAt": "2026-04-30T16:43:06.249Z",
    "activeChampionCandidateId": "cand-42ed2fa4",
    "activeChampionScore": 0.7879,
    "activeChampionDecision": "local_candidate_eligible",
    "championOrigin": "autonomous",
    "researchMaturity": "steady_state",
    "selectedBy": "auto_policy",
    "selectionPolicyVersion": "autonomous-local-first/v3-p0",
    "objectivePolicyVersion": "objective.qqq-120m/v1",
    "headEventCount": 2,
    "archiveEventCount": 263,
    "calibrationEventCount": 280,
    "calibrationCandidateCount": 252,
    "divergenceCount": 27,
    "localConfidenceUpdateCount": 27,
    "problemEventCount": 146,
    "repairAttemptCount": 71,
    "localEvaluationCount": 339,
    "localEligibleCount": 203,
    "bootstrapCompatibleCount": 0,
    "bootstrapEligibleCount": 0,
    "bootstrapStatus": "not_started",
    "bootstrapSource": null,
    "bootstrapReason": null,
    "localRejectedCount": 131,
    "topBlockingReason": "low_trade_count",
    "pendingCalibrationCandidateCount": 224,
    "pendingCalibrationCandidateIds": [
      "cand-0e6a0180",
      "cand-9f33e80b",
      "cand-772d8a1e",
      "cand-f28d2e01",
      "cand-9a5dbcc7",
      "cand-b01be933",
      "cand-0a692f84",
      "cand-4f8faae3",
      "cand-35a74bba",
      "cand-c6b25611",
      "cand-ccdae17b",
      "cand-b8102dcd",
      "cand-8a1fe27b",
      "cand-ebbdd6a9",
      "cand-80dfaaa1",
      "cand-03f30a70",
      "cand-2f290563",
      "cand-e76cded5",
      "cand-710d8bc6",
      "cand-dd7e63cf",
      "cand-949bf032",
      "cand-b14595e0",
      "cand-90dc4ec3",
      "cand-f1103886",
      "cand-77224b87",
      "cand-55f47b32",
      "cand-cb18c54a",
      "cand-8a1a7cf2",
      "cand-db12aa7d",
      "cand-eb3175fc",
      "cand-ce89005b",
      "cand-b333865d",
      "cand-14f5f8ff",
      "cand-87a7fa06",
      "cand-609d9f19",
      "cand-09a0ae17",
      "cand-fbb3fb78",
      "cand-7bff0c1a",
      "cand-6e976c42",
      "cand-eaf67b92",
      "cand-ea5075a8",
      "cand-c0d6f969",
      "cand-946579c0",
      "cand-1638111b",
      "cand-840b49c0",
      "cand-a1b63e8c",
      "cand-d3fa966c",
      "cand-af6ef21e",
      "cand-c5832df6",
      "cand-57321a8c",
      "cand-3004b0f8",
      "cand-00644032",
      "cand-6272ab0f",
      "cand-7b341ad0",
      "cand-5c90b0de",
      "cand-350b7e7b",
      "cand-05218055",
      "cand-6ebbd52a",
      "cand-9edd626e",
      "cand-5d685d8a",
      "cand-addb3d5a",
      "cand-1a03e904",
      "cand-935b6a7d",
      "cand-11e460d8",
      "cand-58484f09",
      "cand-c3549cdc",
      "cand-e000c048",
      "cand-5927e5ca",
      "cand-7ae4d6eb",
      "cand-bd3c959f",
      "cand-ad98c7fd",
      "cand-a3456179",
      "cand-fa19c7db",
      "cand-8211114e",
      "cand-737e8acc",
      "cand-9ae5abb8",
      "cand-f68c494c",
      "cand-0cb06744",
      "cand-c4540c5e",
      "cand-887ba798",
      "cand-334ff9ed",
      "cand-1e7bb092",
      "cand-940106ac",
      "cand-b1575fba",
      "cand-1c1cb560",
      "cand-2ba5ca56",
      "cand-4e158d7d",
      "cand-ee1867a5",
      "cand-ccf655ee",
      "cand-2f2f67f1",
      "cand-dd0d4883",
      "cand-9e390b78",
      "cand-2b509e63",
      "cand-a42bb737",
      "cand-ba65a405",
      "cand-95b5fcb4",
      "cand-c1decc14",
      "cand-fad40100",
      "cand-3d99c3c3",
      "cand-ed6ed300",
      "cand-36473405",
      "cand-32556840",
      "cand-056beb3f",
      "cand-fef34f1d",
      "cand-4e58abee",
      "cand-6c095f1d",
      "cand-72fdbd0a",
      "cand-1a73f98c",
      "cand-60e5fb9a",
      "cand-fbd6e1cd",
      "cand-6fa9e64c",
      "cand-b3ce6dfd",
      "cand-d7b18242",
      "cand-cddf1147",
      "cand-a2b17756",
      "cand-4106d658",
      "cand-bf2319b1",
      "cand-1be3a1ed",
      "cand-ec8276d1",
      "cand-66da2fad",
      "cand-10487d69",
      "cand-a0b082a6",
      "cand-e1c37158",
      "cand-3924bc09",
      "cand-c5a37a36",
      "cand-9f921b3b",
      "cand-976660f2",
      "cand-1fd659d1",
      "cand-1ebe3284",
      "cand-a05583cb",
      "cand-68e1f6c0",
      "cand-939bafa7",
      "cand-5dfb966e",
      "cand-ec9d7a77",
      "cand-c9bd8a69",
      "cand-cad467d1",
      "cand-30ca4ecf",
      "cand-274a3d78",
      "cand-8f6a1544",
      "cand-be21675f",
      "cand-17c07e8f",
      "cand-60166f81",
      "cand-8f82de94",
      "cand-42460886",
      "cand-9295e93d",
      "cand-5a54f71c",
      "cand-a12eacdf",
      "cand-5b236726",
      "cand-dbfe05b6",
      "cand-eb4f9103",
      "cand-294a8337",
      "cand-54d331f7",
      "cand-303f93be",
      "cand-64ceccd8",
      "cand-82301049",
      "cand-cb926322",
      "cand-9740ccd3",
      "cand-45f69d7a",
      "cand-8195e18c",
      "cand-9ad02865",
      "cand-b0561318",
      "cand-77645d5d",
      "cand-3913b48a",
      "cand-d8c529f0",
      "cand-3e0617a5",
      "cand-796b47d8",
      "cand-da5bc8a6",
      "cand-6385aa99",
      "cand-ce0fb6b8",
      "cand-f53efe87",
      "cand-541078ba",
      "cand-102cde43",
      "cand-99a518c8",
      "cand-45eae1ed",
      "cand-5fa9bbca",
      "cand-58a6bc67",
      "cand-e2e95d0b",
      "cand-e7d44996",
      "cand-4fd1f661",
      "cand-f8a32482",
      "cand-65221fbc",
      "cand-0dcbc429",
      "cand-7237f414",
      "cand-13ab4eb7",
      "cand-03a62626",
      "cand-74403bc5",
      "cand-08afa655",
      "cand-8fc0ffa2",
      "cand-6b8a91fa",
      "cand-6b160ae4",
      "cand-e4ab8440",
      "cand-292c094d",
      "cand-bf066e31",
      "cand-bf45bffc",
      "cand-33777180",
      "cand-67548c32",
      "cand-af1ed124",
      "cand-fd3f325b",
      "cand-e8320fab",
      "cand-51877b36",
      "cand-f80d7394",
      "cand-d2b04e0c",
      "cand-d865401d",
      "cand-c2337d4e",
      "cand-bd0f8191",
      "cand-2e68882f",
      "cand-94bc57ed",
      "cand-93a15ca5",
      "cand-197cf126",
      "cand-4e21422c",
      "cand-cc3ed2d8",
      "cand-ad84fefa",
      "cand-e3e4e13a",
      "cand-6d2901b8",
      "cand-c7985187",
      "cand-a3fa7fcf",
      "cand-2181b4f2",
      "cand-e803ef34",
      "cand-cc7eb308",
      "cand-8c710851",
      "cand-8045892e",
      "cand-17273829",
      "cand-e3d89e08",
      "cand-118d9dbb"
    ],
    "recentProblemKinds": [
      "local_backtest_fail",
      "local_backtest_fail",
      "local_backtest_fail",
      "local_backtest_fail",
      "mutation_generation_fail"
    ],
    "recentRepairResults": [
      {
        "repairKind": "entry_frequency_repair",
        "result": "success",
        "repairedCandidateId": "cand-8045892e",
        "summary": "Requested entry_frequency_repair after local_backtest_fail."
      },
      {
        "repairKind": "entry_frequency_repair",
        "result": "success",
        "repairedCandidateId": "cand-17273829",
        "summary": "Requested entry_frequency_repair after local_backtest_fail."
      },
      {
        "repairKind": "entry_frequency_repair",
        "result": "success",
        "repairedCandidateId": "cand-75d19c10",
        "summary": "Requested entry_frequency_repair after local_backtest_fail."
      },
      {
        "repairKind": "entry_frequency_repair",
        "result": "success",
        "repairedCandidateId": "cand-e3d89e08",
        "summary": "Requested entry_frequency_repair after local_backtest_fail."
      },
      {
        "repairKind": "entry_frequency_repair",
        "result": "success",
        "repairedCandidateId": "cand-118d9dbb",
        "summary": "Requested entry_frequency_repair after local_backtest_fail."
      }
    ],
    "scoreFeedbackObserved": true,
    "stage6Readiness": {
      "generatedAt": "2026-04-30T05:22:53.680Z",
      "evaluated": true,
      "passed": true,
      "mode": "deterministic",
      "countRequested": 10,
      "countCompleted": 10,
      "countFailed": 0,
      "activeChampionCandidateId": "cand-a64e2088",
      "freshBootstrapPassed": true,
      "multiIterationPassed": true,
      "rootIsolationPassed": true,
      "repairTraceabilityPassed": true,
      "calibrationQueuePassed": true,
      "scoreFeedbackPassed": true,
      "feedbackClosureRequired": false,
      "calibrationMode": "queue_only",
      "ledgerValidationPassed": true,
      "indexVerificationPassed": true,
      "rootIsolationStatus": {
        "status": "passed",
        "customStateRoot": "C:\\Users\\hanji\\AppData\\Local\\Temp\\af-stage6-state-YAZZ8Y",
        "defaultWorkspaceStateRoot": "C:\\Users\\hanji\\AppData\\Local\\Temp\\af-stage6-workspace-Nnkt1H\\state\\pi-autoresearch",
        "customContextExists": true,
        "defaultWorkspaceStateHasArtifacts": false
      },
      "repairTraceabilityStatus": {
        "status": "passed",
        "successfulRepairCount": 10,
        "successfulRepairsWithoutCandidateCount": 0
      },
      "feedbackClosureStatus": {
        "status": "passed",
        "required": false,
        "promptFeedbackObserved": true,
        "scoreBreakdownFeedbackObserved": false,
        "divergenceCount": 0,
        "confidenceUpdateCount": 0
      },
      "evidence": {
        "tempWorkspaceRoot": null,
        "tempStateRoot": null,
        "localEvaluationCount": 19,
        "headEventCount": 2,
        "archiveEventCount": 11,
        "calibrationEventCount": 2,
        "mutationBriefCount": 18,
        "problemEventCount": 18,
        "repairAttemptCount": 10,
        "deadlineBreachCount": 0
      },
      "warnings": []
    },
    "lastStage6GatePassed": true,
    "rootIsolationStatus": {
      "status": "passed",
      "customStateRoot": "C:\\Users\\hanji\\AppData\\Local\\Temp\\af-stage6-state-YAZZ8Y",
      "defaultWorkspaceStateRoot": "C:\\Users\\hanji\\AppData\\Local\\Temp\\af-stage6-workspace-Nnkt1H\\state\\pi-autoresearch",
      "customContextExists": true,
      "defaultWorkspaceStateHasArtifacts": false
    },
    "repairTraceabilityStatus": {
      "status": "passed",
      "successfulRepairCount": 10,
      "successfulRepairsWithoutCandidateCount": 0
    },
    "feedbackClosureStatus": {
      "status": "passed",
      "required": false,
      "promptFeedbackObserved": true,
      "scoreBreakdownFeedbackObserved": false,
      "divergenceCount": 0,
      "confidenceUpdateCount": 0
    },
    "nextPlannedAction": "local_compatibility_repair",
    "loopMode": "local-first",
    "defaultOperationalView": "v3_autonomous_local_first",
    "projectRoot": "C:\\Users\\hanji\\Desktop\\AF",
    "workspaceRoot": "C:\\Users\\hanji\\Desktop\\AF",
    "stateRoot": "C:\\Users\\hanji\\Desktop\\AF\\state\\pi-autoresearch",
    "traceRoot": "C:\\Users\\hanji\\Desktop\\AF\\state\\pi-autoresearch\\traces",
    "artifactRoot": "C:\\Users\\hanji\\Desktop\\AF\\state\\pi-autoresearch\\artifacts",
    "evidenceRoot": "C:\\Users\\hanji\\Desktop\\AF\\state\\pi-autoresearch\\evidence",
    "runtimeRoot": "C:\\Users\\hanji\\Desktop\\AF\\state\\pi-autoresearch\\runtime",
    "tvVerificationCount": 28,
    "tvHealth": "unavailable",
    "calibrationAutoProcess": false,
    "calibrationMode": "queue_only",
    "lastTvSurfaceFailure": {
      "candidateId": "cand-c6235b65",
      "decision": "tv_surface_failure",
      "iteration": 279,
      "tvCalibrationStatus": "surface_failure",
      "recordedAt": "2026-04-29T18:46:19.526Z"
    },
    "humanOverride": false
  },
  "verification": {
    "ok": true,
    "issues": []
  },
  "tracePath": "C:\\Users\\hanji\\Desktop\\AF\\state\\pi-autoresearch\\traces\\rebuild-indexes-2026-04-30T16-43-01-883Z-trace-5cc8d9cc.jsonl"
}
[2026-05-01T01:43:12.5436934+09:00] iteration 3: rebuild-indexes --verify exit=0
[2026-05-01T01:43:22.5518208+09:00] iteration 4: run-autonomous-loop start
??injected env (11) from .env // tip: ??multiple files { path: ['.env.local', '.env'] }
[autonomous.loop.start] run-autonomous-loop | Starting autonomous local-first loop | 2026-04-30T16:43:22.818Z
[iteration.started] run-autonomous-loop | Starting autonomous iteration | 2026-04-30T16:43:22.820Z
[phase.started] run-autonomous-loop | Initializing autonomous workspace | 2026-04-30T16:43:22.830Z
[phase.completed] run-autonomous-loop | Initializing autonomous workspace | 2026-04-30T16:43:24.511Z
[phase.started] run-autonomous-loop | Generating autonomous mutation candidate | 2026-04-30T16:43:25.645Z
[autonomous.mutation.request] run-autonomous-loop | Sending autonomous mutation request | 2026-04-30T16:43:25.646Z
[phase.completed] run-autonomous-loop | Generating autonomous mutation candidate | 2026-04-30T16:45:31.281Z
[phase.started] run-autonomous-loop | Evaluating autonomous candidate locally | 2026-04-30T16:45:31.281Z
[autonomous.market_context_ready] run-autonomous-loop | Local-first market context is ready | 2026-04-30T16:45:31.290Z
[autonomous.local_evaluation] run-autonomous-loop | Local autonomous evaluation completed | 2026-04-30T16:45:31.345Z
[phase.completed] run-autonomous-loop | Evaluating autonomous candidate locally | 2026-04-30T16:45:31.364Z
[phase.started] run-autonomous-loop | Repairing autonomous candidate after local failure | 2026-04-30T16:45:31.364Z
[phase.completed] run-autonomous-loop | Repairing autonomous candidate after local failure | 2026-04-30T16:47:22.750Z
[phase.started] run-autonomous-loop | Evaluating repaired autonomous candidate locally | 2026-04-30T16:47:23.866Z
[autonomous.market_context_ready] run-autonomous-loop | Local-first market context is ready | 2026-04-30T16:47:23.878Z
[autonomous.local_evaluation] run-autonomous-loop | Local autonomous evaluation completed | 2026-04-30T16:47:23.934Z
[phase.completed] run-autonomous-loop | Evaluating repaired autonomous candidate locally | 2026-04-30T16:47:23.980Z
[phase.started] run-autonomous-loop | Updating autonomous archive views | 2026-04-30T16:47:23.981Z
[phase.completed] run-autonomous-loop | Updating autonomous archive views | 2026-04-30T16:47:23.984Z
[phase.started] run-autonomous-loop | Selecting active autonomous champion | 2026-04-30T16:47:24.857Z
[phase.completed] run-autonomous-loop | Selecting active autonomous champion | 2026-04-30T16:47:25.411Z
[phase.started] run-autonomous-loop | Rebuilding derived autonomous views | 2026-04-30T16:47:25.412Z
[phase.completed] run-autonomous-loop | Rebuilding derived autonomous views | 2026-04-30T16:47:27.493Z
[iteration.completed] run-autonomous-loop | Autonomous iteration completed | 2026-04-30T16:47:27.494Z
{
  "countRequested": 1,
  "countCompleted": 1,
  "countFailed": 0,
  "results": [
    {
      "runId": "autonomous-1777567402829",
      "iteration": 560,
      "candidateId": "cand-e83ce936",
      "localDecision": "local_candidate_rejected",
      "activeChampionChanged": false,
      "activeChampionCandidateId": "cand-42ed2fa4"
    }
  ],
  "deadlineBreaches": [],
  "autonomousState": {
    "generatedAt": "2026-04-30T16:47:29.170Z",
    "activeChampionCandidateId": "cand-42ed2fa4",
    "activeChampionScore": 0.7879,
    "activeChampionDecision": "local_candidate_eligible",
    "championOrigin": "autonomous",
    "researchMaturity": "steady_state",
    "selectedBy": "auto_policy",
    "selectionPolicyVersion": "autonomous-local-first/v3-p0",
    "objectivePolicyVersion": "objective.qqq-120m/v1",
    "headEventCount": 2,
    "archiveEventCount": 264,
    "calibrationEventCount": 280,
    "calibrationCandidateCount": 252,
    "divergenceCount": 27,
    "localConfidenceUpdateCount": 27,
    "problemEventCount": 148,
    "repairAttemptCount": 72,
    "localEvaluationCount": 341,
    "localEligibleCount": 203,
    "bootstrapCompatibleCount": 0,
    "bootstrapEligibleCount": 0,
    "bootstrapStatus": "not_started",
    "bootstrapSource": null,
    "bootstrapReason": null,
    "localRejectedCount": 133,
    "topBlockingReason": "low_trade_count",
    "pendingCalibrationCandidateCount": 224,
    "pendingCalibrationCandidateIds": [
      "cand-0e6a0180",
      "cand-9f33e80b",
      "cand-772d8a1e",
      "cand-f28d2e01",
      "cand-9a5dbcc7",
      "cand-b01be933",
      "cand-0a692f84",
      "cand-4f8faae3",
      "cand-35a74bba",
      "cand-c6b25611",
      "cand-ccdae17b",
      "cand-b8102dcd",
      "cand-8a1fe27b",
      "cand-ebbdd6a9",
      "cand-80dfaaa1",
      "cand-03f30a70",
      "cand-2f290563",
      "cand-e76cded5",
      "cand-710d8bc6",
      "cand-dd7e63cf",
      "cand-949bf032",
      "cand-b14595e0",
      "cand-90dc4ec3",
      "cand-f1103886",
      "cand-77224b87",
      "cand-55f47b32",
      "cand-cb18c54a",
      "cand-8a1a7cf2",
      "cand-db12aa7d",
      "cand-eb3175fc",
      "cand-ce89005b",
      "cand-b333865d",
      "cand-14f5f8ff",
      "cand-87a7fa06",
      "cand-609d9f19",
      "cand-09a0ae17",
      "cand-fbb3fb78",
      "cand-7bff0c1a",
      "cand-6e976c42",
      "cand-eaf67b92",
      "cand-ea5075a8",
      "cand-c0d6f969",
      "cand-946579c0",
      "cand-1638111b",
      "cand-840b49c0",
      "cand-a1b63e8c",
      "cand-d3fa966c",
      "cand-af6ef21e",
      "cand-c5832df6",
      "cand-57321a8c",
      "cand-3004b0f8",
      "cand-00644032",
      "cand-6272ab0f",
      "cand-7b341ad0",
      "cand-5c90b0de",
      "cand-350b7e7b",
      "cand-05218055",
      "cand-6ebbd52a",
      "cand-9edd626e",
      "cand-5d685d8a",
      "cand-addb3d5a",
      "cand-1a03e904",
      "cand-935b6a7d",
      "cand-11e460d8",
      "cand-58484f09",
      "cand-c3549cdc",
      "cand-e000c048",
      "cand-5927e5ca",
      "cand-7ae4d6eb",
      "cand-bd3c959f",
      "cand-ad98c7fd",
      "cand-a3456179",
      "cand-fa19c7db",
      "cand-8211114e",
      "cand-737e8acc",
      "cand-9ae5abb8",
      "cand-f68c494c",
      "cand-0cb06744",
      "cand-c4540c5e",
      "cand-887ba798",
      "cand-334ff9ed",
      "cand-1e7bb092",
      "cand-940106ac",
      "cand-b1575fba",
      "cand-1c1cb560",
      "cand-2ba5ca56",
      "cand-4e158d7d",
      "cand-ee1867a5",
      "cand-ccf655ee",
      "cand-2f2f67f1",
      "cand-dd0d4883",
      "cand-9e390b78",
      "cand-2b509e63",
      "cand-a42bb737",
      "cand-ba65a405",
      "cand-95b5fcb4",
      "cand-c1decc14",
      "cand-fad40100",
      "cand-3d99c3c3",
      "cand-ed6ed300",
      "cand-36473405",
      "cand-32556840",
      "cand-056beb3f",
      "cand-fef34f1d",
      "cand-4e58abee",
      "cand-6c095f1d",
      "cand-72fdbd0a",
      "cand-1a73f98c",
      "cand-60e5fb9a",
      "cand-fbd6e1cd",
      "cand-6fa9e64c",
      "cand-b3ce6dfd",
      "cand-d7b18242",
      "cand-cddf1147",
      "cand-a2b17756",
      "cand-4106d658",
      "cand-bf2319b1",
      "cand-1be3a1ed",
      "cand-ec8276d1",
      "cand-66da2fad",
      "cand-10487d69",
      "cand-a0b082a6",
      "cand-e1c37158",
      "cand-3924bc09",
      "cand-c5a37a36",
      "cand-9f921b3b",
      "cand-976660f2",
      "cand-1fd659d1",
      "cand-1ebe3284",
      "cand-a05583cb",
      "cand-68e1f6c0",
      "cand-939bafa7",
      "cand-5dfb966e",
      "cand-ec9d7a77",
      "cand-c9bd8a69",
      "cand-cad467d1",
      "cand-30ca4ecf",
      "cand-274a3d78",
      "cand-8f6a1544",
      "cand-be21675f",
      "cand-17c07e8f",
      "cand-60166f81",
      "cand-8f82de94",
      "cand-42460886",
      "cand-9295e93d",
      "cand-5a54f71c",
      "cand-a12eacdf",
      "cand-5b236726",
      "cand-dbfe05b6",
      "cand-eb4f9103",
      "cand-294a8337",
      "cand-54d331f7",
      "cand-303f93be",
      "cand-64ceccd8",
      "cand-82301049",
      "cand-cb926322",
      "cand-9740ccd3",
      "cand-45f69d7a",
      "cand-8195e18c",
      "cand-9ad02865",
      "cand-b0561318",
      "cand-77645d5d",
      "cand-3913b48a",
      "cand-d8c529f0",
      "cand-3e0617a5",
      "cand-796b47d8",
      "cand-da5bc8a6",
      "cand-6385aa99",
      "cand-ce0fb6b8",
      "cand-f53efe87",
      "cand-541078ba",
      "cand-102cde43",
      "cand-99a518c8",
      "cand-45eae1ed",
      "cand-5fa9bbca",
      "cand-58a6bc67",
      "cand-e2e95d0b",
      "cand-e7d44996",
      "cand-4fd1f661",
      "cand-f8a32482",
      "cand-65221fbc",
      "cand-0dcbc429",
      "cand-7237f414",
      "cand-13ab4eb7",
      "cand-03a62626",
      "cand-74403bc5",
      "cand-08afa655",
      "cand-8fc0ffa2",
      "cand-6b8a91fa",
      "cand-6b160ae4",
      "cand-e4ab8440",
      "cand-292c094d",
      "cand-bf066e31",
      "cand-bf45bffc",
      "cand-33777180",
      "cand-67548c32",
      "cand-af1ed124",
      "cand-fd3f325b",
      "cand-e8320fab",
      "cand-51877b36",
      "cand-f80d7394",
      "cand-d2b04e0c",
      "cand-d865401d",
      "cand-c2337d4e",
      "cand-bd0f8191",
      "cand-2e68882f",
      "cand-94bc57ed",
      "cand-93a15ca5",
      "cand-197cf126",
      "cand-4e21422c",
      "cand-cc3ed2d8",
      "cand-ad84fefa",
      "cand-e3e4e13a",
      "cand-6d2901b8",
      "cand-c7985187",
      "cand-a3fa7fcf",
      "cand-2181b4f2",
      "cand-e803ef34",
      "cand-cc7eb308",
      "cand-8c710851",
      "cand-8045892e",
      "cand-17273829",
      "cand-e3d89e08",
      "cand-118d9dbb"
    ],
    "recentProblemKinds": [
      "local_backtest_fail",
      "local_backtest_fail",
      "mutation_generation_fail",
      "local_backtest_fail",
      "local_backtest_fail"
    ],
    "recentRepairResults": [
      {
        "repairKind": "entry_frequency_repair",
        "result": "success",
        "repairedCandidateId": "cand-17273829",
        "summary": "Requested entry_frequency_repair after local_backtest_fail."
      },
      {
        "repairKind": "entry_frequency_repair",
        "result": "success",
        "repairedCandidateId": "cand-75d19c10",
        "summary": "Requested entry_frequency_repair after local_backtest_fail."
      },
      {
        "repairKind": "entry_frequency_repair",
        "result": "success",
        "repairedCandidateId": "cand-e3d89e08",
        "summary": "Requested entry_frequency_repair after local_backtest_fail."
      },
      {
        "repairKind": "entry_frequency_repair",
        "result": "success",
        "repairedCandidateId": "cand-118d9dbb",
        "summary": "Requested entry_frequency_repair after local_backtest_fail."
      },
      {
        "repairKind": "entry_frequency_repair",
        "result": "success",
        "repairedCandidateId": "cand-e83ce936",
        "summary": "Requested entry_frequency_repair after local_backtest_fail."
      }
    ],
    "scoreFeedbackObserved": true,
    "stage6Readiness": {
      "generatedAt": "2026-04-30T05:22:53.680Z",
      "evaluated": true,
      "passed": true,
      "mode": "deterministic",
      "countRequested": 10,
      "countCompleted": 10,
      "countFailed": 0,
      "activeChampionCandidateId": "cand-a64e2088",
      "freshBootstrapPassed": true,
      "multiIterationPassed": true,
      "rootIsolationPassed": true,
      "repairTraceabilityPassed": true,
      "calibrationQueuePassed": true,
      "scoreFeedbackPassed": true,
      "feedbackClosureRequired": false,
      "calibrationMode": "queue_only",
      "ledgerValidationPassed": true,
      "indexVerificationPassed": true,
      "rootIsolationStatus": {
        "status": "passed",
        "customStateRoot": "C:\\Users\\hanji\\AppData\\Local\\Temp\\af-stage6-state-YAZZ8Y",
        "defaultWorkspaceStateRoot": "C:\\Users\\hanji\\AppData\\Local\\Temp\\af-stage6-workspace-Nnkt1H\\state\\pi-autoresearch",
        "customContextExists": true,
        "defaultWorkspaceStateHasArtifacts": false
      },
      "repairTraceabilityStatus": {
        "status": "passed",
        "successfulRepairCount": 10,
        "successfulRepairsWithoutCandidateCount": 0
      },
      "feedbackClosureStatus": {
        "status": "passed",
        "required": false,
        "promptFeedbackObserved": true,
        "scoreBreakdownFeedbackObserved": false,
        "divergenceCount": 0,
        "confidenceUpdateCount": 0
      },
      "evidence": {
        "tempWorkspaceRoot": null,
        "tempStateRoot": null,
        "localEvaluationCount": 19,
        "headEventCount": 2,
        "archiveEventCount": 11,
        "calibrationEventCount": 2,
        "mutationBriefCount": 18,
        "problemEventCount": 18,
        "repairAttemptCount": 10,
        "deadlineBreachCount": 0
      },
      "warnings": []
    },
    "lastStage6GatePassed": true,
    "rootIsolationStatus": {
      "status": "passed",
      "customStateRoot": "C:\\Users\\hanji\\AppData\\Local\\Temp\\af-stage6-state-YAZZ8Y",
      "defaultWorkspaceStateRoot": "C:\\Users\\hanji\\AppData\\Local\\Temp\\af-stage6-workspace-Nnkt1H\\state\\pi-autoresearch",
      "customContextExists": true,
      "defaultWorkspaceStateHasArtifacts": false
    },
    "repairTraceabilityStatus": {
      "status": "passed",
      "successfulRepairCount": 10,
      "successfulRepairsWithoutCandidateCount": 0
    },
    "feedbackClosureStatus": {
      "status": "passed",
      "required": false,
      "promptFeedbackObserved": true,
      "scoreBreakdownFeedbackObserved": false,
      "divergenceCount": 0,
      "confidenceUpdateCount": 0
    },
    "nextPlannedAction": "local_compatibility_repair",
    "loopMode": "local-first",
    "defaultOperationalView": "v3_autonomous_local_first",
    "projectRoot": "C:\\Users\\hanji\\Desktop\\AF",
    "workspaceRoot": "C:\\Users\\hanji\\Desktop\\AF",
    "stateRoot": "C:\\Users\\hanji\\Desktop\\AF\\state\\pi-autoresearch",
    "traceRoot": "C:\\Users\\hanji\\Desktop\\AF\\state\\pi-autoresearch\\traces",
    "artifactRoot": "C:\\Users\\hanji\\Desktop\\AF\\state\\pi-autoresearch\\artifacts",
    "evidenceRoot": "C:\\Users\\hanji\\Desktop\\AF\\state\\pi-autoresearch\\evidence",
    "runtimeRoot": "C:\\Users\\hanji\\Desktop\\AF\\state\\pi-autoresearch\\runtime",
    "tvVerificationCount": 28,
    "tvHealth": "unavailable",
    "calibrationAutoProcess": false,
    "calibrationMode": "queue_only",
    "lastTvSurfaceFailure": {
      "candidateId": "cand-c6235b65",
      "decision": "tv_surface_failure",
      "iteration": 279,
      "tvCalibrationStatus": "surface_failure",
      "recordedAt": "2026-04-29T18:46:19.526Z"
    },
    "humanOverride": false
  },
  "tracePath": "C:\\Users\\hanji\\Desktop\\AF\\state\\pi-autoresearch\\traces\\run-autonomous-loop-2026-04-30T16-43-22-818Z-trace-cf97afc4.jsonl"
}
[2026-05-01T01:47:29.8471944+09:00] iteration 4: run-autonomous-loop exit=0
[2026-05-01T01:47:29.8484365+09:00] iteration 4: validate-ledger start
??injected env (11) from .env // tip: ??auth for agents [www.vestauth.com]
[ledger.validation] validate-ledger | Ledger validation completed | 2026-04-30T16:47:33.534Z
{
  "ok": true,
  "errorCount": 0,
  "warningCount": 6,
  "issues": [
    {
      "severity": "warning",
      "scope": "experiment-record-meta",
      "recordId": "cand-f918d6d8",
      "message": "recordHash does not match the serialized experiment record."
    },
    {
      "severity": "warning",
      "scope": "experiment-record-meta",
      "recordId": "cand-3f99a396",
      "message": "recordHash does not match the serialized experiment record."
    },
    {
      "severity": "warning",
      "scope": "experiment-record-meta",
      "recordId": "cand-93a71a19",
      "message": "recordHash does not match the serialized experiment record."
    },
    {
      "severity": "warning",
      "scope": "experiment-record-meta",
      "recordId": "cand-560e2d3b",
      "message": "recordHash does not match the serialized experiment record."
    },
    {
      "severity": "warning",
      "scope": "experiment-record-meta",
      "recordId": "cand-24b4021d",
      "message": "recordHash does not match the serialized experiment record."
    },
    {
      "severity": "warning",
      "scope": "candidate-dedup",
      "recordId": "bfee8f4eb7eabba2047b8b2270beef764a3942811cda8134d75c15c171c0c26a",
      "message": "Duplicate candidate source hash detected across ids: cand-2a5e6ffe, cand-51397d04, cand-9cbc4c5f, cand-a93778fa, cand-bbb67c15, cand-fdc1ae65"
    }
  ],
  "summary": {
    "experiments": 561,
    "candidates": 511,
    "taskBatches": 131
  },
  "stateRoot": "C:\\Users\\hanji\\Desktop\\AF\\state\\pi-autoresearch",
  "tracePath": "C:\\Users\\hanji\\Desktop\\AF\\state\\pi-autoresearch\\traces\\validate-ledger-2026-04-30T16-47-30-185Z-trace-57c118f6.jsonl"
}
[2026-05-01T01:47:33.6151099+09:00] iteration 4: validate-ledger exit=0
[2026-05-01T01:47:33.6161093+09:00] iteration 4: rebuild-indexes --verify start
??injected env (11) from .env // tip: ??enable debugging { debug: true }
[?몃뜳???ъ깮???쒖옉] ?몃뜳???ъ깮??| ?뚯깮 ?몃뜳?ㅻ? ?ъ깮?깊빀?덈떎. state: C:\Users\hanji\Desktop\AF\state\pi-autoresearch | 2026-04-30T16:47:35.686Z
[?몃뜳???ъ깮???꾨즺] ?몃뜳???ъ깮??| ?뚯깮 ?몃뜳???ъ깮?깆쓣 留덉낀?듬땲?? state: C:\Users\hanji\Desktop\AF\state\pi-autoresearch | 2026-04-30T16:47:45.385Z
{
  "rebuilt": true,
  "stateRoot": "C:\\Users\\hanji\\Desktop\\AF\\state\\pi-autoresearch",
  "autonomousState": {
    "generatedAt": "2026-04-30T16:47:38.837Z",
    "activeChampionCandidateId": "cand-42ed2fa4",
    "activeChampionScore": 0.7879,
    "activeChampionDecision": "local_candidate_eligible",
    "championOrigin": "autonomous",
    "researchMaturity": "steady_state",
    "selectedBy": "auto_policy",
    "selectionPolicyVersion": "autonomous-local-first/v3-p0",
    "objectivePolicyVersion": "objective.qqq-120m/v1",
    "headEventCount": 2,
    "archiveEventCount": 264,
    "calibrationEventCount": 280,
    "calibrationCandidateCount": 252,
    "divergenceCount": 27,
    "localConfidenceUpdateCount": 27,
    "problemEventCount": 148,
    "repairAttemptCount": 72,
    "localEvaluationCount": 341,
    "localEligibleCount": 203,
    "bootstrapCompatibleCount": 0,
    "bootstrapEligibleCount": 0,
    "bootstrapStatus": "not_started",
    "bootstrapSource": null,
    "bootstrapReason": null,
    "localRejectedCount": 133,
    "topBlockingReason": "low_trade_count",
    "pendingCalibrationCandidateCount": 224,
    "pendingCalibrationCandidateIds": [
      "cand-0e6a0180",
      "cand-9f33e80b",
      "cand-772d8a1e",
      "cand-f28d2e01",
      "cand-9a5dbcc7",
      "cand-b01be933",
      "cand-0a692f84",
      "cand-4f8faae3",
      "cand-35a74bba",
      "cand-c6b25611",
      "cand-ccdae17b",
      "cand-b8102dcd",
      "cand-8a1fe27b",
      "cand-ebbdd6a9",
      "cand-80dfaaa1",
      "cand-03f30a70",
      "cand-2f290563",
      "cand-e76cded5",
      "cand-710d8bc6",
      "cand-dd7e63cf",
      "cand-949bf032",
      "cand-b14595e0",
      "cand-90dc4ec3",
      "cand-f1103886",
      "cand-77224b87",
      "cand-55f47b32",
      "cand-cb18c54a",
      "cand-8a1a7cf2",
      "cand-db12aa7d",
      "cand-eb3175fc",
      "cand-ce89005b",
      "cand-b333865d",
      "cand-14f5f8ff",
      "cand-87a7fa06",
      "cand-609d9f19",
      "cand-09a0ae17",
      "cand-fbb3fb78",
      "cand-7bff0c1a",
      "cand-6e976c42",
      "cand-eaf67b92",
      "cand-ea5075a8",
      "cand-c0d6f969",
      "cand-946579c0",
      "cand-1638111b",
      "cand-840b49c0",
      "cand-a1b63e8c",
      "cand-d3fa966c",
      "cand-af6ef21e",
      "cand-c5832df6",
      "cand-57321a8c",
      "cand-3004b0f8",
      "cand-00644032",
      "cand-6272ab0f",
      "cand-7b341ad0",
      "cand-5c90b0de",
      "cand-350b7e7b",
      "cand-05218055",
      "cand-6ebbd52a",
      "cand-9edd626e",
      "cand-5d685d8a",
      "cand-addb3d5a",
      "cand-1a03e904",
      "cand-935b6a7d",
      "cand-11e460d8",
      "cand-58484f09",
      "cand-c3549cdc",
      "cand-e000c048",
      "cand-5927e5ca",
      "cand-7ae4d6eb",
      "cand-bd3c959f",
      "cand-ad98c7fd",
      "cand-a3456179",
      "cand-fa19c7db",
      "cand-8211114e",
      "cand-737e8acc",
      "cand-9ae5abb8",
      "cand-f68c494c",
      "cand-0cb06744",
      "cand-c4540c5e",
      "cand-887ba798",
      "cand-334ff9ed",
      "cand-1e7bb092",
      "cand-940106ac",
      "cand-b1575fba",
      "cand-1c1cb560",
      "cand-2ba5ca56",
      "cand-4e158d7d",
      "cand-ee1867a5",
      "cand-ccf655ee",
      "cand-2f2f67f1",
      "cand-dd0d4883",
      "cand-9e390b78",
      "cand-2b509e63",
      "cand-a42bb737",
      "cand-ba65a405",
      "cand-95b5fcb4",
      "cand-c1decc14",
      "cand-fad40100",
      "cand-3d99c3c3",
      "cand-ed6ed300",
      "cand-36473405",
      "cand-32556840",
      "cand-056beb3f",
      "cand-fef34f1d",
      "cand-4e58abee",
      "cand-6c095f1d",
      "cand-72fdbd0a",
      "cand-1a73f98c",
      "cand-60e5fb9a",
      "cand-fbd6e1cd",
      "cand-6fa9e64c",
      "cand-b3ce6dfd",
      "cand-d7b18242",
      "cand-cddf1147",
      "cand-a2b17756",
      "cand-4106d658",
      "cand-bf2319b1",
      "cand-1be3a1ed",
      "cand-ec8276d1",
      "cand-66da2fad",
      "cand-10487d69",
      "cand-a0b082a6",
      "cand-e1c37158",
      "cand-3924bc09",
      "cand-c5a37a36",
      "cand-9f921b3b",
      "cand-976660f2",
      "cand-1fd659d1",
      "cand-1ebe3284",
      "cand-a05583cb",
      "cand-68e1f6c0",
      "cand-939bafa7",
      "cand-5dfb966e",
      "cand-ec9d7a77",
      "cand-c9bd8a69",
      "cand-cad467d1",
      "cand-30ca4ecf",
      "cand-274a3d78",
      "cand-8f6a1544",
      "cand-be21675f",
      "cand-17c07e8f",
      "cand-60166f81",
      "cand-8f82de94",
      "cand-42460886",
      "cand-9295e93d",
      "cand-5a54f71c",
      "cand-a12eacdf",
      "cand-5b236726",
      "cand-dbfe05b6",
      "cand-eb4f9103",
      "cand-294a8337",
      "cand-54d331f7",
      "cand-303f93be",
      "cand-64ceccd8",
      "cand-82301049",
      "cand-cb926322",
      "cand-9740ccd3",
      "cand-45f69d7a",
      "cand-8195e18c",
      "cand-9ad02865",
      "cand-b0561318",
      "cand-77645d5d",
      "cand-3913b48a",
      "cand-d8c529f0",
      "cand-3e0617a5",
      "cand-796b47d8",
      "cand-da5bc8a6",
      "cand-6385aa99",
      "cand-ce0fb6b8",
      "cand-f53efe87",
      "cand-541078ba",
      "cand-102cde43",
      "cand-99a518c8",
      "cand-45eae1ed",
      "cand-5fa9bbca",
      "cand-58a6bc67",
      "cand-e2e95d0b",
      "cand-e7d44996",
      "cand-4fd1f661",
      "cand-f8a32482",
      "cand-65221fbc",
      "cand-0dcbc429",
      "cand-7237f414",
      "cand-13ab4eb7",
      "cand-03a62626",
      "cand-74403bc5",
      "cand-08afa655",
      "cand-8fc0ffa2",
      "cand-6b8a91fa",
      "cand-6b160ae4",
      "cand-e4ab8440",
      "cand-292c094d",
      "cand-bf066e31",
      "cand-bf45bffc",
      "cand-33777180",
      "cand-67548c32",
      "cand-af1ed124",
      "cand-fd3f325b",
      "cand-e8320fab",
      "cand-51877b36",
      "cand-f80d7394",
      "cand-d2b04e0c",
      "cand-d865401d",
      "cand-c2337d4e",
      "cand-bd0f8191",
      "cand-2e68882f",
      "cand-94bc57ed",
      "cand-93a15ca5",
      "cand-197cf126",
      "cand-4e21422c",
      "cand-cc3ed2d8",
      "cand-ad84fefa",
      "cand-e3e4e13a",
      "cand-6d2901b8",
      "cand-c7985187",
      "cand-a3fa7fcf",
      "cand-2181b4f2",
      "cand-e803ef34",
      "cand-cc7eb308",
      "cand-8c710851",
      "cand-8045892e",
      "cand-17273829",
      "cand-e3d89e08",
      "cand-118d9dbb"
    ],
    "recentProblemKinds": [
      "local_backtest_fail",
      "local_backtest_fail",
      "mutation_generation_fail",
      "local_backtest_fail",
      "local_backtest_fail"
    ],
    "recentRepairResults": [
      {
        "repairKind": "entry_frequency_repair",
        "result": "success",
        "repairedCandidateId": "cand-17273829",
        "summary": "Requested entry_frequency_repair after local_backtest_fail."
      },
      {
        "repairKind": "entry_frequency_repair",
        "result": "success",
        "repairedCandidateId": "cand-75d19c10",
        "summary": "Requested entry_frequency_repair after local_backtest_fail."
      },
      {
        "repairKind": "entry_frequency_repair",
        "result": "success",
        "repairedCandidateId": "cand-e3d89e08",
        "summary": "Requested entry_frequency_repair after local_backtest_fail."
      },
      {
        "repairKind": "entry_frequency_repair",
        "result": "success",
        "repairedCandidateId": "cand-118d9dbb",
        "summary": "Requested entry_frequency_repair after local_backtest_fail."
      },
      {
        "repairKind": "entry_frequency_repair",
        "result": "success",
        "repairedCandidateId": "cand-e83ce936",
        "summary": "Requested entry_frequency_repair after local_backtest_fail."
      }
    ],
    "scoreFeedbackObserved": true,
    "stage6Readiness": {
      "generatedAt": "2026-04-30T05:22:53.680Z",
      "evaluated": true,
      "passed": true,
      "mode": "deterministic",
      "countRequested": 10,
      "countCompleted": 10,
      "countFailed": 0,
      "activeChampionCandidateId": "cand-a64e2088",
      "freshBootstrapPassed": true,
      "multiIterationPassed": true,
      "rootIsolationPassed": true,
      "repairTraceabilityPassed": true,
      "calibrationQueuePassed": true,
      "scoreFeedbackPassed": true,
      "feedbackClosureRequired": false,
      "calibrationMode": "queue_only",
      "ledgerValidationPassed": true,
      "indexVerificationPassed": true,
      "rootIsolationStatus": {
        "status": "passed",
        "customStateRoot": "C:\\Users\\hanji\\AppData\\Local\\Temp\\af-stage6-state-YAZZ8Y",
        "defaultWorkspaceStateRoot": "C:\\Users\\hanji\\AppData\\Local\\Temp\\af-stage6-workspace-Nnkt1H\\state\\pi-autoresearch",
        "customContextExists": true,
        "defaultWorkspaceStateHasArtifacts": false
      },
      "repairTraceabilityStatus": {
        "status": "passed",
        "successfulRepairCount": 10,
        "successfulRepairsWithoutCandidateCount": 0
      },
      "feedbackClosureStatus": {
        "status": "passed",
        "required": false,
        "promptFeedbackObserved": true,
        "scoreBreakdownFeedbackObserved": false,
        "divergenceCount": 0,
        "confidenceUpdateCount": 0
      },
      "evidence": {
        "tempWorkspaceRoot": null,
        "tempStateRoot": null,
        "localEvaluationCount": 19,
        "headEventCount": 2,
        "archiveEventCount": 11,
        "calibrationEventCount": 2,
        "mutationBriefCount": 18,
        "problemEventCount": 18,
        "repairAttemptCount": 10,
        "deadlineBreachCount": 0
      },
      "warnings": []
    },
    "lastStage6GatePassed": true,
    "rootIsolationStatus": {
      "status": "passed",
      "customStateRoot": "C:\\Users\\hanji\\AppData\\Local\\Temp\\af-stage6-state-YAZZ8Y",
      "defaultWorkspaceStateRoot": "C:\\Users\\hanji\\AppData\\Local\\Temp\\af-stage6-workspace-Nnkt1H\\state\\pi-autoresearch",
      "customContextExists": true,
      "defaultWorkspaceStateHasArtifacts": false
    },
    "repairTraceabilityStatus": {
      "status": "passed",
      "successfulRepairCount": 10,
      "successfulRepairsWithoutCandidateCount": 0
    },
    "feedbackClosureStatus": {
      "status": "passed",
      "required": false,
      "promptFeedbackObserved": true,
      "scoreBreakdownFeedbackObserved": false,
      "divergenceCount": 0,
      "confidenceUpdateCount": 0
    },
    "nextPlannedAction": "local_compatibility_repair",
    "loopMode": "local-first",
    "defaultOperationalView": "v3_autonomous_local_first",
    "projectRoot": "C:\\Users\\hanji\\Desktop\\AF",
    "workspaceRoot": "C:\\Users\\hanji\\Desktop\\AF",
    "stateRoot": "C:\\Users\\hanji\\Desktop\\AF\\state\\pi-autoresearch",
    "traceRoot": "C:\\Users\\hanji\\Desktop\\AF\\state\\pi-autoresearch\\traces",
    "artifactRoot": "C:\\Users\\hanji\\Desktop\\AF\\state\\pi-autoresearch\\artifacts",
    "evidenceRoot": "C:\\Users\\hanji\\Desktop\\AF\\state\\pi-autoresearch\\evidence",
    "runtimeRoot": "C:\\Users\\hanji\\Desktop\\AF\\state\\pi-autoresearch\\runtime",
    "tvVerificationCount": 28,
    "tvHealth": "unavailable",
    "calibrationAutoProcess": false,
    "calibrationMode": "queue_only",
    "lastTvSurfaceFailure": {
      "candidateId": "cand-c6235b65",
      "decision": "tv_surface_failure",
      "iteration": 279,
      "tvCalibrationStatus": "surface_failure",
      "recordedAt": "2026-04-29T18:46:19.526Z"
    },
    "humanOverride": false
  },
  "verification": {
    "ok": true,
    "issues": []
  },
  "tracePath": "C:\\Users\\hanji\\Desktop\\AF\\state\\pi-autoresearch\\traces\\rebuild-indexes-2026-04-30T16-47-33-910Z-trace-abc36ba2.jsonl"
}
[2026-05-01T01:47:45.6289342+09:00] iteration 4: rebuild-indexes --verify exit=0
[2026-05-01T01:47:55.6410773+09:00] iteration 5: run-autonomous-loop start
??injected env (11) from .env // tip: ??override existing { override: true }
[autonomous.loop.start] run-autonomous-loop | Starting autonomous local-first loop | 2026-04-30T16:47:55.952Z
[iteration.started] run-autonomous-loop | Starting autonomous iteration | 2026-04-30T16:47:55.953Z
[phase.started] run-autonomous-loop | Initializing autonomous workspace | 2026-04-30T16:47:55.963Z
[phase.completed] run-autonomous-loop | Initializing autonomous workspace | 2026-04-30T16:47:57.816Z
[phase.started] run-autonomous-loop | Generating autonomous mutation candidate | 2026-04-30T16:47:59.069Z
[autonomous.mutation.request] run-autonomous-loop | Sending autonomous mutation request | 2026-04-30T16:47:59.070Z
[phase.completed] run-autonomous-loop | Generating autonomous mutation candidate | 2026-04-30T16:50:01.962Z
[phase.started] run-autonomous-loop | Evaluating autonomous candidate locally | 2026-04-30T16:50:01.962Z
[autonomous.market_context_ready] run-autonomous-loop | Local-first market context is ready | 2026-04-30T16:50:01.970Z
[autonomous.local_evaluation] run-autonomous-loop | Local autonomous evaluation completed | 2026-04-30T16:50:02.017Z
[phase.completed] run-autonomous-loop | Evaluating autonomous candidate locally | 2026-04-30T16:50:02.035Z
[phase.started] run-autonomous-loop | Repairing autonomous candidate after local failure | 2026-04-30T16:50:02.036Z
[phase.completed] run-autonomous-loop | Repairing autonomous candidate after local failure | 2026-04-30T16:51:51.493Z
[phase.started] run-autonomous-loop | Evaluating repaired autonomous candidate locally | 2026-04-30T16:51:52.336Z
[autonomous.market_context_ready] run-autonomous-loop | Local-first market context is ready | 2026-04-30T16:51:52.341Z
[autonomous.local_evaluation] run-autonomous-loop | Local autonomous evaluation completed | 2026-04-30T16:51:52.376Z
[phase.completed] run-autonomous-loop | Evaluating repaired autonomous candidate locally | 2026-04-30T16:51:52.389Z
[phase.started] run-autonomous-loop | Updating autonomous archive views | 2026-04-30T16:51:52.389Z
[phase.completed] run-autonomous-loop | Updating autonomous archive views | 2026-04-30T16:51:52.392Z
[phase.started] run-autonomous-loop | Queueing candidate for TradingView calibration | 2026-04-30T16:51:52.392Z
[phase.completed] run-autonomous-loop | Queueing candidate for TradingView calibration | 2026-04-30T16:51:52.396Z
[phase.started] run-autonomous-loop | Selecting active autonomous champion | 2026-04-30T16:51:53.182Z
[phase.completed] run-autonomous-loop | Selecting active autonomous champion | 2026-04-30T16:51:53.616Z
[phase.started] run-autonomous-loop | Rebuilding derived autonomous views | 2026-04-30T16:51:53.617Z
[phase.completed] run-autonomous-loop | Rebuilding derived autonomous views | 2026-04-30T16:51:55.241Z
[iteration.completed] run-autonomous-loop | Autonomous iteration completed | 2026-04-30T16:51:55.241Z
{
  "countRequested": 1,
  "countCompleted": 1,
  "countFailed": 0,
  "results": [
    {
      "runId": "autonomous-1777567675961",
      "iteration": 562,
      "candidateId": "cand-1a318968",
      "localDecision": "local_candidate_rejected",
      "activeChampionChanged": false,
      "activeChampionCandidateId": "cand-42ed2fa4"
    }
  ],
  "deadlineBreaches": [],
  "autonomousState": {
    "generatedAt": "2026-04-30T16:51:56.663Z",
    "activeChampionCandidateId": "cand-42ed2fa4",
    "activeChampionScore": 0.7879,
    "activeChampionDecision": "local_candidate_eligible",
    "championOrigin": "autonomous",
    "researchMaturity": "steady_state",
    "selectedBy": "auto_policy",
    "selectionPolicyVersion": "autonomous-local-first/v3-p0",
    "objectivePolicyVersion": "objective.qqq-120m/v1",
    "headEventCount": 2,
    "archiveEventCount": 265,
    "calibrationEventCount": 281,
    "calibrationCandidateCount": 253,
    "divergenceCount": 27,
    "localConfidenceUpdateCount": 27,
    "problemEventCount": 150,
    "repairAttemptCount": 73,
    "localEvaluationCount": 343,
    "localEligibleCount": 203,
    "bootstrapCompatibleCount": 0,
    "bootstrapEligibleCount": 0,
    "bootstrapStatus": "not_started",
    "bootstrapSource": null,
    "bootstrapReason": null,
    "localRejectedCount": 135,
    "topBlockingReason": "low_trade_count",
    "pendingCalibrationCandidateCount": 225,
    "pendingCalibrationCandidateIds": [
      "cand-0e6a0180",
      "cand-9f33e80b",
      "cand-772d8a1e",
      "cand-f28d2e01",
      "cand-9a5dbcc7",
      "cand-b01be933",
      "cand-0a692f84",
      "cand-4f8faae3",
      "cand-35a74bba",
      "cand-c6b25611",
      "cand-ccdae17b",
      "cand-b8102dcd",
      "cand-8a1fe27b",
      "cand-ebbdd6a9",
      "cand-80dfaaa1",
      "cand-03f30a70",
      "cand-2f290563",
      "cand-e76cded5",
      "cand-710d8bc6",
      "cand-dd7e63cf",
      "cand-949bf032",
      "cand-b14595e0",
      "cand-90dc4ec3",
      "cand-f1103886",
      "cand-77224b87",
      "cand-55f47b32",
      "cand-cb18c54a",
      "cand-8a1a7cf2",
      "cand-db12aa7d",
      "cand-eb3175fc",
      "cand-ce89005b",
      "cand-b333865d",
      "cand-14f5f8ff",
      "cand-87a7fa06",
      "cand-609d9f19",
      "cand-09a0ae17",
      "cand-fbb3fb78",
      "cand-7bff0c1a",
      "cand-6e976c42",
      "cand-eaf67b92",
      "cand-ea5075a8",
      "cand-c0d6f969",
      "cand-946579c0",
      "cand-1638111b",
      "cand-840b49c0",
      "cand-a1b63e8c",
      "cand-d3fa966c",
      "cand-af6ef21e",
      "cand-c5832df6",
      "cand-57321a8c",
      "cand-3004b0f8",
      "cand-00644032",
      "cand-6272ab0f",
      "cand-7b341ad0",
      "cand-5c90b0de",
      "cand-350b7e7b",
      "cand-05218055",
      "cand-6ebbd52a",
      "cand-9edd626e",
      "cand-5d685d8a",
      "cand-addb3d5a",
      "cand-1a03e904",
      "cand-935b6a7d",
      "cand-11e460d8",
      "cand-58484f09",
      "cand-c3549cdc",
      "cand-e000c048",
      "cand-5927e5ca",
      "cand-7ae4d6eb",
      "cand-bd3c959f",
      "cand-ad98c7fd",
      "cand-a3456179",
      "cand-fa19c7db",
      "cand-8211114e",
      "cand-737e8acc",
      "cand-9ae5abb8",
      "cand-f68c494c",
      "cand-0cb06744",
      "cand-c4540c5e",
      "cand-887ba798",
      "cand-334ff9ed",
      "cand-1e7bb092",
      "cand-940106ac",
      "cand-b1575fba",
      "cand-1c1cb560",
      "cand-2ba5ca56",
      "cand-4e158d7d",
      "cand-ee1867a5",
      "cand-ccf655ee",
      "cand-2f2f67f1",
      "cand-dd0d4883",
      "cand-9e390b78",
      "cand-2b509e63",
      "cand-a42bb737",
      "cand-ba65a405",
      "cand-95b5fcb4",
      "cand-c1decc14",
      "cand-fad40100",
      "cand-3d99c3c3",
      "cand-ed6ed300",
      "cand-36473405",
      "cand-32556840",
      "cand-056beb3f",
      "cand-fef34f1d",
      "cand-4e58abee",
      "cand-6c095f1d",
      "cand-72fdbd0a",
      "cand-1a73f98c",
      "cand-60e5fb9a",
      "cand-fbd6e1cd",
      "cand-6fa9e64c",
      "cand-b3ce6dfd",
      "cand-d7b18242",
      "cand-cddf1147",
      "cand-a2b17756",
      "cand-4106d658",
      "cand-bf2319b1",
      "cand-1be3a1ed",
      "cand-ec8276d1",
      "cand-66da2fad",
      "cand-10487d69",
      "cand-a0b082a6",
      "cand-e1c37158",
      "cand-3924bc09",
      "cand-c5a37a36",
      "cand-9f921b3b",
      "cand-976660f2",
      "cand-1fd659d1",
      "cand-1ebe3284",
      "cand-a05583cb",
      "cand-68e1f6c0",
      "cand-939bafa7",
      "cand-5dfb966e",
      "cand-ec9d7a77",
      "cand-c9bd8a69",
      "cand-cad467d1",
      "cand-30ca4ecf",
      "cand-274a3d78",
      "cand-8f6a1544",
      "cand-be21675f",
      "cand-17c07e8f",
      "cand-60166f81",
      "cand-8f82de94",
      "cand-42460886",
      "cand-9295e93d",
      "cand-5a54f71c",
      "cand-a12eacdf",
      "cand-5b236726",
      "cand-dbfe05b6",
      "cand-eb4f9103",
      "cand-294a8337",
      "cand-54d331f7",
      "cand-303f93be",
      "cand-64ceccd8",
      "cand-82301049",
      "cand-cb926322",
      "cand-9740ccd3",
      "cand-45f69d7a",
      "cand-8195e18c",
      "cand-9ad02865",
      "cand-b0561318",
      "cand-77645d5d",
      "cand-3913b48a",
      "cand-d8c529f0",
      "cand-3e0617a5",
      "cand-796b47d8",
      "cand-da5bc8a6",
      "cand-6385aa99",
      "cand-ce0fb6b8",
      "cand-f53efe87",
      "cand-541078ba",
      "cand-102cde43",
      "cand-99a518c8",
      "cand-45eae1ed",
      "cand-5fa9bbca",
      "cand-58a6bc67",
      "cand-e2e95d0b",
      "cand-e7d44996",
      "cand-4fd1f661",
      "cand-f8a32482",
      "cand-65221fbc",
      "cand-0dcbc429",
      "cand-7237f414",
      "cand-13ab4eb7",
      "cand-03a62626",
      "cand-74403bc5",
      "cand-08afa655",
      "cand-8fc0ffa2",
      "cand-6b8a91fa",
      "cand-6b160ae4",
      "cand-e4ab8440",
      "cand-292c094d",
      "cand-bf066e31",
      "cand-bf45bffc",
      "cand-33777180",
      "cand-67548c32",
      "cand-af1ed124",
      "cand-fd3f325b",
      "cand-e8320fab",
      "cand-51877b36",
      "cand-f80d7394",
      "cand-d2b04e0c",
      "cand-d865401d",
      "cand-c2337d4e",
      "cand-bd0f8191",
      "cand-2e68882f",
      "cand-94bc57ed",
      "cand-93a15ca5",
      "cand-197cf126",
      "cand-4e21422c",
      "cand-cc3ed2d8",
      "cand-ad84fefa",
      "cand-e3e4e13a",
      "cand-6d2901b8",
      "cand-c7985187",
      "cand-a3fa7fcf",
      "cand-2181b4f2",
      "cand-e803ef34",
      "cand-cc7eb308",
      "cand-8c710851",
      "cand-8045892e",
      "cand-17273829",
      "cand-e3d89e08",
      "cand-118d9dbb",
      "cand-1a318968"
    ],
    "recentProblemKinds": [
      "mutation_generation_fail",
      "local_backtest_fail",
      "local_backtest_fail",
      "local_backtest_fail",
      "local_backtest_fail"
    ],
    "recentRepairResults": [
      {
        "repairKind": "entry_frequency_repair",
        "result": "success",
        "repairedCandidateId": "cand-75d19c10",
        "summary": "Requested entry_frequency_repair after local_backtest_fail."
      },
      {
        "repairKind": "entry_frequency_repair",
        "result": "success",
        "repairedCandidateId": "cand-e3d89e08",
        "summary": "Requested entry_frequency_repair after local_backtest_fail."
      },
      {
        "repairKind": "entry_frequency_repair",
        "result": "success",
        "repairedCandidateId": "cand-118d9dbb",
        "summary": "Requested entry_frequency_repair after local_backtest_fail."
      },
      {
        "repairKind": "entry_frequency_repair",
        "result": "success",
        "repairedCandidateId": "cand-e83ce936",
        "summary": "Requested entry_frequency_repair after local_backtest_fail."
      },
      {
        "repairKind": "entry_frequency_repair",
        "result": "success",
        "repairedCandidateId": "cand-1a318968",
        "summary": "Requested entry_frequency_repair after local_backtest_fail."
      }
    ],
    "scoreFeedbackObserved": true,
    "stage6Readiness": {
      "generatedAt": "2026-04-30T05:22:53.680Z",
      "evaluated": true,
      "passed": true,
      "mode": "deterministic",
      "countRequested": 10,
      "countCompleted": 10,
      "countFailed": 0,
      "activeChampionCandidateId": "cand-a64e2088",
      "freshBootstrapPassed": true,
      "multiIterationPassed": true,
      "rootIsolationPassed": true,
      "repairTraceabilityPassed": true,
      "calibrationQueuePassed": true,
      "scoreFeedbackPassed": true,
      "feedbackClosureRequired": false,
      "calibrationMode": "queue_only",
      "ledgerValidationPassed": true,
      "indexVerificationPassed": true,
      "rootIsolationStatus": {
        "status": "passed",
        "customStateRoot": "C:\\Users\\hanji\\AppData\\Local\\Temp\\af-stage6-state-YAZZ8Y",
        "defaultWorkspaceStateRoot": "C:\\Users\\hanji\\AppData\\Local\\Temp\\af-stage6-workspace-Nnkt1H\\state\\pi-autoresearch",
        "customContextExists": true,
        "defaultWorkspaceStateHasArtifacts": false
      },
      "repairTraceabilityStatus": {
        "status": "passed",
        "successfulRepairCount": 10,
        "successfulRepairsWithoutCandidateCount": 0
      },
      "feedbackClosureStatus": {
        "status": "passed",
        "required": false,
        "promptFeedbackObserved": true,
        "scoreBreakdownFeedbackObserved": false,
        "divergenceCount": 0,
        "confidenceUpdateCount": 0
      },
      "evidence": {
        "tempWorkspaceRoot": null,
        "tempStateRoot": null,
        "localEvaluationCount": 19,
        "headEventCount": 2,
        "archiveEventCount": 11,
        "calibrationEventCount": 2,
        "mutationBriefCount": 18,
        "problemEventCount": 18,
        "repairAttemptCount": 10,
        "deadlineBreachCount": 0
      },
      "warnings": []
    },
    "lastStage6GatePassed": true,
    "rootIsolationStatus": {
      "status": "passed",
      "customStateRoot": "C:\\Users\\hanji\\AppData\\Local\\Temp\\af-stage6-state-YAZZ8Y",
      "defaultWorkspaceStateRoot": "C:\\Users\\hanji\\AppData\\Local\\Temp\\af-stage6-workspace-Nnkt1H\\state\\pi-autoresearch",
      "customContextExists": true,
      "defaultWorkspaceStateHasArtifacts": false
    },
    "repairTraceabilityStatus": {
      "status": "passed",
      "successfulRepairCount": 10,
      "successfulRepairsWithoutCandidateCount": 0
    },
    "feedbackClosureStatus": {
      "status": "passed",
      "required": false,
      "promptFeedbackObserved": true,
      "scoreBreakdownFeedbackObserved": false,
      "divergenceCount": 0,
      "confidenceUpdateCount": 0
    },
    "nextPlannedAction": "local_compatibility_repair",
    "loopMode": "local-first",
    "defaultOperationalView": "v3_autonomous_local_first",
    "projectRoot": "C:\\Users\\hanji\\Desktop\\AF",
    "workspaceRoot": "C:\\Users\\hanji\\Desktop\\AF",
    "stateRoot": "C:\\Users\\hanji\\Desktop\\AF\\state\\pi-autoresearch",
    "traceRoot": "C:\\Users\\hanji\\Desktop\\AF\\state\\pi-autoresearch\\traces",
    "artifactRoot": "C:\\Users\\hanji\\Desktop\\AF\\state\\pi-autoresearch\\artifacts",
    "evidenceRoot": "C:\\Users\\hanji\\Desktop\\AF\\state\\pi-autoresearch\\evidence",
    "runtimeRoot": "C:\\Users\\hanji\\Desktop\\AF\\state\\pi-autoresearch\\runtime",
    "tvVerificationCount": 28,
    "tvHealth": "unavailable",
    "calibrationAutoProcess": false,
    "calibrationMode": "queue_only",
    "lastTvSurfaceFailure": {
      "candidateId": "cand-c6235b65",
      "decision": "tv_surface_failure",
      "iteration": 279,
      "tvCalibrationStatus": "surface_failure",
      "recordedAt": "2026-04-29T18:46:19.526Z"
    },
    "humanOverride": false
  },
  "tracePath": "C:\\Users\\hanji\\Desktop\\AF\\state\\pi-autoresearch\\traces\\run-autonomous-loop-2026-04-30T16-47-55-951Z-trace-d27e5592.jsonl"
}
[2026-05-01T01:51:57.2242598+09:00] iteration 5: run-autonomous-loop exit=0
[2026-05-01T01:51:57.2242598+09:00] iteration 5: validate-ledger start
??injected env (11) from .env // tip: ??suppress logs { quiet: true }
[ledger.validation] validate-ledger | Ledger validation completed | 2026-04-30T16:52:00.091Z
{
  "ok": true,
  "errorCount": 0,
  "warningCount": 6,
  "issues": [
    {
      "severity": "warning",
      "scope": "experiment-record-meta",
      "recordId": "cand-f918d6d8",
      "message": "recordHash does not match the serialized experiment record."
    },
    {
      "severity": "warning",
      "scope": "experiment-record-meta",
      "recordId": "cand-3f99a396",
      "message": "recordHash does not match the serialized experiment record."
    },
    {
      "severity": "warning",
      "scope": "experiment-record-meta",
      "recordId": "cand-93a71a19",
      "message": "recordHash does not match the serialized experiment record."
    },
    {
      "severity": "warning",
      "scope": "experiment-record-meta",
      "recordId": "cand-560e2d3b",
      "message": "recordHash does not match the serialized experiment record."
    },
    {
      "severity": "warning",
      "scope": "experiment-record-meta",
      "recordId": "cand-24b4021d",
      "message": "recordHash does not match the serialized experiment record."
    },
    {
      "severity": "warning",
      "scope": "candidate-dedup",
      "recordId": "bfee8f4eb7eabba2047b8b2270beef764a3942811cda8134d75c15c171c0c26a",
      "message": "Duplicate candidate source hash detected across ids: cand-2a5e6ffe, cand-51397d04, cand-9cbc4c5f, cand-a93778fa, cand-bbb67c15, cand-fdc1ae65"
    }
  ],
  "summary": {
    "experiments": 563,
    "candidates": 513,
    "taskBatches": 131
  },
  "stateRoot": "C:\\Users\\hanji\\Desktop\\AF\\state\\pi-autoresearch",
  "tracePath": "C:\\Users\\hanji\\Desktop\\AF\\state\\pi-autoresearch\\traces\\validate-ledger-2026-04-30T16-51-57-461Z-trace-71c2b473.jsonl"
}
[2026-05-01T01:52:00.2599705+09:00] iteration 5: validate-ledger exit=0
[2026-05-01T01:52:00.2619766+09:00] iteration 5: rebuild-indexes --verify start
??injected env (11) from .env // tip: ??multiple files { path: ['.env.local', '.env'] }
[?몃뜳???ъ깮???쒖옉] ?몃뜳???ъ깮??| ?뚯깮 ?몃뜳?ㅻ? ?ъ깮?깊빀?덈떎. state: C:\Users\hanji\Desktop\AF\state\pi-autoresearch | 2026-04-30T16:52:02.067Z
[?몃뜳???ъ깮???꾨즺] ?몃뜳???ъ깮??| ?뚯깮 ?몃뜳???ъ깮?깆쓣 留덉낀?듬땲?? state: C:\Users\hanji\Desktop\AF\state\pi-autoresearch | 2026-04-30T16:52:10.149Z
{
  "rebuilt": true,
  "stateRoot": "C:\\Users\\hanji\\Desktop\\AF\\state\\pi-autoresearch",
  "autonomousState": {
    "generatedAt": "2026-04-30T16:52:04.789Z",
    "activeChampionCandidateId": "cand-42ed2fa4",
    "activeChampionScore": 0.7879,
    "activeChampionDecision": "local_candidate_eligible",
    "championOrigin": "autonomous",
    "researchMaturity": "steady_state",
    "selectedBy": "auto_policy",
    "selectionPolicyVersion": "autonomous-local-first/v3-p0",
    "objectivePolicyVersion": "objective.qqq-120m/v1",
    "headEventCount": 2,
    "archiveEventCount": 265,
    "calibrationEventCount": 281,
    "calibrationCandidateCount": 253,
    "divergenceCount": 27,
    "localConfidenceUpdateCount": 27,
    "problemEventCount": 150,
    "repairAttemptCount": 73,
    "localEvaluationCount": 343,
    "localEligibleCount": 203,
    "bootstrapCompatibleCount": 0,
    "bootstrapEligibleCount": 0,
    "bootstrapStatus": "not_started",
    "bootstrapSource": null,
    "bootstrapReason": null,
    "localRejectedCount": 135,
    "topBlockingReason": "low_trade_count",
    "pendingCalibrationCandidateCount": 225,
    "pendingCalibrationCandidateIds": [
      "cand-0e6a0180",
      "cand-9f33e80b",
      "cand-772d8a1e",
      "cand-f28d2e01",
      "cand-9a5dbcc7",
      "cand-b01be933",
      "cand-0a692f84",
      "cand-4f8faae3",
      "cand-35a74bba",
      "cand-c6b25611",
      "cand-ccdae17b",
      "cand-b8102dcd",
      "cand-8a1fe27b",
      "cand-ebbdd6a9",
      "cand-80dfaaa1",
      "cand-03f30a70",
      "cand-2f290563",
      "cand-e76cded5",
      "cand-710d8bc6",
      "cand-dd7e63cf",
      "cand-949bf032",
      "cand-b14595e0",
      "cand-90dc4ec3",
      "cand-f1103886",
      "cand-77224b87",
      "cand-55f47b32",
      "cand-cb18c54a",
      "cand-8a1a7cf2",
      "cand-db12aa7d",
      "cand-eb3175fc",
      "cand-ce89005b",
      "cand-b333865d",
      "cand-14f5f8ff",
      "cand-87a7fa06",
      "cand-609d9f19",
      "cand-09a0ae17",
      "cand-fbb3fb78",
      "cand-7bff0c1a",
      "cand-6e976c42",
      "cand-eaf67b92",
      "cand-ea5075a8",
      "cand-c0d6f969",
      "cand-946579c0",
      "cand-1638111b",
      "cand-840b49c0",
      "cand-a1b63e8c",
      "cand-d3fa966c",
      "cand-af6ef21e",
      "cand-c5832df6",
      "cand-57321a8c",
      "cand-3004b0f8",
      "cand-00644032",
      "cand-6272ab0f",
      "cand-7b341ad0",
      "cand-5c90b0de",
      "cand-350b7e7b",
      "cand-05218055",
      "cand-6ebbd52a",
      "cand-9edd626e",
      "cand-5d685d8a",
      "cand-addb3d5a",
      "cand-1a03e904",
      "cand-935b6a7d",
      "cand-11e460d8",
      "cand-58484f09",
      "cand-c3549cdc",
      "cand-e000c048",
      "cand-5927e5ca",
      "cand-7ae4d6eb",
      "cand-bd3c959f",
      "cand-ad98c7fd",
      "cand-a3456179",
      "cand-fa19c7db",
      "cand-8211114e",
      "cand-737e8acc",
      "cand-9ae5abb8",
      "cand-f68c494c",
      "cand-0cb06744",
      "cand-c4540c5e",
      "cand-887ba798",
      "cand-334ff9ed",
      "cand-1e7bb092",
      "cand-940106ac",
      "cand-b1575fba",
      "cand-1c1cb560",
      "cand-2ba5ca56",
      "cand-4e158d7d",
      "cand-ee1867a5",
      "cand-ccf655ee",
      "cand-2f2f67f1",
      "cand-dd0d4883",
      "cand-9e390b78",
      "cand-2b509e63",
      "cand-a42bb737",
      "cand-ba65a405",
      "cand-95b5fcb4",
      "cand-c1decc14",
      "cand-fad40100",
      "cand-3d99c3c3",
      "cand-ed6ed300",
      "cand-36473405",
      "cand-32556840",
      "cand-056beb3f",
      "cand-fef34f1d",
      "cand-4e58abee",
      "cand-6c095f1d",
      "cand-72fdbd0a",
      "cand-1a73f98c",
      "cand-60e5fb9a",
      "cand-fbd6e1cd",
      "cand-6fa9e64c",
      "cand-b3ce6dfd",
      "cand-d7b18242",
      "cand-cddf1147",
      "cand-a2b17756",
      "cand-4106d658",
      "cand-bf2319b1",
      "cand-1be3a1ed",
      "cand-ec8276d1",
      "cand-66da2fad",
      "cand-10487d69",
      "cand-a0b082a6",
      "cand-e1c37158",
      "cand-3924bc09",
      "cand-c5a37a36",
      "cand-9f921b3b",
      "cand-976660f2",
      "cand-1fd659d1",
      "cand-1ebe3284",
      "cand-a05583cb",
      "cand-68e1f6c0",
      "cand-939bafa7",
      "cand-5dfb966e",
      "cand-ec9d7a77",
      "cand-c9bd8a69",
      "cand-cad467d1",
      "cand-30ca4ecf",
      "cand-274a3d78",
      "cand-8f6a1544",
      "cand-be21675f",
      "cand-17c07e8f",
      "cand-60166f81",
      "cand-8f82de94",
      "cand-42460886",
      "cand-9295e93d",
      "cand-5a54f71c",
      "cand-a12eacdf",
      "cand-5b236726",
      "cand-dbfe05b6",
      "cand-eb4f9103",
      "cand-294a8337",
      "cand-54d331f7",
      "cand-303f93be",
      "cand-64ceccd8",
      "cand-82301049",
      "cand-cb926322",
      "cand-9740ccd3",
      "cand-45f69d7a",
      "cand-8195e18c",
      "cand-9ad02865",
      "cand-b0561318",
      "cand-77645d5d",
      "cand-3913b48a",
      "cand-d8c529f0",
      "cand-3e0617a5",
      "cand-796b47d8",
      "cand-da5bc8a6",
      "cand-6385aa99",
      "cand-ce0fb6b8",
      "cand-f53efe87",
      "cand-541078ba",
      "cand-102cde43",
      "cand-99a518c8",
      "cand-45eae1ed",
      "cand-5fa9bbca",
      "cand-58a6bc67",
      "cand-e2e95d0b",
      "cand-e7d44996",
      "cand-4fd1f661",
      "cand-f8a32482",
      "cand-65221fbc",
      "cand-0dcbc429",
      "cand-7237f414",
      "cand-13ab4eb7",
      "cand-03a62626",
      "cand-74403bc5",
      "cand-08afa655",
      "cand-8fc0ffa2",
      "cand-6b8a91fa",
      "cand-6b160ae4",
      "cand-e4ab8440",
      "cand-292c094d",
      "cand-bf066e31",
      "cand-bf45bffc",
      "cand-33777180",
      "cand-67548c32",
      "cand-af1ed124",
      "cand-fd3f325b",
      "cand-e8320fab",
      "cand-51877b36",
      "cand-f80d7394",
      "cand-d2b04e0c",
      "cand-d865401d",
      "cand-c2337d4e",
      "cand-bd0f8191",
      "cand-2e68882f",
      "cand-94bc57ed",
      "cand-93a15ca5",
      "cand-197cf126",
      "cand-4e21422c",
      "cand-cc3ed2d8",
      "cand-ad84fefa",
      "cand-e3e4e13a",
      "cand-6d2901b8",
      "cand-c7985187",
      "cand-a3fa7fcf",
      "cand-2181b4f2",
      "cand-e803ef34",
      "cand-cc7eb308",
      "cand-8c710851",
      "cand-8045892e",
      "cand-17273829",
      "cand-e3d89e08",
      "cand-118d9dbb",
      "cand-1a318968"
    ],
    "recentProblemKinds": [
      "mutation_generation_fail",
      "local_backtest_fail",
      "local_backtest_fail",
      "local_backtest_fail",
      "local_backtest_fail"
    ],
    "recentRepairResults": [
      {
        "repairKind": "entry_frequency_repair",
        "result": "success",
        "repairedCandidateId": "cand-75d19c10",
        "summary": "Requested entry_frequency_repair after local_backtest_fail."
      },
      {
        "repairKind": "entry_frequency_repair",
        "result": "success",
        "repairedCandidateId": "cand-e3d89e08",
        "summary": "Requested entry_frequency_repair after local_backtest_fail."
      },
      {
        "repairKind": "entry_frequency_repair",
        "result": "success",
        "repairedCandidateId": "cand-118d9dbb",
        "summary": "Requested entry_frequency_repair after local_backtest_fail."
      },
      {
        "repairKind": "entry_frequency_repair",
        "result": "success",
        "repairedCandidateId": "cand-e83ce936",
        "summary": "Requested entry_frequency_repair after local_backtest_fail."
      },
      {
        "repairKind": "entry_frequency_repair",
        "result": "success",
        "repairedCandidateId": "cand-1a318968",
        "summary": "Requested entry_frequency_repair after local_backtest_fail."
      }
    ],
    "scoreFeedbackObserved": true,
    "stage6Readiness": {
      "generatedAt": "2026-04-30T05:22:53.680Z",
      "evaluated": true,
      "passed": true,
      "mode": "deterministic",
      "countRequested": 10,
      "countCompleted": 10,
      "countFailed": 0,
      "activeChampionCandidateId": "cand-a64e2088",
      "freshBootstrapPassed": true,
      "multiIterationPassed": true,
      "rootIsolationPassed": true,
      "repairTraceabilityPassed": true,
      "calibrationQueuePassed": true,
      "scoreFeedbackPassed": true,
      "feedbackClosureRequired": false,
      "calibrationMode": "queue_only",
      "ledgerValidationPassed": true,
      "indexVerificationPassed": true,
      "rootIsolationStatus": {
        "status": "passed",
        "customStateRoot": "C:\\Users\\hanji\\AppData\\Local\\Temp\\af-stage6-state-YAZZ8Y",
        "defaultWorkspaceStateRoot": "C:\\Users\\hanji\\AppData\\Local\\Temp\\af-stage6-workspace-Nnkt1H\\state\\pi-autoresearch",
        "customContextExists": true,
        "defaultWorkspaceStateHasArtifacts": false
      },
      "repairTraceabilityStatus": {
        "status": "passed",
        "successfulRepairCount": 10,
        "successfulRepairsWithoutCandidateCount": 0
      },
      "feedbackClosureStatus": {
        "status": "passed",
        "required": false,
        "promptFeedbackObserved": true,
        "scoreBreakdownFeedbackObserved": false,
        "divergenceCount": 0,
        "confidenceUpdateCount": 0
      },
      "evidence": {
        "tempWorkspaceRoot": null,
        "tempStateRoot": null,
        "localEvaluationCount": 19,
        "headEventCount": 2,
        "archiveEventCount": 11,
        "calibrationEventCount": 2,
        "mutationBriefCount": 18,
        "problemEventCount": 18,
        "repairAttemptCount": 10,
        "deadlineBreachCount": 0
      },
      "warnings": []
    },
    "lastStage6GatePassed": true,
    "rootIsolationStatus": {
      "status": "passed",
      "customStateRoot": "C:\\Users\\hanji\\AppData\\Local\\Temp\\af-stage6-state-YAZZ8Y",
      "defaultWorkspaceStateRoot": "C:\\Users\\hanji\\AppData\\Local\\Temp\\af-stage6-workspace-Nnkt1H\\state\\pi-autoresearch",
      "customContextExists": true,
      "defaultWorkspaceStateHasArtifacts": false
    },
    "repairTraceabilityStatus": {
      "status": "passed",
      "successfulRepairCount": 10,
      "successfulRepairsWithoutCandidateCount": 0
    },
    "feedbackClosureStatus": {
      "status": "passed",
      "required": false,
      "promptFeedbackObserved": true,
      "scoreBreakdownFeedbackObserved": false,
      "divergenceCount": 0,
      "confidenceUpdateCount": 0
    },
    "nextPlannedAction": "local_compatibility_repair",
    "loopMode": "local-first",
    "defaultOperationalView": "v3_autonomous_local_first",
    "projectRoot": "C:\\Users\\hanji\\Desktop\\AF",
    "workspaceRoot": "C:\\Users\\hanji\\Desktop\\AF",
    "stateRoot": "C:\\Users\\hanji\\Desktop\\AF\\state\\pi-autoresearch",
    "traceRoot": "C:\\Users\\hanji\\Desktop\\AF\\state\\pi-autoresearch\\traces",
    "artifactRoot": "C:\\Users\\hanji\\Desktop\\AF\\state\\pi-autoresearch\\artifacts",
    "evidenceRoot": "C:\\Users\\hanji\\Desktop\\AF\\state\\pi-autoresearch\\evidence",
    "runtimeRoot": "C:\\Users\\hanji\\Desktop\\AF\\state\\pi-autoresearch\\runtime",
    "tvVerificationCount": 28,
    "tvHealth": "unavailable",
    "calibrationAutoProcess": false,
    "calibrationMode": "queue_only",
    "lastTvSurfaceFailure": {
      "candidateId": "cand-c6235b65",
      "decision": "tv_surface_failure",
      "iteration": 279,
      "tvCalibrationStatus": "surface_failure",
      "recordedAt": "2026-04-29T18:46:19.526Z"
    },
    "humanOverride": false
  },
  "verification": {
    "ok": true,
    "issues": []
  },
  "tracePath": "C:\\Users\\hanji\\Desktop\\AF\\state\\pi-autoresearch\\traces\\rebuild-indexes-2026-04-30T16-52-00-493Z-trace-8fbeb4ec.jsonl"
}
[2026-05-01T01:52:10.3319339+09:00] iteration 5: rebuild-indexes --verify exit=0
[2026-05-01T01:52:20.3399643+09:00] iteration 6: run-autonomous-loop start
??injected env (11) from .env // tip: ??encrypted .env [www.dotenvx.com]
[autonomous.loop.start] run-autonomous-loop | Starting autonomous local-first loop | 2026-04-30T16:52:20.592Z
[iteration.started] run-autonomous-loop | Starting autonomous iteration | 2026-04-30T16:52:20.594Z
[phase.started] run-autonomous-loop | Initializing autonomous workspace | 2026-04-30T16:52:20.604Z
[phase.completed] run-autonomous-loop | Initializing autonomous workspace | 2026-04-30T16:52:22.146Z
[phase.started] run-autonomous-loop | Generating autonomous mutation candidate | 2026-04-30T16:52:23.201Z
[autonomous.mutation.request] run-autonomous-loop | Sending autonomous mutation request | 2026-04-30T16:52:23.203Z
[phase.completed] run-autonomous-loop | Generating autonomous mutation candidate | 2026-04-30T16:54:27.432Z
[phase.started] run-autonomous-loop | Evaluating autonomous candidate locally | 2026-04-30T16:54:27.432Z
[autonomous.market_context_ready] run-autonomous-loop | Local-first market context is ready | 2026-04-30T16:54:27.440Z
[autonomous.local_evaluation] run-autonomous-loop | Local autonomous evaluation completed | 2026-04-30T16:54:27.493Z
[phase.completed] run-autonomous-loop | Evaluating autonomous candidate locally | 2026-04-30T16:54:27.511Z
[phase.started] run-autonomous-loop | Repairing autonomous candidate after local failure | 2026-04-30T16:54:27.511Z
[phase.completed] run-autonomous-loop | Repairing autonomous candidate after local failure | 2026-04-30T16:56:20.202Z
[phase.started] run-autonomous-loop | Evaluating repaired autonomous candidate locally | 2026-04-30T16:56:21.115Z
[autonomous.market_context_ready] run-autonomous-loop | Local-first market context is ready | 2026-04-30T16:56:21.121Z
[autonomous.local_evaluation] run-autonomous-loop | Local autonomous evaluation completed | 2026-04-30T16:56:21.163Z
[phase.completed] run-autonomous-loop | Evaluating repaired autonomous candidate locally | 2026-04-30T16:56:21.177Z
[phase.started] run-autonomous-loop | Updating autonomous archive views | 2026-04-30T16:56:21.178Z
[phase.completed] run-autonomous-loop | Updating autonomous archive views | 2026-04-30T16:56:21.181Z
[phase.started] run-autonomous-loop | Queueing candidate for TradingView calibration | 2026-04-30T16:56:21.181Z
[phase.completed] run-autonomous-loop | Queueing candidate for TradingView calibration | 2026-04-30T16:56:21.185Z
[phase.started] run-autonomous-loop | Selecting active autonomous champion | 2026-04-30T16:56:22.042Z
[phase.completed] run-autonomous-loop | Selecting active autonomous champion | 2026-04-30T16:56:22.535Z
[phase.started] run-autonomous-loop | Rebuilding derived autonomous views | 2026-04-30T16:56:22.539Z
[phase.completed] run-autonomous-loop | Rebuilding derived autonomous views | 2026-04-30T16:56:24.264Z
[iteration.completed] run-autonomous-loop | Autonomous iteration completed | 2026-04-30T16:56:24.265Z
{
  "countRequested": 1,
  "countCompleted": 1,
  "countFailed": 0,
  "results": [
    {
      "runId": "autonomous-1777567940603",
      "iteration": 564,
      "candidateId": "cand-5665b571",
      "localDecision": "local_candidate_rejected",
      "activeChampionChanged": false,
      "activeChampionCandidateId": "cand-42ed2fa4"
    }
  ],
  "deadlineBreaches": [],
  "autonomousState": {
    "generatedAt": "2026-04-30T16:56:25.753Z",
    "activeChampionCandidateId": "cand-42ed2fa4",
    "activeChampionScore": 0.7879,
    "activeChampionDecision": "local_candidate_eligible",
    "championOrigin": "autonomous",
    "researchMaturity": "steady_state",
    "selectedBy": "auto_policy",
    "selectionPolicyVersion": "autonomous-local-first/v3-p0",
    "objectivePolicyVersion": "objective.qqq-120m/v1",
    "headEventCount": 2,
    "archiveEventCount": 266,
    "calibrationEventCount": 282,
    "calibrationCandidateCount": 254,
    "divergenceCount": 27,
    "localConfidenceUpdateCount": 27,
    "problemEventCount": 152,
    "repairAttemptCount": 74,
    "localEvaluationCount": 345,
    "localEligibleCount": 203,
    "bootstrapCompatibleCount": 0,
    "bootstrapEligibleCount": 0,
    "bootstrapStatus": "not_started",
    "bootstrapSource": null,
    "bootstrapReason": null,
    "localRejectedCount": 137,
    "topBlockingReason": "low_trade_count",
    "pendingCalibrationCandidateCount": 226,
    "pendingCalibrationCandidateIds": [
      "cand-0e6a0180",
      "cand-9f33e80b",
      "cand-772d8a1e",
      "cand-f28d2e01",
      "cand-9a5dbcc7",
      "cand-b01be933",
      "cand-0a692f84",
      "cand-4f8faae3",
      "cand-35a74bba",
      "cand-c6b25611",
      "cand-ccdae17b",
      "cand-b8102dcd",
      "cand-8a1fe27b",
      "cand-ebbdd6a9",
      "cand-80dfaaa1",
      "cand-03f30a70",
      "cand-2f290563",
      "cand-e76cded5",
      "cand-710d8bc6",
      "cand-dd7e63cf",
      "cand-949bf032",
      "cand-b14595e0",
      "cand-90dc4ec3",
      "cand-f1103886",
      "cand-77224b87",
      "cand-55f47b32",
      "cand-cb18c54a",
      "cand-8a1a7cf2",
      "cand-db12aa7d",
      "cand-eb3175fc",
      "cand-ce89005b",
      "cand-b333865d",
      "cand-14f5f8ff",
      "cand-87a7fa06",
      "cand-609d9f19",
      "cand-09a0ae17",
      "cand-fbb3fb78",
      "cand-7bff0c1a",
      "cand-6e976c42",
      "cand-eaf67b92",
      "cand-ea5075a8",
      "cand-c0d6f969",
      "cand-946579c0",
      "cand-1638111b",
      "cand-840b49c0",
      "cand-a1b63e8c",
      "cand-d3fa966c",
      "cand-af6ef21e",
      "cand-c5832df6",
      "cand-57321a8c",
      "cand-3004b0f8",
      "cand-00644032",
      "cand-6272ab0f",
      "cand-7b341ad0",
      "cand-5c90b0de",
      "cand-350b7e7b",
      "cand-05218055",
      "cand-6ebbd52a",
      "cand-9edd626e",
      "cand-5d685d8a",
      "cand-addb3d5a",
      "cand-1a03e904",
      "cand-935b6a7d",
      "cand-11e460d8",
      "cand-58484f09",
      "cand-c3549cdc",
      "cand-e000c048",
      "cand-5927e5ca",
      "cand-7ae4d6eb",
      "cand-bd3c959f",
      "cand-ad98c7fd",
      "cand-a3456179",
      "cand-fa19c7db",
      "cand-8211114e",
      "cand-737e8acc",
      "cand-9ae5abb8",
      "cand-f68c494c",
      "cand-0cb06744",
      "cand-c4540c5e",
      "cand-887ba798",
      "cand-334ff9ed",
      "cand-1e7bb092",
      "cand-940106ac",
      "cand-b1575fba",
      "cand-1c1cb560",
      "cand-2ba5ca56",
      "cand-4e158d7d",
      "cand-ee1867a5",
      "cand-ccf655ee",
      "cand-2f2f67f1",
      "cand-dd0d4883",
      "cand-9e390b78",
      "cand-2b509e63",
      "cand-a42bb737",
      "cand-ba65a405",
      "cand-95b5fcb4",
      "cand-c1decc14",
      "cand-fad40100",
      "cand-3d99c3c3",
      "cand-ed6ed300",
      "cand-36473405",
      "cand-32556840",
      "cand-056beb3f",
      "cand-fef34f1d",
      "cand-4e58abee",
      "cand-6c095f1d",
      "cand-72fdbd0a",
      "cand-1a73f98c",
      "cand-60e5fb9a",
      "cand-fbd6e1cd",
      "cand-6fa9e64c",
      "cand-b3ce6dfd",
      "cand-d7b18242",
      "cand-cddf1147",
      "cand-a2b17756",
      "cand-4106d658",
      "cand-bf2319b1",
      "cand-1be3a1ed",
      "cand-ec8276d1",
      "cand-66da2fad",
      "cand-10487d69",
      "cand-a0b082a6",
      "cand-e1c37158",
      "cand-3924bc09",
      "cand-c5a37a36",
      "cand-9f921b3b",
      "cand-976660f2",
      "cand-1fd659d1",
      "cand-1ebe3284",
      "cand-a05583cb",
      "cand-68e1f6c0",
      "cand-939bafa7",
      "cand-5dfb966e",
      "cand-ec9d7a77",
      "cand-c9bd8a69",
      "cand-cad467d1",
      "cand-30ca4ecf",
      "cand-274a3d78",
      "cand-8f6a1544",
      "cand-be21675f",
      "cand-17c07e8f",
      "cand-60166f81",
      "cand-8f82de94",
      "cand-42460886",
      "cand-9295e93d",
      "cand-5a54f71c",
      "cand-a12eacdf",
      "cand-5b236726",
      "cand-dbfe05b6",
      "cand-eb4f9103",
      "cand-294a8337",
      "cand-54d331f7",
      "cand-303f93be",
      "cand-64ceccd8",
      "cand-82301049",
      "cand-cb926322",
      "cand-9740ccd3",
      "cand-45f69d7a",
      "cand-8195e18c",
      "cand-9ad02865",
      "cand-b0561318",
      "cand-77645d5d",
      "cand-3913b48a",
      "cand-d8c529f0",
      "cand-3e0617a5",
      "cand-796b47d8",
      "cand-da5bc8a6",
      "cand-6385aa99",
      "cand-ce0fb6b8",
      "cand-f53efe87",
      "cand-541078ba",
      "cand-102cde43",
      "cand-99a518c8",
      "cand-45eae1ed",
      "cand-5fa9bbca",
      "cand-58a6bc67",
      "cand-e2e95d0b",
      "cand-e7d44996",
      "cand-4fd1f661",
      "cand-f8a32482",
      "cand-65221fbc",
      "cand-0dcbc429",
      "cand-7237f414",
      "cand-13ab4eb7",
      "cand-03a62626",
      "cand-74403bc5",
      "cand-08afa655",
      "cand-8fc0ffa2",
      "cand-6b8a91fa",
      "cand-6b160ae4",
      "cand-e4ab8440",
      "cand-292c094d",
      "cand-bf066e31",
      "cand-bf45bffc",
      "cand-33777180",
      "cand-67548c32",
      "cand-af1ed124",
      "cand-fd3f325b",
      "cand-e8320fab",
      "cand-51877b36",
      "cand-f80d7394",
      "cand-d2b04e0c",
      "cand-d865401d",
      "cand-c2337d4e",
      "cand-bd0f8191",
      "cand-2e68882f",
      "cand-94bc57ed",
      "cand-93a15ca5",
      "cand-197cf126",
      "cand-4e21422c",
      "cand-cc3ed2d8",
      "cand-ad84fefa",
      "cand-e3e4e13a",
      "cand-6d2901b8",
      "cand-c7985187",
      "cand-a3fa7fcf",
      "cand-2181b4f2",
      "cand-e803ef34",
      "cand-cc7eb308",
      "cand-8c710851",
      "cand-8045892e",
      "cand-17273829",
      "cand-e3d89e08",
      "cand-118d9dbb",
      "cand-1a318968",
      "cand-5665b571"
    ],
    "recentProblemKinds": [
      "local_backtest_fail",
      "local_backtest_fail",
      "local_backtest_fail",
      "local_backtest_fail",
      "local_backtest_fail"
    ],
    "recentRepairResults": [
      {
        "repairKind": "entry_frequency_repair",
        "result": "success",
        "repairedCandidateId": "cand-e3d89e08",
        "summary": "Requested entry_frequency_repair after local_backtest_fail."
      },
      {
        "repairKind": "entry_frequency_repair",
        "result": "success",
        "repairedCandidateId": "cand-118d9dbb",
        "summary": "Requested entry_frequency_repair after local_backtest_fail."
      },
      {
        "repairKind": "entry_frequency_repair",
        "result": "success",
        "repairedCandidateId": "cand-e83ce936",
        "summary": "Requested entry_frequency_repair after local_backtest_fail."
      },
      {
        "repairKind": "entry_frequency_repair",
        "result": "success",
        "repairedCandidateId": "cand-1a318968",
        "summary": "Requested entry_frequency_repair after local_backtest_fail."
      },
      {
        "repairKind": "entry_frequency_repair",
        "result": "success",
        "repairedCandidateId": "cand-5665b571",
        "summary": "Requested entry_frequency_repair after local_backtest_fail."
      }
    ],
    "scoreFeedbackObserved": true,
    "stage6Readiness": {
      "generatedAt": "2026-04-30T05:22:53.680Z",
      "evaluated": true,
      "passed": true,
      "mode": "deterministic",
      "countRequested": 10,
      "countCompleted": 10,
      "countFailed": 0,
      "activeChampionCandidateId": "cand-a64e2088",
      "freshBootstrapPassed": true,
      "multiIterationPassed": true,
      "rootIsolationPassed": true,
      "repairTraceabilityPassed": true,
      "calibrationQueuePassed": true,
      "scoreFeedbackPassed": true,
      "feedbackClosureRequired": false,
      "calibrationMode": "queue_only",
      "ledgerValidationPassed": true,
      "indexVerificationPassed": true,
      "rootIsolationStatus": {
        "status": "passed",
        "customStateRoot": "C:\\Users\\hanji\\AppData\\Local\\Temp\\af-stage6-state-YAZZ8Y",
        "defaultWorkspaceStateRoot": "C:\\Users\\hanji\\AppData\\Local\\Temp\\af-stage6-workspace-Nnkt1H\\state\\pi-autoresearch",
        "customContextExists": true,
        "defaultWorkspaceStateHasArtifacts": false
      },
      "repairTraceabilityStatus": {
        "status": "passed",
        "successfulRepairCount": 10,
        "successfulRepairsWithoutCandidateCount": 0
      },
      "feedbackClosureStatus": {
        "status": "passed",
        "required": false,
        "promptFeedbackObserved": true,
        "scoreBreakdownFeedbackObserved": false,
        "divergenceCount": 0,
        "confidenceUpdateCount": 0
      },
      "evidence": {
        "tempWorkspaceRoot": null,
        "tempStateRoot": null,
        "localEvaluationCount": 19,
        "headEventCount": 2,
        "archiveEventCount": 11,
        "calibrationEventCount": 2,
        "mutationBriefCount": 18,
        "problemEventCount": 18,
        "repairAttemptCount": 10,
        "deadlineBreachCount": 0
      },
      "warnings": []
    },
    "lastStage6GatePassed": true,
    "rootIsolationStatus": {
      "status": "passed",
      "customStateRoot": "C:\\Users\\hanji\\AppData\\Local\\Temp\\af-stage6-state-YAZZ8Y",
      "defaultWorkspaceStateRoot": "C:\\Users\\hanji\\AppData\\Local\\Temp\\af-stage6-workspace-Nnkt1H\\state\\pi-autoresearch",
      "customContextExists": true,
      "defaultWorkspaceStateHasArtifacts": false
    },
    "repairTraceabilityStatus": {
      "status": "passed",
      "successfulRepairCount": 10,
      "successfulRepairsWithoutCandidateCount": 0
    },
    "feedbackClosureStatus": {
      "status": "passed",
      "required": false,
      "promptFeedbackObserved": true,
      "scoreBreakdownFeedbackObserved": false,
      "divergenceCount": 0,
      "confidenceUpdateCount": 0
    },
    "nextPlannedAction": "local_compatibility_repair",
    "loopMode": "local-first",
    "defaultOperationalView": "v3_autonomous_local_first",
    "projectRoot": "C:\\Users\\hanji\\Desktop\\AF",
    "workspaceRoot": "C:\\Users\\hanji\\Desktop\\AF",
    "stateRoot": "C:\\Users\\hanji\\Desktop\\AF\\state\\pi-autoresearch",
    "traceRoot": "C:\\Users\\hanji\\Desktop\\AF\\state\\pi-autoresearch\\traces",
    "artifactRoot": "C:\\Users\\hanji\\Desktop\\AF\\state\\pi-autoresearch\\artifacts",
    "evidenceRoot": "C:\\Users\\hanji\\Desktop\\AF\\state\\pi-autoresearch\\evidence",
    "runtimeRoot": "C:\\Users\\hanji\\Desktop\\AF\\state\\pi-autoresearch\\runtime",
    "tvVerificationCount": 28,
    "tvHealth": "unavailable",
    "calibrationAutoProcess": false,
    "calibrationMode": "queue_only",
    "lastTvSurfaceFailure": {
      "candidateId": "cand-c6235b65",
      "decision": "tv_surface_failure",
      "iteration": 279,
      "tvCalibrationStatus": "surface_failure",
      "recordedAt": "2026-04-29T18:46:19.526Z"
    },
    "humanOverride": false
  },
  "tracePath": "C:\\Users\\hanji\\Desktop\\AF\\state\\pi-autoresearch\\traces\\run-autonomous-loop-2026-04-30T16-52-20-592Z-trace-4687ceb5.jsonl"
}
[2026-05-01T01:56:26.3426196+09:00] iteration 6: run-autonomous-loop exit=0
[2026-05-01T01:56:26.3426196+09:00] iteration 6: validate-ledger start
??injected env (11) from .env // tip: ??auth for agents [www.vestauth.com]
[ledger.validation] validate-ledger | Ledger validation completed | 2026-04-30T16:56:29.535Z
{
  "ok": true,
  "errorCount": 0,
  "warningCount": 6,
  "issues": [
    {
      "severity": "warning",
      "scope": "experiment-record-meta",
      "recordId": "cand-f918d6d8",
      "message": "recordHash does not match the serialized experiment record."
    },
    {
      "severity": "warning",
      "scope": "experiment-record-meta",
      "recordId": "cand-3f99a396",
      "message": "recordHash does not match the serialized experiment record."
    },
    {
      "severity": "warning",
      "scope": "experiment-record-meta",
      "recordId": "cand-93a71a19",
      "message": "recordHash does not match the serialized experiment record."
    },
    {
      "severity": "warning",
      "scope": "experiment-record-meta",
      "recordId": "cand-560e2d3b",
      "message": "recordHash does not match the serialized experiment record."
    },
    {
      "severity": "warning",
      "scope": "experiment-record-meta",
      "recordId": "cand-24b4021d",
      "message": "recordHash does not match the serialized experiment record."
    },
    {
      "severity": "warning",
      "scope": "candidate-dedup",
      "recordId": "bfee8f4eb7eabba2047b8b2270beef764a3942811cda8134d75c15c171c0c26a",
      "message": "Duplicate candidate source hash detected across ids: cand-2a5e6ffe, cand-51397d04, cand-9cbc4c5f, cand-a93778fa, cand-bbb67c15, cand-fdc1ae65"
    }
  ],
  "summary": {
    "experiments": 565,
    "candidates": 515,
    "taskBatches": 131
  },
  "stateRoot": "C:\\Users\\hanji\\Desktop\\AF\\state\\pi-autoresearch",
  "tracePath": "C:\\Users\\hanji\\Desktop\\AF\\state\\pi-autoresearch\\traces\\validate-ledger-2026-04-30T16-56-26-600Z-trace-72c4671e.jsonl"
}
[2026-05-01T01:56:29.6271619+09:00] iteration 6: validate-ledger exit=0
[2026-05-01T01:56:29.6296764+09:00] iteration 6: rebuild-indexes --verify start
??injected env (11) from .env // tip: ??custom filepath { path: '/custom/path/.env' }
[?몃뜳???ъ깮???쒖옉] ?몃뜳???ъ깮??| ?뚯깮 ?몃뜳?ㅻ? ?ъ깮?깊빀?덈떎. state: C:\Users\hanji\Desktop\AF\state\pi-autoresearch | 2026-04-30T16:56:31.592Z
[?몃뜳???ъ깮???꾨즺] ?몃뜳???ъ깮??| ?뚯깮 ?몃뜳???ъ깮?깆쓣 留덉낀?듬땲?? state: C:\Users\hanji\Desktop\AF\state\pi-autoresearch | 2026-04-30T16:56:40.602Z
{
  "rebuilt": true,
  "stateRoot": "C:\\Users\\hanji\\Desktop\\AF\\state\\pi-autoresearch",
  "autonomousState": {
    "generatedAt": "2026-04-30T16:56:34.500Z",
    "activeChampionCandidateId": "cand-42ed2fa4",
    "activeChampionScore": 0.7879,
    "activeChampionDecision": "local_candidate_eligible",
    "championOrigin": "autonomous",
    "researchMaturity": "steady_state",
    "selectedBy": "auto_policy",
    "selectionPolicyVersion": "autonomous-local-first/v3-p0",
    "objectivePolicyVersion": "objective.qqq-120m/v1",
    "headEventCount": 2,
    "archiveEventCount": 266,
    "calibrationEventCount": 282,
    "calibrationCandidateCount": 254,
    "divergenceCount": 27,
    "localConfidenceUpdateCount": 27,
    "problemEventCount": 152,
    "repairAttemptCount": 74,
    "localEvaluationCount": 345,
    "localEligibleCount": 203,
    "bootstrapCompatibleCount": 0,
    "bootstrapEligibleCount": 0,
    "bootstrapStatus": "not_started",
    "bootstrapSource": null,
    "bootstrapReason": null,
    "localRejectedCount": 137,
    "topBlockingReason": "low_trade_count",
    "pendingCalibrationCandidateCount": 226,
    "pendingCalibrationCandidateIds": [
      "cand-0e6a0180",
      "cand-9f33e80b",
      "cand-772d8a1e",
      "cand-f28d2e01",
      "cand-9a5dbcc7",
      "cand-b01be933",
      "cand-0a692f84",
      "cand-4f8faae3",
      "cand-35a74bba",
      "cand-c6b25611",
      "cand-ccdae17b",
      "cand-b8102dcd",
      "cand-8a1fe27b",
      "cand-ebbdd6a9",
      "cand-80dfaaa1",
      "cand-03f30a70",
      "cand-2f290563",
      "cand-e76cded5",
      "cand-710d8bc6",
      "cand-dd7e63cf",
      "cand-949bf032",
      "cand-b14595e0",
      "cand-90dc4ec3",
      "cand-f1103886",
      "cand-77224b87",
      "cand-55f47b32",
      "cand-cb18c54a",
      "cand-8a1a7cf2",
      "cand-db12aa7d",
      "cand-eb3175fc",
      "cand-ce89005b",
      "cand-b333865d",
      "cand-14f5f8ff",
      "cand-87a7fa06",
      "cand-609d9f19",
      "cand-09a0ae17",
      "cand-fbb3fb78",
      "cand-7bff0c1a",
      "cand-6e976c42",
      "cand-eaf67b92",
      "cand-ea5075a8",
      "cand-c0d6f969",
      "cand-946579c0",
      "cand-1638111b",
      "cand-840b49c0",
      "cand-a1b63e8c",
      "cand-d3fa966c",
      "cand-af6ef21e",
      "cand-c5832df6",
      "cand-57321a8c",
      "cand-3004b0f8",
      "cand-00644032",
      "cand-6272ab0f",
      "cand-7b341ad0",
      "cand-5c90b0de",
      "cand-350b7e7b",
      "cand-05218055",
      "cand-6ebbd52a",
      "cand-9edd626e",
      "cand-5d685d8a",
      "cand-addb3d5a",
      "cand-1a03e904",
      "cand-935b6a7d",
      "cand-11e460d8",
      "cand-58484f09",
      "cand-c3549cdc",
      "cand-e000c048",
      "cand-5927e5ca",
      "cand-7ae4d6eb",
      "cand-bd3c959f",
      "cand-ad98c7fd",
      "cand-a3456179",
      "cand-fa19c7db",
      "cand-8211114e",
      "cand-737e8acc",
      "cand-9ae5abb8",
      "cand-f68c494c",
      "cand-0cb06744",
      "cand-c4540c5e",
      "cand-887ba798",
      "cand-334ff9ed",
      "cand-1e7bb092",
      "cand-940106ac",
      "cand-b1575fba",
      "cand-1c1cb560",
      "cand-2ba5ca56",
      "cand-4e158d7d",
      "cand-ee1867a5",
      "cand-ccf655ee",
      "cand-2f2f67f1",
      "cand-dd0d4883",
      "cand-9e390b78",
      "cand-2b509e63",
      "cand-a42bb737",
      "cand-ba65a405",
      "cand-95b5fcb4",
      "cand-c1decc14",
      "cand-fad40100",
      "cand-3d99c3c3",
      "cand-ed6ed300",
      "cand-36473405",
      "cand-32556840",
      "cand-056beb3f",
      "cand-fef34f1d",
      "cand-4e58abee",
      "cand-6c095f1d",
      "cand-72fdbd0a",
      "cand-1a73f98c",
      "cand-60e5fb9a",
      "cand-fbd6e1cd",
      "cand-6fa9e64c",
      "cand-b3ce6dfd",
      "cand-d7b18242",
      "cand-cddf1147",
      "cand-a2b17756",
      "cand-4106d658",
      "cand-bf2319b1",
      "cand-1be3a1ed",
      "cand-ec8276d1",
      "cand-66da2fad",
      "cand-10487d69",
      "cand-a0b082a6",
      "cand-e1c37158",
      "cand-3924bc09",
      "cand-c5a37a36",
      "cand-9f921b3b",
      "cand-976660f2",
      "cand-1fd659d1",
      "cand-1ebe3284",
      "cand-a05583cb",
      "cand-68e1f6c0",
      "cand-939bafa7",
      "cand-5dfb966e",
      "cand-ec9d7a77",
      "cand-c9bd8a69",
      "cand-cad467d1",
      "cand-30ca4ecf",
      "cand-274a3d78",
      "cand-8f6a1544",
      "cand-be21675f",
      "cand-17c07e8f",
      "cand-60166f81",
      "cand-8f82de94",
      "cand-42460886",
      "cand-9295e93d",
      "cand-5a54f71c",
      "cand-a12eacdf",
      "cand-5b236726",
      "cand-dbfe05b6",
      "cand-eb4f9103",
      "cand-294a8337",
      "cand-54d331f7",
      "cand-303f93be",
      "cand-64ceccd8",
      "cand-82301049",
      "cand-cb926322",
      "cand-9740ccd3",
      "cand-45f69d7a",
      "cand-8195e18c",
      "cand-9ad02865",
      "cand-b0561318",
      "cand-77645d5d",
      "cand-3913b48a",
      "cand-d8c529f0",
      "cand-3e0617a5",
      "cand-796b47d8",
      "cand-da5bc8a6",
      "cand-6385aa99",
      "cand-ce0fb6b8",
      "cand-f53efe87",
      "cand-541078ba",
      "cand-102cde43",
      "cand-99a518c8",
      "cand-45eae1ed",
      "cand-5fa9bbca",
      "cand-58a6bc67",
      "cand-e2e95d0b",
      "cand-e7d44996",
      "cand-4fd1f661",
      "cand-f8a32482",
      "cand-65221fbc",
      "cand-0dcbc429",
      "cand-7237f414",
      "cand-13ab4eb7",
      "cand-03a62626",
      "cand-74403bc5",
      "cand-08afa655",
      "cand-8fc0ffa2",
      "cand-6b8a91fa",
      "cand-6b160ae4",
      "cand-e4ab8440",
      "cand-292c094d",
      "cand-bf066e31",
      "cand-bf45bffc",
      "cand-33777180",
      "cand-67548c32",
      "cand-af1ed124",
      "cand-fd3f325b",
      "cand-e8320fab",
      "cand-51877b36",
      "cand-f80d7394",
      "cand-d2b04e0c",
      "cand-d865401d",
      "cand-c2337d4e",
      "cand-bd0f8191",
      "cand-2e68882f",
      "cand-94bc57ed",
      "cand-93a15ca5",
      "cand-197cf126",
      "cand-4e21422c",
      "cand-cc3ed2d8",
      "cand-ad84fefa",
      "cand-e3e4e13a",
      "cand-6d2901b8",
      "cand-c7985187",
      "cand-a3fa7fcf",
      "cand-2181b4f2",
      "cand-e803ef34",
      "cand-cc7eb308",
      "cand-8c710851",
      "cand-8045892e",
      "cand-17273829",
      "cand-e3d89e08",
      "cand-118d9dbb",
      "cand-1a318968",
      "cand-5665b571"
    ],
    "recentProblemKinds": [
      "local_backtest_fail",
      "local_backtest_fail",
      "local_backtest_fail",
      "local_backtest_fail",
      "local_backtest_fail"
    ],
    "recentRepairResults": [
      {
        "repairKind": "entry_frequency_repair",
        "result": "success",
        "repairedCandidateId": "cand-e3d89e08",
        "summary": "Requested entry_frequency_repair after local_backtest_fail."
      },
      {
        "repairKind": "entry_frequency_repair",
        "result": "success",
        "repairedCandidateId": "cand-118d9dbb",
        "summary": "Requested entry_frequency_repair after local_backtest_fail."
      },
      {
        "repairKind": "entry_frequency_repair",
        "result": "success",
        "repairedCandidateId": "cand-e83ce936",
        "summary": "Requested entry_frequency_repair after local_backtest_fail."
      },
      {
        "repairKind": "entry_frequency_repair",
        "result": "success",
        "repairedCandidateId": "cand-1a318968",
        "summary": "Requested entry_frequency_repair after local_backtest_fail."
      },
      {
        "repairKind": "entry_frequency_repair",
        "result": "success",
        "repairedCandidateId": "cand-5665b571",
        "summary": "Requested entry_frequency_repair after local_backtest_fail."
      }
    ],
    "scoreFeedbackObserved": true,
    "stage6Readiness": {
      "generatedAt": "2026-04-30T05:22:53.680Z",
      "evaluated": true,
      "passed": true,
      "mode": "deterministic",
      "countRequested": 10,
      "countCompleted": 10,
      "countFailed": 0,
      "activeChampionCandidateId": "cand-a64e2088",
      "freshBootstrapPassed": true,
      "multiIterationPassed": true,
      "rootIsolationPassed": true,
      "repairTraceabilityPassed": true,
      "calibrationQueuePassed": true,
      "scoreFeedbackPassed": true,
      "feedbackClosureRequired": false,
      "calibrationMode": "queue_only",
      "ledgerValidationPassed": true,
      "indexVerificationPassed": true,
      "rootIsolationStatus": {
        "status": "passed",
        "customStateRoot": "C:\\Users\\hanji\\AppData\\Local\\Temp\\af-stage6-state-YAZZ8Y",
        "defaultWorkspaceStateRoot": "C:\\Users\\hanji\\AppData\\Local\\Temp\\af-stage6-workspace-Nnkt1H\\state\\pi-autoresearch",
        "customContextExists": true,
        "defaultWorkspaceStateHasArtifacts": false
      },
      "repairTraceabilityStatus": {
        "status": "passed",
        "successfulRepairCount": 10,
        "successfulRepairsWithoutCandidateCount": 0
      },
      "feedbackClosureStatus": {
        "status": "passed",
        "required": false,
        "promptFeedbackObserved": true,
        "scoreBreakdownFeedbackObserved": false,
        "divergenceCount": 0,
        "confidenceUpdateCount": 0
      },
      "evidence": {
        "tempWorkspaceRoot": null,
        "tempStateRoot": null,
        "localEvaluationCount": 19,
        "headEventCount": 2,
        "archiveEventCount": 11,
        "calibrationEventCount": 2,
        "mutationBriefCount": 18,
        "problemEventCount": 18,
        "repairAttemptCount": 10,
        "deadlineBreachCount": 0
      },
      "warnings": []
    },
    "lastStage6GatePassed": true,
    "rootIsolationStatus": {
      "status": "passed",
      "customStateRoot": "C:\\Users\\hanji\\AppData\\Local\\Temp\\af-stage6-state-YAZZ8Y",
      "defaultWorkspaceStateRoot": "C:\\Users\\hanji\\AppData\\Local\\Temp\\af-stage6-workspace-Nnkt1H\\state\\pi-autoresearch",
      "customContextExists": true,
      "defaultWorkspaceStateHasArtifacts": false
    },
    "repairTraceabilityStatus": {
      "status": "passed",
      "successfulRepairCount": 10,
      "successfulRepairsWithoutCandidateCount": 0
    },
    "feedbackClosureStatus": {
      "status": "passed",
      "required": false,
      "promptFeedbackObserved": true,
      "scoreBreakdownFeedbackObserved": false,
      "divergenceCount": 0,
      "confidenceUpdateCount": 0
    },
    "nextPlannedAction": "local_compatibility_repair",
    "loopMode": "local-first",
    "defaultOperationalView": "v3_autonomous_local_first",
    "projectRoot": "C:\\Users\\hanji\\Desktop\\AF",
    "workspaceRoot": "C:\\Users\\hanji\\Desktop\\AF",
    "stateRoot": "C:\\Users\\hanji\\Desktop\\AF\\state\\pi-autoresearch",
    "traceRoot": "C:\\Users\\hanji\\Desktop\\AF\\state\\pi-autoresearch\\traces",
    "artifactRoot": "C:\\Users\\hanji\\Desktop\\AF\\state\\pi-autoresearch\\artifacts",
    "evidenceRoot": "C:\\Users\\hanji\\Desktop\\AF\\state\\pi-autoresearch\\evidence",
    "runtimeRoot": "C:\\Users\\hanji\\Desktop\\AF\\state\\pi-autoresearch\\runtime",
    "tvVerificationCount": 28,
    "tvHealth": "unavailable",
    "calibrationAutoProcess": false,
    "calibrationMode": "queue_only",
    "lastTvSurfaceFailure": {
      "candidateId": "cand-c6235b65",
      "decision": "tv_surface_failure",
      "iteration": 279,
      "tvCalibrationStatus": "surface_failure",
      "recordedAt": "2026-04-29T18:46:19.526Z"
    },
    "humanOverride": false
  },
  "verification": {
    "ok": true,
    "issues": []
  },
  "tracePath": "C:\\Users\\hanji\\Desktop\\AF\\state\\pi-autoresearch\\traces\\rebuild-indexes-2026-04-30T16-56-29-880Z-trace-a8ba8c64.jsonl"
}
[2026-05-01T01:56:40.8668537+09:00] iteration 6: rebuild-indexes --verify exit=0
[2026-05-01T01:56:50.8811258+09:00] iteration 7: run-autonomous-loop start
??injected env (11) from .env // tip: ??suppress logs { quiet: true }
[autonomous.loop.start] run-autonomous-loop | Starting autonomous local-first loop | 2026-04-30T16:56:51.176Z
[iteration.started] run-autonomous-loop | Starting autonomous iteration | 2026-04-30T16:56:51.178Z
[phase.started] run-autonomous-loop | Initializing autonomous workspace | 2026-04-30T16:56:51.202Z
[phase.completed] run-autonomous-loop | Initializing autonomous workspace | 2026-04-30T16:56:52.858Z
[phase.started] run-autonomous-loop | Generating autonomous mutation candidate | 2026-04-30T16:56:54.153Z
[autonomous.mutation.request] run-autonomous-loop | Sending autonomous mutation request | 2026-04-30T16:56:54.154Z
[phase.completed] run-autonomous-loop | Generating autonomous mutation candidate | 2026-04-30T16:58:54.795Z
[phase.started] run-autonomous-loop | Evaluating autonomous candidate locally | 2026-04-30T16:58:54.795Z
[autonomous.market_context_ready] run-autonomous-loop | Local-first market context is ready | 2026-04-30T16:58:54.803Z
[autonomous.local_evaluation] run-autonomous-loop | Local autonomous evaluation completed | 2026-04-30T16:58:54.856Z
[phase.completed] run-autonomous-loop | Evaluating autonomous candidate locally | 2026-04-30T16:58:54.873Z
[phase.started] run-autonomous-loop | Repairing autonomous candidate after local failure | 2026-04-30T16:58:54.874Z
[phase.completed] run-autonomous-loop | Repairing autonomous candidate after local failure | 2026-04-30T17:00:38.202Z
[phase.started] run-autonomous-loop | Evaluating repaired autonomous candidate locally | 2026-04-30T17:00:39.061Z
[autonomous.market_context_ready] run-autonomous-loop | Local-first market context is ready | 2026-04-30T17:00:39.067Z
[autonomous.local_evaluation] run-autonomous-loop | Local autonomous evaluation completed | 2026-04-30T17:00:39.103Z
[phase.completed] run-autonomous-loop | Evaluating repaired autonomous candidate locally | 2026-04-30T17:00:39.124Z
[phase.started] run-autonomous-loop | Updating autonomous archive views | 2026-04-30T17:00:39.125Z
[phase.completed] run-autonomous-loop | Updating autonomous archive views | 2026-04-30T17:00:39.128Z
[phase.started] run-autonomous-loop | Queueing candidate for TradingView calibration | 2026-04-30T17:00:39.128Z
[phase.completed] run-autonomous-loop | Queueing candidate for TradingView calibration | 2026-04-30T17:00:39.134Z
[phase.started] run-autonomous-loop | Selecting active autonomous champion | 2026-04-30T17:00:39.971Z
[phase.completed] run-autonomous-loop | Selecting active autonomous champion | 2026-04-30T17:00:40.450Z
[phase.started] run-autonomous-loop | Rebuilding derived autonomous views | 2026-04-30T17:00:40.451Z
[phase.completed] run-autonomous-loop | Rebuilding derived autonomous views | 2026-04-30T17:00:42.107Z
[iteration.completed] run-autonomous-loop | Autonomous iteration completed | 2026-04-30T17:00:42.107Z
{
  "countRequested": 1,
  "countCompleted": 1,
  "countFailed": 0,
  "results": [
    {
      "runId": "autonomous-1777568211186",
      "iteration": 566,
      "candidateId": "cand-80f55e73",
      "localDecision": "local_candidate_rejected",
      "activeChampionChanged": false,
      "activeChampionCandidateId": "cand-42ed2fa4"
    }
  ],
  "deadlineBreaches": [],
  "autonomousState": {
    "generatedAt": "2026-04-30T17:00:43.533Z",
    "activeChampionCandidateId": "cand-42ed2fa4",
    "activeChampionScore": 0.7879,
    "activeChampionDecision": "local_candidate_eligible",
    "championOrigin": "autonomous",
    "researchMaturity": "steady_state",
    "selectedBy": "auto_policy",
    "selectionPolicyVersion": "autonomous-local-first/v3-p0",
    "objectivePolicyVersion": "objective.qqq-120m/v1",
    "headEventCount": 2,
    "archiveEventCount": 267,
    "calibrationEventCount": 283,
    "calibrationCandidateCount": 255,
    "divergenceCount": 27,
    "localConfidenceUpdateCount": 27,
    "problemEventCount": 154,
    "repairAttemptCount": 75,
    "localEvaluationCount": 347,
    "localEligibleCount": 203,
    "bootstrapCompatibleCount": 0,
    "bootstrapEligibleCount": 0,
    "bootstrapStatus": "not_started",
    "bootstrapSource": null,
    "bootstrapReason": null,
    "localRejectedCount": 139,
    "topBlockingReason": "low_trade_count",
    "pendingCalibrationCandidateCount": 227,
    "pendingCalibrationCandidateIds": [
      "cand-0e6a0180",
      "cand-9f33e80b",
      "cand-772d8a1e",
      "cand-f28d2e01",
      "cand-9a5dbcc7",
      "cand-b01be933",
      "cand-0a692f84",
      "cand-4f8faae3",
      "cand-35a74bba",
      "cand-c6b25611",
      "cand-ccdae17b",
      "cand-b8102dcd",
      "cand-8a1fe27b",
      "cand-ebbdd6a9",
      "cand-80dfaaa1",
      "cand-03f30a70",
      "cand-2f290563",
      "cand-e76cded5",
      "cand-710d8bc6",
      "cand-dd7e63cf",
      "cand-949bf032",
      "cand-b14595e0",
      "cand-90dc4ec3",
      "cand-f1103886",
      "cand-77224b87",
      "cand-55f47b32",
      "cand-cb18c54a",
      "cand-8a1a7cf2",
      "cand-db12aa7d",
      "cand-eb3175fc",
      "cand-ce89005b",
      "cand-b333865d",
      "cand-14f5f8ff",
      "cand-87a7fa06",
      "cand-609d9f19",
      "cand-09a0ae17",
      "cand-fbb3fb78",
      "cand-7bff0c1a",
      "cand-6e976c42",
      "cand-eaf67b92",
      "cand-ea5075a8",
      "cand-c0d6f969",
      "cand-946579c0",
      "cand-1638111b",
      "cand-840b49c0",
      "cand-a1b63e8c",
      "cand-d3fa966c",
      "cand-af6ef21e",
      "cand-c5832df6",
      "cand-57321a8c",
      "cand-3004b0f8",
      "cand-00644032",
      "cand-6272ab0f",
      "cand-7b341ad0",
      "cand-5c90b0de",
      "cand-350b7e7b",
      "cand-05218055",
      "cand-6ebbd52a",
      "cand-9edd626e",
      "cand-5d685d8a",
      "cand-addb3d5a",
      "cand-1a03e904",
      "cand-935b6a7d",
      "cand-11e460d8",
      "cand-58484f09",
      "cand-c3549cdc",
      "cand-e000c048",
      "cand-5927e5ca",
      "cand-7ae4d6eb",
      "cand-bd3c959f",
      "cand-ad98c7fd",
      "cand-a3456179",
      "cand-fa19c7db",
      "cand-8211114e",
      "cand-737e8acc",
      "cand-9ae5abb8",
      "cand-f68c494c",
      "cand-0cb06744",
      "cand-c4540c5e",
      "cand-887ba798",
      "cand-334ff9ed",
      "cand-1e7bb092",
      "cand-940106ac",
      "cand-b1575fba",
      "cand-1c1cb560",
      "cand-2ba5ca56",
      "cand-4e158d7d",
      "cand-ee1867a5",
      "cand-ccf655ee",
      "cand-2f2f67f1",
      "cand-dd0d4883",
      "cand-9e390b78",
      "cand-2b509e63",
      "cand-a42bb737",
      "cand-ba65a405",
      "cand-95b5fcb4",
      "cand-c1decc14",
      "cand-fad40100",
      "cand-3d99c3c3",
      "cand-ed6ed300",
      "cand-36473405",
      "cand-32556840",
      "cand-056beb3f",
      "cand-fef34f1d",
      "cand-4e58abee",
      "cand-6c095f1d",
      "cand-72fdbd0a",
      "cand-1a73f98c",
      "cand-60e5fb9a",
      "cand-fbd6e1cd",
      "cand-6fa9e64c",
      "cand-b3ce6dfd",
      "cand-d7b18242",
      "cand-cddf1147",
      "cand-a2b17756",
      "cand-4106d658",
      "cand-bf2319b1",
      "cand-1be3a1ed",
      "cand-ec8276d1",
      "cand-66da2fad",
      "cand-10487d69",
      "cand-a0b082a6",
      "cand-e1c37158",
      "cand-3924bc09",
      "cand-c5a37a36",
      "cand-9f921b3b",
      "cand-976660f2",
      "cand-1fd659d1",
      "cand-1ebe3284",
      "cand-a05583cb",
      "cand-68e1f6c0",
      "cand-939bafa7",
      "cand-5dfb966e",
      "cand-ec9d7a77",
      "cand-c9bd8a69",
      "cand-cad467d1",
      "cand-30ca4ecf",
      "cand-274a3d78",
      "cand-8f6a1544",
      "cand-be21675f",
      "cand-17c07e8f",
      "cand-60166f81",
      "cand-8f82de94",
      "cand-42460886",
      "cand-9295e93d",
      "cand-5a54f71c",
      "cand-a12eacdf",
      "cand-5b236726",
      "cand-dbfe05b6",
      "cand-eb4f9103",
      "cand-294a8337",
      "cand-54d331f7",
      "cand-303f93be",
      "cand-64ceccd8",
      "cand-82301049",
      "cand-cb926322",
      "cand-9740ccd3",
      "cand-45f69d7a",
      "cand-8195e18c",
      "cand-9ad02865",
      "cand-b0561318",
      "cand-77645d5d",
      "cand-3913b48a",
      "cand-d8c529f0",
      "cand-3e0617a5",
      "cand-796b47d8",
      "cand-da5bc8a6",
      "cand-6385aa99",
      "cand-ce0fb6b8",
      "cand-f53efe87",
      "cand-541078ba",
      "cand-102cde43",
      "cand-99a518c8",
      "cand-45eae1ed",
      "cand-5fa9bbca",
      "cand-58a6bc67",
      "cand-e2e95d0b",
      "cand-e7d44996",
      "cand-4fd1f661",
      "cand-f8a32482",
      "cand-65221fbc",
      "cand-0dcbc429",
      "cand-7237f414",
      "cand-13ab4eb7",
      "cand-03a62626",
      "cand-74403bc5",
      "cand-08afa655",
      "cand-8fc0ffa2",
      "cand-6b8a91fa",
      "cand-6b160ae4",
      "cand-e4ab8440",
      "cand-292c094d",
      "cand-bf066e31",
      "cand-bf45bffc",
      "cand-33777180",
      "cand-67548c32",
      "cand-af1ed124",
      "cand-fd3f325b",
      "cand-e8320fab",
      "cand-51877b36",
      "cand-f80d7394",
      "cand-d2b04e0c",
      "cand-d865401d",
      "cand-c2337d4e",
      "cand-bd0f8191",
      "cand-2e68882f",
      "cand-94bc57ed",
      "cand-93a15ca5",
      "cand-197cf126",
      "cand-4e21422c",
      "cand-cc3ed2d8",
      "cand-ad84fefa",
      "cand-e3e4e13a",
      "cand-6d2901b8",
      "cand-c7985187",
      "cand-a3fa7fcf",
      "cand-2181b4f2",
      "cand-e803ef34",
      "cand-cc7eb308",
      "cand-8c710851",
      "cand-8045892e",
      "cand-17273829",
      "cand-e3d89e08",
      "cand-118d9dbb",
      "cand-1a318968",
      "cand-5665b571",
      "cand-80f55e73"
    ],
    "recentProblemKinds": [
      "local_backtest_fail",
      "local_backtest_fail",
      "local_backtest_fail",
      "local_backtest_fail",
      "local_backtest_fail"
    ],
    "recentRepairResults": [
      {
        "repairKind": "entry_frequency_repair",
        "result": "success",
        "repairedCandidateId": "cand-118d9dbb",
        "summary": "Requested entry_frequency_repair after local_backtest_fail."
      },
      {
        "repairKind": "entry_frequency_repair",
        "result": "success",
        "repairedCandidateId": "cand-e83ce936",
        "summary": "Requested entry_frequency_repair after local_backtest_fail."
      },
      {
        "repairKind": "entry_frequency_repair",
        "result": "success",
        "repairedCandidateId": "cand-1a318968",
        "summary": "Requested entry_frequency_repair after local_backtest_fail."
      },
      {
        "repairKind": "entry_frequency_repair",
        "result": "success",
        "repairedCandidateId": "cand-5665b571",
        "summary": "Requested entry_frequency_repair after local_backtest_fail."
      },
      {
        "repairKind": "entry_frequency_repair",
        "result": "success",
        "repairedCandidateId": "cand-80f55e73",
        "summary": "Requested entry_frequency_repair after local_backtest_fail."
      }
    ],
    "scoreFeedbackObserved": true,
    "stage6Readiness": {
      "generatedAt": "2026-04-30T05:22:53.680Z",
      "evaluated": true,
      "passed": true,
      "mode": "deterministic",
      "countRequested": 10,
      "countCompleted": 10,
      "countFailed": 0,
      "activeChampionCandidateId": "cand-a64e2088",
      "freshBootstrapPassed": true,
      "multiIterationPassed": true,
      "rootIsolationPassed": true,
      "repairTraceabilityPassed": true,
      "calibrationQueuePassed": true,
      "scoreFeedbackPassed": true,
      "feedbackClosureRequired": false,
      "calibrationMode": "queue_only",
      "ledgerValidationPassed": true,
      "indexVerificationPassed": true,
      "rootIsolationStatus": {
        "status": "passed",
        "customStateRoot": "C:\\Users\\hanji\\AppData\\Local\\Temp\\af-stage6-state-YAZZ8Y",
        "defaultWorkspaceStateRoot": "C:\\Users\\hanji\\AppData\\Local\\Temp\\af-stage6-workspace-Nnkt1H\\state\\pi-autoresearch",
        "customContextExists": true,
        "defaultWorkspaceStateHasArtifacts": false
      },
      "repairTraceabilityStatus": {
        "status": "passed",
        "successfulRepairCount": 10,
        "successfulRepairsWithoutCandidateCount": 0
      },
      "feedbackClosureStatus": {
        "status": "passed",
        "required": false,
        "promptFeedbackObserved": true,
        "scoreBreakdownFeedbackObserved": false,
        "divergenceCount": 0,
        "confidenceUpdateCount": 0
      },
      "evidence": {
        "tempWorkspaceRoot": null,
        "tempStateRoot": null,
        "localEvaluationCount": 19,
        "headEventCount": 2,
        "archiveEventCount": 11,
        "calibrationEventCount": 2,
        "mutationBriefCount": 18,
        "problemEventCount": 18,
        "repairAttemptCount": 10,
        "deadlineBreachCount": 0
      },
      "warnings": []
    },
    "lastStage6GatePassed": true,
    "rootIsolationStatus": {
      "status": "passed",
      "customStateRoot": "C:\\Users\\hanji\\AppData\\Local\\Temp\\af-stage6-state-YAZZ8Y",
      "defaultWorkspaceStateRoot": "C:\\Users\\hanji\\AppData\\Local\\Temp\\af-stage6-workspace-Nnkt1H\\state\\pi-autoresearch",
      "customContextExists": true,
      "defaultWorkspaceStateHasArtifacts": false
    },
    "repairTraceabilityStatus": {
      "status": "passed",
      "successfulRepairCount": 10,
      "successfulRepairsWithoutCandidateCount": 0
    },
    "feedbackClosureStatus": {
      "status": "passed",
      "required": false,
      "promptFeedbackObserved": true,
      "scoreBreakdownFeedbackObserved": false,
      "divergenceCount": 0,
      "confidenceUpdateCount": 0
    },
    "nextPlannedAction": "local_compatibility_repair",
    "loopMode": "local-first",
    "defaultOperationalView": "v3_autonomous_local_first",
    "projectRoot": "C:\\Users\\hanji\\Desktop\\AF",
    "workspaceRoot": "C:\\Users\\hanji\\Desktop\\AF",
    "stateRoot": "C:\\Users\\hanji\\Desktop\\AF\\state\\pi-autoresearch",
    "traceRoot": "C:\\Users\\hanji\\Desktop\\AF\\state\\pi-autoresearch\\traces",
    "artifactRoot": "C:\\Users\\hanji\\Desktop\\AF\\state\\pi-autoresearch\\artifacts",
    "evidenceRoot": "C:\\Users\\hanji\\Desktop\\AF\\state\\pi-autoresearch\\evidence",
    "runtimeRoot": "C:\\Users\\hanji\\Desktop\\AF\\state\\pi-autoresearch\\runtime",
    "tvVerificationCount": 28,
    "tvHealth": "unavailable",
    "calibrationAutoProcess": false,
    "calibrationMode": "queue_only",
    "lastTvSurfaceFailure": {
      "candidateId": "cand-c6235b65",
      "decision": "tv_surface_failure",
      "iteration": 279,
      "tvCalibrationStatus": "surface_failure",
      "recordedAt": "2026-04-29T18:46:19.526Z"
    },
    "humanOverride": false
  },
  "tracePath": "C:\\Users\\hanji\\Desktop\\AF\\state\\pi-autoresearch\\traces\\run-autonomous-loop-2026-04-30T16-56-51-175Z-trace-739187c5.jsonl"
}
[2026-05-01T02:00:44.1061281+09:00] iteration 7: run-autonomous-loop exit=0
[2026-05-01T02:00:44.1071294+09:00] iteration 7: validate-ledger start
??injected env (11) from .env // tip: ??secrets for agents [www.dotenvx.com]
[ledger.validation] validate-ledger | Ledger validation completed | 2026-04-30T17:00:47.063Z
{
  "ok": true,
  "errorCount": 0,
  "warningCount": 6,
  "issues": [
    {
      "severity": "warning",
      "scope": "experiment-record-meta",
      "recordId": "cand-f918d6d8",
      "message": "recordHash does not match the serialized experiment record."
    },
    {
      "severity": "warning",
      "scope": "experiment-record-meta",
      "recordId": "cand-3f99a396",
      "message": "recordHash does not match the serialized experiment record."
    },
    {
      "severity": "warning",
      "scope": "experiment-record-meta",
      "recordId": "cand-93a71a19",
      "message": "recordHash does not match the serialized experiment record."
    },
    {
      "severity": "warning",
      "scope": "experiment-record-meta",
      "recordId": "cand-560e2d3b",
      "message": "recordHash does not match the serialized experiment record."
    },
    {
      "severity": "warning",
      "scope": "experiment-record-meta",
      "recordId": "cand-24b4021d",
      "message": "recordHash does not match the serialized experiment record."
    },
    {
      "severity": "warning",
      "scope": "candidate-dedup",
      "recordId": "bfee8f4eb7eabba2047b8b2270beef764a3942811cda8134d75c15c171c0c26a",
      "message": "Duplicate candidate source hash detected across ids: cand-2a5e6ffe, cand-51397d04, cand-9cbc4c5f, cand-a93778fa, cand-bbb67c15, cand-fdc1ae65"
    }
  ],
  "summary": {
    "experiments": 567,
    "candidates": 517,
    "taskBatches": 131
  },
  "stateRoot": "C:\\Users\\hanji\\Desktop\\AF\\state\\pi-autoresearch",
  "tracePath": "C:\\Users\\hanji\\Desktop\\AF\\state\\pi-autoresearch\\traces\\validate-ledger-2026-04-30T17-00-44-347Z-trace-6d562f45.jsonl"
}
[2026-05-01T02:00:47.2278953+09:00] iteration 7: validate-ledger exit=0
[2026-05-01T02:00:47.2288996+09:00] iteration 7: rebuild-indexes --verify start
??injected env (11) from .env // tip: ??custom filepath { path: '/custom/path/.env' }
[?몃뜳???ъ깮???쒖옉] ?몃뜳???ъ깮??| ?뚯깮 ?몃뜳?ㅻ? ?ъ깮?깊빀?덈떎. state: C:\Users\hanji\Desktop\AF\state\pi-autoresearch | 2026-04-30T17:00:49.073Z
[?몃뜳???ъ깮???꾨즺] ?몃뜳???ъ깮??| ?뚯깮 ?몃뜳???ъ깮?깆쓣 留덉낀?듬땲?? state: C:\Users\hanji\Desktop\AF\state\pi-autoresearch | 2026-04-30T17:00:57.626Z
{
  "rebuilt": true,
  "stateRoot": "C:\\Users\\hanji\\Desktop\\AF\\state\\pi-autoresearch",
  "autonomousState": {
    "generatedAt": "2026-04-30T17:00:51.997Z",
    "activeChampionCandidateId": "cand-42ed2fa4",
    "activeChampionScore": 0.7879,
    "activeChampionDecision": "local_candidate_eligible",
    "championOrigin": "autonomous",
    "researchMaturity": "steady_state",
    "selectedBy": "auto_policy",
    "selectionPolicyVersion": "autonomous-local-first/v3-p0",
    "objectivePolicyVersion": "objective.qqq-120m/v1",
    "headEventCount": 2,
    "archiveEventCount": 267,
    "calibrationEventCount": 283,
    "calibrationCandidateCount": 255,
    "divergenceCount": 27,
    "localConfidenceUpdateCount": 27,
    "problemEventCount": 154,
    "repairAttemptCount": 75,
    "localEvaluationCount": 347,
    "localEligibleCount": 203,
    "bootstrapCompatibleCount": 0,
    "bootstrapEligibleCount": 0,
    "bootstrapStatus": "not_started",
    "bootstrapSource": null,
    "bootstrapReason": null,
    "localRejectedCount": 139,
    "topBlockingReason": "low_trade_count",
    "pendingCalibrationCandidateCount": 227,
    "pendingCalibrationCandidateIds": [
      "cand-0e6a0180",
      "cand-9f33e80b",
      "cand-772d8a1e",
      "cand-f28d2e01",
      "cand-9a5dbcc7",
      "cand-b01be933",
      "cand-0a692f84",
      "cand-4f8faae3",
      "cand-35a74bba",
      "cand-c6b25611",
      "cand-ccdae17b",
      "cand-b8102dcd",
      "cand-8a1fe27b",
      "cand-ebbdd6a9",
      "cand-80dfaaa1",
      "cand-03f30a70",
      "cand-2f290563",
      "cand-e76cded5",
      "cand-710d8bc6",
      "cand-dd7e63cf",
      "cand-949bf032",
      "cand-b14595e0",
      "cand-90dc4ec3",
      "cand-f1103886",
      "cand-77224b87",
      "cand-55f47b32",
      "cand-cb18c54a",
      "cand-8a1a7cf2",
      "cand-db12aa7d",
      "cand-eb3175fc",
      "cand-ce89005b",
      "cand-b333865d",
      "cand-14f5f8ff",
      "cand-87a7fa06",
      "cand-609d9f19",
      "cand-09a0ae17",
      "cand-fbb3fb78",
      "cand-7bff0c1a",
      "cand-6e976c42",
      "cand-eaf67b92",
      "cand-ea5075a8",
      "cand-c0d6f969",
      "cand-946579c0",
      "cand-1638111b",
      "cand-840b49c0",
      "cand-a1b63e8c",
      "cand-d3fa966c",
      "cand-af6ef21e",
      "cand-c5832df6",
      "cand-57321a8c",
      "cand-3004b0f8",
      "cand-00644032",
      "cand-6272ab0f",
      "cand-7b341ad0",
      "cand-5c90b0de",
      "cand-350b7e7b",
      "cand-05218055",
      "cand-6ebbd52a",
      "cand-9edd626e",
      "cand-5d685d8a",
      "cand-addb3d5a",
      "cand-1a03e904",
      "cand-935b6a7d",
      "cand-11e460d8",
      "cand-58484f09",
      "cand-c3549cdc",
      "cand-e000c048",
      "cand-5927e5ca",
      "cand-7ae4d6eb",
      "cand-bd3c959f",
      "cand-ad98c7fd",
      "cand-a3456179",
      "cand-fa19c7db",
      "cand-8211114e",
      "cand-737e8acc",
      "cand-9ae5abb8",
      "cand-f68c494c",
      "cand-0cb06744",
      "cand-c4540c5e",
      "cand-887ba798",
      "cand-334ff9ed",
      "cand-1e7bb092",
      "cand-940106ac",
      "cand-b1575fba",
      "cand-1c1cb560",
      "cand-2ba5ca56",
      "cand-4e158d7d",
      "cand-ee1867a5",
      "cand-ccf655ee",
      "cand-2f2f67f1",
      "cand-dd0d4883",
      "cand-9e390b78",
      "cand-2b509e63",
      "cand-a42bb737",
      "cand-ba65a405",
      "cand-95b5fcb4",
      "cand-c1decc14",
      "cand-fad40100",
      "cand-3d99c3c3",
      "cand-ed6ed300",
      "cand-36473405",
      "cand-32556840",
      "cand-056beb3f",
      "cand-fef34f1d",
      "cand-4e58abee",
      "cand-6c095f1d",
      "cand-72fdbd0a",
      "cand-1a73f98c",
      "cand-60e5fb9a",
      "cand-fbd6e1cd",
      "cand-6fa9e64c",
      "cand-b3ce6dfd",
      "cand-d7b18242",
      "cand-cddf1147",
      "cand-a2b17756",
      "cand-4106d658",
      "cand-bf2319b1",
      "cand-1be3a1ed",
      "cand-ec8276d1",
      "cand-66da2fad",
      "cand-10487d69",
      "cand-a0b082a6",
      "cand-e1c37158",
      "cand-3924bc09",
      "cand-c5a37a36",
      "cand-9f921b3b",
      "cand-976660f2",
      "cand-1fd659d1",
      "cand-1ebe3284",
      "cand-a05583cb",
      "cand-68e1f6c0",
      "cand-939bafa7",
      "cand-5dfb966e",
      "cand-ec9d7a77",
      "cand-c9bd8a69",
      "cand-cad467d1",
      "cand-30ca4ecf",
      "cand-274a3d78",
      "cand-8f6a1544",
      "cand-be21675f",
      "cand-17c07e8f",
      "cand-60166f81",
      "cand-8f82de94",
      "cand-42460886",
      "cand-9295e93d",
      "cand-5a54f71c",
      "cand-a12eacdf",
      "cand-5b236726",
      "cand-dbfe05b6",
      "cand-eb4f9103",
      "cand-294a8337",
      "cand-54d331f7",
      "cand-303f93be",
      "cand-64ceccd8",
      "cand-82301049",
      "cand-cb926322",
      "cand-9740ccd3",
      "cand-45f69d7a",
      "cand-8195e18c",
      "cand-9ad02865",
      "cand-b0561318",
      "cand-77645d5d",
      "cand-3913b48a",
      "cand-d8c529f0",
      "cand-3e0617a5",
      "cand-796b47d8",
      "cand-da5bc8a6",
      "cand-6385aa99",
      "cand-ce0fb6b8",
      "cand-f53efe87",
      "cand-541078ba",
      "cand-102cde43",
      "cand-99a518c8",
      "cand-45eae1ed",
      "cand-5fa9bbca",
      "cand-58a6bc67",
      "cand-e2e95d0b",
      "cand-e7d44996",
      "cand-4fd1f661",
      "cand-f8a32482",
      "cand-65221fbc",
      "cand-0dcbc429",
      "cand-7237f414",
      "cand-13ab4eb7",
      "cand-03a62626",
      "cand-74403bc5",
      "cand-08afa655",
      "cand-8fc0ffa2",
      "cand-6b8a91fa",
      "cand-6b160ae4",
      "cand-e4ab8440",
      "cand-292c094d",
      "cand-bf066e31",
      "cand-bf45bffc",
      "cand-33777180",
      "cand-67548c32",
      "cand-af1ed124",
      "cand-fd3f325b",
      "cand-e8320fab",
      "cand-51877b36",
      "cand-f80d7394",
      "cand-d2b04e0c",
      "cand-d865401d",
      "cand-c2337d4e",
      "cand-bd0f8191",
      "cand-2e68882f",
      "cand-94bc57ed",
      "cand-93a15ca5",
      "cand-197cf126",
      "cand-4e21422c",
      "cand-cc3ed2d8",
      "cand-ad84fefa",
      "cand-e3e4e13a",
      "cand-6d2901b8",
      "cand-c7985187",
      "cand-a3fa7fcf",
      "cand-2181b4f2",
      "cand-e803ef34",
      "cand-cc7eb308",
      "cand-8c710851",
      "cand-8045892e",
      "cand-17273829",
      "cand-e3d89e08",
      "cand-118d9dbb",
      "cand-1a318968",
      "cand-5665b571",
      "cand-80f55e73"
    ],
    "recentProblemKinds": [
      "local_backtest_fail",
      "local_backtest_fail",
      "local_backtest_fail",
      "local_backtest_fail",
      "local_backtest_fail"
    ],
    "recentRepairResults": [
      {
        "repairKind": "entry_frequency_repair",
        "result": "success",
        "repairedCandidateId": "cand-118d9dbb",
        "summary": "Requested entry_frequency_repair after local_backtest_fail."
      },
      {
        "repairKind": "entry_frequency_repair",
        "result": "success",
        "repairedCandidateId": "cand-e83ce936",
        "summary": "Requested entry_frequency_repair after local_backtest_fail."
      },
      {
        "repairKind": "entry_frequency_repair",
        "result": "success",
        "repairedCandidateId": "cand-1a318968",
        "summary": "Requested entry_frequency_repair after local_backtest_fail."
      },
      {
        "repairKind": "entry_frequency_repair",
        "result": "success",
        "repairedCandidateId": "cand-5665b571",
        "summary": "Requested entry_frequency_repair after local_backtest_fail."
      },
      {
        "repairKind": "entry_frequency_repair",
        "result": "success",
        "repairedCandidateId": "cand-80f55e73",
        "summary": "Requested entry_frequency_repair after local_backtest_fail."
      }
    ],
    "scoreFeedbackObserved": true,
    "stage6Readiness": {
      "generatedAt": "2026-04-30T05:22:53.680Z",
      "evaluated": true,
      "passed": true,
      "mode": "deterministic",
      "countRequested": 10,
      "countCompleted": 10,
      "countFailed": 0,
      "activeChampionCandidateId": "cand-a64e2088",
      "freshBootstrapPassed": true,
      "multiIterationPassed": true,
      "rootIsolationPassed": true,
      "repairTraceabilityPassed": true,
      "calibrationQueuePassed": true,
      "scoreFeedbackPassed": true,
      "feedbackClosureRequired": false,
      "calibrationMode": "queue_only",
      "ledgerValidationPassed": true,
      "indexVerificationPassed": true,
      "rootIsolationStatus": {
        "status": "passed",
        "customStateRoot": "C:\\Users\\hanji\\AppData\\Local\\Temp\\af-stage6-state-YAZZ8Y",
        "defaultWorkspaceStateRoot": "C:\\Users\\hanji\\AppData\\Local\\Temp\\af-stage6-workspace-Nnkt1H\\state\\pi-autoresearch",
        "customContextExists": true,
        "defaultWorkspaceStateHasArtifacts": false
      },
      "repairTraceabilityStatus": {
        "status": "passed",
        "successfulRepairCount": 10,
        "successfulRepairsWithoutCandidateCount": 0
      },
      "feedbackClosureStatus": {
        "status": "passed",
        "required": false,
        "promptFeedbackObserved": true,
        "scoreBreakdownFeedbackObserved": false,
        "divergenceCount": 0,
        "confidenceUpdateCount": 0
      },
      "evidence": {
        "tempWorkspaceRoot": null,
        "tempStateRoot": null,
        "localEvaluationCount": 19,
        "headEventCount": 2,
        "archiveEventCount": 11,
        "calibrationEventCount": 2,
        "mutationBriefCount": 18,
        "problemEventCount": 18,
        "repairAttemptCount": 10,
        "deadlineBreachCount": 0
      },
      "warnings": []
    },
    "lastStage6GatePassed": true,
    "rootIsolationStatus": {
      "status": "passed",
      "customStateRoot": "C:\\Users\\hanji\\AppData\\Local\\Temp\\af-stage6-state-YAZZ8Y",
      "defaultWorkspaceStateRoot": "C:\\Users\\hanji\\AppData\\Local\\Temp\\af-stage6-workspace-Nnkt1H\\state\\pi-autoresearch",
      "customContextExists": true,
      "defaultWorkspaceStateHasArtifacts": false
    },
    "repairTraceabilityStatus": {
      "status": "passed",
      "successfulRepairCount": 10,
      "successfulRepairsWithoutCandidateCount": 0
    },
    "feedbackClosureStatus": {
      "status": "passed",
      "required": false,
      "promptFeedbackObserved": true,
      "scoreBreakdownFeedbackObserved": false,
      "divergenceCount": 0,
      "confidenceUpdateCount": 0
    },
    "nextPlannedAction": "local_compatibility_repair",
    "loopMode": "local-first",
    "defaultOperationalView": "v3_autonomous_local_first",
    "projectRoot": "C:\\Users\\hanji\\Desktop\\AF",
    "workspaceRoot": "C:\\Users\\hanji\\Desktop\\AF",
    "stateRoot": "C:\\Users\\hanji\\Desktop\\AF\\state\\pi-autoresearch",
    "traceRoot": "C:\\Users\\hanji\\Desktop\\AF\\state\\pi-autoresearch\\traces",
    "artifactRoot": "C:\\Users\\hanji\\Desktop\\AF\\state\\pi-autoresearch\\artifacts",
    "evidenceRoot": "C:\\Users\\hanji\\Desktop\\AF\\state\\pi-autoresearch\\evidence",
    "runtimeRoot": "C:\\Users\\hanji\\Desktop\\AF\\state\\pi-autoresearch\\runtime",
    "tvVerificationCount": 28,
    "tvHealth": "unavailable",
    "calibrationAutoProcess": false,
    "calibrationMode": "queue_only",
    "lastTvSurfaceFailure": {
      "candidateId": "cand-c6235b65",
      "decision": "tv_surface_failure",
      "iteration": 279,
      "tvCalibrationStatus": "surface_failure",
      "recordedAt": "2026-04-29T18:46:19.526Z"
    },
    "humanOverride": false
  },
  "verification": {
    "ok": true,
    "issues": []
  },
  "tracePath": "C:\\Users\\hanji\\Desktop\\AF\\state\\pi-autoresearch\\traces\\rebuild-indexes-2026-04-30T17-00-47-475Z-trace-2f1eb0a4.jsonl"
}
[2026-05-01T02:00:57.8101885+09:00] iteration 7: rebuild-indexes --verify exit=0
[2026-05-01T02:01:07.8162569+09:00] iteration 8: run-autonomous-loop start
??injected env (11) from .env // tip: ??multiple files { path: ['.env.local', '.env'] }
[autonomous.loop.start] run-autonomous-loop | Starting autonomous local-first loop | 2026-04-30T17:01:08.096Z
[iteration.started] run-autonomous-loop | Starting autonomous iteration | 2026-04-30T17:01:08.098Z
[phase.started] run-autonomous-loop | Initializing autonomous workspace | 2026-04-30T17:01:08.108Z
[phase.completed] run-autonomous-loop | Initializing autonomous workspace | 2026-04-30T17:01:09.792Z
[phase.started] run-autonomous-loop | Generating autonomous mutation candidate | 2026-04-30T17:01:10.998Z
[autonomous.mutation.request] run-autonomous-loop | Sending autonomous mutation request | 2026-04-30T17:01:10.999Z
[phase.completed] run-autonomous-loop | Generating autonomous mutation candidate | 2026-04-30T17:03:18.363Z
[phase.started] run-autonomous-loop | Evaluating autonomous candidate locally | 2026-04-30T17:03:18.364Z
[autonomous.market_context_ready] run-autonomous-loop | Local-first market context is ready | 2026-04-30T17:03:18.372Z
[autonomous.local_evaluation] run-autonomous-loop | Local autonomous evaluation completed | 2026-04-30T17:03:18.425Z
[phase.completed] run-autonomous-loop | Evaluating autonomous candidate locally | 2026-04-30T17:03:18.443Z
[phase.started] run-autonomous-loop | Repairing autonomous candidate after local failure | 2026-04-30T17:03:18.444Z
[phase.completed] run-autonomous-loop | Repairing autonomous candidate after local failure | 2026-04-30T17:05:11.347Z
[phase.started] run-autonomous-loop | Evaluating repaired autonomous candidate locally | 2026-04-30T17:05:12.262Z
[autonomous.market_context_ready] run-autonomous-loop | Local-first market context is ready | 2026-04-30T17:05:12.268Z
[autonomous.local_evaluation] run-autonomous-loop | Local autonomous evaluation completed | 2026-04-30T17:05:12.304Z
[phase.completed] run-autonomous-loop | Evaluating repaired autonomous candidate locally | 2026-04-30T17:05:12.328Z
[phase.started] run-autonomous-loop | Updating autonomous archive views | 2026-04-30T17:05:12.329Z
[phase.completed] run-autonomous-loop | Updating autonomous archive views | 2026-04-30T17:05:12.332Z
[phase.started] run-autonomous-loop | Queueing candidate for TradingView calibration | 2026-04-30T17:05:12.332Z
[phase.completed] run-autonomous-loop | Queueing candidate for TradingView calibration | 2026-04-30T17:05:12.338Z
[phase.started] run-autonomous-loop | Selecting active autonomous champion | 2026-04-30T17:05:13.191Z
[phase.completed] run-autonomous-loop | Selecting active autonomous champion | 2026-04-30T17:05:13.676Z
[phase.started] run-autonomous-loop | Rebuilding derived autonomous views | 2026-04-30T17:05:13.677Z
[phase.completed] run-autonomous-loop | Rebuilding derived autonomous views | 2026-04-30T17:05:15.449Z
[iteration.completed] run-autonomous-loop | Autonomous iteration completed | 2026-04-30T17:05:15.449Z
{
  "countRequested": 1,
  "countCompleted": 1,
  "countFailed": 0,
  "results": [
    {
      "runId": "autonomous-1777568468106",
      "iteration": 568,
      "candidateId": "cand-74341bb6",
      "localDecision": "local_candidate_rejected",
      "activeChampionChanged": false,
      "activeChampionCandidateId": "cand-42ed2fa4"
    }
  ],
  "deadlineBreaches": [],
  "autonomousState": {
    "generatedAt": "2026-04-30T17:05:16.977Z",
    "activeChampionCandidateId": "cand-42ed2fa4",
    "activeChampionScore": 0.7879,
    "activeChampionDecision": "local_candidate_eligible",
    "championOrigin": "autonomous",
    "researchMaturity": "steady_state",
    "selectedBy": "auto_policy",
    "selectionPolicyVersion": "autonomous-local-first/v3-p0",
    "objectivePolicyVersion": "objective.qqq-120m/v1",
    "headEventCount": 2,
    "archiveEventCount": 268,
    "calibrationEventCount": 284,
    "calibrationCandidateCount": 256,
    "divergenceCount": 27,
    "localConfidenceUpdateCount": 27,
    "problemEventCount": 156,
    "repairAttemptCount": 76,
    "localEvaluationCount": 349,
    "localEligibleCount": 203,
    "bootstrapCompatibleCount": 0,
    "bootstrapEligibleCount": 0,
    "bootstrapStatus": "not_started",
    "bootstrapSource": null,
    "bootstrapReason": null,
    "localRejectedCount": 141,
    "topBlockingReason": "low_trade_count",
    "pendingCalibrationCandidateCount": 228,
    "pendingCalibrationCandidateIds": [
      "cand-0e6a0180",
      "cand-9f33e80b",
      "cand-772d8a1e",
      "cand-f28d2e01",
      "cand-9a5dbcc7",
      "cand-b01be933",
      "cand-0a692f84",
      "cand-4f8faae3",
      "cand-35a74bba",
      "cand-c6b25611",
      "cand-ccdae17b",
      "cand-b8102dcd",
      "cand-8a1fe27b",
      "cand-ebbdd6a9",
      "cand-80dfaaa1",
      "cand-03f30a70",
      "cand-2f290563",
      "cand-e76cded5",
      "cand-710d8bc6",
      "cand-dd7e63cf",
      "cand-949bf032",
      "cand-b14595e0",
      "cand-90dc4ec3",
      "cand-f1103886",
      "cand-77224b87",
      "cand-55f47b32",
      "cand-cb18c54a",
      "cand-8a1a7cf2",
      "cand-db12aa7d",
      "cand-eb3175fc",
      "cand-ce89005b",
      "cand-b333865d",
      "cand-14f5f8ff",
      "cand-87a7fa06",
      "cand-609d9f19",
      "cand-09a0ae17",
      "cand-fbb3fb78",
      "cand-7bff0c1a",
      "cand-6e976c42",
      "cand-eaf67b92",
      "cand-ea5075a8",
      "cand-c0d6f969",
      "cand-946579c0",
      "cand-1638111b",
      "cand-840b49c0",
      "cand-a1b63e8c",
      "cand-d3fa966c",
      "cand-af6ef21e",
      "cand-c5832df6",
      "cand-57321a8c",
      "cand-3004b0f8",
      "cand-00644032",
      "cand-6272ab0f",
      "cand-7b341ad0",
      "cand-5c90b0de",
      "cand-350b7e7b",
      "cand-05218055",
      "cand-6ebbd52a",
      "cand-9edd626e",
      "cand-5d685d8a",
      "cand-addb3d5a",
      "cand-1a03e904",
      "cand-935b6a7d",
      "cand-11e460d8",
      "cand-58484f09",
      "cand-c3549cdc",
      "cand-e000c048",
      "cand-5927e5ca",
      "cand-7ae4d6eb",
      "cand-bd3c959f",
      "cand-ad98c7fd",
      "cand-a3456179",
      "cand-fa19c7db",
      "cand-8211114e",
      "cand-737e8acc",
      "cand-9ae5abb8",
      "cand-f68c494c",
      "cand-0cb06744",
      "cand-c4540c5e",
      "cand-887ba798",
      "cand-334ff9ed",
      "cand-1e7bb092",
      "cand-940106ac",
      "cand-b1575fba",
      "cand-1c1cb560",
      "cand-2ba5ca56",
      "cand-4e158d7d",
      "cand-ee1867a5",
      "cand-ccf655ee",
      "cand-2f2f67f1",
      "cand-dd0d4883",
      "cand-9e390b78",
      "cand-2b509e63",
      "cand-a42bb737",
      "cand-ba65a405",
      "cand-95b5fcb4",
      "cand-c1decc14",
      "cand-fad40100",
      "cand-3d99c3c3",
      "cand-ed6ed300",
      "cand-36473405",
      "cand-32556840",
      "cand-056beb3f",
      "cand-fef34f1d",
      "cand-4e58abee",
      "cand-6c095f1d",
      "cand-72fdbd0a",
      "cand-1a73f98c",
      "cand-60e5fb9a",
      "cand-fbd6e1cd",
      "cand-6fa9e64c",
      "cand-b3ce6dfd",
      "cand-d7b18242",
      "cand-cddf1147",
      "cand-a2b17756",
      "cand-4106d658",
      "cand-bf2319b1",
      "cand-1be3a1ed",
      "cand-ec8276d1",
      "cand-66da2fad",
      "cand-10487d69",
      "cand-a0b082a6",
      "cand-e1c37158",
      "cand-3924bc09",
      "cand-c5a37a36",
      "cand-9f921b3b",
      "cand-976660f2",
      "cand-1fd659d1",
      "cand-1ebe3284",
      "cand-a05583cb",
      "cand-68e1f6c0",
      "cand-939bafa7",
      "cand-5dfb966e",
      "cand-ec9d7a77",
      "cand-c9bd8a69",
      "cand-cad467d1",
      "cand-30ca4ecf",
      "cand-274a3d78",
      "cand-8f6a1544",
      "cand-be21675f",
      "cand-17c07e8f",
      "cand-60166f81",
      "cand-8f82de94",
      "cand-42460886",
      "cand-9295e93d",
      "cand-5a54f71c",
      "cand-a12eacdf",
      "cand-5b236726",
      "cand-dbfe05b6",
      "cand-eb4f9103",
      "cand-294a8337",
      "cand-54d331f7",
      "cand-303f93be",
      "cand-64ceccd8",
      "cand-82301049",
      "cand-cb926322",
      "cand-9740ccd3",
      "cand-45f69d7a",
      "cand-8195e18c",
      "cand-9ad02865",
      "cand-b0561318",
      "cand-77645d5d",
      "cand-3913b48a",
      "cand-d8c529f0",
      "cand-3e0617a5",
      "cand-796b47d8",
      "cand-da5bc8a6",
      "cand-6385aa99",
      "cand-ce0fb6b8",
      "cand-f53efe87",
      "cand-541078ba",
      "cand-102cde43",
      "cand-99a518c8",
      "cand-45eae1ed",
      "cand-5fa9bbca",
      "cand-58a6bc67",
      "cand-e2e95d0b",
      "cand-e7d44996",
      "cand-4fd1f661",
      "cand-f8a32482",
      "cand-65221fbc",
      "cand-0dcbc429",
      "cand-7237f414",
      "cand-13ab4eb7",
      "cand-03a62626",
      "cand-74403bc5",
      "cand-08afa655",
      "cand-8fc0ffa2",
      "cand-6b8a91fa",
      "cand-6b160ae4",
      "cand-e4ab8440",
      "cand-292c094d",
      "cand-bf066e31",
      "cand-bf45bffc",
      "cand-33777180",
      "cand-67548c32",
      "cand-af1ed124",
      "cand-fd3f325b",
      "cand-e8320fab",
      "cand-51877b36",
      "cand-f80d7394",
      "cand-d2b04e0c",
      "cand-d865401d",
      "cand-c2337d4e",
      "cand-bd0f8191",
      "cand-2e68882f",
      "cand-94bc57ed",
      "cand-93a15ca5",
      "cand-197cf126",
      "cand-4e21422c",
      "cand-cc3ed2d8",
      "cand-ad84fefa",
      "cand-e3e4e13a",
      "cand-6d2901b8",
      "cand-c7985187",
      "cand-a3fa7fcf",
      "cand-2181b4f2",
      "cand-e803ef34",
      "cand-cc7eb308",
      "cand-8c710851",
      "cand-8045892e",
      "cand-17273829",
      "cand-e3d89e08",
      "cand-118d9dbb",
      "cand-1a318968",
      "cand-5665b571",
      "cand-80f55e73",
      "cand-74341bb6"
    ],
    "recentProblemKinds": [
      "local_backtest_fail",
      "local_backtest_fail",
      "local_backtest_fail",
      "local_backtest_fail",
      "local_backtest_fail"
    ],
    "recentRepairResults": [
      {
        "repairKind": "entry_frequency_repair",
        "result": "success",
        "repairedCandidateId": "cand-e83ce936",
        "summary": "Requested entry_frequency_repair after local_backtest_fail."
      },
      {
        "repairKind": "entry_frequency_repair",
        "result": "success",
        "repairedCandidateId": "cand-1a318968",
        "summary": "Requested entry_frequency_repair after local_backtest_fail."
      },
      {
        "repairKind": "entry_frequency_repair",
        "result": "success",
        "repairedCandidateId": "cand-5665b571",
        "summary": "Requested entry_frequency_repair after local_backtest_fail."
      },
      {
        "repairKind": "entry_frequency_repair",
        "result": "success",
        "repairedCandidateId": "cand-80f55e73",
        "summary": "Requested entry_frequency_repair after local_backtest_fail."
      },
      {
        "repairKind": "archive_gap_redirect",
        "result": "success",
        "repairedCandidateId": "cand-74341bb6",
        "summary": "Requested archive_gap_redirect after local_backtest_fail."
      }
    ],
    "scoreFeedbackObserved": true,
    "stage6Readiness": {
      "generatedAt": "2026-04-30T05:22:53.680Z",
      "evaluated": true,
      "passed": true,
      "mode": "deterministic",
      "countRequested": 10,
      "countCompleted": 10,
      "countFailed": 0,
      "activeChampionCandidateId": "cand-a64e2088",
      "freshBootstrapPassed": true,
      "multiIterationPassed": true,
      "rootIsolationPassed": true,
      "repairTraceabilityPassed": true,
      "calibrationQueuePassed": true,
      "scoreFeedbackPassed": true,
      "feedbackClosureRequired": false,
      "calibrationMode": "queue_only",
      "ledgerValidationPassed": true,
      "indexVerificationPassed": true,
      "rootIsolationStatus": {
        "status": "passed",
        "customStateRoot": "C:\\Users\\hanji\\AppData\\Local\\Temp\\af-stage6-state-YAZZ8Y",
        "defaultWorkspaceStateRoot": "C:\\Users\\hanji\\AppData\\Local\\Temp\\af-stage6-workspace-Nnkt1H\\state\\pi-autoresearch",
        "customContextExists": true,
        "defaultWorkspaceStateHasArtifacts": false
      },
      "repairTraceabilityStatus": {
        "status": "passed",
        "successfulRepairCount": 10,
        "successfulRepairsWithoutCandidateCount": 0
      },
      "feedbackClosureStatus": {
        "status": "passed",
        "required": false,
        "promptFeedbackObserved": true,
        "scoreBreakdownFeedbackObserved": false,
        "divergenceCount": 0,
        "confidenceUpdateCount": 0
      },
      "evidence": {
        "tempWorkspaceRoot": null,
        "tempStateRoot": null,
        "localEvaluationCount": 19,
        "headEventCount": 2,
        "archiveEventCount": 11,
        "calibrationEventCount": 2,
        "mutationBriefCount": 18,
        "problemEventCount": 18,
        "repairAttemptCount": 10,
        "deadlineBreachCount": 0
      },
      "warnings": []
    },
    "lastStage6GatePassed": true,
    "rootIsolationStatus": {
      "status": "passed",
      "customStateRoot": "C:\\Users\\hanji\\AppData\\Local\\Temp\\af-stage6-state-YAZZ8Y",
      "defaultWorkspaceStateRoot": "C:\\Users\\hanji\\AppData\\Local\\Temp\\af-stage6-workspace-Nnkt1H\\state\\pi-autoresearch",
      "customContextExists": true,
      "defaultWorkspaceStateHasArtifacts": false
    },
    "repairTraceabilityStatus": {
      "status": "passed",
      "successfulRepairCount": 10,
      "successfulRepairsWithoutCandidateCount": 0
    },
    "feedbackClosureStatus": {
      "status": "passed",
      "required": false,
      "promptFeedbackObserved": true,
      "scoreBreakdownFeedbackObserved": false,
      "divergenceCount": 0,
      "confidenceUpdateCount": 0
    },
    "nextPlannedAction": "local_compatibility_repair",
    "loopMode": "local-first",
    "defaultOperationalView": "v3_autonomous_local_first",
    "projectRoot": "C:\\Users\\hanji\\Desktop\\AF",
    "workspaceRoot": "C:\\Users\\hanji\\Desktop\\AF",
    "stateRoot": "C:\\Users\\hanji\\Desktop\\AF\\state\\pi-autoresearch",
    "traceRoot": "C:\\Users\\hanji\\Desktop\\AF\\state\\pi-autoresearch\\traces",
    "artifactRoot": "C:\\Users\\hanji\\Desktop\\AF\\state\\pi-autoresearch\\artifacts",
    "evidenceRoot": "C:\\Users\\hanji\\Desktop\\AF\\state\\pi-autoresearch\\evidence",
    "runtimeRoot": "C:\\Users\\hanji\\Desktop\\AF\\state\\pi-autoresearch\\runtime",
    "tvVerificationCount": 28,
    "tvHealth": "unavailable",
    "calibrationAutoProcess": false,
    "calibrationMode": "queue_only",
    "lastTvSurfaceFailure": {
      "candidateId": "cand-c6235b65",
      "decision": "tv_surface_failure",
      "iteration": 279,
      "tvCalibrationStatus": "surface_failure",
      "recordedAt": "2026-04-29T18:46:19.526Z"
    },
    "humanOverride": false
  },
  "tracePath": "C:\\Users\\hanji\\Desktop\\AF\\state\\pi-autoresearch\\traces\\run-autonomous-loop-2026-04-30T17-01-08-095Z-trace-a816711d.jsonl"
}
[2026-05-01T02:05:17.5817895+09:00] iteration 8: run-autonomous-loop exit=0
[2026-05-01T02:05:17.5817895+09:00] iteration 8: validate-ledger start
??injected env (11) from .env // tip: ??secrets for agents [www.dotenvx.com]
[ledger.validation] validate-ledger | Ledger validation completed | 2026-04-30T17:05:20.779Z
{
  "ok": true,
  "errorCount": 0,
  "warningCount": 6,
  "issues": [
    {
      "severity": "warning",
      "scope": "experiment-record-meta",
      "recordId": "cand-f918d6d8",
      "message": "recordHash does not match the serialized experiment record."
    },
    {
      "severity": "warning",
      "scope": "experiment-record-meta",
      "recordId": "cand-3f99a396",
      "message": "recordHash does not match the serialized experiment record."
    },
    {
      "severity": "warning",
      "scope": "experiment-record-meta",
      "recordId": "cand-93a71a19",
      "message": "recordHash does not match the serialized experiment record."
    },
    {
      "severity": "warning",
      "scope": "experiment-record-meta",
      "recordId": "cand-560e2d3b",
      "message": "recordHash does not match the serialized experiment record."
    },
    {
      "severity": "warning",
      "scope": "experiment-record-meta",
      "recordId": "cand-24b4021d",
      "message": "recordHash does not match the serialized experiment record."
    },
    {
      "severity": "warning",
      "scope": "candidate-dedup",
      "recordId": "bfee8f4eb7eabba2047b8b2270beef764a3942811cda8134d75c15c171c0c26a",
      "message": "Duplicate candidate source hash detected across ids: cand-2a5e6ffe, cand-51397d04, cand-9cbc4c5f, cand-a93778fa, cand-bbb67c15, cand-fdc1ae65"
    }
  ],
  "summary": {
    "experiments": 569,
    "candidates": 519,
    "taskBatches": 131
  },
  "stateRoot": "C:\\Users\\hanji\\Desktop\\AF\\state\\pi-autoresearch",
  "tracePath": "C:\\Users\\hanji\\Desktop\\AF\\state\\pi-autoresearch\\traces\\validate-ledger-2026-04-30T17-05-17-846Z-trace-6fef2fee.jsonl"
}
[2026-05-01T02:05:20.9290801+09:00] iteration 8: validate-ledger exit=0
[2026-05-01T02:05:20.9300781+09:00] iteration 8: rebuild-indexes --verify start
??injected env (11) from .env // tip: ??secrets for agents [www.dotenvx.com]
[?몃뜳???ъ깮???쒖옉] ?몃뜳???ъ깮??| ?뚯깮 ?몃뜳?ㅻ? ?ъ깮?깊빀?덈떎. state: C:\Users\hanji\Desktop\AF\state\pi-autoresearch | 2026-04-30T17:05:22.868Z
[?몃뜳???ъ깮???꾨즺] ?몃뜳???ъ깮??| ?뚯깮 ?몃뜳???ъ깮?깆쓣 留덉낀?듬땲?? state: C:\Users\hanji\Desktop\AF\state\pi-autoresearch | 2026-04-30T17:05:31.800Z
{
  "rebuilt": true,
  "stateRoot": "C:\\Users\\hanji\\Desktop\\AF\\state\\pi-autoresearch",
  "autonomousState": {
    "generatedAt": "2026-04-30T17:05:25.845Z",
    "activeChampionCandidateId": "cand-42ed2fa4",
    "activeChampionScore": 0.7879,
    "activeChampionDecision": "local_candidate_eligible",
    "championOrigin": "autonomous",
    "researchMaturity": "steady_state",
    "selectedBy": "auto_policy",
    "selectionPolicyVersion": "autonomous-local-first/v3-p0",
    "objectivePolicyVersion": "objective.qqq-120m/v1",
    "headEventCount": 2,
    "archiveEventCount": 268,
    "calibrationEventCount": 284,
    "calibrationCandidateCount": 256,
    "divergenceCount": 27,
    "localConfidenceUpdateCount": 27,
    "problemEventCount": 156,
    "repairAttemptCount": 76,
    "localEvaluationCount": 349,
    "localEligibleCount": 203,
    "bootstrapCompatibleCount": 0,
    "bootstrapEligibleCount": 0,
    "bootstrapStatus": "not_started",
    "bootstrapSource": null,
    "bootstrapReason": null,
    "localRejectedCount": 141,
    "topBlockingReason": "low_trade_count",
    "pendingCalibrationCandidateCount": 228,
    "pendingCalibrationCandidateIds": [
      "cand-0e6a0180",
      "cand-9f33e80b",
      "cand-772d8a1e",
      "cand-f28d2e01",
      "cand-9a5dbcc7",
      "cand-b01be933",
      "cand-0a692f84",
      "cand-4f8faae3",
      "cand-35a74bba",
      "cand-c6b25611",
      "cand-ccdae17b",
      "cand-b8102dcd",
      "cand-8a1fe27b",
      "cand-ebbdd6a9",
      "cand-80dfaaa1",
      "cand-03f30a70",
      "cand-2f290563",
      "cand-e76cded5",
      "cand-710d8bc6",
      "cand-dd7e63cf",
      "cand-949bf032",
      "cand-b14595e0",
      "cand-90dc4ec3",
      "cand-f1103886",
      "cand-77224b87",
      "cand-55f47b32",
      "cand-cb18c54a",
      "cand-8a1a7cf2",
      "cand-db12aa7d",
      "cand-eb3175fc",
      "cand-ce89005b",
      "cand-b333865d",
      "cand-14f5f8ff",
      "cand-87a7fa06",
      "cand-609d9f19",
      "cand-09a0ae17",
      "cand-fbb3fb78",
      "cand-7bff0c1a",
      "cand-6e976c42",
      "cand-eaf67b92",
      "cand-ea5075a8",
      "cand-c0d6f969",
      "cand-946579c0",
      "cand-1638111b",
      "cand-840b49c0",
      "cand-a1b63e8c",
      "cand-d3fa966c",
      "cand-af6ef21e",
      "cand-c5832df6",
      "cand-57321a8c",
      "cand-3004b0f8",
      "cand-00644032",
      "cand-6272ab0f",
      "cand-7b341ad0",
      "cand-5c90b0de",
      "cand-350b7e7b",
      "cand-05218055",
      "cand-6ebbd52a",
      "cand-9edd626e",
      "cand-5d685d8a",
      "cand-addb3d5a",
      "cand-1a03e904",
      "cand-935b6a7d",
      "cand-11e460d8",
      "cand-58484f09",
      "cand-c3549cdc",
      "cand-e000c048",
      "cand-5927e5ca",
      "cand-7ae4d6eb",
      "cand-bd3c959f",
      "cand-ad98c7fd",
      "cand-a3456179",
      "cand-fa19c7db",
      "cand-8211114e",
      "cand-737e8acc",
      "cand-9ae5abb8",
      "cand-f68c494c",
      "cand-0cb06744",
      "cand-c4540c5e",
      "cand-887ba798",
      "cand-334ff9ed",
      "cand-1e7bb092",
      "cand-940106ac",
      "cand-b1575fba",
      "cand-1c1cb560",
      "cand-2ba5ca56",
      "cand-4e158d7d",
      "cand-ee1867a5",
      "cand-ccf655ee",
      "cand-2f2f67f1",
      "cand-dd0d4883",
      "cand-9e390b78",
      "cand-2b509e63",
      "cand-a42bb737",
      "cand-ba65a405",
      "cand-95b5fcb4",
      "cand-c1decc14",
      "cand-fad40100",
      "cand-3d99c3c3",
      "cand-ed6ed300",
      "cand-36473405",
      "cand-32556840",
      "cand-056beb3f",
      "cand-fef34f1d",
      "cand-4e58abee",
      "cand-6c095f1d",
      "cand-72fdbd0a",
      "cand-1a73f98c",
      "cand-60e5fb9a",
      "cand-fbd6e1cd",
      "cand-6fa9e64c",
      "cand-b3ce6dfd",
      "cand-d7b18242",
      "cand-cddf1147",
      "cand-a2b17756",
      "cand-4106d658",
      "cand-bf2319b1",
      "cand-1be3a1ed",
      "cand-ec8276d1",
      "cand-66da2fad",
      "cand-10487d69",
      "cand-a0b082a6",
      "cand-e1c37158",
      "cand-3924bc09",
      "cand-c5a37a36",
      "cand-9f921b3b",
      "cand-976660f2",
      "cand-1fd659d1",
      "cand-1ebe3284",
      "cand-a05583cb",
      "cand-68e1f6c0",
      "cand-939bafa7",
      "cand-5dfb966e",
      "cand-ec9d7a77",
      "cand-c9bd8a69",
      "cand-cad467d1",
      "cand-30ca4ecf",
      "cand-274a3d78",
      "cand-8f6a1544",
      "cand-be21675f",
      "cand-17c07e8f",
      "cand-60166f81",
      "cand-8f82de94",
      "cand-42460886",
      "cand-9295e93d",
      "cand-5a54f71c",
      "cand-a12eacdf",
      "cand-5b236726",
      "cand-dbfe05b6",
      "cand-eb4f9103",
      "cand-294a8337",
      "cand-54d331f7",
      "cand-303f93be",
      "cand-64ceccd8",
      "cand-82301049",
      "cand-cb926322",
      "cand-9740ccd3",
      "cand-45f69d7a",
      "cand-8195e18c",
      "cand-9ad02865",
      "cand-b0561318",
      "cand-77645d5d",
      "cand-3913b48a",
      "cand-d8c529f0",
      "cand-3e0617a5",
      "cand-796b47d8",
      "cand-da5bc8a6",
      "cand-6385aa99",
      "cand-ce0fb6b8",
      "cand-f53efe87",
      "cand-541078ba",
      "cand-102cde43",
      "cand-99a518c8",
      "cand-45eae1ed",
      "cand-5fa9bbca",
      "cand-58a6bc67",
      "cand-e2e95d0b",
      "cand-e7d44996",
      "cand-4fd1f661",
      "cand-f8a32482",
      "cand-65221fbc",
      "cand-0dcbc429",
      "cand-7237f414",
      "cand-13ab4eb7",
      "cand-03a62626",
      "cand-74403bc5",
      "cand-08afa655",
      "cand-8fc0ffa2",
      "cand-6b8a91fa",
      "cand-6b160ae4",
      "cand-e4ab8440",
      "cand-292c094d",
      "cand-bf066e31",
      "cand-bf45bffc",
      "cand-33777180",
      "cand-67548c32",
      "cand-af1ed124",
      "cand-fd3f325b",
      "cand-e8320fab",
      "cand-51877b36",
      "cand-f80d7394",
      "cand-d2b04e0c",
      "cand-d865401d",
      "cand-c2337d4e",
      "cand-bd0f8191",
      "cand-2e68882f",
      "cand-94bc57ed",
      "cand-93a15ca5",
      "cand-197cf126",
      "cand-4e21422c",
      "cand-cc3ed2d8",
      "cand-ad84fefa",
      "cand-e3e4e13a",
      "cand-6d2901b8",
      "cand-c7985187",
      "cand-a3fa7fcf",
      "cand-2181b4f2",
      "cand-e803ef34",
      "cand-cc7eb308",
      "cand-8c710851",
      "cand-8045892e",
      "cand-17273829",
      "cand-e3d89e08",
      "cand-118d9dbb",
      "cand-1a318968",
      "cand-5665b571",
      "cand-80f55e73",
      "cand-74341bb6"
    ],
    "recentProblemKinds": [
      "local_backtest_fail",
      "local_backtest_fail",
      "local_backtest_fail",
      "local_backtest_fail",
      "local_backtest_fail"
    ],
    "recentRepairResults": [
      {
        "repairKind": "entry_frequency_repair",
        "result": "success",
        "repairedCandidateId": "cand-e83ce936",
        "summary": "Requested entry_frequency_repair after local_backtest_fail."
      },
      {
        "repairKind": "entry_frequency_repair",
        "result": "success",
        "repairedCandidateId": "cand-1a318968",
        "summary": "Requested entry_frequency_repair after local_backtest_fail."
      },
      {
        "repairKind": "entry_frequency_repair",
        "result": "success",
        "repairedCandidateId": "cand-5665b571",
        "summary": "Requested entry_frequency_repair after local_backtest_fail."
      },
      {
        "repairKind": "entry_frequency_repair",
        "result": "success",
        "repairedCandidateId": "cand-80f55e73",
        "summary": "Requested entry_frequency_repair after local_backtest_fail."
      },
      {
        "repairKind": "archive_gap_redirect",
        "result": "success",
        "repairedCandidateId": "cand-74341bb6",
        "summary": "Requested archive_gap_redirect after local_backtest_fail."
      }
    ],
    "scoreFeedbackObserved": true,
    "stage6Readiness": {
      "generatedAt": "2026-04-30T05:22:53.680Z",
      "evaluated": true,
      "passed": true,
      "mode": "deterministic",
      "countRequested": 10,
      "countCompleted": 10,
      "countFailed": 0,
      "activeChampionCandidateId": "cand-a64e2088",
      "freshBootstrapPassed": true,
      "multiIterationPassed": true,
      "rootIsolationPassed": true,
      "repairTraceabilityPassed": true,
      "calibrationQueuePassed": true,
      "scoreFeedbackPassed": true,
      "feedbackClosureRequired": false,
      "calibrationMode": "queue_only",
      "ledgerValidationPassed": true,
      "indexVerificationPassed": true,
      "rootIsolationStatus": {
        "status": "passed",
        "customStateRoot": "C:\\Users\\hanji\\AppData\\Local\\Temp\\af-stage6-state-YAZZ8Y",
        "defaultWorkspaceStateRoot": "C:\\Users\\hanji\\AppData\\Local\\Temp\\af-stage6-workspace-Nnkt1H\\state\\pi-autoresearch",
        "customContextExists": true,
        "defaultWorkspaceStateHasArtifacts": false
      },
      "repairTraceabilityStatus": {
        "status": "passed",
        "successfulRepairCount": 10,
        "successfulRepairsWithoutCandidateCount": 0
      },
      "feedbackClosureStatus": {
        "status": "passed",
        "required": false,
        "promptFeedbackObserved": true,
        "scoreBreakdownFeedbackObserved": false,
        "divergenceCount": 0,
        "confidenceUpdateCount": 0
      },
      "evidence": {
        "tempWorkspaceRoot": null,
        "tempStateRoot": null,
        "localEvaluationCount": 19,
        "headEventCount": 2,
        "archiveEventCount": 11,
        "calibrationEventCount": 2,
        "mutationBriefCount": 18,
        "problemEventCount": 18,
        "repairAttemptCount": 10,
        "deadlineBreachCount": 0
      },
      "warnings": []
    },
    "lastStage6GatePassed": true,
    "rootIsolationStatus": {
      "status": "passed",
      "customStateRoot": "C:\\Users\\hanji\\AppData\\Local\\Temp\\af-stage6-state-YAZZ8Y",
      "defaultWorkspaceStateRoot": "C:\\Users\\hanji\\AppData\\Local\\Temp\\af-stage6-workspace-Nnkt1H\\state\\pi-autoresearch",
      "customContextExists": true,
      "defaultWorkspaceStateHasArtifacts": false
    },
    "repairTraceabilityStatus": {
      "status": "passed",
      "successfulRepairCount": 10,
      "successfulRepairsWithoutCandidateCount": 0
    },
    "feedbackClosureStatus": {
      "status": "passed",
      "required": false,
      "promptFeedbackObserved": true,
      "scoreBreakdownFeedbackObserved": false,
      "divergenceCount": 0,
      "confidenceUpdateCount": 0
    },
    "nextPlannedAction": "local_compatibility_repair",
    "loopMode": "local-first",
    "defaultOperationalView": "v3_autonomous_local_first",
    "projectRoot": "C:\\Users\\hanji\\Desktop\\AF",
    "workspaceRoot": "C:\\Users\\hanji\\Desktop\\AF",
    "stateRoot": "C:\\Users\\hanji\\Desktop\\AF\\state\\pi-autoresearch",
    "traceRoot": "C:\\Users\\hanji\\Desktop\\AF\\state\\pi-autoresearch\\traces",
    "artifactRoot": "C:\\Users\\hanji\\Desktop\\AF\\state\\pi-autoresearch\\artifacts",
    "evidenceRoot": "C:\\Users\\hanji\\Desktop\\AF\\state\\pi-autoresearch\\evidence",
    "runtimeRoot": "C:\\Users\\hanji\\Desktop\\AF\\state\\pi-autoresearch\\runtime",
    "tvVerificationCount": 28,
    "tvHealth": "unavailable",
    "calibrationAutoProcess": false,
    "calibrationMode": "queue_only",
    "lastTvSurfaceFailure": {
      "candidateId": "cand-c6235b65",
      "decision": "tv_surface_failure",
      "iteration": 279,
      "tvCalibrationStatus": "surface_failure",
      "recordedAt": "2026-04-29T18:46:19.526Z"
    },
    "humanOverride": false
  },
  "verification": {
    "ok": true,
    "issues": []
  },
  "tracePath": "C:\\Users\\hanji\\Desktop\\AF\\state\\pi-autoresearch\\traces\\rebuild-indexes-2026-04-30T17-05-21-187Z-trace-ae6750ba.jsonl"
}
[2026-05-01T02:05:32.0039735+09:00] iteration 8: rebuild-indexes --verify exit=0
[2026-05-01T02:05:42.0139871+09:00] iteration 9: run-autonomous-loop start
??injected env (11) from .env // tip: ??encrypted .env [www.dotenvx.com]
[autonomous.loop.start] run-autonomous-loop | Starting autonomous local-first loop | 2026-04-30T17:05:42.280Z
[iteration.started] run-autonomous-loop | Starting autonomous iteration | 2026-04-30T17:05:42.282Z
[phase.started] run-autonomous-loop | Initializing autonomous workspace | 2026-04-30T17:05:42.292Z
[phase.completed] run-autonomous-loop | Initializing autonomous workspace | 2026-04-30T17:05:43.909Z
[phase.started] run-autonomous-loop | Generating autonomous mutation candidate | 2026-04-30T17:05:45.015Z
[autonomous.mutation.request] run-autonomous-loop | Sending autonomous mutation request | 2026-04-30T17:05:45.016Z
[phase.completed] run-autonomous-loop | Generating autonomous mutation candidate | 2026-04-30T17:07:50.729Z
[phase.started] run-autonomous-loop | Evaluating autonomous candidate locally | 2026-04-30T17:07:50.729Z
[autonomous.market_context_ready] run-autonomous-loop | Local-first market context is ready | 2026-04-30T17:07:50.738Z
[autonomous.local_evaluation] run-autonomous-loop | Local autonomous evaluation completed | 2026-04-30T17:07:50.793Z
[phase.completed] run-autonomous-loop | Evaluating autonomous candidate locally | 2026-04-30T17:07:50.811Z
[phase.started] run-autonomous-loop | Repairing autonomous candidate after local failure | 2026-04-30T17:07:50.811Z
[phase.completed] run-autonomous-loop | Repairing autonomous candidate after local failure | 2026-04-30T17:09:46.634Z
[phase.started] run-autonomous-loop | Evaluating repaired autonomous candidate locally | 2026-04-30T17:09:47.552Z
[autonomous.market_context_ready] run-autonomous-loop | Local-first market context is ready | 2026-04-30T17:09:47.564Z
[autonomous.local_evaluation] run-autonomous-loop | Local autonomous evaluation completed | 2026-04-30T17:09:47.603Z
[phase.completed] run-autonomous-loop | Evaluating repaired autonomous candidate locally | 2026-04-30T17:09:47.624Z
[phase.started] run-autonomous-loop | Updating autonomous archive views | 2026-04-30T17:09:47.625Z
[phase.completed] run-autonomous-loop | Updating autonomous archive views | 2026-04-30T17:09:47.628Z
[phase.started] run-autonomous-loop | Queueing candidate for TradingView calibration | 2026-04-30T17:09:47.628Z
[phase.completed] run-autonomous-loop | Queueing candidate for TradingView calibration | 2026-04-30T17:09:47.632Z
[phase.started] run-autonomous-loop | Selecting active autonomous champion | 2026-04-30T17:09:48.485Z
[phase.completed] run-autonomous-loop | Selecting active autonomous champion | 2026-04-30T17:09:49.029Z
[phase.started] run-autonomous-loop | Rebuilding derived autonomous views | 2026-04-30T17:09:49.033Z
[phase.completed] run-autonomous-loop | Rebuilding derived autonomous views | 2026-04-30T17:09:51.079Z
[iteration.completed] run-autonomous-loop | Autonomous iteration completed | 2026-04-30T17:09:51.080Z
{
  "countRequested": 1,
  "countCompleted": 1,
  "countFailed": 0,
  "results": [
    {
      "runId": "autonomous-1777568742291",
      "iteration": 570,
      "candidateId": "cand-6a470e0a",
      "localDecision": "local_candidate_rejected",
      "activeChampionChanged": false,
      "activeChampionCandidateId": "cand-42ed2fa4"
    }
  ],
  "deadlineBreaches": [],
  "autonomousState": {
    "generatedAt": "2026-04-30T17:09:52.687Z",
    "activeChampionCandidateId": "cand-42ed2fa4",
    "activeChampionScore": 0.7879,
    "activeChampionDecision": "local_candidate_eligible",
    "championOrigin": "autonomous",
    "researchMaturity": "steady_state",
    "selectedBy": "auto_policy",
    "selectionPolicyVersion": "autonomous-local-first/v3-p0",
    "objectivePolicyVersion": "objective.qqq-120m/v1",
    "headEventCount": 2,
    "archiveEventCount": 269,
    "calibrationEventCount": 285,
    "calibrationCandidateCount": 257,
    "divergenceCount": 27,
    "localConfidenceUpdateCount": 27,
    "problemEventCount": 158,
    "repairAttemptCount": 77,
    "localEvaluationCount": 351,
    "localEligibleCount": 203,
    "bootstrapCompatibleCount": 0,
    "bootstrapEligibleCount": 0,
    "bootstrapStatus": "not_started",
    "bootstrapSource": null,
    "bootstrapReason": null,
    "localRejectedCount": 143,
    "topBlockingReason": "low_trade_count",
    "pendingCalibrationCandidateCount": 229,
    "pendingCalibrationCandidateIds": [
      "cand-0e6a0180",
      "cand-9f33e80b",
      "cand-772d8a1e",
      "cand-f28d2e01",
      "cand-9a5dbcc7",
      "cand-b01be933",
      "cand-0a692f84",
      "cand-4f8faae3",
      "cand-35a74bba",
      "cand-c6b25611",
      "cand-ccdae17b",
      "cand-b8102dcd",
      "cand-8a1fe27b",
      "cand-ebbdd6a9",
      "cand-80dfaaa1",
      "cand-03f30a70",
      "cand-2f290563",
      "cand-e76cded5",
      "cand-710d8bc6",
      "cand-dd7e63cf",
      "cand-949bf032",
      "cand-b14595e0",
      "cand-90dc4ec3",
      "cand-f1103886",
      "cand-77224b87",
      "cand-55f47b32",
      "cand-cb18c54a",
      "cand-8a1a7cf2",
      "cand-db12aa7d",
      "cand-eb3175fc",
      "cand-ce89005b",
      "cand-b333865d",
      "cand-14f5f8ff",
      "cand-87a7fa06",
      "cand-609d9f19",
      "cand-09a0ae17",
      "cand-fbb3fb78",
      "cand-7bff0c1a",
      "cand-6e976c42",
      "cand-eaf67b92",
      "cand-ea5075a8",
      "cand-c0d6f969",
      "cand-946579c0",
      "cand-1638111b",
      "cand-840b49c0",
      "cand-a1b63e8c",
      "cand-d3fa966c",
      "cand-af6ef21e",
      "cand-c5832df6",
      "cand-57321a8c",
      "cand-3004b0f8",
      "cand-00644032",
      "cand-6272ab0f",
      "cand-7b341ad0",
      "cand-5c90b0de",
      "cand-350b7e7b",
      "cand-05218055",
      "cand-6ebbd52a",
      "cand-9edd626e",
      "cand-5d685d8a",
      "cand-addb3d5a",
      "cand-1a03e904",
      "cand-935b6a7d",
      "cand-11e460d8",
      "cand-58484f09",
      "cand-c3549cdc",
      "cand-e000c048",
      "cand-5927e5ca",
      "cand-7ae4d6eb",
      "cand-bd3c959f",
      "cand-ad98c7fd",
      "cand-a3456179",
      "cand-fa19c7db",
      "cand-8211114e",
      "cand-737e8acc",
      "cand-9ae5abb8",
      "cand-f68c494c",
      "cand-0cb06744",
      "cand-c4540c5e",
      "cand-887ba798",
      "cand-334ff9ed",
      "cand-1e7bb092",
      "cand-940106ac",
      "cand-b1575fba",
      "cand-1c1cb560",
      "cand-2ba5ca56",
      "cand-4e158d7d",
      "cand-ee1867a5",
      "cand-ccf655ee",
      "cand-2f2f67f1",
      "cand-dd0d4883",
      "cand-9e390b78",
      "cand-2b509e63",
      "cand-a42bb737",
      "cand-ba65a405",
      "cand-95b5fcb4",
      "cand-c1decc14",
      "cand-fad40100",
      "cand-3d99c3c3",
      "cand-ed6ed300",
      "cand-36473405",
      "cand-32556840",
      "cand-056beb3f",
      "cand-fef34f1d",
      "cand-4e58abee",
      "cand-6c095f1d",
      "cand-72fdbd0a",
      "cand-1a73f98c",
      "cand-60e5fb9a",
      "cand-fbd6e1cd",
      "cand-6fa9e64c",
      "cand-b3ce6dfd",
      "cand-d7b18242",
      "cand-cddf1147",
      "cand-a2b17756",
      "cand-4106d658",
      "cand-bf2319b1",
      "cand-1be3a1ed",
      "cand-ec8276d1",
      "cand-66da2fad",
      "cand-10487d69",
      "cand-a0b082a6",
      "cand-e1c37158",
      "cand-3924bc09",
      "cand-c5a37a36",
      "cand-9f921b3b",
      "cand-976660f2",
      "cand-1fd659d1",
      "cand-1ebe3284",
      "cand-a05583cb",
      "cand-68e1f6c0",
      "cand-939bafa7",
      "cand-5dfb966e",
      "cand-ec9d7a77",
      "cand-c9bd8a69",
      "cand-cad467d1",
      "cand-30ca4ecf",
      "cand-274a3d78",
      "cand-8f6a1544",
      "cand-be21675f",
      "cand-17c07e8f",
      "cand-60166f81",
      "cand-8f82de94",
      "cand-42460886",
      "cand-9295e93d",
      "cand-5a54f71c",
      "cand-a12eacdf",
      "cand-5b236726",
      "cand-dbfe05b6",
      "cand-eb4f9103",
      "cand-294a8337",
      "cand-54d331f7",
      "cand-303f93be",
      "cand-64ceccd8",
      "cand-82301049",
      "cand-cb926322",
      "cand-9740ccd3",
      "cand-45f69d7a",
      "cand-8195e18c",
      "cand-9ad02865",
      "cand-b0561318",
      "cand-77645d5d",
      "cand-3913b48a",
      "cand-d8c529f0",
      "cand-3e0617a5",
      "cand-796b47d8",
      "cand-da5bc8a6",
      "cand-6385aa99",
      "cand-ce0fb6b8",
      "cand-f53efe87",
      "cand-541078ba",
      "cand-102cde43",
      "cand-99a518c8",
      "cand-45eae1ed",
      "cand-5fa9bbca",
      "cand-58a6bc67",
      "cand-e2e95d0b",
      "cand-e7d44996",
      "cand-4fd1f661",
      "cand-f8a32482",
      "cand-65221fbc",
      "cand-0dcbc429",
      "cand-7237f414",
      "cand-13ab4eb7",
      "cand-03a62626",
      "cand-74403bc5",
      "cand-08afa655",
      "cand-8fc0ffa2",
      "cand-6b8a91fa",
      "cand-6b160ae4",
      "cand-e4ab8440",
      "cand-292c094d",
      "cand-bf066e31",
      "cand-bf45bffc",
      "cand-33777180",
      "cand-67548c32",
      "cand-af1ed124",
      "cand-fd3f325b",
      "cand-e8320fab",
      "cand-51877b36",
      "cand-f80d7394",
      "cand-d2b04e0c",
      "cand-d865401d",
      "cand-c2337d4e",
      "cand-bd0f8191",
      "cand-2e68882f",
      "cand-94bc57ed",
      "cand-93a15ca5",
      "cand-197cf126",
      "cand-4e21422c",
      "cand-cc3ed2d8",
      "cand-ad84fefa",
      "cand-e3e4e13a",
      "cand-6d2901b8",
      "cand-c7985187",
      "cand-a3fa7fcf",
      "cand-2181b4f2",
      "cand-e803ef34",
      "cand-cc7eb308",
      "cand-8c710851",
      "cand-8045892e",
      "cand-17273829",
      "cand-e3d89e08",
      "cand-118d9dbb",
      "cand-1a318968",
      "cand-5665b571",
      "cand-80f55e73",
      "cand-74341bb6",
      "cand-6a470e0a"
    ],
    "recentProblemKinds": [
      "local_backtest_fail",
      "local_backtest_fail",
      "local_backtest_fail",
      "local_backtest_fail",
      "local_backtest_fail"
    ],
    "recentRepairResults": [
      {
        "repairKind": "entry_frequency_repair",
        "result": "success",
        "repairedCandidateId": "cand-1a318968",
        "summary": "Requested entry_frequency_repair after local_backtest_fail."
      },
      {
        "repairKind": "entry_frequency_repair",
        "result": "success",
        "repairedCandidateId": "cand-5665b571",
        "summary": "Requested entry_frequency_repair after local_backtest_fail."
      },
      {
        "repairKind": "entry_frequency_repair",
        "result": "success",
        "repairedCandidateId": "cand-80f55e73",
        "summary": "Requested entry_frequency_repair after local_backtest_fail."
      },
      {
        "repairKind": "archive_gap_redirect",
        "result": "success",
        "repairedCandidateId": "cand-74341bb6",
        "summary": "Requested archive_gap_redirect after local_backtest_fail."
      },
      {
        "repairKind": "entry_frequency_repair",
        "result": "success",
        "repairedCandidateId": "cand-6a470e0a",
        "summary": "Requested entry_frequency_repair after local_backtest_fail."
      }
    ],
    "scoreFeedbackObserved": true,
    "stage6Readiness": {
      "generatedAt": "2026-04-30T05:22:53.680Z",
      "evaluated": true,
      "passed": true,
      "mode": "deterministic",
      "countRequested": 10,
      "countCompleted": 10,
      "countFailed": 0,
      "activeChampionCandidateId": "cand-a64e2088",
      "freshBootstrapPassed": true,
      "multiIterationPassed": true,
      "rootIsolationPassed": true,
      "repairTraceabilityPassed": true,
      "calibrationQueuePassed": true,
      "scoreFeedbackPassed": true,
      "feedbackClosureRequired": false,
      "calibrationMode": "queue_only",
      "ledgerValidationPassed": true,
      "indexVerificationPassed": true,
      "rootIsolationStatus": {
        "status": "passed",
        "customStateRoot": "C:\\Users\\hanji\\AppData\\Local\\Temp\\af-stage6-state-YAZZ8Y",
        "defaultWorkspaceStateRoot": "C:\\Users\\hanji\\AppData\\Local\\Temp\\af-stage6-workspace-Nnkt1H\\state\\pi-autoresearch",
        "customContextExists": true,
        "defaultWorkspaceStateHasArtifacts": false
      },
      "repairTraceabilityStatus": {
        "status": "passed",
        "successfulRepairCount": 10,
        "successfulRepairsWithoutCandidateCount": 0
      },
      "feedbackClosureStatus": {
        "status": "passed",
        "required": false,
        "promptFeedbackObserved": true,
        "scoreBreakdownFeedbackObserved": false,
        "divergenceCount": 0,
        "confidenceUpdateCount": 0
      },
      "evidence": {
        "tempWorkspaceRoot": null,
        "tempStateRoot": null,
        "localEvaluationCount": 19,
        "headEventCount": 2,
        "archiveEventCount": 11,
        "calibrationEventCount": 2,
        "mutationBriefCount": 18,
        "problemEventCount": 18,
        "repairAttemptCount": 10,
        "deadlineBreachCount": 0
      },
      "warnings": []
    },
    "lastStage6GatePassed": true,
    "rootIsolationStatus": {
      "status": "passed",
      "customStateRoot": "C:\\Users\\hanji\\AppData\\Local\\Temp\\af-stage6-state-YAZZ8Y",
      "defaultWorkspaceStateRoot": "C:\\Users\\hanji\\AppData\\Local\\Temp\\af-stage6-workspace-Nnkt1H\\state\\pi-autoresearch",
      "customContextExists": true,
      "defaultWorkspaceStateHasArtifacts": false
    },
    "repairTraceabilityStatus": {
      "status": "passed",
      "successfulRepairCount": 10,
      "successfulRepairsWithoutCandidateCount": 0
    },
    "feedbackClosureStatus": {
      "status": "passed",
      "required": false,
      "promptFeedbackObserved": true,
      "scoreBreakdownFeedbackObserved": false,
      "divergenceCount": 0,
      "confidenceUpdateCount": 0
    },
    "nextPlannedAction": "local_compatibility_repair",
    "loopMode": "local-first",
    "defaultOperationalView": "v3_autonomous_local_first",
    "projectRoot": "C:\\Users\\hanji\\Desktop\\AF",
    "workspaceRoot": "C:\\Users\\hanji\\Desktop\\AF",
    "stateRoot": "C:\\Users\\hanji\\Desktop\\AF\\state\\pi-autoresearch",
    "traceRoot": "C:\\Users\\hanji\\Desktop\\AF\\state\\pi-autoresearch\\traces",
    "artifactRoot": "C:\\Users\\hanji\\Desktop\\AF\\state\\pi-autoresearch\\artifacts",
    "evidenceRoot": "C:\\Users\\hanji\\Desktop\\AF\\state\\pi-autoresearch\\evidence",
    "runtimeRoot": "C:\\Users\\hanji\\Desktop\\AF\\state\\pi-autoresearch\\runtime",
    "tvVerificationCount": 28,
    "tvHealth": "unavailable",
    "calibrationAutoProcess": false,
    "calibrationMode": "queue_only",
    "lastTvSurfaceFailure": {
      "candidateId": "cand-c6235b65",
      "decision": "tv_surface_failure",
      "iteration": 279,
      "tvCalibrationStatus": "surface_failure",
      "recordedAt": "2026-04-29T18:46:19.526Z"
    },
    "humanOverride": false
  },
  "tracePath": "C:\\Users\\hanji\\Desktop\\AF\\state\\pi-autoresearch\\traces\\run-autonomous-loop-2026-04-30T17-05-42-280Z-trace-f1c84f0a.jsonl"
}
[2026-05-01T02:09:53.4941018+09:00] iteration 9: run-autonomous-loop exit=0
[2026-05-01T02:09:53.4951072+09:00] iteration 9: validate-ledger start
??injected env (11) from .env // tip: ??encrypted .env [www.dotenvx.com]
[ledger.validation] validate-ledger | Ledger validation completed | 2026-04-30T17:09:57.303Z
{
  "ok": true,
  "errorCount": 0,
  "warningCount": 6,
  "issues": [
    {
      "severity": "warning",
      "scope": "experiment-record-meta",
      "recordId": "cand-f918d6d8",
      "message": "recordHash does not match the serialized experiment record."
    },
    {
      "severity": "warning",
      "scope": "experiment-record-meta",
      "recordId": "cand-3f99a396",
      "message": "recordHash does not match the serialized experiment record."
    },
    {
      "severity": "warning",
      "scope": "experiment-record-meta",
      "recordId": "cand-93a71a19",
      "message": "recordHash does not match the serialized experiment record."
    },
    {
      "severity": "warning",
      "scope": "experiment-record-meta",
      "recordId": "cand-560e2d3b",
      "message": "recordHash does not match the serialized experiment record."
    },
    {
      "severity": "warning",
      "scope": "experiment-record-meta",
      "recordId": "cand-24b4021d",
      "message": "recordHash does not match the serialized experiment record."
    },
    {
      "severity": "warning",
      "scope": "candidate-dedup",
      "recordId": "bfee8f4eb7eabba2047b8b2270beef764a3942811cda8134d75c15c171c0c26a",
      "message": "Duplicate candidate source hash detected across ids: cand-2a5e6ffe, cand-51397d04, cand-9cbc4c5f, cand-a93778fa, cand-bbb67c15, cand-fdc1ae65"
    }
  ],
  "summary": {
    "experiments": 571,
    "candidates": 521,
    "taskBatches": 131
  },
  "stateRoot": "C:\\Users\\hanji\\Desktop\\AF\\state\\pi-autoresearch",
  "tracePath": "C:\\Users\\hanji\\Desktop\\AF\\state\\pi-autoresearch\\traces\\validate-ledger-2026-04-30T17-09-53-842Z-trace-c502543a.jsonl"
}
[2026-05-01T02:09:57.3790609+09:00] iteration 9: validate-ledger exit=0
[2026-05-01T02:09:57.3790609+09:00] iteration 9: rebuild-indexes --verify start
??injected env (11) from .env // tip: ??override existing { override: true }
[?몃뜳???ъ깮???쒖옉] ?몃뜳???ъ깮??| ?뚯깮 ?몃뜳?ㅻ? ?ъ깮?깊빀?덈떎. state: C:\Users\hanji\Desktop\AF\state\pi-autoresearch | 2026-04-30T17:09:59.434Z
[?몃뜳???ъ깮???꾨즺] ?몃뜳???ъ깮??| ?뚯깮 ?몃뜳???ъ깮?깆쓣 留덉낀?듬땲?? state: C:\Users\hanji\Desktop\AF\state\pi-autoresearch | 2026-04-30T17:10:08.742Z
{
  "rebuilt": true,
  "stateRoot": "C:\\Users\\hanji\\Desktop\\AF\\state\\pi-autoresearch",
  "autonomousState": {
    "generatedAt": "2026-04-30T17:10:02.532Z",
    "activeChampionCandidateId": "cand-42ed2fa4",
    "activeChampionScore": 0.7879,
    "activeChampionDecision": "local_candidate_eligible",
    "championOrigin": "autonomous",
    "researchMaturity": "steady_state",
    "selectedBy": "auto_policy",
    "selectionPolicyVersion": "autonomous-local-first/v3-p0",
    "objectivePolicyVersion": "objective.qqq-120m/v1",
    "headEventCount": 2,
    "archiveEventCount": 269,
    "calibrationEventCount": 285,
    "calibrationCandidateCount": 257,
    "divergenceCount": 27,
    "localConfidenceUpdateCount": 27,
    "problemEventCount": 158,
    "repairAttemptCount": 77,
    "localEvaluationCount": 351,
    "localEligibleCount": 203,
    "bootstrapCompatibleCount": 0,
    "bootstrapEligibleCount": 0,
    "bootstrapStatus": "not_started",
    "bootstrapSource": null,
    "bootstrapReason": null,
    "localRejectedCount": 143,
    "topBlockingReason": "low_trade_count",
    "pendingCalibrationCandidateCount": 229,
    "pendingCalibrationCandidateIds": [
      "cand-0e6a0180",
      "cand-9f33e80b",
      "cand-772d8a1e",
      "cand-f28d2e01",
      "cand-9a5dbcc7",
      "cand-b01be933",
      "cand-0a692f84",
      "cand-4f8faae3",
      "cand-35a74bba",
      "cand-c6b25611",
      "cand-ccdae17b",
      "cand-b8102dcd",
      "cand-8a1fe27b",
      "cand-ebbdd6a9",
      "cand-80dfaaa1",
      "cand-03f30a70",
      "cand-2f290563",
      "cand-e76cded5",
      "cand-710d8bc6",
      "cand-dd7e63cf",
      "cand-949bf032",
      "cand-b14595e0",
      "cand-90dc4ec3",
      "cand-f1103886",
      "cand-77224b87",
      "cand-55f47b32",
      "cand-cb18c54a",
      "cand-8a1a7cf2",
      "cand-db12aa7d",
      "cand-eb3175fc",
      "cand-ce89005b",
      "cand-b333865d",
      "cand-14f5f8ff",
      "cand-87a7fa06",
      "cand-609d9f19",
      "cand-09a0ae17",
      "cand-fbb3fb78",
      "cand-7bff0c1a",
      "cand-6e976c42",
      "cand-eaf67b92",
      "cand-ea5075a8",
      "cand-c0d6f969",
      "cand-946579c0",
      "cand-1638111b",
      "cand-840b49c0",
      "cand-a1b63e8c",
      "cand-d3fa966c",
      "cand-af6ef21e",
      "cand-c5832df6",
      "cand-57321a8c",
      "cand-3004b0f8",
      "cand-00644032",
      "cand-6272ab0f",
      "cand-7b341ad0",
      "cand-5c90b0de",
      "cand-350b7e7b",
      "cand-05218055",
      "cand-6ebbd52a",
      "cand-9edd626e",
      "cand-5d685d8a",
      "cand-addb3d5a",
      "cand-1a03e904",
      "cand-935b6a7d",
      "cand-11e460d8",
      "cand-58484f09",
      "cand-c3549cdc",
      "cand-e000c048",
      "cand-5927e5ca",
      "cand-7ae4d6eb",
      "cand-bd3c959f",
      "cand-ad98c7fd",
      "cand-a3456179",
      "cand-fa19c7db",
      "cand-8211114e",
      "cand-737e8acc",
      "cand-9ae5abb8",
      "cand-f68c494c",
      "cand-0cb06744",
      "cand-c4540c5e",
      "cand-887ba798",
      "cand-334ff9ed",
      "cand-1e7bb092",
      "cand-940106ac",
      "cand-b1575fba",
      "cand-1c1cb560",
      "cand-2ba5ca56",
      "cand-4e158d7d",
      "cand-ee1867a5",
      "cand-ccf655ee",
      "cand-2f2f67f1",
      "cand-dd0d4883",
      "cand-9e390b78",
      "cand-2b509e63",
      "cand-a42bb737",
      "cand-ba65a405",
      "cand-95b5fcb4",
      "cand-c1decc14",
      "cand-fad40100",
      "cand-3d99c3c3",
      "cand-ed6ed300",
      "cand-36473405",
      "cand-32556840",
      "cand-056beb3f",
      "cand-fef34f1d",
      "cand-4e58abee",
      "cand-6c095f1d",
      "cand-72fdbd0a",
      "cand-1a73f98c",
      "cand-60e5fb9a",
      "cand-fbd6e1cd",
      "cand-6fa9e64c",
      "cand-b3ce6dfd",
      "cand-d7b18242",
      "cand-cddf1147",
      "cand-a2b17756",
      "cand-4106d658",
      "cand-bf2319b1",
      "cand-1be3a1ed",
      "cand-ec8276d1",
      "cand-66da2fad",
      "cand-10487d69",
      "cand-a0b082a6",
      "cand-e1c37158",
      "cand-3924bc09",
      "cand-c5a37a36",
      "cand-9f921b3b",
      "cand-976660f2",
      "cand-1fd659d1",
      "cand-1ebe3284",
      "cand-a05583cb",
      "cand-68e1f6c0",
      "cand-939bafa7",
      "cand-5dfb966e",
      "cand-ec9d7a77",
      "cand-c9bd8a69",
      "cand-cad467d1",
      "cand-30ca4ecf",
      "cand-274a3d78",
      "cand-8f6a1544",
      "cand-be21675f",
      "cand-17c07e8f",
      "cand-60166f81",
      "cand-8f82de94",
      "cand-42460886",
      "cand-9295e93d",
      "cand-5a54f71c",
      "cand-a12eacdf",
      "cand-5b236726",
      "cand-dbfe05b6",
      "cand-eb4f9103",
      "cand-294a8337",
      "cand-54d331f7",
      "cand-303f93be",
      "cand-64ceccd8",
      "cand-82301049",
      "cand-cb926322",
      "cand-9740ccd3",
      "cand-45f69d7a",
      "cand-8195e18c",
      "cand-9ad02865",
      "cand-b0561318",
      "cand-77645d5d",
      "cand-3913b48a",
      "cand-d8c529f0",
      "cand-3e0617a5",
      "cand-796b47d8",
      "cand-da5bc8a6",
      "cand-6385aa99",
      "cand-ce0fb6b8",
      "cand-f53efe87",
      "cand-541078ba",
      "cand-102cde43",
      "cand-99a518c8",
      "cand-45eae1ed",
      "cand-5fa9bbca",
      "cand-58a6bc67",
      "cand-e2e95d0b",
      "cand-e7d44996",
      "cand-4fd1f661",
      "cand-f8a32482",
      "cand-65221fbc",
      "cand-0dcbc429",
      "cand-7237f414",
      "cand-13ab4eb7",
      "cand-03a62626",
      "cand-74403bc5",
      "cand-08afa655",
      "cand-8fc0ffa2",
      "cand-6b8a91fa",
      "cand-6b160ae4",
      "cand-e4ab8440",
      "cand-292c094d",
      "cand-bf066e31",
      "cand-bf45bffc",
      "cand-33777180",
      "cand-67548c32",
      "cand-af1ed124",
      "cand-fd3f325b",
      "cand-e8320fab",
      "cand-51877b36",
      "cand-f80d7394",
      "cand-d2b04e0c",
      "cand-d865401d",
      "cand-c2337d4e",
      "cand-bd0f8191",
      "cand-2e68882f",
      "cand-94bc57ed",
      "cand-93a15ca5",
      "cand-197cf126",
      "cand-4e21422c",
      "cand-cc3ed2d8",
      "cand-ad84fefa",
      "cand-e3e4e13a",
      "cand-6d2901b8",
      "cand-c7985187",
      "cand-a3fa7fcf",
      "cand-2181b4f2",
      "cand-e803ef34",
      "cand-cc7eb308",
      "cand-8c710851",
      "cand-8045892e",
      "cand-17273829",
      "cand-e3d89e08",
      "cand-118d9dbb",
      "cand-1a318968",
      "cand-5665b571",
      "cand-80f55e73",
      "cand-74341bb6",
      "cand-6a470e0a"
    ],
    "recentProblemKinds": [
      "local_backtest_fail",
      "local_backtest_fail",
      "local_backtest_fail",
      "local_backtest_fail",
      "local_backtest_fail"
    ],
    "recentRepairResults": [
      {
        "repairKind": "entry_frequency_repair",
        "result": "success",
        "repairedCandidateId": "cand-1a318968",
        "summary": "Requested entry_frequency_repair after local_backtest_fail."
      },
      {
        "repairKind": "entry_frequency_repair",
        "result": "success",
        "repairedCandidateId": "cand-5665b571",
        "summary": "Requested entry_frequency_repair after local_backtest_fail."
      },
      {
        "repairKind": "entry_frequency_repair",
        "result": "success",
        "repairedCandidateId": "cand-80f55e73",
        "summary": "Requested entry_frequency_repair after local_backtest_fail."
      },
      {
        "repairKind": "archive_gap_redirect",
        "result": "success",
        "repairedCandidateId": "cand-74341bb6",
        "summary": "Requested archive_gap_redirect after local_backtest_fail."
      },
      {
        "repairKind": "entry_frequency_repair",
        "result": "success",
        "repairedCandidateId": "cand-6a470e0a",
        "summary": "Requested entry_frequency_repair after local_backtest_fail."
      }
    ],
    "scoreFeedbackObserved": true,
    "stage6Readiness": {
      "generatedAt": "2026-04-30T05:22:53.680Z",
      "evaluated": true,
      "passed": true,
      "mode": "deterministic",
      "countRequested": 10,
      "countCompleted": 10,
      "countFailed": 0,
      "activeChampionCandidateId": "cand-a64e2088",
      "freshBootstrapPassed": true,
      "multiIterationPassed": true,
      "rootIsolationPassed": true,
      "repairTraceabilityPassed": true,
      "calibrationQueuePassed": true,
      "scoreFeedbackPassed": true,
      "feedbackClosureRequired": false,
      "calibrationMode": "queue_only",
      "ledgerValidationPassed": true,
      "indexVerificationPassed": true,
      "rootIsolationStatus": {
        "status": "passed",
        "customStateRoot": "C:\\Users\\hanji\\AppData\\Local\\Temp\\af-stage6-state-YAZZ8Y",
        "defaultWorkspaceStateRoot": "C:\\Users\\hanji\\AppData\\Local\\Temp\\af-stage6-workspace-Nnkt1H\\state\\pi-autoresearch",
        "customContextExists": true,
        "defaultWorkspaceStateHasArtifacts": false
      },
      "repairTraceabilityStatus": {
        "status": "passed",
        "successfulRepairCount": 10,
        "successfulRepairsWithoutCandidateCount": 0
      },
      "feedbackClosureStatus": {
        "status": "passed",
        "required": false,
        "promptFeedbackObserved": true,
        "scoreBreakdownFeedbackObserved": false,
        "divergenceCount": 0,
        "confidenceUpdateCount": 0
      },
      "evidence": {
        "tempWorkspaceRoot": null,
        "tempStateRoot": null,
        "localEvaluationCount": 19,
        "headEventCount": 2,
        "archiveEventCount": 11,
        "calibrationEventCount": 2,
        "mutationBriefCount": 18,
        "problemEventCount": 18,
        "repairAttemptCount": 10,
        "deadlineBreachCount": 0
      },
      "warnings": []
    },
    "lastStage6GatePassed": true,
    "rootIsolationStatus": {
      "status": "passed",
      "customStateRoot": "C:\\Users\\hanji\\AppData\\Local\\Temp\\af-stage6-state-YAZZ8Y",
      "defaultWorkspaceStateRoot": "C:\\Users\\hanji\\AppData\\Local\\Temp\\af-stage6-workspace-Nnkt1H\\state\\pi-autoresearch",
      "customContextExists": true,
      "defaultWorkspaceStateHasArtifacts": false
    },
    "repairTraceabilityStatus": {
      "status": "passed",
      "successfulRepairCount": 10,
      "successfulRepairsWithoutCandidateCount": 0
    },
    "feedbackClosureStatus": {
      "status": "passed",
      "required": false,
      "promptFeedbackObserved": true,
      "scoreBreakdownFeedbackObserved": false,
      "divergenceCount": 0,
      "confidenceUpdateCount": 0
    },
    "nextPlannedAction": "local_compatibility_repair",
    "loopMode": "local-first",
    "defaultOperationalView": "v3_autonomous_local_first",
    "projectRoot": "C:\\Users\\hanji\\Desktop\\AF",
    "workspaceRoot": "C:\\Users\\hanji\\Desktop\\AF",
    "stateRoot": "C:\\Users\\hanji\\Desktop\\AF\\state\\pi-autoresearch",
    "traceRoot": "C:\\Users\\hanji\\Desktop\\AF\\state\\pi-autoresearch\\traces",
    "artifactRoot": "C:\\Users\\hanji\\Desktop\\AF\\state\\pi-autoresearch\\artifacts",
    "evidenceRoot": "C:\\Users\\hanji\\Desktop\\AF\\state\\pi-autoresearch\\evidence",
    "runtimeRoot": "C:\\Users\\hanji\\Desktop\\AF\\state\\pi-autoresearch\\runtime",
    "tvVerificationCount": 28,
    "tvHealth": "unavailable",
    "calibrationAutoProcess": false,
    "calibrationMode": "queue_only",
    "lastTvSurfaceFailure": {
      "candidateId": "cand-c6235b65",
      "decision": "tv_surface_failure",
      "iteration": 279,
      "tvCalibrationStatus": "surface_failure",
      "recordedAt": "2026-04-29T18:46:19.526Z"
    },
    "humanOverride": false
  },
  "verification": {
    "ok": true,
    "issues": []
  },
  "tracePath": "C:\\Users\\hanji\\Desktop\\AF\\state\\pi-autoresearch\\traces\\rebuild-indexes-2026-04-30T17-09-57-634Z-trace-4afc5d26.jsonl"
}
[2026-05-01T02:10:08.9404693+09:00] iteration 9: rebuild-indexes --verify exit=0
[2026-05-01T02:10:18.9480784+09:00] stop file detected; exiting
[2026-05-01T02:10:18.9541005+09:00] autonomous forever loop stopped
